a,b,opening_id,opening,a_first,winner,score_a,plies,moves,a_ms,b_ms,a_max_ms,b_max_ms,forfeit,seed
bruneton_az,plkmo_az,2,232,1,bruneton_az,1.0,7,2323252,882.76,20502.59,1695.4,20816.7,,2096358942
bruneton_az,plkmo_az,6,22,1,bruneton_az,1.0,7,2244351,453.22,22793.87,1150.8,23530.7,,1444369214
bruneton_az,plkmo_az,0,71,1,bruneton_az,1.0,7,7143526,1084.06,23337.15,2030.2,25077.9,,1506581446
bruneton_az,plkmo_az,3,262,1,bruneton_az,1.0,11,26254444262,915.65,23621.88,1738.7,24964.3,,764853613
bruneton_az,plkmo_az,4,44,1,bruneton_az,1.0,11,44452724242,1112.82,24197.06,1694.3,28362.6,,1840822056
bruneton_az,plkmo_az,1,643,1,bruneton_az,1.0,13,6434443333155,1251.29,20509.27,2419.5,25634.3,,297190317
bruneton_az,plkmo_az,6,22,0,bruneton_az,1.0,12,224344347414,1242.34,23829.96,1924.5,26208.7,,114792813
bruneton_az,plkmo_az,9,2537,1,bruneton_az,1.0,7,2537441,664.23,26699.0,1171.8,26699.0,,76575108
bruneton_az,plkmo_az,5,2763,1,bruneton_az,1.0,17,27636366344645455,1318.3,23487.97,2034.7,28069.6,,1659700665
bruneton_az,plkmo_az,1,643,0,bruneton_az,1.0,18,643455335573666373,1249.35,20749.17,1666.7,24896.3,,841753965
bruneton_az,plkmo_az,10,3257,1,bruneton_az,1.0,9,325754545,1393.13,25233.42,2447.2,26489.9,,1385658817
bruneton_az,plkmo_az,5,2763,0,bruneton_az,1.0,18,276333235555666343,1492.95,24895.25,2209.0,29662.7,,328473207
bruneton_az,plkmo_az,0,71,0,bruneton_az,1.0,18,714555572522443323,1381.88,24133.11,2436.2,27019.7,,1450903132
bruneton_az,plkmo_az,4,44,0,bruneton_az,1.0,18,444465555562426643,1402.87,24574.07,2474.7,29035.0,,1145196026
bruneton_az,plkmo_az,11,243,0,bruneton_az,1.0,10,2434434255,973.4,20227.29,1344.7,21711.6,,1789664408
bruneton_az,plkmo_az,8,24,1,bruneton_az,1.0,19,2444442512651457333,1165.36,21462.19,1868.7,25017.9,,301176981
bruneton_az,plkmo_az,12,5466,1,bruneton_az,1.0,11,54664545454,1226.42,23895.94,1853.4,24784.3,,22638143
bruneton_az,plkmo_az,14,3117,1,bruneton_az,1.0,9,311744536,603.13,20647.37,1561.3,23798.3,,1684902306
bruneton_az,plkmo_az,11,243,1,bruneton_az,1.0,15,243444333315576,1058.78,22236.5,1508.0,24701.1,,1006798576
bruneton_az,plkmo_az,9,2537,0,bruneton_az,1.0,20,25373444336256546635,1106.47,22894.01,1409.2,28877.7,,1182793943
bruneton_az,plkmo_az,2,232,0,bruneton_az,1.0,30,232232131333555511554476776644,1319.53,23083.83,2243.0,29834.9,,1252347042
bruneton_az,plkmo_az,3,262,0,bruneton_az,1.0,28,2623327255665533562332754444,1429.29,25181.36,2443.6,34065.4,,1267938957
bruneton_az,plkmo_az,10,3257,0,bruneton_az,1.0,18,325764446366574565,1382.72,25829.28,2417.4,31314.4,,65096072
bruneton_az,plkmo_az,16,273,1,bruneton_az,1.0,7,2735441,741.02,20260.51,1417.3,22097.8,,1109281645
bruneton_az,plkmo_az,18,3344,1,bruneton_az,1.0,7,3344251,199.36,25328.77,258.5,25328.8,,9791794
bruneton_az,plkmo_az,7,1473,1,bruneton_az,1.0,29,14735343344423122411355515566,1441.8,24046.47,2435.7,27281.6,,1402413747
bruneton_az,plkmo_az,7,1473,0,bruneton_az,1.0,28,1473334434434122112217155555,1268.03,24202.95,2396.3,30333.9,,1654639871
bruneton_az,plkmo_az,15,75,1,bruneton_az,1.0,11,75444475757,1230.76,23218.34,1867.6,25935.8,,1887043046
bruneton_az,plkmo_az,8,24,0,bruneton_az,1.0,24,244442343314322332275711,1343.15,22725.64,2035.6,27440.0,,1646979524
bruneton_az,plkmo_az,17,374,1,bruneton_az,1.0,7,3745241,792.22,22204.52,1430.7,25322.3,,1402083795
bruneton_az,plkmo_az,19,4626,1,bruneton_az,1.0,7,4626341,108.69,20502.87,152.5,20502.9,,1314995278
bruneton_az,plkmo_az,13,72,0,bruneton_az,1.0,18,724446466244176155,1293.37,20000.03,2476.0,22877.0,,1404182569
bruneton_az,plkmo_az,13,72,1,bruneton_az,1.0,19,7246444665542557177,1349.64,23037.63,1792.4,27471.0,,2088905646
plkmo_az,alfo_mcts,0,71,0,alfo_mcts,0.0,7,7143526,23684.22,2455.18,29502.9,3901.6,,636180959
bruneton_az,plkmo_az,18,3344,0,bruneton_az,1.0,12,334465544255,1441.16,23849.23,2296.5,29925.9,,1132193471
bruneton_az,plkmo_az,17,374,0,bruneton_az,1.0,14,37454433215254,1105.73,23002.62,1747.7,31598.5,,825720392
plkmo_az,alfo_mcts,2,232,0,alfo_mcts,0.0,9,232335242,23236.69,1926.81,26198.4,3030.6,,1715507858
plkmo_az,alfo_mcts,2,232,1,alfo_mcts,0.0,12,232232131212,20068.96,1593.07,23586.3,2550.8,,668647252
bruneton_az,plkmo_az,14,3117,0,bruneton_az,1.0,24,311754444446252322655633,1198.74,21590.02,2290.9,28156.1,,1519236217
bruneton_az,plkmo_az,15,75,0,bruneton_az,1.0,20,75233353325544554441,1374.38,21017.21,2268.3,27353.7,,1935931047
plkmo_az,alfo_mcts,1,643,1,alfo_mcts,0.0,12,643454466553,23351.64,1806.37,28108.7,2948.7,,927020737
plkmo_az,alfo_mcts,1,643,0,alfo_mcts,0.0,13,6434443333155,19791.22,1630.04,21894.1,2824.2,,1008591406
plkmo_az,alfo_mcts,3,262,0,alfo_mcts,0.0,9,262544341,19660.74,1230.34,28432.7,2079.6,,747964524
plkmo_az,alfo_mcts,4,44,0,alfo_mcts,0.0,7,4454326,15584.86,1063.16,16927.5,2315.5,,2000053360
plkmo_az,alfo_mcts,6,22,0,alfo_mcts,0.0,7,2244351,12436.8,935.6,14520.6,2023.3,,1180041327
plkmo_az,alfo_mcts,7,1473,1,alfo_mcts,0.0,8,14733526,14108.11,315.77,14492.1,424.0,,324887695
bruneton_az,plkmo_az,12,5466,0,bruneton_az,1.0,34,5466343343455544633566261512222277,1052.96,20086.7,2298.9,25151.1,,1168051956
bruneton_az,plkmo_az,19,4626,0,bruneton_az,1.0,20,46264334525455347322,829.09,18531.12,1477.9,22195.5,,1183336321
bruneton_az,plkmo_az,16,273,0,bruneton_az,1.0,24,273444544255554722323366,1037.87,19750.6,2367.7,24477.9,,402214967
plkmo_az,alfo_mcts,3,262,1,alfo_mcts,0.0,16,2624543442767573,16571.7,1483.78,21543.1,2773.4,,1161460041
plkmo_az,alfo_mcts,9,2537,0,alfo_mcts,0.0,7,2537441,15512.76,850.44,15512.8,1437.4,,1883884165
plkmo_az,alfo_mcts,8,24,1,alfo_mcts,0.0,8,24454663,13660.24,839.72,14832.3,1701.1,,1912726671
plkmo_az,alfo_mcts,9,2537,1,alfo_mcts,0.0,8,25373446,16210.69,812.96,17665.2,1433.2,,1504284136
plkmo_az,alfo_mcts,6,22,1,alfo_mcts,0.0,12,224344335451,14363.58,1264.94,15698.0,1665.2,,1612952586
plkmo_az,alfo_mcts,4,44,1,alfo_mcts,0.0,14,44457557254233,16344.23,1327.16,20389.4,2352.8,,131426765
plkmo_az,alfo_mcts,10,3257,0,alfo_mcts,0.0,9,325734343,15693.81,1468.36,15964.8,2398.5,,1804490351
plkmo_az,alfo_mcts,0,71,1,alfo_mcts,0.0,22,7145543445635373345222,17510.61,1517.45,26906.4,2522.8,,1318956586
plkmo_az,alfo_mcts,7,1473,0,alfo_mcts,0.0,15,147353345545326,14921.74,1290.89,15797.0,1862.0,,84535695
plkmo_az,alfo_mcts,12,5466,1,alfo_mcts,0.0,10,5466343434,16140.46,1255.35,16403.4,2200.5,,560432214
plkmo_az,alfo_mcts,14,3117,0,alfo_mcts,0.0,9,311744532,15624.82,1201.94,16079.7,2299.1,,599348133
plkmo_az,alfo_mcts,5,2763,0,alfo_mcts,0.0,19,2763323322666555544,15694.64,1729.32,16898.2,2555.2,,1745841734
plkmo_az,alfo_mcts,8,24,0,alfo_mcts,0.0,15,244425655445252,16087.14,1604.18,18635.8,2094.9,,243403770
plkmo_az,alfo_mcts,5,2763,1,alfo_mcts,0.0,20,27633322325555444657,16080.53,1607.91,16926.6,1945.4,,322658508
plkmo_az,alfo_mcts,15,75,1,alfo_mcts,0.0,8,75233446,15872.56,1572.0,16397.1,2339.3,,2047724091
plkmo_az,alfo_mcts,16,273,1,alfo_mcts,0.0,8,27344536,16544.73,1429.09,18030.8,2106.6,,1225284842
plkmo_az,alfo_mcts,16,273,0,alfo_mcts,0.0,7,2735441,16480.98,1029.9,16833.8,1627.0,,1934220519
plkmo_az,alfo_mcts,18,3344,0,alfo_mcts,0.0,7,3344562,15934.14,459.53,15934.1,801.7,,1288279793
plkmo_az,alfo_mcts,17,374,0,alfo_mcts,0.0,7,3745142,15862.9,1164.96,16197.1,2101.9,,1708500707
plkmo_az,alfo_mcts,12,5466,0,alfo_mcts,0.0,17,54664554344151545,16241.98,1501.45,18740.0,2144.2,,1342601840
plkmo_az,alfo_mcts,19,4626,0,alfo_mcts,0.0,7,4626345,17161.9,761.42,17161.9,1162.3,,1890358759
plkmo_az,alfo_mcts,11,243,0,alfo_mcts,0.0,17,24343344133575155,15827.46,1399.03,17646.1,1983.2,,1849135645
plkmo_az,alfo_mcts,11,243,1,alfo_mcts,0.0,20,24344433367647766355,14751.03,1364.75,15667.7,1843.7,,1956717272
plkmo_az,alfo_mcts,10,3257,1,alfo_mcts,0.0,20,32576445643366545221,16363.65,1254.37,17586.6,1936.8,,942970976
bruneton_az,alfo_mcts,3,262,1,alfo_mcts,0.0,8,26244537,692.88,821.64,869.2,1545.3,,887659530
bruneton_az,alfo_mcts,0,71,1,bruneton_az,1.0,35,71455445517772222443233335143657766,758.55,1373.95,1317.2,2466.1,,240223870
bruneton_az,alfo_mcts,0,71,0,bruneton_az,1.0,38,71454454744577511155117722666633333322,658.91,1149.21,1117.7,2423.8,,1740346092
bruneton_az,alfo_mcts,2,232,1,bruneton_az,1.0,25,2324433562353351122557474,719.96,1341.59,1268.9,2271.0,,908514196
bruneton_az,alfo_mcts,1,643,1,bruneton_az,1.0,37,6434436644333111165226632227411727755,676.18,1248.1,1230.1,2815.7,,1274242787
bruneton_az,alfo_mcts,1,643,0,bruneton_az,1.0,38,64344433361466232612212312747776555555,701.96,1057.24,1088.5,2230.9,,1714935179
plkmo_az,alfo_mcts,18,3344,1,alfo_mcts,0.0,12,334465544255,14779.48,1396.89,15059.3,2058.3,,1952344489
plkmo_az,alfo_mcts,13,72,1,alfo_mcts,0.0,18,724446466244172155,16105.46,1606.58,17628.6,2823.3,,2005846012
bruneton_az,alfo_mcts,2,232,0,alfo_mcts,0.0,37,2322322255553367751144771175713316644,631.68,1139.2,1377.1,2199.0,,500062516
bruneton_az,alfo_mcts,5,2763,1,alfo_mcts,0.0,20,27636644423242246335,942.77,1700.84,1363.9,2700.6,,1482305597
bruneton_az,alfo_mcts,3,262,0,alfo_mcts,0.0,33,262352335355322532656676617144774,732.45,1067.47,1179.2,2251.2,,1249972837
plkmo_az,alfo_mcts,14,3117,1,alfo_mcts,0.0,20,31175443233551554432,15675.02,1428.13,17124.7,2345.8,,41410991
bruneton_az,alfo_mcts,4,44,1,bruneton_az,1.0,39,444367664644653733377176711112132222255,594.7,1051.48,1003.9,3109.0,,1003288195
bruneton_az,alfo_mcts,8,24,1,alfo_mcts,0.0,8,24454647,471.68,888.89,800.4,2126.4,,778654055
bruneton_az,alfo_mcts,4,44,0,bruneton_az,1.0,36,443233446566131662351111344677777722,599.2,1044.54,1248.8,2081.2,,835220209
plkmo_az,alfo_mcts,17,374,1,alfo_mcts,0.0,16,3745443521525463,15495.37,1231.67,17218.6,2478.9,,385488653
plkmo_az,alfo_mcts,19,4626,1,alfo_mcts,0.0,14,46264332447371,15020.89,1292.84,16487.8,1838.7,,119925003
bruneton_az,alfo_mcts,10,3257,0,alfo_mcts,0.0,15,325724443511334,431.2,1217.0,761.8,2628.2,,1581764931
bruneton_az,alfo_mcts,5,2763,0,draw,0.5,42,276333332776226677367611112255555541441444,543.49,1150.65,1437.3,3568.4,,912710381
bruneton_az,alfo_mcts,6,22,0,bruneton_az,1.0,36,224344244211374777227755551155661166,659.1,1233.92,1183.9,2268.1,,1985195777
bruneton_az,alfo_mcts,7,1473,0,bruneton_az,1.0,36,147353443443537155227735776615111466,560.88,978.74,924.4,2142.8,,2024893340
bruneton_az,alfo_mcts,6,22,1,alfo_mcts,0.0,42,224333325555577172274443477463625666611111,676.82,1120.16,1103.0,2575.5,,455632535
bruneton_az,alfo_mcts,9,2537,1,alfo_mcts,0.0,24,253741444551211242266333,765.7,1253.52,1102.8,1689.8,,453633781
bruneton_az,alfo_mcts,7,1473,1,alfo_mcts,0.0,34,1473543443374771113114737225555522,681.17,1303.0,1366.5,2358.7,,1261195559
plkmo_az,alfo_mcts,13,72,0,alfo_mcts,0.0,23,72464466766224772644272,14358.26,1519.48,16151.9,2826.2,,1295244992
bruneton_az,alfo_mcts,9,2537,0,bruneton_az,1.0,36,253741445432334355147377111166775566,526.27,981.97,995.6,2087.7,,86179308
bruneton_az,alfo_mcts,10,3257,1,bruneton_az,1.0,37,3257545553373773311116766661122227244,631.63,948.86,1072.8,1850.7,,1799923648
bruneton_az,alfo_mcts,8,24,0,bruneton_az,1.0,38,24442422446666772277667711335111513333,503.57,1237.7,1016.6,2320.5,,793982283
bruneton_az,alfo_mcts,11,243,0,bruneton_az,1.0,34,2434432333554455757277137417522211,671.84,1074.66,1524.8,2199.1,,1316391373
plkmo_az,alfo_mcts,15,75,0,alfo_mcts,0.0,23,75442255455424132317113,14212.92,1424.02,15859.1,2520.7,,553229375
bruneton_az,alfo_mcts,11,243,1,bruneton_az,1.0,41,24344322434423312757552316777766611116655,560.03,1074.66,981.6,2252.4,,179954183
bruneton_az,alfo_mcts,18,3344,1,bruneton_az,1.0,7,3344251,83.72,544.67,111.8,544.7,,385437869
bruneton_az,alfo_mcts,18,3344,0,alfo_mcts,0.0,7,3344562,88.23,544.43,88.2,942.7,,1829487018
bruneton_az,alfo_mcts,19,4626,1,bruneton_az,1.0,7,4626351,99.77,620.29,142.7,620.3,,2099154672
bruneton_az,alfo_mcts,19,4626,0,alfo_mcts,0.0,7,4626345,88.12,497.9,88.1,809.7,,1278297310
bruneton_az,alfo_mcts,12,5466,0,bruneton_az,1.0,34,5466443444755537333312121111775566,541.91,1088.78,1077.8,2355.8,,874333205
bruneton_az,alfo_mcts,12,5466,1,bruneton_az,1.0,37,5466444646655232223227647117711775533,555.09,1076.05,1019.8,2931.4,,1175520674
bruneton_az,alfo_mcts,14,3117,0,bruneton_az,1.0,34,3117454434335443557377771122116666,567.02,935.19,1016.1,2290.0,,1271101301
bruneton_az,alfo_mcts,13,72,1,alfo_mcts,0.0,34,7245244525521734477252741113333375,662.26,1054.28,1109.5,1994.0,,73633028
bruneton_az,alfo_mcts,13,72,0,bruneton_az,1.0,36,724446466224762776224611115555157533,542.11,1039.53,993.4,2037.6,,1584057207
bruneton_az,alfo_mcts,15,75,1,bruneton_az,1.0,33,754445772122424423555112177117566,686.49,1081.65,1059.8,1972.3,,1522975920
bruneton_az,alfo_mcts,14,3117,1,bruneton_az,1.0,33,311745544455465117777472133335166,759.15,1399.09,1215.0,2488.9,,1054555067
bruneton_az,alfo_mcts,16,273,1,alfo_mcts,0.0,32,27344244425221666664612777771331,694.19,1029.13,1304.4,1880.2,,641421514
bruneton_az,alfo_mcts,15,75,0,bruneton_az,1.0,34,7544544513145476552222776227111166,652.98,1270.69,995.2,2313.8,,700281754
bruneton_az,alfo_mcts,16,273,0,bruneton_az,1.0,40,2734442353223354554777437722111166551166,634.64,973.71,1092.4,2243.5,,753279696
bruneton_az,alfo_mcts,17,374,0,bruneton_az,1.0,36,374544213233544355341777111166557766,673.29,950.19,1225.5,1852.2,,1281553484
bruneton_az,alfo_mcts,17,374,1,alfo_mcts,0.0,34,3745214445574771711613746333666232,744.09,1232.44,1061.6,2021.8,,1622847304
pons_perfect,plkmo_az,0,71,1,pons_perfect,1.0,7,7143615,22.75,14731.04,65.7,15934.8,,6189830
pons_perfect,plkmo_az,2,232,1,pons_perfect,1.0,7,2323252,124.8,17263.39,136.9,18669.3,,1783678025
pons_perfect,plkmo_az,7,1473,0,pons_perfect,1.0,8,14733526,51.01,16751.04,53.2,16795.5,,1804272563
pons_perfect,plkmo_az,3,262,1,pons_perfect,1.0,11,26254444262,219.28,16438.04,557.4,17258.1,,53553277
pons_perfect,plkmo_az,1,643,0,pons_perfect,1.0,16,6434544455733532,265.31,16084.78,895.8,17520.3,,1918098058
pons_perfect,plkmo_az,6,22,0,pons_perfect,1.0,12,224344347414,164.91,15271.32,536.8,16382.7,,1825019424
pons_perfect,plkmo_az,5,2763,1,pons_perfect,1.0,17,27633233662443525,121.93,16042.16,360.6,17251.7,,1581855877
pons_perfect,plkmo_az,7,1473,1,pons_perfect,1.0,15,147353555334446,94.32,17088.99,278.0,18084.0,,1008956225
pons_perfect,plkmo_az,9,2537,1,pons_perfect,1.0,7,2537441,2.36,18000.47,3.3,18000.5,,677381728
pons_perfect,plkmo_az,4,44,0,pons_perfect,1.0,16,4444655554626623,159.26,15695.35,426.7,17385.6,,1058070065
pons_perfect,plkmo_az,8,24,1,pons_perfect,1.0,11,24444425272,34.01,16354.35,159.1,17288.3,,886720630
pons_perfect,plkmo_az,4,44,1,pons_perfect,1.0,19,4445474457577567366,94.9,16056.95,280.8,17261.2,,2078678571
pons_perfect,plkmo_az,1,643,1,pons_perfect,1.0,21,643444446663613215523,195.89,15685.52,759.7,17079.4,,783736044
pons_perfect,plkmo_az,0,71,0,pons_perfect,1.0,20,71445666324452556353,119.92,16299.58,538.2,18107.2,,70474991
pons_perfect,plkmo_az,10,3257,1,pons_perfect,1.0,11,32573444235,192.1,16566.67,478.3,17591.6,,331123240
pons_perfect,plkmo_az,2,232,0,pons_perfect,1.0,24,232233121333555511554471,148.3,16435.72,822.2,18304.0,,1627432799
pons_perfect,plkmo_az,3,262,0,pons_perfect,1.0,24,262333553366555564434464,98.5,16196.81,492.9,18822.6,,1157681241
pons_perfect,plkmo_az,5,2763,0,pons_perfect,1.0,24,276333235335665544645464,79.76,15821.66,475.8,17167.1,,1543278756
pons_perfect,plkmo_az,6,22,1,pons_perfect,1.0,23,22544224554775424235533,116.52,15572.56,896.7,17746.5,,98312304
pons_perfect,plkmo_az,12,5466,1,pons_perfect,1.0,11,54664545454,16.15,15645.58,59.0,15785.9,,1439095209
pons_perfect,plkmo_az,12,5466,0,pons_perfect,1.0,10,5466343434,242.22,17023.07,539.9,17775.7,,1713213475
pons_perfect,plkmo_az,14,3117,1,pons_perfect,1.0,9,311744532,2.56,17798.46,5.4,19515.1,,1625656532
pons_perfect,plkmo_az,9,2537,0,pons_perfect,1.0,16,2537336541243565,135.45,16348.62,388.3,17651.9,,311443789
pons_perfect,plkmo_az,16,273,1,pons_perfect,1.0,7,2735441,3.87,16215.24,5.3,16532.9,,1410544093
pons_perfect,plkmo_az,18,3344,1,pons_perfect,1.0,7,3344562,305.43,15486.16,606.5,15486.2,,307382621
pons_perfect,plkmo_az,10,3257,0,pons_perfect,1.0,18,325764446366574737,73.72,15890.21,228.4,17318.3,,968036228
pons_perfect,plkmo_az,19,4626,1,pons_perfect,1.0,7,4626345,49.84,15451.84,93.7,15451.8,,1896208990
pons_perfect,plkmo_az,8,24,0,pons_perfect,1.0,26,24444232257474577333537255,61.2,17119.65,525.4,23035.8,,1543900519
pons_perfect,plkmo_az,17,374,1,pons_perfect,1.0,13,3745344733132,155.55,18638.52,436.0,21406.1,,516764677
pons_perfect,plkmo_az,15,75,1,pons_perfect,1.0,17,75555754344643474,125.14,18520.73,513.3,24099.4,,1020371490
pons_perfect,plkmo_az,14,3117,0,pons_perfect,1.0,18,311754444443232211,306.7,19575.9,1181.2,27799.2,,790656094
pons_perfect,plkmo_az,11,243,0,pons_perfect,1.0,24,243444333414131161326262,151.51,18828.08,969.0,26797.8,,185822330
pons_perfect,plkmo_az,18,3344,0,pons_perfect,1.0,14,33446554435532,307.5,20807.06,970.5,30147.2,,2057897278
pons_perfect,plkmo_az,16,273,0,pons_perfect,1.0,18,273444544433737556,111.99,19708.77,424.1,24212.1,,1428410225
pons_perfect,plkmo_az,15,75,0,pons_perfect,1.0,16,7525555333323446,376.06,20936.73,1386.6,26341.4,,254804575
pons_perfect,plkmo_az,13,72,0,pons_perfect,1.0,22,7244445624552522255766,64.5,19666.25,486.2,28781.9,,460418719
pons_perfect,plkmo_az,17,374,0,pons_perfect,1.0,20,37425644536766432525,95.99,20767.92,561.8,24339.7,,2055040584
plkmo_az,galli_minimax,0,71,1,galli_minimax,0.0,14,71445663664455,22206.63,560.09,24688.0,889.2,,1995987480
pons_perfect,plkmo_az,19,4626,0,pons_perfect,1.0,18,462643345452553474,67.24,22531.66,280.4,24040.7,,1098707206
pons_perfect,plkmo_az,13,72,1,pons_perfect,1.0,29,72245444574255257262453317166,62.67,19006.78,359.5,26800.2,,1226378499
pons_perfect,plkmo_az,11,243,1,pons_perfect,1.0,31,2434443333434666657215555566112,97.82,19594.67,535.6,24532.4,,1884740080
plkmo_az,galli_minimax,3,262,1,galli_minimax,0.0,14,26245434453533,21167.72,476.27,25779.3,939.8,,171014193
plkmo_az,galli_minimax,1,643,1,galli_minimax,0.0,16,6434544375721132,23139.31,382.77,27587.6,757.5,,496196205
plkmo_az,galli_minimax,6,22,0,galli_minimax,0.0,7,2244351,24720.66,267.89,25896.4,576.0,,1001005791
plkmo_az,galli_minimax,4,44,0,galli_minimax,0.0,11,44454755454,23511.44,540.14,25101.2,658.1,,959917537
plkmo_az,galli_minimax,2,232,0,galli_minimax,0.0,15,232335455424132,21703.06,252.17,24664.9,525.4,,353152328
plkmo_az,galli_minimax,2,232,1,galli_minimax,0.0,16,2322331131524272,22360.53,301.02,29467.5,591.6,,116686451
plkmo_az,galli_minimax,7,1473,1,galli_minimax,0.0,8,14733526,27356.61,1330.08,30314.8,1584.6,,1896677297
plkmo_az,galli_minimax,3,262,0,galli_minimax,0.0,13,2625444426123,25474.55,249.3,29454.7,594.3,,1319824211
plkmo_az,galli_minimax,9,2537,0,galli_minimax,0.0,7,2537441,22033.39,240.86,22033.4,373.4,,1950656316
plkmo_az,galli_minimax,5,2763,0,galli_minimax,0.0,15,276332444432343,21914.58,412.9,23735.8,627.3,,1349281248
plkmo_az,galli_minimax,9,2537,1,galli_minimax,0.0,8,25373446,23730.65,1033.26,25261.9,1606.6,,1776776103
plkmo_az,galli_minimax,1,643,0,galli_minimax,0.0,19,6434443333344211655,23792.22,282.97,27460.3,438.8,,1312917869
plkmo_az,galli_minimax,6,22,1,galli_minimax,0.0,12,224344347361,23357.09,290.24,26500.4,637.0,,1186543420
plkmo_az,galli_minimax,0,71,0,galli_minimax,0.0,23,71433243214453133617112,23584.29,409.42,26639.1,1463.5,,1892351183
plkmo_az,galli_minimax,8,24,1,galli_minimax,0.0,10,2444464573,24642.72,612.33,27664.2,993.4,,297096653
plkmo_az,galli_minimax,7,1473,0,galli_minimax,0.0,15,147353344545414,21457.04,379.13,24383.5,530.7,,1038477427
plkmo_az,galli_minimax,5,2763,1,galli_minimax,0.0,20,27633323525565663244,23523.51,412.39,26182.5,685.2,,1494396949
plkmo_az,galli_minimax,12,5466,0,galli_minimax,0.0,11,54664545454,22023.57,711.34,23646.9,1016.0,,42546584
plkmo_az,galli_minimax,10,3257,0,galli_minimax,0.0,15,325746444733572,21322.46,622.73,22777.7,1092.5,,1999763766
plkmo_az,galli_minimax,11,243,1,galli_minimax,0.0,14,24334434435556,24093.27,689.72,29918.7,1322.9,,1536377135
plkmo_az,galli_minimax,11,243,0,galli_minimax,0.0,15,243433464575454,21407.28,656.25,23985.1,1247.2,,364996190
plkmo_az,galli_minimax,16,273,0,galli_minimax,0.0,7,2735441,23047.39,193.02,25663.1,333.9,,1823533825
plkmo_az,galli_minimax,10,3257,1,galli_minimax,0.0,18,325764446366574355,23129.45,945.41,27962.0,2019.0,,1710479455
plkmo_az,galli_minimax,14,3117,0,galli_minimax,0.0,13,3117445314161,23542.75,279.13,28386.7,688.8,,2125122244
plkmo_az,galli_minimax,18,3344,0,galli_minimax,0.0,7,3344251,26008.47,79.52,26008.5,106.8,,619822601
plkmo_az,galli_minimax,4,44,1,galli_minimax,0.0,28,4443343473566366466171237755,24441.96,419.13,31963.6,1198.5,,2093814992
plkmo_az,galli_minimax,8,24,0,galli_minimax,0.0,23,24442565455447511312131,21216.23,237.34,23029.6,646.1,,890092515
plkmo_az,galli_minimax,13,72,1,galli_minimax,0.0,16,7244424425322133,22433.35,533.85,26534.8,1095.0,,791057481
plkmo_az,galli_minimax,14,3117,1,galli_minimax,0.0,16,3117544443455572,22446.7,551.72,27054.4,820.3,,1622613151
plkmo_az,galli_minimax,19,4626,0,galli_minimax,0.0,7,4626341,21053.48,109.66,21053.5,182.7,,1449617441
plkmo_az,galli_minimax,12,5466,1,galli_minimax,0.0,20,54663433447373516153,23718.0,361.95,32604.7,739.5,,1169076683
plkmo_az,galli_minimax,16,273,1,galli_minimax,0.0,16,2734445443631363,23982.33,575.12,29105.8,826.0,,1098658285
plkmo_az,easyai_negamax,1,643,1,easyai_negamax,0.0,10,6431414141,18024.72,192.71,20455.3,317.9,,2014548824
plkmo_az,galli_minimax,13,72,0,galli_minimax,0.0,23,72464426466727224233341,20600.73,419.4,22949.7,1101.7,,1790260746
plkmo_az,galli_minimax,17,374,1,galli_minimax,0.0,18,374256445367652223,19390.55,727.21,21806.8,1642.2,,1095035065
plkmo_az,easyai_negamax,2,232,1,easyai_negamax,0.0,10,2321313171,19988.53,204.05,26414.4,276.2,,1345677888
plkmo_az,galli_minimax,19,4626,1,galli_minimax,0.0,14,46264332447371,19581.25,349.2,21326.2,530.8,,1064787379
plkmo_az,easyai_negamax,0,71,1,easyai_negamax,0.0,10,7141565151,18994.79,303.22,22466.4,722.4,,1401139079
plkmo_az,galli_minimax,17,374,0,galli_minimax,0.0,15,374544341313151,21512.94,146.02,25634.8,402.6,,1025946157
plkmo_az,easyai_negamax,3,262,0,easyai_negamax,0.0,7,2625242,15053.45,252.91,15545.1,269.8,,411905153
plkmo_az,galli_minimax,15,75,0,galli_minimax,0.0,23,75444445524555177667166,19735.22,322.58,29657.9,831.2,,1608959787
plkmo_az,easyai_negamax,4,44,0,easyai_negamax,0.0,9,441215151,15055.87,286.37,15446.6,473.3,,133407794
plkmo_az,easyai_negamax,3,262,1,easyai_negamax,0.0,12,262141355151,15897.1,237.14,16552.4,306.9,,64291362
plkmo_az,easyai_negamax,7,1473,1,easyai_negamax,0.0,8,14733526,15782.78,1934.59,15930.1,3254.9,,1888762646
plkmo_az,easyai_negamax,4,44,1,easyai_negamax,0.0,10,4441714151,16373.9,202.75,21040.3,324.1,,951171925
plkmo_az,galli_minimax,15,75,1,galli_minimax,0.0,28,7524444472322333775525345151,19207.06,484.6,26765.4,1122.6,,487613763
plkmo_az,easyai_negamax,2,232,0,easyai_negamax,0.0,17,23231335111464445,16891.28,399.1,19490.5,846.0,,1101959701
plkmo_az,easyai_negamax,0,71,0,easyai_negamax,0.0,19,7115111424152555252,17287.26,209.56,26260.0,432.9,,874587513
plkmo_az,easyai_negamax,5,2763,1,easyai_negamax,0.0,14,27633111213131,15601.32,183.18,17463.2,258.2,,1688767501
plkmo_az,easyai_negamax,7,1473,0,easyai_negamax,0.0,11,14732312121,15894.87,218.48,16957.0,461.9,,1966534120
plkmo_az,easyai_negamax,1,643,0,easyai_negamax,0.0,23,64341441151411262224333,16853.0,197.08,24586.2,387.2,,851574350
plkmo_az,easyai_negamax,6,22,1,easyai_negamax,0.0,14,22417356313131,16867.42,360.61,20281.3,929.2,,1196091970
plkmo_az,easyai_negamax,10,3257,0,easyai_negamax,0.0,11,32571414141,16917.42,319.74,18088.8,692.9,,603286652
plkmo_az,easyai_negamax,11,243,1,easyai_negamax,0.0,10,2431414121,16610.39,253.89,17841.0,334.5,,342853112
plkmo_az,easyai_negamax,8,24,1,easyai_negamax,0.0,12,244141444121,16189.66,351.08,17474.6,537.5,,2011863032
plkmo_az,easyai_negamax,9,2537,0,easyai_negamax,0.0,13,2537146514151,17085.46,352.67,20088.9,781.0,,610707619
plkmo_az,galli_minimax,18,3344,1,galli_minimax,0.0,32,33446554435455336712661171511222,17362.8,220.86,22603.0,517.7,,1576593057
plkmo_az,easyai_negamax,5,2763,0,easyai_negamax,0.0,23,27631315111337177624242,15269.43,240.6,16798.0,678.6,,1684981201
plkmo_az,easyai_negamax,10,3257,1,easyai_negamax,0.0,14,32576441415151,16848.51,248.44,19519.4,369.2,,1973099804
plkmo_az,easyai_negamax,14,3117,0,easyai_negamax,0.0,9,311714141,16209.75,238.35,16258.4,380.9,,292745200
plkmo_az,easyai_negamax,12,5466,1,easyai_negamax,0.0,14,54663131336141,16120.39,221.03,16487.9,281.7,,886319348
plkmo_az,easyai_negamax,12,5466,0,easyai_negamax,0.0,13,5466141443161,15992.9,232.41,16269.5,449.3,,589815512
plkmo_az,easyai_negamax,15,75,1,easyai_negamax,0.0,10,7521715151,15746.4,223.59,16403.6,313.1,,451047771
plkmo_az,easyai_negamax,8,24,0,easyai_negamax,0.0,21,241715611414451424252,15880.57,265.51,16919.7,966.1,,1339360703
plkmo_az,easyai_negamax,17,374,0,easyai_negamax,0.0,7,3745142,16059.31,179.24,16141.0,209.2,,1726933517
plkmo_az,easyai_negamax,16,273,1,easyai_negamax,0.0,12,273131454121,15878.3,278.8,16397.0,390.2,,1459799082
plkmo_az,easyai_negamax,18,3344,0,easyai_negamax,0.0,7,3344251,15983.4,212.16,15983.4,234.6,,1649948802
plkmo_az,easyai_negamax,13,72,1,easyai_negamax,0.0,14,72415641447151,16446.19,322.61,17246.7,900.1,,287547090
plkmo_az,easyai_negamax,19,4626,0,easyai_negamax,0.0,7,4626341,16953.45,167.03,16953.5,251.4,,960535741
plkmo_az,easyai_negamax,6,22,0,easyai_negamax,0.0,31,2214121115641225244446577556667,15637.98,123.24,16557.2,268.4,,1410908311
plkmo_az,easyai_negamax,11,243,0,plkmo_az,1.0,20,24341311144214132525,16728.98,231.41,18495.0,413.9,,981382810
plkmo_az,easyai_negamax,16,273,0,easyai_negamax,0.0,13,2735146514151,16173.43,339.4,18286.2,823.4,,210942872
plkmo_az,easyai_negamax,14,3117,1,easyai_negamax,0.0,20,31175231644241566435,15680.29,342.92,16619.3,548.7,,935524834
plkmo_az,easyai_negamax,9,2537,1,easyai_negamax,0.0,28,2537313331115151555232224244,16262.11,406.86,18416.6,1173.2,,451274209
plkmo_az,easyai_negamax,17,374,1,easyai_negamax,0.0,18,374256416331446171,16114.94,402.39,18208.8,1057.3,,1099949570
plkmo_az,easyai_negamax,19,4626,1,easyai_negamax,0.0,14,46264144716151,16050.46,416.94,17563.3,710.4,,1593599498
plkmo_az,kaggle_negamax,2,232,1,kaggle_negamax,0.0,10,2326373554,16948.63,61.13,18375.3,94.8,,731056104
plkmo_az,kaggle_negamax,2,232,0,kaggle_negamax,0.0,11,23236462676,15777.28,73.43,16270.2,117.6,,688730741
plkmo_az,kaggle_negamax,1,643,1,kaggle_negamax,0.0,16,6437676634334727,16038.03,60.01,17822.0,118.7,,177224326
plkmo_az,kaggle_negamax,0,71,1,kaggle_negamax,0.0,14,71475657322747,16465.32,58.64,17823.3,137.9,,1938185687
plkmo_az,kaggle_negamax,4,44,0,kaggle_negamax,0.0,7,4474665,15962.24,54.73,15974.6,105.2,,1752214076
plkmo_az,easyai_negamax,18,3344,1,easyai_negamax,0.0,22,3344655151311143422214,16705.38,293.26,19030.7,450.4,,873503625
plkmo_az,kaggle_negamax,3,262,1,kaggle_negamax,0.0,18,262722675656433435,15869.11,40.06,17025.9,87.9,,402607027
plkmo_az,kaggle_negamax,7,1473,1,kaggle_negamax,0.0,10,1473374645,16325.78,36.08,17487.1,54.3,,1959022053
plkmo_az,kaggle_negamax,5,2763,1,kaggle_negamax,0.0,14,27633735335727,16476.18,70.43,17786.1,148.6,,1876573781
plkmo_az,kaggle_negamax,9,2537,1,kaggle_negamax,0.0,8,25373446,16559.7,19.84,16760.0,39.6,,414975192
plkmo_az,kaggle_negamax,6,22,1,kaggle_negamax,0.0,14,22454744533153,15821.26,65.23,16835.8,129.9,,1090021191
plkmo_az,kaggle_negamax,3,262,0,kaggle_negamax,0.0,21,262575655432642444636,16016.14,45.33,18505.8,132.9,,410955677
plkmo_az,kaggle_negamax,7,1473,0,kaggle_negamax,0.0,17,14735334457415737,15821.48,49.23,16698.4,90.7,,2062514428
plkmo_az,easyai_negamax,13,72,0,easyai_negamax,0.0,37,7215111433131334325545444557677227272,16539.42,120.97,18706.3,270.7,,443172477
plkmo_az,kaggle_negamax,5,2763,0,kaggle_negamax,0.0,21,276353667544256555262,16479.51,54.39,18702.1,136.5,,257473625
plkmo_az,kaggle_negamax,1,643,0,kaggle_negamax,0.0,27,643414415466616114677775535,16801.06,51.96,21741.5,143.2,,926421288
plkmo_az,easyai_negamax,15,75,0,easyai_negamax,0.0,37,7512111433131334325545444557677227272,16687.58,115.35,18584.8,343.8,,731048620
plkmo_az,kaggle_negamax,8,24,1,kaggle_negamax,0.0,18,244657654564574737,17041.32,79.74,20227.4,118.0,,1471574663
plkmo_az,kaggle_negamax,10,3257,0,kaggle_negamax,0.0,17,32576445456672454,14900.23,62.06,15755.2,100.6,,904168578
plkmo_az,kaggle_negamax,11,243,1,kaggle_negamax,0.0,16,2436464757356737,16623.05,59.43,19697.0,117.8,,157799771
plkmo_az,kaggle_negamax,0,71,0,plkmo_az,1.0,38,71547457374443753341337116651666165522,16649.18,48.33,18922.3,140.8,,2040533988
plkmo_az,kaggle_negamax,13,72,0,kaggle_negamax,0.0,15,723344742445767,15812.3,59.41,17045.8,99.0,,771227056
plkmo_az,kaggle_negamax,12,5466,1,kaggle_negamax,0.0,18,546636374147335757,15739.24,62.89,16422.8,181.2,,1715645191
plkmo_az,kaggle_negamax,8,24,0,kaggle_negamax,0.0,25,2464527442557225566362646,15523.18,46.9,17740.9,99.2,,1188229637
plkmo_az,kaggle_negamax,6,22,0,plkmo_az,1.0,28,2274547752722574451313367666,16398.12,70.93,18119.3,157.6,,1955146686
plkmo_az,kaggle_negamax,10,3257,1,kaggle_negamax,0.0,20,32576446455255773334,16851.69,49.04,19343.3,129.8,,443786932
plkmo_az,kaggle_negamax,9,2537,0,kaggle_negamax,0.0,25,2537667465143442537354647,16326.64,49.26,17796.1,139.3,,1912642486
plkmo_az,kaggle_negamax,13,72,1,kaggle_negamax,0.0,16,7247252722465747,17566.85,68.98,21035.2,142.7,,1613005593
plkmo_az,kaggle_negamax,18,3344,0,kaggle_negamax,0.0,7,3344645,22896.84,25.92,22896.8,51.7,,1262205972
plkmo_az,kaggle_negamax,16,273,1,kaggle_negamax,0.0,8,27344665,17904.18,60.77,19031.0,93.3,,1995817146
plkmo_az,kaggle_negamax,4,44,1,kaggle_negamax,0.0,38,44466721276773377155664333635552115142,17149.7,41.16,26455.8,145.4,,1175212498
plkmo_az,kaggle_negamax,17,374,0,kaggle_negamax,0.0,7,3745142,25219.31,49.78,25766.7,99.5,,232804854
plkmo_az,kaggle_negamax,14,3117,1,kaggle_negamax,0.0,16,3117544616111646,18627.49,85.57,23466.4,174.2,,2139708432
plkmo_az,kaggle_negamax,12,5466,0,kaggle_negamax,0.0,23,54666262557225731774626,17975.63,63.51,23387.9,139.2,,1659226055
plkmo_az,kaggle_negamax,19,4626,1,kaggle_negamax,0.0,8,46264636,21902.7,58.7,24257.6,117.3,,1643155786
plkmo_az,kaggle_negamax,17,374,1,kaggle_negamax,0.0,12,374256476737,21697.17,53.98,23288.5,94.9,,1618876441
plkmo_az,ours_minimax_d4,2,232,0,ours_minimax_d4,0.0,7,2323252,19610.57,1.01,19755.1,1.9,,1785574973
plkmo_az,kaggle_negamax,16,273,0,kaggle_negamax,0.0,13,2735667476767,22166.39,74.8,28242.8,154.0,,1613268740
plkmo_az,kaggle_negamax,14,3117,0,kaggle_negamax,0.0,21,311775746445455367654,18400.27,51.13,22232.4,165.2,,2001411864
plkmo_az,ours_minimax_d4,0,71,0,ours_minimax_d4,0.0,13,7143423321545,20583.63,1.71,25636.4,2.8,,2098277784
plkmo_az,kaggle_negamax,19,4626,0,kaggle_negamax,0.0,15,462664747442757,24036.27,34.35,26626.2,57.5,,1431809121
plkmo_az,kaggle_negamax,11,243,0,kaggle_negamax,0.0,33,243463666444465111161137752572325,18905.75,36.88,25251.0,145.3,,694520320
plkmo_az,ours_minimax_d4,1,643,1,ours_minimax_d4,0.0,14,64345354435562,24240.45,2.38,27352.8,5.9,,1048045305
plkmo_az,ours_minimax_d4,0,71,1,ours_minimax_d4,0.0,14,71445663664455,24439.38,2.06,28860.2,3.6,,1306601044
plkmo_az,ours_minimax_d4,4,44,0,ours_minimax_d4,0.0,11,44454755454,17407.23,2.01,19646.6,2.8,,600378318
plkmo_az,ours_minimax_d4,3,262,0,ours_minimax_d4,0.0,11,26254444341,21579.72,2.64,24066.8,5.4,,572545652
plkmo_az,ours_minimax_d4,2,232,1,ours_minimax_d4,0.0,18,232233131232257614,21632.25,4.32,28173.9,13.3,,1300770410
plkmo_az,ours_minimax_d4,7,1473,1,ours_minimax_d4,0.0,8,14733526,18758.4,0.58,19928.0,1.1,,514039670
plkmo_az,ours_minimax_d4,6,22,0,ours_minimax_d4,0.0,7,2244351,25394.83,0.92,27524.2,2.0,,547056205
plkmo_az,ours_minimax_d4,1,643,0,ours_minimax_d4,0.0,17,64344433334436655,25770.47,3.86,28449.6,10.0,,1824615936
plkmo_az,ours_minimax_d4,9,2537,1,ours_minimax_d4,0.0,8,25373446,18701.64,0.67,19091.7,1.3,,1717521516
plkmo_az,kaggle_negamax,15,75,1,kaggle_negamax,0.0,26,75274321435557753736736634,22814.06,68.81,31609.4,163.3,,1768137380
plkmo_az,ours_minimax_d4,9,2537,0,ours_minimax_d4,0.0,7,2537441,36639.56,0.76,36639.6,1.5,,715158822
plkmo_az,ours_minimax_d4,4,44,1,ours_minimax_d4,0.0,16,4444655554656663,22011.77,3.49,26863.6,9.4,,348006422
plkmo_az,ours_minimax_d4,7,1473,0,ours_minimax_d4,0.0,15,147353344545522,23084.3,2.89,31393.1,6.4,,82290188
plkmo_az,ours_minimax_d4,6,22,1,ours_minimax_d4,0.0,12,224344347361,25837.75,5.31,33581.0,16.6,,1784445403
plkmo_az,ours_minimax_d4,11,243,1,ours_minimax_d4,0.0,10,2434434255,20566.58,2.57,24522.1,5.5,,584667188
plkmo_az,ours_minimax_d4,12,5466,1,ours_minimax_d4,0.0,10,5466343434,19117.92,1.41,19372.4,2.5,,1670116473
plkmo_az,kaggle_negamax,18,3344,1,plkmo_az,1.0,35,33446556576441375545161177467237262,21506.13,38.52,27064.1,127.3,,1199239842
plkmo_az,ours_minimax_d4,12,5466,0,ours_minimax_d4,0.0,11,54664545454,19317.53,2.58,22767.4,6.3,,90241820
plkmo_az,kaggle_negamax,15,75,0,kaggle_negamax,0.0,39,756565566474443342213237727376455631212,20206.5,46.37,24356.3,158.4,,175593668
plkmo_az,ours_minimax_d4,8,24,1,ours_minimax_d4,0.0,14,24444455453575,27370.21,4.28,36571.9,6.9,,526008328
plkmo_az,ours_minimax_d4,5,2763,1,ours_minimax_d4,0.0,20,27633323525565663244,25893.49,3.24,36882.2,6.4,,1195038652
plkmo_az,ours_minimax_d4,5,2763,0,ours_minimax_d4,0.0,23,27633233664444266345455,22993.82,4.05,30818.4,7.8,,1683505068
plkmo_az,ours_minimax_d4,14,3117,0,ours_minimax_d4,0.0,9,311744532,22767.26,1.56,23310.4,3.7,,1218628709
plkmo_az,ours_minimax_d4,16,273,0,ours_minimax_d4,0.0,7,2735441,20642.49,3.24,20934.1,6.4,,1573651258
plkmo_az,ours_minimax_d4,15,75,1,ours_minimax_d4,0.0,8,75244336,22157.14,2.9,23826.8,5.8,,65301342
plkmo_az,ours_minimax_d4,3,262,1,ours_minimax_d4,0.0,32,26245544545442122115511216666633,23790.44,2.15,33593.6,5.6,,992932844
plkmo_az,ours_minimax_d4,10,3257,1,ours_minimax_d4,0.0,20,32576444653366545245,23769.44,4.32,29204.0,19.5,,917383011
plkmo_az,ours_minimax_d4,18,3344,0,ours_minimax_d4,0.0,7,3344562,19543.69,0.4,19543.7,0.8,,923037168
plkmo_az,ours_minimax_d4,11,243,0,ours_minimax_d4,0.0,19,2434443333434655525,22433.57,2.38,36079.6,5.8,,1763033059
plkmo_az,ours_minimax_d4,10,3257,0,ours_minimax_d4,0.0,23,32574644355545433536466,22173.85,2.62,31319.8,6.0,,870363238
plkmo_az,ours_minimax_d4,19,4626,0,ours_minimax_d4,0.0,7,4626345,26255.6,0.44,26255.6,0.8,,968802517
plkmo_az,ours_minimax_d4,14,3117,1,ours_minimax_d4,0.0,16,3117544443455572,22400.93,1.91,24676.6,2.7,,1503944822
plkmo_az,ours_minimax_d4,8,24,0,ours_minimax_d4,0.0,29,24644441412222211555567756667,22238.78,2.53,27594.4,6.6,,552191222
plkmo_az,ours_minimax_d4,19,4626,1,ours_minimax_d4,0.0,12,462643345656,19021.31,2.28,19726.0,4.2,,2075376081
plkmo_az,ours_minimax_d4,17,374,1,ours_minimax_d4,0.0,18,374544352154215434,20808.41,2.51,22548.4,4.9,,1719985387
plkmo_az,ours_minimax_d4,16,273,1,ours_minimax_d4,0.0,18,273444544555343376,21425.06,3.66,22725.3,10.2,,120364343
plkmo_az,ours_minimax_d4,18,3344,1,ours_minimax_d4,0.0,14,33446554435532,22578.33,2.75,30870.5,5.3,,1900606756
plkmo_az,ours_minimax_d4,13,72,0,ours_minimax_d4,0.0,21,724644466554472626262,22263.06,2.67,28783.5,5.4,,2125927860
plkmo_az,ours_minimax_d4,17,374,0,ours_minimax_d4,0.0,15,374544443753262,21007.15,1.91,22130.7,2.9,,750023363
plkmo_az,ours_minimax_d8,1,643,0,ours_minimax_d8,0.0,13,6434444435353,19934.49,39.95,22533.7,71.9,,567541487
plkmo_az,ours_minimax_d4,13,72,1,ours_minimax_d4,0.0,26,72462444242266546266171555,21264.85,3.02,26561.3,6.8,,228943957
plkmo_az,ours_minimax_d8,1,643,1,ours_minimax_d8,0.0,16,6434544455755332,18968.23,56.41,21704.1,107.5,,2021436536
plkmo_az,ours_minimax_d8,2,232,1,ours_minimax_d8,0.0,16,2322331312355624,18530.64,60.78,22664.0,142.5,,744053632
plkmo_az,ours_minimax_d8,6,22,0,ours_minimax_d8,0.0,7,2244351,15791.05,17.18,16415.7,50.8,,996852390
plkmo_az,ours_minimax_d8,4,44,1,ours_minimax_d8,0.0,12,444465555667,16930.52,61.22,19281.0,102.2,,72314543
plkmo_az,ours_minimax_d8,2,232,0,ours_minimax_d8,0.0,15,232335454554445,16493.07,31.64,17717.1,62.6,,595966145
plkmo_az,ours_minimax_d8,0,71,1,ours_minimax_d8,0.0,20,71445666324452556353,17357.07,54.25,20033.2,157.2,,49426884
plkmo_az,ours_minimax_d8,7,1473,1,ours_minimax_d8,0.0,8,14733526,15994.48,0.46,16490.0,0.9,,1199277349
plkmo_az,ours_minimax_d4,15,75,0,ours_minimax_d4,0.0,27,753333555744444737725646663,20543.28,3.14,29085.8,7.3,,2087632265
plkmo_az,ours_minimax_d8,5,2763,1,ours_minimax_d8,0.0,14,27633323525363,17197.03,82.63,18427.1,177.9,,318994692
plkmo_az,ours_minimax_d8,9,2537,0,ours_minimax_d8,0.0,7,2537441,14914.89,9.71,14914.9,19.4,,1796397720
plkmo_az,ours_minimax_d8,5,2763,0,ours_minimax_d8,0.0,17,27633233224442555,16483.47,74.96,17744.5,140.0,,639426023
plkmo_az,ours_minimax_d8,0,71,0,ours_minimax_d8,0.0,23,71334543443545522232245,18318.4,62.38,24054.2,250.1,,1865724498
plkmo_az,ours_minimax_d8,3,262,1,ours_minimax_d8,0.0,20,26245434446274337365,16083.26,47.56,18508.3,108.6,,73148654
plkmo_az,ours_minimax_d8,9,2537,1,ours_minimax_d8,0.0,8,25373446,16195.99,17.14,16922.6,34.2,,872977150
plkmo_az,ours_minimax_d8,6,22,1,ours_minimax_d8,0.0,12,224344347414,16381.7,41.24,17037.1,61.7,,611303628
plkmo_az,ours_minimax_d8,4,44,0,ours_minimax_d8,0.0,19,4445474457577555666,16308.9,56.15,17908.6,189.2,,1285779083
plkmo_az,ours_minimax_d8,12,5466,0,ours_minimax_d8,0.0,11,54664545454,15943.32,52.11,17292.9,98.1,,1609641606
plkmo_az,ours_minimax_d8,14,3117,0,ours_minimax_d8,0.0,9,311744532,17266.02,18.15,18896.7,53.7,,930951404
plkmo_az,ours_minimax_d8,11,243,0,ours_minimax_d8,0.0,15,243444433555356,16166.09,67.22,18322.4,126.8,,914464915
plkmo_az,ours_minimax_d8,10,3257,1,ours_minimax_d8,0.0,18,325764446366574455,16452.54,42.96,17144.0,70.6,,641802432
plkmo_az,ours_minimax_d8,3,262,0,ours_minimax_d8,0.0,29,26254444455556466225621333233,16404.0,38.58,19448.3,100.1,,2079648322
plkmo_az,ours_minimax_d8,10,3257,0,ours_minimax_d8,0.0,21,325746444753343774363,16656.6,49.83,19216.4,99.0,,972514690
plkmo_az,ours_minimax_d8,13,72,0,ours_minimax_d8,0.0,17,72464446466525543,16117.77,61.64,17391.9,111.8,,278299942
plkmo_az,ours_minimax_d8,16,273,0,ours_minimax_d8,0.0,7,2735441,15677.83,11.89,16151.5,23.7,,1640688802
plkmo_az,ours_minimax_d8,14,3117,1,ours_minimax_d8,0.0,18,311754444443251122,16715.23,58.33,19748.8,111.1,,1849313663
plkmo_az,ours_minimax_d8,18,3344,0,ours_minimax_d8,0.0,7,3344562,16878.09,0.38,16878.1,0.7,,1570681834
plkmo_az,ours_minimax_d8,8,24,1,ours_minimax_d8,0.0,24,244444542552522552113133,16196.52,47.99,17280.3,109.2,,1522231194
plkmo_az,ours_minimax_d8,16,273,1,ours_minimax_d8,0.0,12,273443534343,15635.28,47.44,16503.6,92.6,,901923736
plkmo_az,ours_minimax_d8,19,4626,0,ours_minimax_d8,0.0,7,4626345,17136.15,0.43,17136.2,0.8,,641058864
plkmo_az,ours_minimax_d8,13,72,1,ours_minimax_d8,0.0,22,7244445624552522255766,15476.78,48.39,16853.1,92.5,,1216936650
plkmo_az,ours_minimax_d8,12,5466,1,ours_minimax_d8,0.0,24,546634334473743437665565,16028.29,42.2,17295.2,60.5,,845892916
plkmo_az,ours_minimax_d8,8,24,0,ours_minimax_d8,0.0,27,244444425722575557733353322,16459.83,52.95,18878.3,103.1,,765815101
plkmo_az,ours_minimax_d8,11,243,1,ours_minimax_d8,0.0,28,2434443433746366131166265555,16754.02,52.78,18856.8,145.3,,1848812992
plkmo_az,ours_minimax_d8,17,374,0,ours_minimax_d8,0.0,11,37454444112,17672.77,53.23,19627.6,78.1,,1308147318
plkmo_az,ours_minimax_d8,15,75,1,ours_minimax_d8,0.0,18,752444447232245533,18102.06,108.11,22548.3,219.1,,1473780543
plkmo_az,ours_minimax_d8,7,1473,0,ours_minimax_d8,0.0,35,14735343344445575533725111777166626,17839.28,32.4,28110.4,86.2,,308690279
plkmo_az,ours_minimax_d8,18,3344,1,ours_minimax_d8,0.0,14,33446554435532,20677.19,32.05,29200.5,52.8,,583373441
plkmo_az,ours_minimax_d8,15,75,0,ours_minimax_d8,0.0,25,7544444545557222253737373,22045.65,58.27,32325.4,114.0,,1214105348
plkmo_az,nn_az_6x64_mcts200,3,262,0,nn_az_6x64_mcts200,0.0,7,2625242,27350.99,34169.09,32214.9,59080.5,,1093718564
plkmo_az,ours_minimax_d8,17,374,1,ours_minimax_d8,0.0,22,3745443114445522335366,23738.45,56.3,32243.0,134.5,,541436836
plkmo_az,ours_minimax_d8,19,4626,1,ours_minimax_d8,0.0,18,462643345452553474,25773.68,48.9,33577.3,131.9,,1657055491
plkmo_az,nn_az_6x64_mcts200,3,262,1,nn_az_6x64_mcts200,0.0,8,26233445,31049.27,27264.98,31752.3,56894.1,,24098998
plkmo_az,nn_az_6x64_mcts200,7,1473,1,nn_az_6x64_mcts200,0.0,8,14733526,33033.75,27730.26,36011.3,49462.6,,1347978798
plkmo_az,nn_az_6x64_mcts200,6,22,0,nn_az_6x64_mcts200,0.0,7,2244351,36008.34,46512.71,38572.6,89925.0,,904197520
plkmo_az,nn_az_6x64_mcts200,1,643,1,nn_az_6x64_mcts200,0.0,18,643344645443665355,31063.53,56140.29,37675.7,86339.2,,778165943
plkmo_az,nn_az_6x64_mcts200,6,22,1,nn_az_6x64_mcts200,0.0,12,224344347414,32805.61,73027.07,34367.5,91585.2,,1948206007
plkmo_az,nn_az_6x64_mcts200,5,2763,1,nn_az_6x64_mcts200,0.0,16,2763323233664242,36925.81,69603.98,39771.9,88381.5,,1668665947
plkmo_az,nn_az_6x64_mcts200,7,1473,0,nn_az_6x64_mcts200,0.0,15,147353554543346,31916.31,72756.77,33536.6,94361.8,,1786815050
plkmo_az,nn_az_6x64_mcts200,9,2537,0,nn_az_6x64_mcts200,0.0,7,2537441,39380.31,38156.53,39380.3,70476.6,,1074495502
plkmo_az,nn_az_6x64_mcts200,9,2537,1,nn_az_6x64_mcts200,0.0,8,25373446,35224.79,40426.94,35798.8,72916.8,,199716273
plkmo_az,nn_az_6x64_mcts200,0,71,1,nn_az_6x64_mcts200,0.0,20,71455554442142124272,33581.83,60043.38,42805.4,83195.4,,1504684222
plkmo_az,nn_az_6x64_mcts200,8,24,1,nn_az_6x64_mcts200,0.0,14,24424434223331,35861.74,69103.63,37942.9,88410.7,,127373753
plkmo_az,nn_az_6x64_mcts200,4,44,1,nn_az_6x64_mcts200,0.0,18,444575554425314253,33473.42,75116.93,36290.8,88578.0,,1246361548
plkmo_az,nn_az_6x64_mcts200,2,232,0,nn_az_6x64_mcts200,0.0,23,23234444442233322377665,36453.69,66040.45,45715.4,86080.8,,650023584
plkmo_az,nn_az_6x64_mcts200,12,5466,1,nn_az_6x64_mcts200,0.0,12,546636363346,32323.17,71144.69,41250.3,92227.9,,1701321139
plkmo_az,nn_az_6x64_mcts200,0,71,0,nn_az_6x64_mcts200,0.0,29,71334534444313154222222551355,33230.28,65315.19,43616.6,90451.7,,1881588648
plkmo_az,nn_az_6x64_mcts200,4,44,0,nn_az_6x64_mcts200,0.0,25,4445555224466665476563223,36488.81,77908.8,41534.1,99263.9,,614006793
plkmo_az,nn_az_6x64_mcts200,5,2763,0,nn_az_6x64_mcts200,0.0,27,276345747442463663336765575,36896.46,72366.92,45978.7,85220.6,,337599464
plkmo_az,nn_az_6x64_mcts200,11,243,0,nn_az_6x64_mcts200,0.0,15,243444254553232,39153.79,64206.31,46357.8,104518.2,,1240654058
plkmo_az,nn_az_6x64_mcts200,10,3257,1,nn_az_6x64_mcts200,0.0,18,325764446366574737,40167.69,70446.5,47297.2,97084.0,,610320556
plkmo_az,nn_az_6x64_mcts200,11,243,1,nn_az_6x64_mcts200,0.0,14,24324434331434,37026.46,84285.21,42584.4,97221.0,,1786831398
plkmo_az,nn_az_6x64_mcts200,1,643,0,plkmo_az,1.0,32,64344433433432222727772716671555,35644.18,69500.12,48354.9,90970.0,,2062722302
plkmo_az,nn_az_6x64_mcts200,13,72,0,nn_az_6x64_mcts200,0.0,11,72462424242,35147.1,72304.48,40158.5,94848.2,,642587945
plkmo_az,nn_az_6x64_mcts200,12,5466,0,nn_az_6x64_mcts200,0.0,15,546662623223443,37928.64,75437.45,40585.2,97654.9,,166450598
plkmo_az,nn_az_6x64_mcts200,2,232,1,nn_az_6x64_mcts200,0.0,38,23233322631616116311662727555555777744,36597.32,53772.44,43604.1,84097.8,,1269792490
plkmo_az,nn_az_6x64_mcts200,16,273,0,nn_az_6x64_mcts200,0.0,7,2735441,43722.88,25007.35,44672.5,41455.4,,389354264
plkmo_az,nn_az_6x64_mcts200,18,3344,0,nn_az_6x64_mcts200,0.0,7,3344562,42478.41,34226.26,42478.4,64443.1,,700912466
pons_perfect,bruneton_az,0,71,1,pons_perfect,1.0,37,7145716666353355133717456536244441122,199.34,1771.08,1167.9,2529.5,,1918836362
pons_perfect,bruneton_az,0,71,0,pons_perfect,1.0,36,714444655554115415331222222666667133,183.43,2070.94,1242.2,3324.6,,1358656391
pons_perfect,bruneton_az,1,643,1,bruneton_az,0.0,38,64344443666646333355571177755577111122,157.82,1516.56,1364.8,3173.8,,2137124598
pons_perfect,bruneton_az,1,643,0,pons_perfect,1.0,34,6434443331436664636155555571111777,199.61,1109.83,1541.0,2315.3,,11985582
plkmo_az,nn_az_6x64_mcts200,19,4626,1,plkmo_az,1.0,9,462644365,37811.3,45264.3,44814.1,67527.4,,1094103649
pons_perfect,bruneton_az,2,232,1,pons_perfect,1.0,33,232232336226663636444457744117755,106.52,1143.48,668.2,1993.0,,19269157
plkmo_az,nn_az_6x64_mcts200,8,24,0,nn_az_6x64_mcts200,0.0,27,242565444554574157117717212,35855.05,78915.65,46908.4,92715.0,,169217923
plkmo_az,nn_az_6x64_mcts200,19,4626,0,nn_az_6x64_mcts200,0.0,9,462624242,35959.78,44347.64,44366.4,61305.7,,1550403158
pons_perfect,bruneton_az,2,232,0,pons_perfect,1.0,40,2322233335452556651311521444414177777766,129.84,1313.57,1147.0,2228.3,,1337671498
pons_perfect,bruneton_az,3,262,1,pons_perfect,1.0,31,2623444644221426612557676777755,133.29,1741.29,1216.8,2641.7,,988892510
pons_perfect,bruneton_az,3,262,0,pons_perfect,1.0,34,2623442264417454732333773266766711,90.25,1236.42,602.2,1828.3,,1855363040
pons_perfect,bruneton_az,5,2763,1,pons_perfect,1.0,29,27633343422226663266355777445,169.49,1454.21,784.5,1991.8,,722260085
pons_perfect,bruneton_az,4,44,1,pons_perfect,1.0,39,444444326555523762262533353266611177711,61.84,1224.92,467.4,2143.7,,466611242
pons_perfect,bruneton_az,4,44,0,draw,0.5,42,444444322222336553355676532511117766611777,129.97,1259.74,1379.4,2091.4,,1822295521
pons_perfect,bruneton_az,5,2763,0,pons_perfect,1.0,36,276362666332335325556552727177171114,65.23,867.12,926.1,1478.2,,2110234213
pons_perfect,bruneton_az,7,1473,0,pons_perfect,1.0,16,1473534334421555,172.11,864.53,514.6,1206.7,,1599090657
pons_perfect,bruneton_az,6,22,1,draw,0.5,42,225444444656553737663355223322661111117777,61.55,754.03,546.4,1595.1,,1259169342
pons_perfect,bruneton_az,6,22,0,pons_perfect,1.0,38,22433334441455555634663522126211161677,54.93,818.13,288.8,1521.3,,1190057844
pons_perfect,bruneton_az,7,1473,1,bruneton_az,0.0,38,14735355544175333356666444661177771122,39.42,628.94,367.9,1378.0,,1666682376
plkmo_az,nn_az_6x64_mcts200,13,72,1,nn_az_6x64_mcts200,0.0,20,72454444422252125533,35529.66,71069.2,46869.0,90105.9,,1353966686
plkmo_az,nn_az_6x64_mcts200,15,75,1,nn_az_6x64_mcts200,0.0,14,75224344345454,31559.0,48077.35,38487.2,80635.5,,1930495537
pons_perfect,bruneton_az,10,3257,1,pons_perfect,1.0,13,3257335346462,176.16,846.67,641.0,1311.6,,1845564022
pons_perfect,bruneton_az,9,2537,1,pons_perfect,1.0,23,25374123332232735541441,174.07,974.9,1134.9,1311.3,,2144188922
plkmo_az,nn_az_6x64_mcts200,17,374,1,nn_az_6x64_mcts200,0.0,14,37454434215253,28686.67,40551.13,35285.2,85930.9,,733052673
plkmo_az,nn_az_6x64_mcts200,16,273,1,nn_az_6x64_mcts200,0.0,14,27344452546464,27186.83,50266.07,33810.5,85339.6,,532797653
pons_perfect,bruneton_az,9,2537,0,pons_perfect,1.0,26,25374144442556226324111363,43.7,1078.14,169.1,1522.8,,171852495
pons_perfect,bruneton_az,8,24,1,pons_perfect,1.0,29,24444246566522654556522331673,89.24,987.96,635.2,1452.0,,723949595
pons_perfect,bruneton_az,8,24,0,pons_perfect,1.0,34,2444424252242363355557511777773331,125.65,822.82,1473.2,1369.8,,1696809415
pons_perfect,bruneton_az,11,243,0,pons_perfect,1.0,28,2434443334143312111655166775,17.31,992.6,135.5,1630.7,,970942871
pons_perfect,bruneton_az,11,243,1,bruneton_az,0.0,38,24344323442253354552325511111177777766,45.31,641.36,394.3,1267.4,,1762990718
pons_perfect,bruneton_az,10,3257,0,bruneton_az,0.0,39,325754555444623221334432132571111777766,40.07,807.5,405.7,1446.4,,789736215
pons_perfect,bruneton_az,12,5466,0,pons_perfect,1.0,30,546644464662333521433767222557,49.03,884.36,274.9,1847.4,,1574300738
pons_perfect,bruneton_az,13,72,0,pons_perfect,1.0,24,724424451445755716566363,147.27,982.0,920.3,1382.9,,1461949241
pons_perfect,bruneton_az,12,5466,1,draw,0.5,42,546644442266664131533322335555221111777777,74.47,736.45,485.8,1501.9,,646764269
plkmo_az,nn_az_6x64_mcts200,14,3117,1,nn_az_6x64_mcts200,0.0,20,31175444444322331112,31829.49,49080.05,44932.0,91878.2,,1491145185
pons_perfect,bruneton_az,13,72,1,draw,0.5,42,722256256656466455444245373333321111117777,32.43,685.26,378.7,1288.6,,1932896073
pons_perfect,bruneton_az,18,3344,1,pons_perfect,1.0,7,3344562,258.96,102.06,517.5,102.1,,1989778440
pons_perfect,bruneton_az,18,3344,0,bruneton_az,0.0,7,3344241,0.44,105.81,0.4,147.3,,1859804120
pons_perfect,bruneton_az,19,4626,1,pons_perfect,1.0,7,4626345,32.23,98.91,64.0,98.9,,703217285
pons_perfect,bruneton_az,19,4626,0,bruneton_az,0.0,7,4626341,0.36,74.88,0.4,93.6,,107477216
pons_perfect,bruneton_az,14,3117,1,pons_perfect,1.0,35,31174555353354447332115717166446666,146.79,834.91,1364.9,1559.6,,682672779
pons_perfect,bruneton_az,17,374,1,pons_perfect,1.0,13,3745334421235,144.71,670.08,289.1,893.3,,2103433064
pons_perfect,bruneton_az,15,75,1,pons_perfect,1.0,21,755554224422244572666,132.66,822.18,505.6,957.7,,1386458253
pons_perfect,bruneton_az,14,3117,0,pons_perfect,1.0,26,31174555531311633664321244,105.29,843.11,682.4,1258.9,,1185422722
pons_perfect,bruneton_az,15,75,0,pons_perfect,1.0,34,7544457551775516666646111144333333,70.57,650.2,535.2,877.7,,1086681809
pons_perfect,bruneton_az,16,273,0,pons_perfect,1.0,30,273444442161555666646333222113,51.31,779.79,340.9,1184.5,,1632189331
pons_perfect,bruneton_az,17,374,0,pons_perfect,1.0,36,374224244331432234266376766611777555,70.66,792.15,624.2,1341.8,,535620693
pons_perfect,bruneton_az,16,273,1,draw,0.5,42,273444425445653322355232351711177666661177,73.95,712.27,1030.7,1453.7,,2144772034
bruneton_az,galli_minimax,3,262,1,galli_minimax,0.0,8,26244537,940.66,1419.5,1106.9,2546.8,,652478079
bruneton_az,galli_minimax,0,71,0,bruneton_az,1.0,40,7145444455541755111177666677333322222233,495.47,240.95,1023.9,785.9,,466007827
bruneton_az,galli_minimax,2,232,1,bruneton_az,1.0,19,2322244446555451515,801.27,550.87,1307.9,857.7,,1476074954
bruneton_az,galli_minimax,0,71,1,bruneton_az,1.0,39,714445545455145111167777723333332222266,649.96,155.59,1418.9,390.0,,424373448
bruneton_az,galli_minimax,1,643,0,bruneton_az,1.0,30,643444333643314166166177771122,733.67,222.54,1375.0,542.4,,1985419919
bruneton_az,galli_minimax,1,643,1,bruneton_az,1.0,35,64344364664334336611555111122222255,823.73,205.0,1213.0,1006.8,,1546917174
bruneton_az,galli_minimax,2,232,0,galli_minimax,0.0,27,232232223344336556464144565,1061.5,202.15,1761.9,400.8,,314850543
plkmo_az,nn_az_6x64_mcts200,18,3344,1,nn_az_6x64_mcts200,0.0,16,3344655555466774,22592.71,40370.44,31740.2,87883.8,,956294442
bruneton_az,galli_minimax,5,2763,0,bruneton_az,1.0,26,27633343426332556644121411,711.7,382.56,1414.8,1027.4,,312487775
bruneton_az,galli_minimax,3,262,0,bruneton_az,1.0,28,2623444622446616412611112533,996.16,378.32,1793.9,1020.4,,679257171
bruneton_az,galli_minimax,6,22,1,bruneton_az,1.0,33,224333344413565455532451777777211,604.65,311.98,1074.5,916.8,,649219715
bruneton_az,galli_minimax,4,44,0,bruneton_az,1.0,28,4444324222565525431611121133,822.87,402.73,1413.5,695.0,,1727815557
bruneton_az,galli_minimax,4,44,1,bruneton_az,1.0,37,4443647555534111147533335112222772266,656.15,365.27,1289.8,1345.4,,723097041
bruneton_az,galli_minimax,5,2763,1,galli_minimax,0.0,32,27636644464426642215171111722575,906.68,338.77,1303.9,944.2,,1687629463
bruneton_az,galli_minimax,7,1473,1,galli_minimax,0.0,28,1473543443344373771111126272,850.76,344.07,1469.3,930.5,,95178422
bruneton_az,galli_minimax,6,22,0,bruneton_az,1.0,34,2243332332422376676617761677111144,769.31,306.49,1469.9,875.3,,265750893
bruneton_az,galli_minimax,7,1473,0,bruneton_az,1.0,30,147353344544555147537711331122,671.33,310.33,1339.7,607.1,,767344772
plkmo_az,nn_az_6x64_mcts200,10,3257,0,nn_az_6x64_mcts200,0.0,31,3257464435555253341441222726676,30993.97,54398.1,44019.5,94181.5,,1929633935
bruneton_az,galli_minimax,8,24,1,bruneton_az,1.0,39,244446555422355467666562722777711111133,533.98,323.15,1431.1,1237.3,,1021884315
bruneton_az,galli_minimax,9,2537,1,bruneton_az,1.0,33,253741444344313733277771111666622,631.03,162.94,1159.6,402.7,,1440614369
bruneton_az,galli_minimax,9,2537,0,bruneton_az,1.0,38,25374133422332221755755711531177666644,546.47,239.01,1028.2,608.5,,20908436
bruneton_az,galli_minimax,11,243,1,bruneton_az,1.0,35,24334444324366566663377777711111122,584.2,167.32,1179.9,447.4,,1505452830
bruneton_az,galli_minimax,12,5466,1,bruneton_az,1.0,23,54664446422235566353515,677.09,475.42,1076.9,958.8,,706924029
bruneton_az,galli_minimax,8,24,0,bruneton_az,1.0,34,2444244422226666667777117711331133,927.95,177.3,1611.9,440.4,,1041321322
bruneton_az,galli_minimax,10,3257,1,bruneton_az,1.0,39,325754555333352224444241777776111131266,648.18,221.4,1576.6,1050.1,,522414341
bruneton_az,galli_minimax,10,3257,0,bruneton_az,1.0,38,32574644455452463777772222551111116633,636.51,306.45,1214.7,784.7,,796382281
bruneton_az,galli_minimax,11,243,0,bruneton_az,1.0,36,243433434443325577222277555511111166,694.42,164.07,1360.4,510.4,,2066314011
bruneton_az,galli_minimax,12,5466,0,bruneton_az,1.0,32,54664444466333373636777717112212,842.97,228.8,1289.2,648.2,,1470722438
bruneton_az,galli_minimax,18,3344,1,bruneton_az,1.0,7,3344215,174.81,122.53,242.4,122.5,,1946688837
bruneton_az,galli_minimax,18,3344,0,galli_minimax,0.0,7,3344215,152.15,390.02,152.1,617.9,,953920002
bruneton_az,galli_minimax,19,4626,1,bruneton_az,1.0,7,4626315,141.35,132.92,180.0,132.9,,1548627656
bruneton_az,galli_minimax,19,4626,0,galli_minimax,0.0,7,4626341,165.81,190.13,165.8,314.2,,285385209
bruneton_az,galli_minimax,17,374,0,galli_minimax,0.0,13,3745443312231,842.45,233.86,1241.4,447.6,,387702832
bruneton_az,galli_minimax,16,273,1,bruneton_az,1.0,17,27344444221651513,760.71,612.6,1206.3,1172.4,,664415609
bruneton_az,galli_minimax,14,3117,1,bruneton_az,1.0,39,311745544454551211145677777333332222266,630.25,262.56,1399.8,1092.6,,146848474
bruneton_az,galli_minimax,13,72,1,bruneton_az,1.0,33,724424451232254774777211111555533,816.31,350.75,1432.2,760.3,,1189029452
bruneton_az,galli_minimax,15,75,1,bruneton_az,1.0,37,7544447343555336354111111352222227766,578.5,274.8,1378.7,924.6,,1164602606
bruneton_az,galli_minimax,13,72,0,bruneton_az,1.0,34,7244464644272223661111112633333655,860.67,356.5,1644.6,1197.3,,1138480552
bruneton_az,galli_minimax,14,3117,0,bruneton_az,1.0,34,3117454434335443553777775511112222,818.94,316.01,1472.2,829.9,,690625349
bruneton_az,galli_minimax,17,374,1,bruneton_az,1.0,33,374224244215452774121111777555533,661.93,287.7,1218.5,896.3,,270878258
bruneton_az,galli_minimax,15,75,0,bruneton_az,1.0,32,75444547445555137777131133331122,793.9,316.88,1521.5,995.8,,1584850541
plkmo_az,nn_az_6x64_mcts200,14,3117,0,nn_az_6x64_mcts200,0.0,23,31175434464216555776617,23749.88,40058.55,39160.1,87709.7,,2013413941
bruneton_az,galli_minimax,16,273,0,bruneton_az,1.0,34,2734443233646447777733112222665511,741.23,424.81,1367.9,1820.4,,1618992862
bruneton_az,easyai_negamax,0,71,1,bruneton_az,1.0,27,714156611141444262667552227,698.22,259.0,1414.4,604.3,,1627133186
bruneton_az,easyai_negamax,0,71,0,bruneton_az,1.0,36,711411132566143444233676663435555522,634.81,174.09,1182.0,685.8,,2060457388
bruneton_az,easyai_negamax,4,44,1,bruneton_az,1.0,17,44415331311133617,665.07,286.07,921.8,434.4,,199957699
bruneton_az,easyai_negamax,1,643,1,bruneton_az,1.0,33,643141411144126222224333337676555,782.8,126.21,1339.7,327.7,,2038694225
plkmo_az,nn_az_6x64_mcts200,17,374,0,nn_az_6x64_mcts200,0.0,21,374534477254554745353,23618.79,26321.15,39845.2,80328.7,,1183363406
bruneton_az,easyai_negamax,1,643,0,bruneton_az,1.0,38,64341612111444122222335336346555556677,653.44,117.58,1230.3,318.6,,2079147575
bruneton_az,easyai_negamax,3,262,1,bruneton_az,1.0,29,26214122611521127444447555736,696.3,156.68,1078.2,467.0,,450385243
bruneton_az,easyai_negamax,2,232,1,bruneton_az,1.0,29,23212241711331125662733345445,895.84,209.85,1465.2,480.9,,1857533978
bruneton_az,easyai_negamax,2,232,0,bruneton_az,1.0,40,2322131334232565255566635667777444447711,733.84,121.3,1252.1,316.6,,410055704
bruneton_az,easyai_negamax,3,262,0,bruneton_az,1.0,34,2623121311441612332666263377777744,819.46,193.89,1448.6,623.3,,632091065
bruneton_az,easyai_negamax,5,2763,0,bruneton_az,1.0,38,27631316111616662244243444223337777755,644.44,148.54,1252.4,488.9,,1047631934
bruneton_az,easyai_negamax,5,2763,1,bruneton_az,1.0,37,2763616641411144416272227277733333455,634.07,235.51,1188.2,1168.2,,1399168374
bruneton_az,easyai_negamax,4,44,0,bruneton_az,1.0,38,44121611161424442222376666777737555533,773.46,170.37,1377.0,756.2,,2130151825
bruneton_az,easyai_negamax,6,22,0,bruneton_az,1.0,34,2214141114441422223655365555666633,655.45,136.11,1445.9,506.4,,160553684
bruneton_az,easyai_negamax,7,1473,0,bruneton_az,1.0,38,14732314111444122222336634376666777755,531.32,131.6,947.7,384.9,,1725122923
bruneton_az,easyai_negamax,6,22,1,bruneton_az,1.0,39,224141443541112331222333467666767776755,710.93,157.1,1387.8,406.9,,2370975
bruneton_az,easyai_negamax,8,24,1,bruneton_az,1.0,27,244141443111214222253555533,700.24,224.56,1388.0,522.4,,698928391
bruneton_az,easyai_negamax,8,24,0,bruneton_az,1.0,40,2414131114441222224656366633563377777755,545.09,103.31,832.8,298.6,,1368953938
bruneton_az,easyai_negamax,9,2537,1,bruneton_az,1.0,39,253741414441112221355533522343577776766,640.23,134.3,1195.3,280.8,,1143246803
bruneton_az,easyai_negamax,7,1473,1,bruneton_az,1.0,39,147351414111444272322335555277233577666,800.16,151.53,1508.0,385.5,,1211145476
bruneton_az,easyai_negamax,11,243,1,bruneton_az,1.0,27,243141411144214222253555533,563.47,168.51,1049.9,415.5,,1150661488
bruneton_az,easyai_negamax,10,3257,0,bruneton_az,1.0,24,325714131115441434436222,754.63,282.66,1565.3,1281.6,,1319659557
bruneton_az,easyai_negamax,9,2537,0,bruneton_az,1.0,36,253714641511331316764455642465633522,608.9,290.73,1495.9,1592.1,,121184380
bruneton_az,easyai_negamax,11,243,0,bruneton_az,1.0,38,24341311131444143636766636777772222255,536.78,97.11,1039.8,269.9,,1904930134
bruneton_az,easyai_negamax,12,5466,0,bruneton_az,1.0,30,546614151114441622222245555333,689.59,139.26,1291.3,263.3,,1876939015
bruneton_az,easyai_negamax,18,3344,1,bruneton_az,1.0,7,3344215,152.37,135.96,170.1,136.0,,355762233
bruneton_az,easyai_negamax,12,5466,1,bruneton_az,1.0,39,546641413111446142322233322366677777755,602.6,121.52,1061.1,378.9,,408357727
bruneton_az,easyai_negamax,10,3257,1,bruneton_az,1.0,39,325751555131116433321224444223745777766,710.1,179.52,1330.1,687.1,,580226532
bruneton_az,easyai_negamax,18,3344,0,easyai_negamax,0.0,7,3344215,133.17,661.25,133.2,932.3,,1864111472
bruneton_az,easyai_negamax,19,4626,1,bruneton_az,1.0,7,4626315,161.0,162.4,200.5,162.4,,1920674042
bruneton_az,easyai_negamax,19,4626,0,easyai_negamax,0.0,7,4626341,78.85,186.97,78.8,243.3,,1683748661
bruneton_az,easyai_negamax,14,3117,0,bruneton_az,1.0,26,31171411165524344423367622,676.24,252.22,1232.6,365.3,,1407258716
bruneton_az,easyai_negamax,14,3117,1,bruneton_az,1.0,35,31174221434441113356636766777346722,565.65,202.88,803.4,421.7,,809368053
bruneton_az,easyai_negamax,13,72,0,bruneton_az,1.0,38,72161611166617222226334433334444777755,604.47,154.23,1078.7,820.6,,924201518
bruneton_az,easyai_negamax,13,72,1,bruneton_az,1.0,33,724121211122566162667444447776733,795.1,173.25,1412.9,370.5,,1371101764
bruneton_az,easyai_negamax,15,75,0,bruneton_az,1.0,24,751514112714144423222233,750.44,267.32,1788.1,378.7,,1548331829
bruneton_az,easyai_negamax,17,374,0,bruneton_az,1.0,22,3745121211151434223324,762.29,191.4,1258.9,356.5,,439278409
bruneton_az,easyai_negamax,15,75,1,bruneton_az,1.0,39,754151511155122222237333335444447776766,629.47,122.89,1245.6,477.6,,1361104007
bruneton_az,easyai_negamax,17,374,1,bruneton_az,1.0,35,37422121221111424444656555557777733,624.55,145.19,1288.1,423.9,,1708045562
bruneton_az,kaggle_negamax,1,643,1,bruneton_az,1.0,39,643246454467667777713633341232211112255,564.75,40.31,1098.2,140.3,,1507854510
bruneton_az,easyai_negamax,16,273,0,draw,0.5,42,273414131116565514443223232236645567775677,679.95,141.86,1119.8,331.7,,1602085238
bruneton_az,kaggle_negamax,1,643,0,bruneton_az,1.0,32,64346676631262122225554574445511,632.2,41.57,1237.1,152.1,,2132754106
bruneton_az,kaggle_negamax,0,71,1,bruneton_az,1.0,37,7147566464446677764333371211133222155,647.23,28.86,1223.5,154.5,,797183434
bruneton_az,kaggle_negamax,2,232,1,bruneton_az,1.0,35,23274646444667764611122335255277733,623.57,41.61,1015.4,126.0,,975677196
bruneton_az,kaggle_negamax,0,71,0,bruneton_az,1.0,38,71454444747777666656361322333322221155,734.4,45.9,1321.0,168.2,,1871451783
bruneton_az,easyai_negamax,16,273,1,bruneton_az,1.0,39,273145414441112221355533522343577776766,879.85,219.15,1628.0,613.8,,1977507912
bruneton_az,kaggle_negamax,3,262,0,bruneton_az,1.0,34,2623727377763376624466322311444455,677.24,40.91,1123.9,163.6,,1983447265
bruneton_az,kaggle_negamax,2,232,0,bruneton_az,1.0,40,2322766656766232257744551155111177333344,710.41,40.78,1623.8,163.2,,1986753033
bruneton_az,kaggle_negamax,4,44,0,bruneton_az,1.0,34,4476727752775464466664221111112255,603.56,41.13,1012.4,141.8,,80500531
bruneton_az,kaggle_negamax,4,44,1,bruneton_az,1.0,31,4447355547445771323337735226111,704.62,33.0,1092.4,113.3,,780113667
bruneton_az,kaggle_negamax,5,2763,1,bruneton_az,1.0,37,2763664345374445615554611117777651233,687.77,40.72,1285.2,109.6,,827335962
bruneton_az,kaggle_negamax,7,1473,0,bruneton_az,1.0,26,14735374555444433177776666,671.3,41.99,1013.1,106.0,,524428497
bruneton_az,kaggle_negamax,3,262,1,bruneton_az,1.0,39,262743474447771713322521355233146666611,959.24,44.61,1738.6,149.2,,189141667
bruneton_az,kaggle_negamax,5,2763,0,bruneton_az,1.0,38,27637356653376777233656555112222111144,611.28,34.74,1070.3,103.0,,1713188811
bruneton_az,kaggle_negamax,6,22,0,bruneton_az,1.0,32,22347473227733776626633266444455,649.61,30.77,1229.6,101.1,,248382231
bruneton_az,kaggle_negamax,6,22,1,bruneton_az,1.0,39,224513353633255365511112177777766226644,609.47,26.55,1043.0,100.0,,1702348906
bruneton_az,kaggle_negamax,9,2537,0,bruneton_az,1.0,22,2537411373733577724464,807.08,50.16,979.1,105.6,,1725146926
bruneton_az,kaggle_negamax,8,24,1,bruneton_az,1.0,29,24414744341732335771177665566,698.88,33.37,1167.4,149.9,,547940654
bruneton_az,kaggle_negamax,7,1473,1,bruneton_az,1.0,39,147357366777363354456574465564311112122,679.12,38.53,1129.6,141.7,,1836868366
bruneton_az,kaggle_negamax,10,3257,1,bruneton_az,1.0,39,325757555777765222333426666633211111444,570.52,24.53,1191.4,95.3,,479747810
plkmo_az,nn_az_6x64_mcts200,15,75,0,nn_az_6x64_mcts200,0.0,23,75444445455572222526266,26024.66,30487.34,44483.4,75626.7,,210343152
bruneton_az,kaggle_negamax,10,3257,0,bruneton_az,1.0,40,3257644463754366466477333222111111772255,601.53,30.5,1067.9,131.7,,930098184
bruneton_az,kaggle_negamax,9,2537,1,bruneton_az,1.0,35,25374143443647666777746613322113155,828.71,45.65,1376.5,153.2,,554177518
bruneton_az,kaggle_negamax,8,24,0,bruneton_az,1.0,30,247477525445545242223657771166,1110.72,74.73,1703.6,193.3,,922733748
bruneton_az,kaggle_negamax,11,243,0,bruneton_az,1.0,30,243473552373372244277732441166,737.71,48.47,1409.3,192.6,,389944586
bruneton_az,kaggle_negamax,18,3344,1,bruneton_az,1.0,7,3344271,154.46,0.11,157.1,0.1,,1504987063
bruneton_az,kaggle_negamax,11,243,1,bruneton_az,1.0,35,24374657464464766771373361113311525,736.47,46.46,1326.0,153.4,,557102593
bruneton_az,kaggle_negamax,12,5466,1,bruneton_az,1.0,37,5466474744355777666556711111154222223,637.31,36.69,1258.6,171.0,,30954636
bruneton_az,kaggle_negamax,19,4626,1,bruneton_az,1.0,9,462636651,117.1,0.15,131.1,0.2,,1493759083
bruneton_az,kaggle_negamax,12,5466,0,bruneton_az,1.0,40,5466556546655677227713117137221233123344,665.57,30.37,1192.4,103.8,,560903024
bruneton_az,kaggle_negamax,13,72,1,bruneton_az,1.0,41,72452645445642252663566774527771133111133,628.3,38.48,1102.3,132.5,,1688462939
bruneton_az,kaggle_negamax,13,72,0,bruneton_az,1.0,32,72225635443344775563247666627575,752.3,60.5,1205.4,132.5,,566996950
bruneton_az,kaggle_negamax,16,273,1,bruneton_az,1.0,21,273447456544577335566,709.03,56.61,986.5,119.7,,496969595
bruneton_az,kaggle_negamax,15,75,1,bruneton_az,1.0,35,75472777572531344533224552324436166,682.65,33.28,1409.4,180.3,,640982278
bruneton_az,kaggle_negamax,14,3117,1,bruneton_az,1.0,39,311745544657557777544113342113336666622,687.2,41.24,1534.6,181.4,,693248164
bruneton_az,kaggle_negamax,18,3344,0,bruneton_az,1.0,20,33446566642153533474,688.01,39.48,1091.0,100.0,,177239421
bruneton_az,kaggle_negamax,14,3117,0,bruneton_az,1.0,40,3117547377645556544474667332661135311222,711.39,50.24,1167.2,128.9,,1025465904
bruneton_az,ours_minimax_d4,3,262,1,ours_minimax_d4,0.0,8,26244537,742.87,1.68,1035.4,4.2,,1889907054
bruneton_az,kaggle_negamax,17,374,1,bruneton_az,1.0,35,37422647444567755775545222211333366,620.76,39.13,1151.5,129.6,,1545545836
bruneton_az,kaggle_negamax,15,75,0,bruneton_az,1.0,40,7555543367777567542443666641433311111222,618.44,42.45,1366.7,165.3,,433910336
bruneton_az,kaggle_negamax,16,273,0,bruneton_az,1.0,32,27347473776272334442233466626611,750.95,29.88,1198.3,111.7,,1311241501
bruneton_az,kaggle_negamax,17,374,0,bruneton_az,1.0,26,37457377647566337655551262,973.52,45.65,1590.7,115.8,,1864623721
bruneton_az,kaggle_negamax,19,4626,0,bruneton_az,1.0,34,4626536434656612121152244411255577,699.88,30.11,1044.7,101.8,,1785745562
bruneton_az,ours_minimax_d4,0,71,1,bruneton_az,1.0,35,71444465545515745111177772222223333,665.03,1.81,1165.9,6.8,,1218240604
bruneton_az,ours_minimax_d4,1,643,0,bruneton_az,1.0,32,64344433364341663661117777117755,672.94,1.56,1423.9,4.3,,1700822618
bruneton_az,ours_minimax_d4,4,44,0,bruneton_az,1.0,20,44443265554552224333,832.61,3.02,1142.3,4.9,,626154448
bruneton_az,ours_minimax_d4,1,643,1,bruneton_az,1.0,39,643444343334366667777762752222211111155,614.02,1.66,1239.3,4.8,,2140812849
bruneton_az,ours_minimax_d4,3,262,0,bruneton_az,1.0,38,26234446446633334636555555222211111177,548.29,1.4,1212.3,3.1,,1205380606
bruneton_az,ours_minimax_d4,2,232,1,bruneton_az,1.0,39,232224433563324444355555211777777111166,640.77,1.59,1272.8,5.7,,1455209944
bruneton_az,ours_minimax_d4,0,71,0,bruneton_az,1.0,40,7145444474555133335511222266662211776633,715.56,1.7,1501.8,4.8,,66729437
bruneton_az,ours_minimax_d4,2,232,0,bruneton_az,1.0,36,232244444223333743727777116666665155,719.2,2.29,1388.7,5.2,,1793211357
bruneton_az,ours_minimax_d4,10,3257,0,ours_minimax_d4,0.0,13,3257464434562,685.62,1.9,909.2,3.3,,996825301
bruneton_az,ours_minimax_d4,4,44,1,bruneton_az,1.0,41,44444435212223255555231117777776666661133,682.64,1.85,1598.9,6.1,,1790570620
bruneton_az,ours_minimax_d4,5,2763,1,bruneton_az,1.0,33,276363663344222744446373727726555,764.96,1.99,1140.1,4.6,,1300179458
bruneton_az,ours_minimax_d4,7,1473,0,bruneton_az,1.0,32,14735334454455517711453733117722,590.43,2.76,1039.4,7.4,,249266622
bruneton_az,ours_minimax_d4,6,22,1,bruneton_az,1.0,27,224333325552237655636566444,911.85,2.5,1646.9,7.2,,1625679746
bruneton_az,ours_minimax_d4,5,2763,0,bruneton_az,1.0,40,2763332322362255665556735776111111774444,805.54,2.38,1590.7,6.4,,312436374
bruneton_az,ours_minimax_d4,7,1473,1,ours_minimax_d4,0.0,38,14735434433443737711111555556666627272,696.07,1.28,1032.4,2.7,,1872482079
bruneton_az,ours_minimax_d4,8,24,0,ours_minimax_d4,0.0,29,24644446622422661717113777333,831.02,2.61,1113.0,6.5,,1575703458
bruneton_az,ours_minimax_d4,6,22,0,bruneton_az,1.0,36,224344442236674266762767333311117755,836.51,2.25,1765.3,5.9,,657239714
bruneton_az,ours_minimax_d4,9,2537,1,bruneton_az,1.0,33,253741444344335335276222211777755,740.72,1.66,1377.7,5.0,,1718544570
bruneton_az,ours_minimax_d4,11,243,1,ours_minimax_d4,0.0,30,243443242233533774477272711111,701.24,1.72,981.9,5.4,,1093137975
bruneton_az,ours_minimax_d4,9,2537,0,bruneton_az,1.0,42,253741444333542522724233555111666666777711,572.57,1.87,1013.2,6.7,,1130847365
bruneton_az,ours_minimax_d4,10,3257,1,bruneton_az,1.0,39,325756555334336664444465367111177771122,627.98,1.55,1022.3,3.7,,145843897
bruneton_az,ours_minimax_d4,8,24,1,bruneton_az,1.0,35,24444422123141176726666261177775533,901.16,2.48,1725.9,6.1,,317008874
bruneton_az,ours_minimax_d4,18,3344,1,bruneton_az,1.0,7,3344251,201.28,0.13,285.3,0.1,,330623136
bruneton_az,ours_minimax_d4,11,243,0,bruneton_az,1.0,32,24344334343342222266666677777755,698.97,1.57,1680.3,5.8,,2025774892
bruneton_az,ours_minimax_d4,18,3344,0,ours_minimax_d4,0.0,7,3344562,193.92,0.35,193.9,0.7,,404194569
bruneton_az,ours_minimax_d4,19,4626,1,bruneton_az,1.0,7,4626351,103.63,0.11,146.8,0.1,,1656672585
bruneton_az,ours_minimax_d4,19,4626,0,ours_minimax_d4,0.0,7,4626345,200.81,0.4,200.8,0.8,,369373547
bruneton_az,ours_minimax_d4,13,72,1,bruneton_az,1.0,21,724644446674777363555,897.64,3.78,1218.0,6.5,,1311807536
bruneton_az,ours_minimax_d4,13,72,0,bruneton_az,1.0,32,72444646446227662227761111117733,651.92,1.95,1135.7,5.6,,517416673
bruneton_az,ours_minimax_d4,12,5466,0,bruneton_az,1.0,42,546644446646655555222222133331113311777777,638.05,1.24,1182.8,3.3,,617508831
bruneton_az,ours_minimax_d4,16,273,0,ours_minimax_d4,0.0,19,2734444245622255653,752.62,2.29,874.3,3.8,,8110818
bruneton_az,ours_minimax_d4,12,5466,1,ours_minimax_d4,0.0,42,546644446664653333525521335122227117777711,724.3,1.93,1268.0,10.1,,952587778
bruneton_az,ours_minimax_d4,14,3117,0,bruneton_az,1.0,34,3117454434335443553755771111772222,660.7,1.64,1072.8,3.8,,855794315
bruneton_az,ours_minimax_d8,3,262,1,ours_minimax_d8,0.0,8,26244537,716.44,17.91,971.6,52.9,,1543759595
bruneton_az,ours_minimax_d4,14,3117,1,ours_minimax_d4,0.0,36,311742244424112246666617761255333335,820.53,1.64,1233.8,3.7,,145295894
bruneton_az,ours_minimax_d4,17,374,1,bruneton_az,1.0,33,374521444344335335276222211777755,707.1,2.05,1153.1,5.0,,1177342056
bruneton_az,ours_minimax_d4,16,273,1,bruneton_az,1.0,41,27344446524456666677777155552222111113333,713.2,1.76,1300.8,5.9,,692598827
bruneton_az,ours_minimax_d4,15,75,1,bruneton_az,1.0,35,75444474772122247271211115655665533,840.74,2.26,1444.4,6.5,,670185178
bruneton_az,ours_minimax_d4,15,75,0,bruneton_az,1.0,38,75355533353521271222112311776666766744,800.11,2.21,1673.0,7.7,,1248056003
bruneton_az,ours_minimax_d8,1,643,0,bruneton_az,1.0,32,64344443467766333366777722222255,638.56,31.49,1301.0,137.1,,1078993551
bruneton_az,ours_minimax_d8,1,643,1,bruneton_az,1.0,39,643444343334325555556666611111177777722,601.8,21.75,1219.0,94.7,,1779710209
bruneton_az,ours_minimax_d4,17,374,0,draw,0.5,42,374544433134334525525117775111666677222266,720.45,1.44,1411.4,4.8,,1467362662
bruneton_az,ours_minimax_d8,3,262,0,bruneton_az,1.0,34,2623444644333343117777111177662255,541.52,37.87,1095.4,83.2,,1802011571
bruneton_az,ours_minimax_d8,0,71,1,bruneton_az,1.0,39,714444655554141152322215162627666777733,724.25,35.02,1131.5,112.5,,1909910852
bruneton_az,ours_minimax_d8,2,232,1,bruneton_az,1.0,39,232223344563324444355555211111177777766,661.13,33.86,1520.4,119.4,,1068820771
bruneton_az,ours_minimax_d8,0,71,0,draw,0.5,42,713444444323373137776666665551175551122222,765.68,38.31,1529.3,220.0,,2139500693
bruneton_az,ours_minimax_d8,2,232,0,bruneton_az,1.0,36,232223335325555753126176666677771144,787.87,78.13,1193.6,478.4,,978284003
bruneton_az,ours_minimax_d8,4,44,1,bruneton_az,1.0,39,444444322522255555121666661111677777733,634.0,27.72,1578.0,127.0,,1535533560
bruneton_az,ours_minimax_d8,5,2763,1,bruneton_az,1.0,35,27636644446434333365611111157777755,646.93,41.4,1035.6,123.6,,1485333357
bruneton_az,ours_minimax_d8,7,1473,1,ours_minimax_d8,0.0,26,14735434447334133112777222,882.92,35.79,1233.0,100.7,,1432236861
bruneton_az,ours_minimax_d8,4,44,0,draw,0.5,42,444444322222266666633533535555111111777777,706.69,37.38,1218.2,172.3,,1773445334
bruneton_az,ours_minimax_d8,5,2763,0,bruneton_az,1.0,40,2763333366462444422426632777771111115555,654.88,44.58,1356.6,174.9,,787406861
bruneton_az,ours_minimax_d8,6,22,0,bruneton_az,1.0,38,22434444422555555266662663333377777711,668.71,31.38,1213.1,163.9,,658135831
bruneton_az,ours_minimax_d8,8,24,1,bruneton_az,1.0,35,24444422113242211611766666777775533,633.6,32.14,1105.4,107.8,,529842125
bruneton_az,ours_minimax_d8,8,24,0,bruneton_az,1.0,36,244442465646636765575553221221111133,557.97,39.73,1231.7,165.8,,244708021
bruneton_az,ours_minimax_d8,11,243,0,bruneton_az,1.0,32,24344342334423237777772266666655,455.35,20.02,856.8,72.3,,1065018976
bruneton_az,ours_minimax_d8,7,1473,0,draw,0.5,42,147353444435373341666666111177552222552277,736.88,21.21,1645.7,77.7,,1684890876
bruneton_az,ours_minimax_d8,6,22,1,bruneton_az,1.0,39,224333344414555554335222677277111117766,838.13,36.13,1596.3,159.1,,552891522
bruneton_az,ours_minimax_d8,9,2537,0,bruneton_az,1.0,34,2537414443474333377771555111515622,761.65,40.49,1250.7,139.6,,1867801550
bruneton_az,ours_minimax_d8,9,2537,1,bruneton_az,1.0,39,253741434433442373111112277555557226666,758.83,34.32,1267.4,100.7,,1545513070
bruneton_az,ours_minimax_d8,10,3257,0,bruneton_az,1.0,40,3257464445545255463777222277116666111133,626.08,27.19,1251.2,142.0,,1212144207
bruneton_az,ours_minimax_d8,11,243,1,bruneton_az,1.0,39,243444343334553655666565611111177777722,616.73,26.64,1089.2,100.9,,506574470
bruneton_az,ours_minimax_d8,18,3344,1,bruneton_az,1.0,7,3344251,188.84,0.1,253.6,0.1,,835869142
bruneton_az,ours_minimax_d8,18,3344,0,ours_minimax_d8,0.0,7,3344562,209.51,0.33,209.5,0.6,,1143873563
bruneton_az,ours_minimax_d8,19,4626,1,bruneton_az,1.0,7,4626351,163.94,0.12,212.0,0.1,,1255956288
bruneton_az,ours_minimax_d8,19,4626,0,ours_minimax_d8,0.0,7,4626345,181.24,0.35,181.2,0.7,,1808726766
bruneton_az,ours_minimax_d8,10,3257,1,bruneton_az,1.0,39,325756555226662433326375737772161111144,771.55,62.48,1511.4,210.4,,1694611010
bruneton_az,ours_minimax_d8,16,273,0,ours_minimax_d8,0.0,17,27344442456255653,788.23,65.37,1148.5,135.9,,1690140611
bruneton_az,ours_minimax_d8,12,5466,0,bruneton_az,1.0,34,5466444446636525522252625711111133,707.92,41.25,1269.8,120.6,,613469677
bruneton_az,ours_minimax_d8,12,5466,1,bruneton_az,1.0,39,546644446466633533533121111172222277755,652.91,28.14,1112.3,113.7,,1640230268
bruneton_az,ours_minimax_d8,13,72,0,bruneton_az,1.0,32,72444646446267262262111111777733,725.01,44.61,1099.5,117.6,,1454908976
bruneton_az,ours_minimax_d8,14,3117,0,bruneton_az,1.0,40,3117454444341133551175556666222222667733,659.92,30.05,1114.3,87.0,,919345822
bruneton_az,ours_minimax_d8,13,72,1,ours_minimax_d8,0.0,34,7244244412566672111427766372161733,908.03,47.58,1466.1,143.7,,1960786235
bruneton_az,ours_minimax_d8,15,75,0,bruneton_az,1.0,32,75444547445513533111775133317722,851.06,37.95,1511.9,143.4,,498454737
bruneton_az,ours_minimax_d8,14,3117,1,bruneton_az,1.0,39,311745544455445675777333337211116666622,852.31,38.26,1489.0,119.6,,1004698217
bruneton_az,ours_minimax_d8,15,75,1,bruneton_az,1.0,39,754444747723333214563355551222211117766,856.41,35.72,1706.5,125.8,,1753728281
bruneton_az,ours_minimax_d8,16,273,1,draw,0.5,42,273443335445645321222463277766556561117171,1033.13,32.69,1752.3,108.4,,1899901887
bruneton_az,ours_minimax_d8,17,374,1,bruneton_az,1.0,39,374521434433442373111112277555557226666,1245.9,53.11,2132.3,129.9,,789544326
bruneton_az,ours_minimax_d8,17,374,0,draw,0.5,42,374544433134334525525117775111222266666677,1097.82,56.8,2072.4,139.4,,1003870420
bruneton_az,nn_az_6x64_mcts200,6,22,1,bruneton_az,1.0,23,22433334431322515455542,1670.51,80330.75,2543.2,119743.9,,101700724
bruneton_az,nn_az_6x64_mcts200,2,232,0,bruneton_az,1.0,36,232232444353344476577737722166666111,1547.07,79277.52,2643.1,124591.7,,1506475437
bruneton_az,nn_az_6x64_mcts200,1,643,0,bruneton_az,1.0,36,643444334336667655774773671221111155,1551.37,79851.42,2504.2,120812.9,,1039712811
bruneton_az,nn_az_6x64_mcts200,0,71,0,nn_az_6x64_mcts200,0.0,35,71343343347447667666757461113112225,1671.57,81055.13,2589.0,119235.0,,1659993041
bruneton_az,nn_az_6x64_mcts200,5,2763,0,bruneton_az,1.0,38,27634422342333232776666746774411111155,1515.15,83131.5,2851.4,121830.2,,1745443064
bruneton_az,nn_az_6x64_mcts200,7,1473,1,nn_az_6x64_mcts200,0.0,16,1473555544445332,2255.23,103743.27,2487.9,117797.5,,1457710796
bruneton_az,nn_az_6x64_mcts200,1,643,1,bruneton_az,1.0,35,64336644443336547667377111122771155,1426.88,91307.01,2454.7,119534.9,,1136591465
bruneton_az,nn_az_6x64_mcts200,4,44,1,bruneton_az,1.0,37,4445221333375655543477715774311222266,1651.68,86459.41,2594.5,119785.0,,2136410039
bruneton_az,nn_az_6x64_mcts200,5,2763,1,draw,0.5,42,276366444464323233347226621117777111555555,1463.33,77690.6,2507.5,122058.2,,264393343
bruneton_az,nn_az_6x64_mcts200,0,71,1,bruneton_az,1.0,35,71455554444462222232777315151117766,1663.98,93217.02,2395.5,120532.9,,532501724
bruneton_az,nn_az_6x64_mcts200,3,262,0,bruneton_az,1.0,38,26232246334334441122347766661177117755,1426.93,88548.9,2565.7,125205.3,,61773876
bruneton_az,nn_az_6x64_mcts200,3,262,1,bruneton_az,1.0,39,262343324441366463664222311111777777555,1474.49,84760.28,2409.8,120326.5,,576179440
bruneton_az,nn_az_6x64_mcts200,6,22,0,bruneton_az,1.0,36,224322334332762666441413476776775555,1729.51,91111.5,3000.7,120149.9,,1086023174
bruneton_az,nn_az_6x64_mcts200,2,232,1,bruneton_az,1.0,37,2323223344431443466722111666677777555,1660.71,96613.41,2354.5,120045.7,,123005416
bruneton_az,nn_az_6x64_mcts200,4,44,0,bruneton_az,1.0,40,4444445655522222267777775335111133331166,1557.05,87631.64,2539.7,118525.4,,1534596547
bruneton_az,nn_az_6x64_mcts200,10,3257,0,nn_az_6x64_mcts200,0.0,13,3257464434562,2061.11,87125.68,3568.6,133376.4,,1165583266
bruneton_az,nn_az_6x64_mcts200,8,24,1,bruneton_az,1.0,21,244244422537626666545,2191.07,112250.72,3364.8,133456.9,,229792244
bruneton_az,nn_az_6x64_mcts200,7,1473,0,bruneton_az,1.0,34,1473535544533445377777115211143666,2134.72,89147.3,3331.0,135240.6,,1194239406
bruneton_az,nn_az_6x64_mcts200,11,243,0,bruneton_az,1.0,32,24344342446333766667777673222255,1815.46,82267.69,3448.9,131853.1,,384704661
bruneton_az,nn_az_6x64_mcts200,12,5466,0,bruneton_az,1.0,32,54666445446554556611112222221133,1323.31,85063.36,2886.4,130198.9,,18055932
bruneton_az,nn_az_6x64_mcts200,9,2537,1,bruneton_az,1.0,33,253741444222422417777636666556755,2099.99,103641.29,3957.3,129808.3,,899292211
bruneton_az,nn_az_6x64_mcts200,10,3257,1,bruneton_az,1.0,39,325753335546552224444324327111177117766,1729.71,84988.96,3055.9,123162.9,,1093409453
bruneton_az,nn_az_6x64_mcts200,9,2537,0,bruneton_az,1.0,40,2537413342556623653226325566177711117744,1676.89,81244.0,3255.6,120851.2,,659858437
bruneton_az,nn_az_6x64_mcts200,14,3117,1,bruneton_az,1.0,31,3117455443535543347577774111636,2076.24,95631.86,3334.6,127390.5,,927141957
bruneton_az,nn_az_6x64_mcts200,8,24,0,bruneton_az,1.0,34,2424444222246666773366773377331111,1828.25,96632.2,3049.7,128958.0,,89077635
bruneton_az,nn_az_6x64_mcts200,18,3344,1,bruneton_az,1.0,7,3344241,361.98,18063.49,452.4,18063.5,,959886212
bruneton_az,nn_az_6x64_mcts200,12,5466,1,bruneton_az,1.0,39,546644446665465522553221111117777772233,1685.75,87468.61,3455.4,132400.5,,2046507415
bruneton_az,nn_az_6x64_mcts200,18,3344,0,nn_az_6x64_mcts200,0.0,7,3344562,336.52,44432.94,336.5,78588.7,,206152556
bruneton_az,nn_az_6x64_mcts200,11,243,1,bruneton_az,1.0,35,24324444433366566331176671177771155,1796.67,95992.87,3176.0,131975.6,,380058907
bruneton_az,nn_az_6x64_mcts200,19,4626,1,bruneton_az,1.0,9,462636651,409.83,54786.5,440.4,61909.0,,1648056227
pons_perfect,alfo_mcts,0,71,1,pons_perfect,1.0,23,71457447445571526112676,246.9,4390.86,1026.5,7174.5,,2083506595
pons_perfect,alfo_mcts,0,71,0,pons_perfect,1.0,24,714456235524224556466613,215.48,3600.98,1373.4,6152.8,,1713705431
bruneton_az,nn_az_6x64_mcts200,13,72,1,bruneton_az,1.0,33,724522244544771117555772112145366,2094.35,98716.15,3333.3,126083.8,,1444135289
pons_perfect,alfo_mcts,1,643,0,pons_perfect,1.0,32,64344433314316641366777671117755,203.13,2504.03,1678.3,6691.0,,856406027
pons_perfect,alfo_mcts,1,643,1,pons_perfect,1.0,37,6434463433677747465771262223316111122,150.02,2996.75,1518.8,5871.1,,824626293
pons_perfect,alfo_mcts,3,262,1,pons_perfect,1.0,25,2624544622554544513133325,84.27,3327.48,597.3,5235.6,,954528439
pons_perfect,alfo_mcts,2,232,1,draw,0.5,42,232233325547545455622767744641373766611111,124.5,2566.33,1169.4,5988.2,,2037198658
pons_perfect,alfo_mcts,2,232,0,pons_perfect,1.0,34,2322444424366266343373725177116171,187.34,3216.32,1599.5,5700.0,,337170854
pons_perfect,alfo_mcts,4,44,1,pons_perfect,1.0,21,444544551225655632373,206.3,4063.81,1244.7,6052.2,,1138702599
pons_perfect,alfo_mcts,3,262,0,pons_perfect,1.0,32,26234464412214733313255555117676,107.22,3310.0,635.4,6064.1,,1128938161
pons_perfect,alfo_mcts,4,44,0,pons_perfect,1.0,28,4435453321445573733712122525,55.42,2774.6,305.0,5533.2,,407761399
pons_perfect,alfo_mcts,5,2763,0,pons_perfect,1.0,36,276322323227337673667716164411441455,156.38,2915.44,1428.8,5827.2,,1641642413
bruneton_az,nn_az_6x64_mcts200,13,72,0,bruneton_az,1.0,38,72444626442722211114771166663333337755,1578.61,83632.62,3308.0,126352.5,,1739904472
pons_perfect,alfo_mcts,5,2763,1,draw,0.5,42,276333444343347757465655556161622772221111,102.22,2711.24,839.8,5685.4,,1302921165
pons_perfect,alfo_mcts,6,22,1,pons_perfect,1.0,35,22544442274555374251512117716617733,135.44,2797.49,1115.6,5597.4,,1397742424
pons_perfect,alfo_mcts,6,22,0,pons_perfect,1.0,38,22434444227554553373331177771155666666,120.02,2558.93,706.3,5250.8,,860149979
pons_perfect,alfo_mcts,7,1473,1,pons_perfect,1.0,33,147355444535531361314747377661122,87.52,2854.24,701.5,5704.5,,210479874
pons_perfect,alfo_mcts,8,24,1,pons_perfect,1.0,17,24424452215551353,109.33,3361.4,642.5,5030.1,,893343975
bruneton_az,nn_az_6x64_mcts200,14,3117,0,nn_az_6x64_mcts200,0.0,31,3117543353551444117476433155676,1936.9,89997.19,2858.0,123612.9,,401592207
pons_perfect,alfo_mcts,7,1473,0,pons_perfect,1.0,34,1473533454455134331415566117777722,58.0,2025.81,471.6,4665.6,,1521872874
pons_perfect,alfo_mcts,9,2537,1,pons_perfect,1.0,35,25374124224447455527755776662161133,73.52,1688.85,861.1,3542.8,,76265844
pons_perfect,alfo_mcts,8,24,0,pons_perfect,1.0,34,2444242264433266626677773311733111,132.07,2502.33,1247.1,6202.1,,1265852112
pons_perfect,alfo_mcts,10,3257,1,pons_perfect,1.0,21,325736335556266267414,181.33,3065.05,1163.4,3829.0,,1003004252
pons_perfect,alfo_mcts,9,2537,0,pons_perfect,1.0,34,2537414454323345543513577777111122,92.62,2174.26,1270.5,4769.6,,197025186
pons_perfect,alfo_mcts,10,3257,0,pons_perfect,1.0,36,325746445367663443432366117711711722,68.7,2090.87,508.6,5402.3,,1449036486
pons_perfect,alfo_mcts,11,243,0,pons_perfect,1.0,34,2434443334552433122666166671171177,73.04,1996.22,487.8,4147.4,,1949551215
pons_perfect,alfo_mcts,12,5466,0,pons_perfect,1.0,32,54664424244663355555661111112277,65.24,2052.86,669.5,5034.6,,2142139590
pons_perfect,alfo_mcts,11,243,1,alfo_mcts,0.0,40,2434432343342251555431175757772721116666,66.6,2577.17,485.2,6669.0,,840556145
pons_perfect,alfo_mcts,12,5466,1,draw,0.5,42,546644466322462233432332671111171777755555,150.21,2024.82,1231.0,4513.9,,2028836973
pons_perfect,alfo_mcts,13,72,0,pons_perfect,1.0,24,724465644266742263772335,112.03,2571.66,1104.4,4737.3,,69543353
pons_perfect,alfo_mcts,13,72,1,pons_perfect,1.0,33,722455244545542277766741315111363,25.19,2705.68,208.2,4286.4,,1098404845
pons_perfect,alfo_mcts,14,3117,1,pons_perfect,1.0,29,31174554445562344711333777252,249.43,2443.98,1834.5,4506.5,,1472578389
pons_perfect,alfo_mcts,14,3117,0,alfo_mcts,0.0,39,311745553433114452337544566671177766622,50.95,1829.15,558.6,4731.7,,742731035
pons_perfect,alfo_mcts,18,3344,1,pons_perfect,1.0,7,3344562,464.84,1348.66,926.0,1348.7,,803158122
pons_perfect,alfo_mcts,18,3344,0,alfo_mcts,0.0,7,3344241,3.13,1038.38,3.1,1662.7,,866712372
pons_perfect,alfo_mcts,19,4626,1,pons_perfect,1.0,7,4626351,83.91,1437.54,158.4,1437.5,,1627524479
pons_perfect,alfo_mcts,19,4626,0,alfo_mcts,0.0,7,4626345,6.12,1158.46,6.1,1952.4,,555124747
pons_perfect,alfo_mcts,16,273,1,pons_perfect,1.0,23,27344344365633266422265,59.99,2699.14,408.3,4375.9,,2086864627
pons_perfect,alfo_mcts,15,75,1,pons_perfect,1.0,31,7555534443533634414737577166616,116.46,2453.15,867.4,4920.1,,1891555532
pons_perfect,alfo_mcts,16,273,0,pons_perfect,1.0,28,2734335523344477742221712111,61.69,2272.4,321.6,4355.9,,1317572275
pons_perfect,alfo_mcts,17,374,0,pons_perfect,1.0,20,37424465355442336272,118.59,3146.12,525.4,4401.3,,95818454
pons_perfect,alfo_mcts,15,75,0,pons_perfect,1.0,26,75445445152326227677566623,250.61,3034.01,2182.2,5972.5,,981077416
pons_perfect,alfo_mcts,17,374,1,pons_perfect,1.0,25,3745344342443517155771252,86.23,2718.61,689.8,4531.3,,1256402380
alfo_mcts,galli_minimax,1,643,1,alfo_mcts,1.0,21,643443643366445331515,2965.43,786.9,4761.5,1350.2,,221332454
alfo_mcts,galli_minimax,0,71,0,galli_minimax,0.0,33,714544415557475116741172222227333,2402.96,717.13,4655.6,2146.9,,1353757495
alfo_mcts,galli_minimax,0,71,1,galli_minimax,0.0,38,71445654554623633524334213751177117722,2393.24,668.1,5506.1,1761.4,,168142640
alfo_mcts,galli_minimax,2,232,1,galli_minimax,0.0,38,23223353525533227666677565761111441144,2130.09,379.6,4952.2,1006.2,,1657529079
alfo_mcts,galli_minimax,1,643,0,draw,0.5,42,643446443336624263377161177112212255555577,2211.22,531.73,4852.3,1728.7,,792698375
alfo_mcts,galli_minimax,3,262,1,alfo_mcts,1.0,25,2624544422643466223651315,3410.4,934.75,4994.4,2234.2,,1086737010
alfo_mcts,galli_minimax,2,232,0,galli_minimax,0.0,37,2322363315451444214313422777711776565,2320.63,610.61,4940.8,2096.9,,650349570
alfo_mcts,galli_minimax,3,262,0,alfo_mcts,1.0,28,2624542246655544412121111333,2788.11,828.46,5464.7,2391.2,,1124559092
alfo_mcts,galli_minimax,4,44,0,galli_minimax,0.0,29,44454544575755212771223711163,1990.93,462.2,4252.0,1194.7,,1379222112
alfo_mcts,galli_minimax,5,2763,1,galli_minimax,0.0,38,27633323322274447446776463111216711655,2037.38,378.34,5082.7,966.6,,1124217831
alfo_mcts,galli_minimax,5,2763,0,alfo_mcts,1.0,26,27633344434334477716661515,2880.53,634.65,5453.9,1391.5,,689694679
alfo_mcts,galli_minimax,4,44,1,galli_minimax,0.0,36,445333446763341314222275766722667711,2394.8,676.99,5578.4,2070.9,,1235102634
alfo_mcts,galli_minimax,6,22,0,alfo_mcts,1.0,34,2243321223575535553171237777661114,2195.56,635.66,4483.4,1636.4,,827309644
alfo_mcts,galli_minimax,6,22,1,alfo_mcts,1.0,35,22434474565446622555511172626611133,2422.32,589.06,5414.4,1707.2,,461273231
alfo_mcts,galli_minimax,7,1473,1,alfo_mcts,1.0,23,14735443553344551311212,2552.28,578.87,4106.9,1125.0,,1721118091
alfo_mcts,galli_minimax,7,1473,0,alfo_mcts,1.0,28,1473544343354453515537111212,2013.6,607.33,4668.5,1178.5,,1196029153
alfo_mcts,galli_minimax,8,24,1,alfo_mcts,1.0,17,24442254544521313,3158.72,786.38,5404.8,1260.2,,255378958
bruneton_az,nn_az_6x64_mcts200,15,75,1,bruneton_az,1.0,37,7545232333225322535576666661111771144,1431.12,63809.85,3082.1,117490.8,,287448956
alfo_mcts,galli_minimax,10,3257,1,alfo_mcts,1.0,17,32573433454451112,3015.37,1017.18,4054.3,1604.8,,582183359
alfo_mcts,galli_minimax,9,2537,1,alfo_mcts,1.0,39,253741442334344371127377272266655665611,2065.09,349.75,4311.0,839.2,,1519380845
alfo_mcts,galli_minimax,8,24,0,galli_minimax,0.0,35,24456644226766422771412761177313155,2212.51,728.05,5438.0,2179.3,,2119844149
alfo_mcts,galli_minimax,9,2537,0,alfo_mcts,1.0,38,25374133422537277213362767666611115544,1835.43,560.68,4454.8,1559.0,,495459627
alfo_mcts,galli_minimax,11,243,1,galli_minimax,0.0,30,243324223344731374247727666565,2208.14,486.35,4285.1,1359.6,,1271700960
alfo_mcts,galli_minimax,10,3257,0,alfo_mcts,1.0,40,3257464445553222475542277717166666111133,1813.95,614.38,4532.2,1993.2,,1089070450
alfo_mcts,galli_minimax,11,243,0,galli_minimax,0.0,37,2434344335476636766774721111155612252,2030.23,546.32,5766.5,1231.4,,1256734828
alfo_mcts,galli_minimax,12,5466,1,alfo_mcts,1.0,35,54664464644633373371727776213111122,2037.33,529.93,4943.4,1541.6,,1989222321
alfo_mcts,galli_minimax,13,72,1,galli_minimax,0.0,22,7244656266442323511153,2548.63,715.14,4854.4,1359.1,,241917598
alfo_mcts,galli_minimax,14,3117,1,alfo_mcts,1.0,27,311745334443533574551411212,1989.3,473.59,4405.5,1038.0,,57674791
alfo_mcts,galli_minimax,12,5466,0,galli_minimax,0.0,37,5466444663114145556323311557671777337,2001.48,420.02,3871.8,1773.6,,1613577657
alfo_mcts,galli_minimax,13,72,0,galli_minimax,0.0,33,724544524552247773671215111215466,1971.55,596.76,4830.8,1713.0,,1829605220
alfo_mcts,galli_minimax,14,3117,0,galli_minimax,0.0,35,31174544355334473771355145761617666,1754.95,420.51,3820.3,1132.8,,80735723
alfo_mcts,galli_minimax,18,3344,1,alfo_mcts,1.0,7,3344215,978.63,189.4,1571.5,189.4,,1865075569
alfo_mcts,galli_minimax,18,3344,0,galli_minimax,0.0,7,3344215,777.18,593.14,777.2,1009.6,,1965666143
alfo_mcts,galli_minimax,19,4626,1,alfo_mcts,1.0,7,4626315,1056.42,187.59,1582.7,187.6,,1281630946
alfo_mcts,galli_minimax,19,4626,0,galli_minimax,0.0,7,4626351,1189.3,272.35,1189.3,433.7,,825009300
alfo_mcts,galli_minimax,17,374,0,galli_minimax,0.0,15,374544351221343,2391.6,408.65,3744.3,701.3,,217086813
alfo_mcts,galli_minimax,15,75,1,galli_minimax,0.0,34,7544544523221224117427751557617133,2061.79,480.97,4541.2,1515.9,,668572598
alfo_mcts,galli_minimax,16,273,1,alfo_mcts,1.0,21,273433432334644266611,2379.03,656.86,4219.3,1481.5,,814941624
alfo_mcts,galli_minimax,17,374,1,galli_minimax,0.0,34,3742445635251123345272523374451176,1278.46,425.62,3429.7,1720.5,,1895230951
alfo_mcts,galli_minimax,15,75,0,alfo_mcts,1.0,22,7544454552445277221313,2876.9,819.02,4689.5,1534.5,,1874809790
alfo_mcts,galli_minimax,16,273,0,alfo_mcts,1.0,38,27344436555247556774475711111122226636,1668.6,605.62,4203.0,1318.8,,1456720173
alfo_mcts,easyai_negamax,1,643,1,alfo_mcts,1.0,21,643141113133416255522,2337.93,352.45,3551.3,537.7,,1138648043
alfo_mcts,easyai_negamax,0,71,0,alfo_mcts,1.0,24,711413211653133455344622,2448.71,388.73,4645.7,714.4,,1911498782
alfo_mcts,easyai_negamax,1,643,0,alfo_mcts,1.0,28,6434111316113336366644455522,1973.55,262.46,3913.4,480.0,,1330954297
alfo_mcts,easyai_negamax,0,71,1,alfo_mcts,1.0,25,7141562341114422536755617,2635.27,755.68,4200.8,1557.8,,1339400390
alfo_mcts,easyai_negamax,2,232,1,alfo_mcts,1.0,29,23215122511355314132336744425,2444.4,384.51,4263.0,1133.4,,1166268892
alfo_mcts,easyai_negamax,2,232,0,alfo_mcts,1.0,38,23251213114334241314442555253577777766,2094.59,270.55,4839.2,806.4,,326110104
alfo_mcts,easyai_negamax,4,44,0,alfo_mcts,1.0,34,4413111313341535355744455777772622,1596.79,218.47,4238.2,912.4,,82680331
alfo_mcts,easyai_negamax,3,262,1,alfo_mcts,1.0,37,2621415341125355442332415142636366757,2188.38,471.74,3660.2,1248.4,,1075154934
bruneton_az,nn_az_6x64_mcts200,15,75,0,bruneton_az,1.0,32,75444533344733554111111377775522,1116.1,59045.13,2187.2,122092.7,,674486405
alfo_mcts,easyai_negamax,3,262,0,alfo_mcts,1.0,26,26242234157656644517754613,2443.74,941.7,4711.7,1736.5,,1392512427
alfo_mcts,easyai_negamax,4,44,1,alfo_mcts,1.0,33,443231334111656166555654413345622,2075.83,407.62,3547.8,734.2,,1008940373
alfo_mcts,easyai_negamax,5,2763,0,alfo_mcts,1.0,28,2763131113361616652522255424,2829.71,389.09,5158.5,807.2,,422709479
alfo_mcts,easyai_negamax,6,22,1,alfo_mcts,1.0,21,224153674161133144517,2423.31,757.82,3892.2,2537.6,,582773806
alfo_mcts,easyai_negamax,5,2763,1,alfo_mcts,1.0,35,27633131113371212272772346766665544,2558.73,293.99,5433.2,674.5,,382113006
alfo_mcts,easyai_negamax,7,1473,1,alfo_mcts,1.0,31,1473514151113343334447777766525,1714.48,202.4,4478.8,514.7,,1301288966
bruneton_az,nn_az_6x64_mcts200,16,273,1,bruneton_az,1.0,37,2734444244555553336336511117666671177,1069.28,51413.9,2285.6,120524.5,,1292402691
alfo_mcts,easyai_negamax,7,1473,0,alfo_mcts,1.0,22,1473241655113446766717,1918.1,930.61,3686.8,1630.8,,1205753345
alfo_mcts,easyai_negamax,8,24,0,alfo_mcts,1.0,22,2414111442121223265533,2227.48,263.15,3434.8,689.5,,2021742999
alfo_mcts,easyai_negamax,6,22,0,alfo_mcts,1.0,28,2214111414421227265547677333,2493.74,266.66,4539.1,714.7,,1535803631
alfo_mcts,easyai_negamax,9,2537,1,alfo_mcts,1.0,25,2537413151144141443355522,1937.62,300.37,3482.6,779.7,,1166065712
alfo_mcts,easyai_negamax,8,24,1,alfo_mcts,1.0,27,244151511155214222445245333,2020.1,315.5,3665.9,931.3,,694664876
alfo_mcts,easyai_negamax,10,3257,1,alfo_mcts,1.0,19,3257464121352244315,1965.17,548.43,3701.1,1639.8,,520694937
alfo_mcts,easyai_negamax,9,2537,0,alfo_mcts,1.0,22,2537146415113445531716,2132.81,805.99,3611.2,2074.7,,1202985863
bruneton_az,nn_az_6x64_mcts200,16,273,0,bruneton_az,1.0,34,2734223244555445522547111111667766,1136.84,55092.19,2249.2,118696.7,,427201459
alfo_mcts,easyai_negamax,10,3257,0,alfo_mcts,1.0,26,32571415111344133554344626,1916.8,383.2,3620.8,1346.9,,555077901
alfo_mcts,easyai_negamax,12,5466,0,alfo_mcts,1.0,20,54661415111514462623,1766.01,322.89,3252.8,374.7,,283589373
alfo_mcts,easyai_negamax,12,5466,1,alfo_mcts,1.0,21,546641311131335155626,2015.06,335.51,3180.0,545.2,,900553071
alfo_mcts,easyai_negamax,11,243,1,alfo_mcts,1.0,21,243131331161414353522,2216.83,357.66,4154.7,606.0,,1576181151
alfo_mcts,easyai_negamax,13,72,0,alfo_mcts,1.0,14,72121411122315,2172.99,415.26,3542.5,578.6,,718701754
alfo_mcts,easyai_negamax,18,3344,1,alfo_mcts,1.0,7,3344215,599.35,216.8,999.0,216.8,,146379095
alfo_mcts,easyai_negamax,18,3344,0,easyai_negamax,0.0,7,3344215,574.96,667.06,575.0,949.4,,193354478
alfo_mcts,easyai_negamax,19,4626,1,alfo_mcts,1.0,7,4626315,936.29,248.21,1310.4,248.2,,1494089293
alfo_mcts,easyai_negamax,14,3117,1,alfo_mcts,1.0,21,311742416532213356415,1629.66,498.19,3283.4,855.7,,1244269650
alfo_mcts,easyai_negamax,11,243,0,alfo_mcts,1.0,32,24341442111212241334276767766533,1749.11,220.36,3452.7,549.4,,710014685
alfo_mcts,easyai_negamax,19,4626,0,easyai_negamax,0.0,7,4626315,1276.37,990.61,1276.4,1500.1,,801355150
alfo_mcts,easyai_negamax,13,72,1,alfo_mcts,1.0,21,724165414411516766715,2361.68,570.82,3812.6,905.7,,1537796850
alfo_mcts,easyai_negamax,16,273,1,alfo_mcts,1.0,25,2731454131154455334161622,1549.56,437.53,2705.4,708.2,,328806439
alfo_mcts,easyai_negamax,14,3117,0,alfo_mcts,1.0,40,3117141114244655376775667334355765364222,1308.28,288.78,3114.5,673.5,,1619361741
alfo_mcts,easyai_negamax,17,374,0,alfo_mcts,1.0,28,3745121411151424422557266726,1530.35,242.96,2678.5,345.7,,1786526683
alfo_mcts,easyai_negamax,16,273,0,alfo_mcts,1.0,22,2734165414451133367615,1739.83,699.23,3211.7,1645.6,,1843840438
alfo_mcts,easyai_negamax,15,75,1,alfo_mcts,1.0,25,7541411144517177522242626,2217.81,448.98,4029.2,697.4,,1044254965
alfo_mcts,easyai_negamax,15,75,0,alfo_mcts,1.0,22,7513246415113674455613,1891.56,924.83,3285.0,2073.8,,466327860
bruneton_az,nn_az_6x64_mcts200,17,374,0,bruneton_az,1.0,40,3745332142556623653226325566177711117744,1005.0,36585.89,2455.8,116757.2,,500567789
alfo_mcts,kaggle_negamax,1,643,1,alfo_mcts,1.0,23,64374236273311736613274,1765.59,91.95,3519.9,230.6,,372798776
alfo_mcts,easyai_negamax,17,374,1,alfo_mcts,1.0,39,374241216535511244415133552242737377766,1389.99,335.55,3020.3,880.0,,1636853997
alfo_mcts,kaggle_negamax,0,71,1,alfo_mcts,1.0,25,7147564344155517733427262,2017.81,102.4,3803.7,210.5,,1325911375
alfo_mcts,kaggle_negamax,0,71,0,alfo_mcts,1.0,28,7154774574257551547446331312,1824.17,97.68,3787.3,219.0,,205829008
bruneton_az,nn_az_6x64_mcts200,19,4626,0,bruneton_az,1.0,38,46262322334334441122347766661177117755,814.63,37918.77,1652.6,108090.9,,1566093854
bruneton_az,nn_az_6x64_mcts200,17,374,1,bruneton_az,1.0,33,374521444222422417777636666556755,1166.51,46322.7,2706.0,110242.7,,622849063
alfo_mcts,kaggle_negamax,1,643,0,alfo_mcts,1.0,36,643476644363133611347767477111222552,1453.34,54.65,4137.0,224.2,,83476980
alfo_mcts,kaggle_negamax,2,232,0,alfo_mcts,1.0,22,2322757464777272254366,1817.7,88.79,3482.3,235.3,,1052798501
alfo_mcts,kaggle_negamax,3,262,0,alfo_mcts,1.0,28,2622647465326655654225541373,1361.72,49.06,3529.3,216.4,,1201386923
alfo_mcts,kaggle_negamax,3,262,1,alfo_mcts,1.0,33,262743433776672237443327264646155,1221.43,60.03,2599.3,167.8,,1861471371
alfo_mcts,kaggle_negamax,2,232,1,alfo_mcts,1.0,31,2325613557576777336655132217134,1549.33,83.8,3771.2,227.3,,1790978278
alfo_mcts,kaggle_negamax,4,44,0,alfo_mcts,1.0,24,446566465535217467455774,1487.17,92.39,3402.9,211.6,,1465400037
alfo_mcts,kaggle_negamax,7,1473,0,alfo_mcts,1.0,18,147354431511433232,1274.46,56.93,2374.1,114.5,,1949696797
alfo_mcts,kaggle_negamax,4,44,1,alfo_mcts,1.0,31,4447353433215655477717113745266,1313.89,50.84,2367.6,172.8,,1053356432
alfo_mcts,kaggle_negamax,5,2763,0,alfo_mcts,1.0,32,27636662336355733462555412215174,1330.74,67.98,3767.6,220.4,,1898419874
alfo_mcts,kaggle_negamax,6,22,0,alfo_mcts,1.0,26,22745445777462722755454323,1285.54,62.75,2884.1,170.8,,404990896
alfo_mcts,kaggle_negamax,9,2537,1,alfo_mcts,1.0,19,2537414744252231343,1103.33,38.8,2191.9,112.6,,1876018505
alfo_mcts,kaggle_negamax,5,2763,1,alfo_mcts,1.0,31,2763373233766555746166774445544,1530.92,57.85,3755.9,178.3,,565682068
alfo_mcts,kaggle_negamax,8,24,0,alfo_mcts,1.0,26,24546446656661222443335321,1058.33,42.25,2122.0,142.6,,1039823321
alfo_mcts,kaggle_negamax,11,243,1,alfo_mcts,1.0,19,2435674732653366475,1037.49,57.0,1746.6,136.5,,1334779955
alfo_mcts,kaggle_negamax,6,22,1,alfo_mcts,1.0,29,22454644132765556655121146363,1535.68,64.9,3282.8,157.6,,564373406
alfo_mcts,kaggle_negamax,7,1473,1,draw,0.5,42,147355464644675765661133774537132222221135,1080.5,39.77,2998.7,197.9,,399852835
alfo_mcts,kaggle_negamax,8,24,1,alfo_mcts,1.0,27,244767772722474436663636545,1299.83,55.25,2391.9,135.7,,1580563452
alfo_mcts,kaggle_negamax,9,2537,0,alfo_mcts,1.0,40,2537647464466553256333622774342772515111,806.05,29.73,1930.5,162.5,,190141448
alfo_mcts,kaggle_negamax,11,243,0,alfo_mcts,1.0,20,24347442734772234171,1202.99,51.82,1931.7,139.4,,1871549099
alfo_mcts,kaggle_negamax,10,3257,1,kaggle_negamax,0.0,28,3257353364442454457373771112,1213.7,28.19,2381.7,120.6,,1258471689
alfo_mcts,kaggle_negamax,18,3344,1,alfo_mcts,1.0,7,3344271,615.12,0.11,921.9,0.1,,1725331151
alfo_mcts,kaggle_negamax,14,3117,1,alfo_mcts,1.0,19,3117454735334422265,1086.51,38.13,2059.0,100.9,,411315487
alfo_mcts,kaggle_negamax,10,3257,0,alfo_mcts,1.0,30,325774743443776373345515455616,1103.1,45.03,1719.0,112.2,,673056480
alfo_mcts,kaggle_negamax,12,5466,1,alfo_mcts,1.0,21,546644374663377155567,1355.16,74.63,1929.3,126.9,,2117227865
alfo_mcts,kaggle_negamax,19,4626,1,alfo_mcts,1.0,7,4626375,532.87,0.18,710.8,0.2,,1384674083
alfo_mcts,kaggle_negamax,12,5466,0,alfo_mcts,1.0,32,54666465544625624512522141211133,902.83,26.41,2259.5,108.4,,530701304
alfo_mcts,kaggle_negamax,13,72,0,alfo_mcts,1.0,20,72747755657553137456,1289.55,56.35,1999.9,141.9,,1385248540
alfo_mcts,kaggle_negamax,14,3117,0,alfo_mcts,1.0,22,3117547464457362255362,1156.33,44.9,1948.9,104.0,,1232232651
alfo_mcts,kaggle_negamax,13,72,1,alfo_mcts,1.0,27,724747564477555725212245343,1249.47,40.98,2053.9,100.7,,1419778195
alfo_mcts,kaggle_negamax,18,3344,0,alfo_mcts,1.0,18,334465756223755452,956.37,37.37,1554.8,95.3,,1036420591
alfo_mcts,kaggle_negamax,15,75,0,alfo_mcts,1.0,22,7553624332722424655676,1169.9,45.5,1939.3,112.4,,851895850
alfo_mcts,kaggle_negamax,16,273,1,alfo_mcts,1.0,23,27344755564337715744545,1160.65,58.67,1739.9,135.3,,550553880
alfo_mcts,kaggle_negamax,15,75,1,alfo_mcts,1.0,23,75464744155532452713263,1356.05,49.44,2393.4,110.7,,328196428
alfo_mcts,kaggle_negamax,19,4626,0,alfo_mcts,1.0,22,4626736443433442366565,1168.17,50.8,1865.1,102.3,,1895163299
alfo_mcts,kaggle_negamax,17,374,1,alfo_mcts,1.0,31,3742373365455777444355222745666,958.87,38.03,1766.7,129.4,,1928267531
alfo_mcts,kaggle_negamax,16,273,0,alfo_mcts,1.0,32,27346474427337667262234463362711,1088.01,39.82,2307.6,99.5,,179180160
alfo_mcts,ours_minimax_d4,0,71,0,alfo_mcts,1.0,28,7145444141155542515122662333,1072.92,2.11,1912.6,5.5,,1623586146
alfo_mcts,ours_minimax_d4,1,643,0,alfo_mcts,1.0,34,6434443331463167411731177772266655,897.2,2.01,2354.2,5.5,,829314411
alfo_mcts,kaggle_negamax,17,374,0,alfo_mcts,1.0,32,37456545547466744277257333325311,1241.24,26.34,2255.0,112.5,,2139226963
alfo_mcts,ours_minimax_d4,1,643,1,ours_minimax_d4,0.0,34,6434446633341463631611112277772255,1050.47,1.83,2029.3,5.4,,117260513
alfo_mcts,ours_minimax_d4,0,71,1,alfo_mcts,1.0,39,714456554452242435121112727775761666633,1013.7,1.95,2090.6,4.9,,718486064
alfo_mcts,ours_minimax_d4,2,232,1,ours_minimax_d4,0.0,36,232244445455536764257512771211177666,1049.36,1.96,2275.8,10.3,,697491511
alfo_mcts,ours_minimax_d4,2,232,0,ours_minimax_d4,0.0,23,23232236363344444662161,1420.12,1.69,2537.7,3.8,,169698750
alfo_mcts,ours_minimax_d4,3,262,0,ours_minimax_d4,0.0,21,262454424644555152313,1445.12,2.36,2217.0,5.2,,1173148157
alfo_mcts,ours_minimax_d4,3,262,1,ours_minimax_d4,0.0,34,2624554454452233642211117515717766,1028.81,1.84,1832.3,4.6,,2037899462
alfo_mcts,ours_minimax_d4,6,22,1,alfo_mcts,1.0,17,22434464644675537,1290.02,1.85,2293.4,3.5,,1807065404
alfo_mcts,ours_minimax_d4,4,44,1,ours_minimax_d4,0.0,36,445644232422643332331256617777661111,1113.9,2.29,2330.6,7.8,,745839101
alfo_mcts,ours_minimax_d4,4,44,0,alfo_mcts,1.0,36,444344333646366365572767777121111155,968.71,1.62,2297.0,5.5,,969388372
alfo_mcts,ours_minimax_d4,5,2763,1,ours_minimax_d4,0.0,36,276333232213321662556557757611167744,983.49,2.46,2354.3,5.2,,860666520
alfo_mcts,ours_minimax_d4,5,2763,0,alfo_mcts,1.0,38,27633322322557553771665111132517766644,883.44,2.15,1897.0,6.3,,1240832129
alfo_mcts,ours_minimax_d4,7,1473,0,alfo_mcts,1.0,28,1473544343355455314735111222,1117.4,2.15,2336.5,6.5,,2052263638
alfo_mcts,ours_minimax_d4,10,3257,0,alfo_mcts,1.0,40,3257464435524547224776575722666611111133,658.09,2.2,1581.5,9.7,,1071501308
alfo_mcts,ours_minimax_d4,8,24,1,ours_minimax_d4,0.0,36,244424426224666266733333737711171755,997.37,1.68,2104.1,5.6,,1352346937
alfo_mcts,ours_minimax_d4,7,1473,1,ours_minimax_d4,0.0,36,147354443335742423773222555511627766,1134.6,1.86,2061.3,6.6,,811686505
alfo_mcts,ours_minimax_d4,9,2537,0,ours_minimax_d4,0.0,35,25374144455355464762522777711221133,996.91,2.01,1864.6,5.7,,1411183511
alfo_mcts,ours_minimax_d4,6,22,0,alfo_mcts,1.0,32,22434442422646666126555555111333,1363.54,2.12,2414.2,4.5,,1481778616
alfo_mcts,ours_minimax_d4,8,24,0,alfo_mcts,1.0,32,24644644622642255535575772661331,1066.89,1.96,2293.5,3.8,,661773455
alfo_mcts,ours_minimax_d4,11,243,1,alfo_mcts,1.0,39,243424441272742277755557655611166661133,680.74,1.64,1611.9,3.6,,868711483
alfo_mcts,ours_minimax_d4,10,3257,1,draw,0.5,42,325746445367655466344556211113337777112222,876.28,1.75,2172.3,4.6,,1246661718
alfo_mcts,ours_minimax_d4,9,2537,1,ours_minimax_d4,0.0,38,25374144232244535574777711156615221333,1160.9,2.4,2519.7,5.5,,206593425
alfo_mcts,ours_minimax_d4,18,3344,1,alfo_mcts,1.0,7,3344251,396.05,0.11,631.7,0.1,,1968515
alfo_mcts,ours_minimax_d4,11,243,0,alfo_mcts,1.0,32,24344332234447623736666777262755,930.09,2.01,1842.7,5.8,,671301222
alfo_mcts,ours_minimax_d4,18,3344,0,ours_minimax_d4,0.0,7,3344562,515.65,0.38,515.7,0.7,,2050376289
alfo_mcts,ours_minimax_d4,19,4626,0,ours_minimax_d4,0.0,7,4626351,509.7,0.45,509.7,0.9,,1264762267
alfo_mcts,ours_minimax_d4,19,4626,1,alfo_mcts,1.0,7,4626351,555.92,0.12,795.0,0.1,,854374516
alfo_mcts,ours_minimax_d4,13,72,1,alfo_mcts,1.0,25,7246442442247766627255537,1234.33,2.3,2011.0,5.8,,1234854618
alfo_mcts,ours_minimax_d4,12,5466,0,alfo_mcts,1.0,40,5466444646655142315557611127132233223377,954.75,1.94,1964.3,6.3,,260941141
alfo_mcts,ours_minimax_d4,12,5466,1,draw,0.5,42,546644242242246672577555561171117716333333,928.18,2.23,2129.9,8.8,,980892572
alfo_mcts,ours_minimax_d4,13,72,0,alfo_mcts,1.0,32,72444646446762262226771111117733,1090.04,1.88,2112.7,5.6,,118506962
alfo_mcts,ours_minimax_d4,14,3117,0,ours_minimax_d4,0.0,33,311745443553344747713135575676666,929.26,1.86,1737.6,5.7,,414469285
alfo_mcts,ours_minimax_d4,17,374,1,alfo_mcts,1.0,25,3745124432244331242233111,1111.9,2.0,1950.9,3.6,,1807192395
alfo_mcts,ours_minimax_d4,14,3117,1,ours_minimax_d4,0.0,36,311742654432336566244224337277767655,968.14,1.41,1986.5,4.0,,2083156356
alfo_mcts,ours_minimax_d4,16,273,1,ours_minimax_d4,0.0,34,2734446334436676642377131671171122,1102.62,2.17,3027.5,6.2,,87246732
alfo_mcts,ours_minimax_d4,16,273,0,alfo_mcts,1.0,32,27344565544242554722215361666133,1087.69,1.97,1937.3,3.7,,108887178
alfo_mcts,ours_minimax_d4,15,75,1,ours_minimax_d4,0.0,32,75333355755444244377141375111222,1208.09,2.65,2273.2,7.2,,924763844
alfo_mcts,ours_minimax_d4,15,75,0,ours_minimax_d4,0.0,37,7533355532223344444542275771211666161,1073.1,1.66,2348.0,7.2,,8896156
alfo_mcts,ours_minimax_d4,17,374,0,alfo_mcts,1.0,40,3742446545525225474225613771171117666633,877.05,1.66,2294.8,5.5,,359362189
alfo_mcts,ours_minimax_d8,1,643,1,alfo_mcts,1.0,21,643444343364662353555,1289.08,33.55,2122.7,70.7,,722002630
alfo_mcts,ours_minimax_d8,1,643,0,alfo_mcts,1.0,32,64344643443131336666777777111155,859.64,20.78,2288.2,73.2,,210223951
alfo_mcts,ours_minimax_d8,0,71,0,alfo_mcts,1.0,34,7134434443314637355757755657111122,1040.87,36.88,2100.4,128.3,,1049615790
alfo_mcts,ours_minimax_d8,2,232,1,ours_minimax_d8,0.0,36,232233535332762665655572167711761144,1122.45,29.29,2305.6,73.5,,1097934136
alfo_mcts,ours_minimax_d8,3,262,0,alfo_mcts,1.0,32,26243574444232333227456636661155,964.0,42.51,2031.6,158.6,,416667157
alfo_mcts,ours_minimax_d8,4,44,0,ours_minimax_d8,0.0,23,44454544575727715522373,1126.36,36.58,2570.9,149.1,,228449536
alfo_mcts,ours_minimax_d8,0,71,1,ours_minimax_d8,0.0,34,7144565455462364343522531313117667,1382.62,39.19,2324.7,120.3,,1075111748
alfo_mcts,ours_minimax_d8,4,44,1,alfo_mcts,1.0,33,445334443355141367557775377111122,899.24,36.42,1726.0,93.2,,1787613118
alfo_mcts,ours_minimax_d8,3,262,1,alfo_mcts,1.0,39,262454224464346623333321776677775555511,924.6,33.29,2052.7,109.7,,1066310797
alfo_mcts,ours_minimax_d8,2,232,0,alfo_mcts,1.0,36,232223353465455356636667157122777744,1009.37,30.89,2135.8,139.2,,1808564926
alfo_mcts,ours_minimax_d8,5,2763,1,ours_minimax_d8,0.0,24,276333232232556466557414,1308.25,60.21,2036.4,290.5,,973862491
alfo_mcts,ours_minimax_d8,7,1473,1,alfo_mcts,1.0,35,14735444545574771165351721712222233,949.27,39.38,1927.6,205.2,,1881952443
alfo_mcts,ours_minimax_d8,5,2763,0,alfo_mcts,1.0,36,276333322255575655366122316611117744,1023.68,70.03,2101.8,308.2,,2036808166
alfo_mcts,ours_minimax_d8,6,22,0,alfo_mcts,1.0,38,22434442422643333636626617111117777755,1010.07,29.16,2184.4,127.2,,2007786288
alfo_mcts,ours_minimax_d8,7,1473,0,alfo_mcts,1.0,30,147353433447414112313561777755,1168.71,44.07,2393.2,145.2,,278270470
alfo_mcts,ours_minimax_d8,6,22,1,alfo_mcts,1.0,37,2243444422736567663426621333111117755,1130.98,40.69,2242.7,131.6,,1347970841
alfo_mcts,ours_minimax_d8,8,24,1,ours_minimax_d8,0.0,34,2444244252545525662577771111117766,999.61,29.41,2337.9,139.4,,292236488
alfo_mcts,ours_minimax_d8,11,243,1,alfo_mcts,1.0,21,243444243422333352555,1167.43,42.31,1940.3,102.6,,66957201
alfo_mcts,ours_minimax_d8,12,5466,1,alfo_mcts,1.0,33,546644646446373316111333117777755,790.77,26.52,1918.0,80.7,,1556327419
alfo_mcts,ours_minimax_d8,10,3257,0,alfo_mcts,1.0,40,3257464445535547477165711112222127666633,759.72,32.5,1550.7,217.3,,677027659
alfo_mcts,ours_minimax_d8,9,2537,1,ours_minimax_d8,0.0,36,253741434433141411736666776322767122,960.79,29.66,2002.8,93.6,,1973584578
alfo_mcts,ours_minimax_d8,11,243,0,alfo_mcts,1.0,32,24344342343326774666372226677755,967.7,39.47,1941.5,152.6,,479137871
alfo_mcts,ours_minimax_d8,9,2537,0,alfo_mcts,1.0,40,2537414445455227477632255127111716666633,894.36,41.04,2009.0,131.0,,511170252
alfo_mcts,ours_minimax_d8,8,24,0,alfo_mcts,1.0,40,2444424246522663555625511663333377777711,922.42,31.03,2078.6,121.5,,1898573178
alfo_mcts,ours_minimax_d8,18,3344,0,ours_minimax_d8,0.0,7,3344562,539.73,0.37,539.7,0.7,,1081740386
alfo_mcts,ours_minimax_d8,18,3344,1,alfo_mcts,1.0,7,3344526,572.68,0.11,1009.6,0.1,,733297108
alfo_mcts,ours_minimax_d8,19,4626,0,ours_minimax_d8,0.0,7,4626315,596.87,0.44,596.9,0.8,,234789334
alfo_mcts,ours_minimax_d8,10,3257,1,alfo_mcts,1.0,29,32573633556552226653131211444,1342.73,59.17,2614.6,138.7,,1491750710
alfo_mcts,ours_minimax_d8,19,4626,1,alfo_mcts,1.0,7,4626351,669.23,0.11,1084.9,0.1,,9610202
alfo_mcts,ours_minimax_d8,13,72,1,alfo_mcts,1.0,39,724424446566141611322262116777775555533,927.84,42.52,1983.7,177.9,,919421853
alfo_mcts,ours_minimax_d8,12,5466,0,ours_minimax_d8,0.0,35,54664446466551412117671315525227777,1270.34,39.06,1969.4,126.8,,1069939321
alfo_mcts,ours_minimax_d8,17,374,0,ours_minimax_d8,0.0,21,374242446552265534336,1520.56,40.36,2041.1,102.4,,1560435191
alfo_mcts,ours_minimax_d8,17,374,1,ours_minimax_d8,0.0,28,3745442154323314431225757552,1314.92,36.25,1971.2,124.7,,434794843
alfo_mcts,ours_minimax_d8,14,3117,0,ours_minimax_d8,0.0,29,31174544434551575547767262616,1785.86,65.27,2619.7,131.2,,1056947905
alfo_mcts,ours_minimax_d8,15,75,0,alfo_mcts,1.0,34,7544454557323344375511773327111122,1431.92,46.75,2566.3,108.2,,1716562854
alfo_mcts,ours_minimax_d8,13,72,0,alfo_mcts,1.0,42,724644464226624223353355555661177733117711,1315.25,37.86,2317.3,109.4,,191949589
alfo_mcts,ours_minimax_d8,14,3117,1,alfo_mcts,1.0,35,31175434334414112453737167776666655,1671.53,56.83,3133.9,226.7,,292329465
alfo_mcts,ours_minimax_d8,16,273,1,ours_minimax_d8,0.0,30,273443633444637466767713111212,1805.99,53.45,3426.8,169.2,,1534323363
alfo_mcts,ours_minimax_d8,15,75,1,alfo_mcts,1.0,33,754444542114155122226277755117733,1997.93,65.7,2962.1,130.3,,228930991
alfo_mcts,ours_minimax_d8,16,273,0,alfo_mcts,1.0,40,2734444655535547415161122222661166777733,1520.07,45.71,2634.3,128.1,,193381000
alfo_mcts,nn_az_6x64_mcts200,3,262,0,alfo_mcts,1.0,8,26244543,2405.73,61704.98,4250.6,107739.2,,867985473
alfo_mcts,nn_az_6x64_mcts200,1,643,1,alfo_mcts,1.0,19,6433446446336774555,4278.99,80875.38,6204.7,115803.4,,295192045
alfo_mcts,nn_az_6x64_mcts200,5,2763,1,alfo_mcts,1.0,19,2763323233235655444,4727.69,101922.05,6799.8,119029.1,,1649006697
alfo_mcts,nn_az_6x64_mcts200,6,22,1,alfo_mcts,1.0,19,2243444422726566553,4784.76,97646.23,7703.4,121123.0,,2138233802
alfo_mcts,nn_az_6x64_mcts200,2,232,0,alfo_mcts,1.0,24,232236444323362447277555,4437.25,105240.04,6900.1,118061.0,,1529588453
alfo_mcts,nn_az_6x64_mcts200,4,44,1,alfo_mcts,1.0,33,445334443633146377777716666111155,2937.28,84578.9,6519.7,116567.1,,2046871994
alfo_mcts,nn_az_6x64_mcts200,1,643,0,nn_az_6x64_mcts200,0.0,35,64344344666171511711466222277227733,3153.28,80352.07,7502.5,123309.2,,1042650012
alfo_mcts,nn_az_6x64_mcts200,0,71,1,nn_az_6x64_mcts200,0.0,34,7145445474437735333555311177662222,3082.78,81871.17,7201.0,113483.2,,2093029492
alfo_mcts,nn_az_6x64_mcts200,7,1473,0,alfo_mcts,1.0,18,147354437577433646,3766.01,99785.36,6417.0,118204.5,,1818034293
alfo_mcts,nn_az_6x64_mcts200,2,232,1,nn_az_6x64_mcts200,0.0,34,2323223344434154557672773246117711,3226.19,84655.34,7554.7,117674.4,,1111357430
alfo_mcts,nn_az_6x64_mcts200,5,2763,0,alfo_mcts,1.0,30,276344223342533446766227611141,3875.79,105367.24,6764.8,123607.1,,397781170
alfo_mcts,nn_az_6x64_mcts200,7,1473,1,alfo_mcts,1.0,33,147355444455222421221177575117766,3465.82,92511.52,7254.8,119147.5,,2054021363
alfo_mcts,nn_az_6x64_mcts200,8,24,1,alfo_mcts,1.0,17,24424454522552353,5000.06,102404.72,8007.0,122093.4,,1200548824
alfo_mcts,nn_az_6x64_mcts200,0,71,0,nn_az_6x64_mcts200,0.0,37,7134334144131331477776741666622225255,3381.81,85740.69,7541.5,125935.9,,1882891233
alfo_mcts,nn_az_6x64_mcts200,6,22,0,alfo_mcts,1.0,40,2243234331262236616637117777765511555544,3007.8,84211.17,6937.6,124684.5,,1858782085
alfo_mcts,nn_az_6x64_mcts200,4,44,0,alfo_mcts,1.0,38,44455552244742222753517711133377113366,3414.61,92896.02,6433.5,122698.1,,1535552801
alfo_mcts,nn_az_6x64_mcts200,3,262,1,draw,0.5,42,262353322355535566666372211117774477444411,3454.9,84156.72,7612.6,124538.2,,136568567
alfo_mcts,nn_az_6x64_mcts200,8,24,0,alfo_mcts,1.0,24,242242554445574721777656,4554.89,110705.06,7439.7,132487.6,,375975494
alfo_mcts,nn_az_6x64_mcts200,12,5466,0,alfo_mcts,1.0,18,546664454466422113,4079.7,105131.04,6119.6,123530.9,,1350714882
alfo_mcts,nn_az_6x64_mcts200,13,72,1,alfo_mcts,1.0,21,724544244252755225676,4848.27,98437.39,8371.5,131300.4,,1033667518
alfo_mcts,nn_az_6x64_mcts200,9,2537,1,alfo_mcts,1.0,31,2537413433447774171511553345252,3527.57,104608.06,7509.8,131353.1,,107864181
alfo_mcts,nn_az_6x64_mcts200,9,2537,0,nn_az_6x64_mcts200,0.0,31,2537413342544251134737745523522,3595.34,94595.95,7496.6,126785.4,,5794482
alfo_mcts,nn_az_6x64_mcts200,10,3257,1,nn_az_6x64_mcts200,0.0,38,32574644536766347743233467111617222255,3238.18,77221.46,8581.6,129538.4,,1254641207
alfo_mcts,nn_az_6x64_mcts200,11,243,0,alfo_mcts,1.0,32,24344342446227767776676633223311,3436.23,89843.3,8115.7,127602.8,,1819855957
alfo_mcts,nn_az_6x64_mcts200,18,3344,1,alfo_mcts,1.0,7,3344241,1666.87,16995.49,2679.0,16995.5,,461469466
alfo_mcts,nn_az_6x64_mcts200,19,4626,1,alfo_mcts,1.0,7,4626365,1657.19,64649.25,2864.6,64649.3,,1230156197
alfo_mcts,nn_az_6x64_mcts200,18,3344,0,nn_az_6x64_mcts200,0.0,7,3344526,1058.22,43286.21,1058.2,75319.2,,757582284
pons_perfect,galli_minimax,0,71,1,pons_perfect,1.0,31,7144454144555531137225611772626,206.42,643.91,1903.7,1720.3,,1596085132
alfo_mcts,nn_az_6x64_mcts200,10,3257,0,alfo_mcts,1.0,36,325746443553344212232727734776666611,3246.5,88875.07,7203.3,127018.1,,691793426
pons_perfect,galli_minimax,0,71,0,pons_perfect,1.0,32,71444465554545511611177733773323,117.19,1027.02,796.5,2763.5,,186941178
alfo_mcts,nn_az_6x64_mcts200,12,5466,1,alfo_mcts,1.0,35,54664434433336647613221111167777755,3673.35,89222.29,8180.0,131173.9,,591949396
pons_perfect,galli_minimax,1,643,1,pons_perfect,1.0,21,643443646633445331515,348.92,899.73,1348.8,1940.6,,854440356
pons_perfect,galli_minimax,1,643,0,pons_perfect,1.0,30,643444333143463666617117711722,158.88,555.37,1173.5,1484.7,,164873830
pons_perfect,galli_minimax,2,232,1,draw,0.5,42,232233325223444654443755556661667777711111,120.42,497.78,1596.4,1877.2,,338919651
pons_perfect,galli_minimax,2,232,0,pons_perfect,1.0,36,232233244344443263662666111111777755,39.27,448.11,320.3,1630.7,,1244155215
pons_perfect,galli_minimax,3,262,0,pons_perfect,1.0,18,262344442226651313,197.77,960.85,792.0,1622.0,,2042528626
pons_perfect,galli_minimax,4,44,1,pons_perfect,1.0,21,444343447336633252515,153.44,708.45,1222.3,1237.2,,1582475228
alfo_mcts,nn_az_6x64_mcts200,11,243,1,alfo_mcts,1.0,29,24324444666623223533646757555,5192.91,106678.84,9322.5,126048.0,,398482940
pons_perfect,galli_minimax,3,262,1,pons_perfect,1.0,35,26245444224655755252433177777661113,181.05,1146.02,1871.9,3728.6,,39339282
pons_perfect,galli_minimax,4,44,0,pons_perfect,1.0,18,444435555233361613,194.31,1095.85,793.3,1480.6,,2039310208
pons_perfect,galli_minimax,5,2763,0,pons_perfect,1.0,36,276333444434274633666611111177772225,186.46,532.25,1375.1,1923.7,,1060522966
pons_perfect,galli_minimax,5,2763,1,pons_perfect,1.0,31,2763334444421365433157722661515,135.45,826.76,871.6,1802.5,,966349587
pons_perfect,galli_minimax,6,22,1,pons_perfect,1.0,33,225444422452413555512777777111133,87.27,475.52,1141.7,1355.7,,569314701
pons_perfect,galli_minimax,7,1473,1,pons_perfect,1.0,37,1473544355141165547451216777766662223,91.87,488.15,481.4,1528.5,,1670423515
pons_perfect,galli_minimax,7,1473,0,pons_perfect,1.0,30,147353344544543373151155771122,110.48,696.0,1048.1,1762.9,,513010674
pons_perfect,galli_minimax,6,22,0,pons_perfect,1.0,30,224333263646612522331555111414,221.89,895.55,2033.9,2309.1,,1070076867
pons_perfect,galli_minimax,8,24,1,pons_perfect,1.0,17,24444672627221515,114.06,1697.84,553.0,2213.0,,977668448
pons_perfect,galli_minimax,9,2537,1,pons_perfect,1.0,25,2537412422444452127151513,77.54,491.94,609.9,880.7,,453403438
pons_perfect,galli_minimax,8,24,0,pons_perfect,1.0,24,244424442223535516761613,222.34,841.87,1502.3,1609.9,,29189871
pons_perfect,galli_minimax,10,3257,1,pons_perfect,1.0,17,32573445334451212,122.35,1003.31,435.6,1875.9,,1518376999
pons_perfect,galli_minimax,9,2537,0,pons_perfect,1.0,38,25374133422444342533717777111155666622,93.86,666.39,1080.6,1867.0,,1582090682
alfo_mcts,nn_az_6x64_mcts200,14,3117,1,alfo_mcts,1.0,35,31174534334424171175137377466666655,3287.75,77755.74,8424.2,125614.0,,819814273
pons_perfect,galli_minimax,11,243,0,pons_perfect,1.0,26,24343443354433777772161212,216.62,512.71,1157.2,1063.7,,1900377361
pons_perfect,galli_minimax,11,243,1,draw,0.5,42,243344446343335111176227556651515662227777,109.49,448.77,1223.0,1328.6,,304322625
pons_perfect,galli_minimax,10,3257,0,pons_perfect,1.0,38,32574644433433214375767771111122226655,170.7,772.88,1904.6,2460.5,,1204759953
pons_perfect,galli_minimax,12,5466,1,pons_perfect,1.0,31,5466444664333313463611111777722,166.17,820.44,1303.5,3039.4,,284155464
pons_perfect,galli_minimax,13,72,1,pons_perfect,1.0,21,722454445455652231313,184.02,787.45,1237.1,1121.0,,2063159153
pons_perfect,galli_minimax,12,5466,0,pons_perfect,1.0,26,54664446631433141122771515,117.97,818.66,951.2,2262.9,,1860356507
pons_perfect,galli_minimax,13,72,0,pons_perfect,1.0,22,7244446552254552231313,77.21,1003.43,428.1,1845.0,,1688681310
pons_perfect,galli_minimax,14,3117,1,pons_perfect,1.0,33,311745544454356455272221221771133,207.4,747.43,2238.5,1502.8,,710236154
pons_perfect,galli_minimax,14,3117,0,pons_perfect,1.0,34,3117454434335443553777775511112222,76.42,642.99,945.2,1556.6,,1069206173
pons_perfect,galli_minimax,15,75,1,pons_perfect,1.0,35,75543333552422323227556717771111144,43.49,555.89,515.2,1854.5,,374973410
pons_perfect,galli_minimax,15,75,0,pons_perfect,1.0,30,754445474451557511711122222233,75.75,658.67,938.4,1842.6,,1758642767
pons_perfect,galli_minimax,18,3344,1,pons_perfect,1.0,7,3344512,5.9,619.81,8.3,619.8,,2040510654
pons_perfect,galli_minimax,18,3344,0,galli_minimax,0.0,7,3344241,6.42,216.1,6.4,331.0,,1348678451
pons_perfect,galli_minimax,19,4626,1,pons_perfect,1.0,7,4626315,8.08,246.21,9.4,246.2,,2034638294
pons_perfect,galli_minimax,16,273,0,pons_perfect,1.0,34,2734443424465522555572261111116633,32.1,380.44,290.3,1183.0,,679159857
pons_perfect,galli_minimax,19,4626,0,galli_minimax,0.0,7,4626341,7.49,353.28,7.5,588.4,,1053783855
pons_perfect,galli_minimax,17,374,1,pons_perfect,1.0,11,37423344516,168.9,1459.97,367.9,1702.8,,536423352
pons_perfect,galli_minimax,16,273,1,pons_perfect,1.0,35,27344444433562373366677667171111122,135.49,678.39,1416.3,2365.9,,1142439132
pons_perfect,easyai_negamax,0,71,1,pons_perfect,1.0,17,71415651114132322,48.07,560.55,207.1,1514.7,,2043610765
pons_perfect,easyai_negamax,0,71,0,pons_perfect,1.0,24,711414111443232335656525,108.85,531.94,545.5,847.9,,517651206
pons_perfect,easyai_negamax,1,643,1,pons_perfect,1.0,21,643131336111414255522,258.71,555.33,1610.9,904.9,,727194378
pons_perfect,easyai_negamax,1,643,0,pons_perfect,1.0,24,643414441411161523533222,185.6,414.56,846.0,1059.8,,2038567974
pons_perfect,galli_minimax,17,374,0,pons_perfect,1.0,38,37424432335656554434221366551777111122,25.26,748.54,314.3,2385.2,,256927867
pons_perfect,easyai_negamax,2,232,1,pons_perfect,1.0,21,232131311233515144624,187.13,554.47,791.2,821.1,,1319572240
pons_perfect,easyai_negamax,2,232,0,pons_perfect,1.0,20,23221313342565246414,172.16,421.24,813.3,611.8,,144573531
pons_perfect,easyai_negamax,4,44,1,pons_perfect,1.0,21,444153414431113133625,75.46,524.4,685.3,862.0,,1640241202
pons_perfect,easyai_negamax,5,2763,1,pons_perfect,1.0,21,276331313341114153424,190.4,472.21,1164.4,660.6,,537334557
pons_perfect,easyai_negamax,3,262,0,pons_perfect,1.0,22,2623121311441335256514,167.06,807.39,972.0,1916.1,,1537241530
pons_perfect,easyai_negamax,4,44,0,pons_perfect,1.0,32,44141445111413232555557776672223,186.87,465.35,1512.7,1201.4,,1779295497
pons_perfect,easyai_negamax,5,2763,0,pons_perfect,1.0,20,27631313341114122525,174.55,482.75,993.3,724.3,,1181874380
pons_perfect,easyai_negamax,3,262,1,pons_perfect,1.0,25,2621413531124544334161525,105.58,1012.63,587.6,1803.4,,397025363
pons_perfect,easyai_negamax,6,22,1,pons_perfect,1.0,19,2251434144511155213,24.33,747.18,161.8,1117.9,,1348500323
pons_perfect,easyai_negamax,6,22,0,pons_perfect,1.0,24,221414111444142535332326,150.63,423.95,960.7,807.8,,295766909
pons_perfect,easyai_negamax,7,1473,1,pons_perfect,1.0,25,1473515131115552424223326,171.96,410.37,1470.4,659.7,,1279847574
pons_perfect,easyai_negamax,9,2537,1,pons_perfect,1.0,19,2537412122324544313,213.3,458.28,1405.5,734.4,,586701116
pons_perfect,easyai_negamax,8,24,1,pons_perfect,1.0,23,24414144115151323223326,124.78,669.76,1015.0,1150.4,,1471561530
pons_perfect,easyai_negamax,8,24,0,pons_perfect,1.0,18,241414451133531212,173.77,655.25,817.0,936.4,,2064867901
pons_perfect,easyai_negamax,7,1473,0,pons_perfect,1.0,22,1473241445651135531212,141.0,1138.49,732.5,2743.2,,45774494
pons_perfect,easyai_negamax,9,2537,0,pons_perfect,1.0,22,2537146414451135531212,178.24,967.24,1045.5,2765.4,,1139397746
pons_perfect,easyai_negamax,11,243,1,pons_perfect,1.0,19,2431212211513145324,268.23,666.08,1624.9,951.0,,1760861347
pons_perfect,easyai_negamax,11,243,0,pons_perfect,1.0,22,2434144414111513533222,247.26,430.98,938.0,1026.6,,1445840085
pons_perfect,easyai_negamax,10,3257,1,pons_perfect,1.0,19,3257314642443356515,112.23,1238.78,627.5,2414.8,,1145275992
pons_perfect,easyai_negamax,10,3257,0,pons_perfect,1.0,22,3257131311133512262424,292.16,1105.0,1832.8,2157.0,,1088023238
pons_perfect,easyai_negamax,12,5466,0,pons_perfect,1.0,20,54661414451115133326,164.22,561.43,649.8,836.8,,1445257612
pons_perfect,easyai_negamax,13,72,1,pons_perfect,1.0,19,7221412111562241323,165.33,481.5,1248.9,1043.8,,2070144638
pons_perfect,easyai_negamax,12,5466,1,pons_perfect,1.0,23,54664141441151313433525,239.97,577.41,1506.0,928.6,,72597780
pons_perfect,easyai_negamax,13,72,0,pons_perfect,1.0,18,721514341113531222,142.45,581.47,478.7,748.3,,1832635399
pons_perfect,easyai_negamax,16,273,1,pons_perfect,1.0,19,2731452122324544313,7.25,516.67,18.4,931.1,,2126125838
pons_perfect,easyai_negamax,15,75,1,pons_perfect,1.0,21,755151411141446267626,84.55,566.08,798.4,1038.7,,2125044868
pons_perfect,easyai_negamax,14,3117,1,pons_perfect,1.0,21,311742655143443351616,83.29,969.59,338.2,1634.6,,38592061
pons_perfect,easyai_negamax,14,3117,0,pons_perfect,1.0,24,311714111424456535533222,171.88,571.86,1146.7,1086.4,,1906529930
pons_perfect,easyai_negamax,18,3344,1,pons_perfect,1.0,7,3344512,6.31,849.77,6.4,849.8,,1794885354
pons_perfect,easyai_negamax,15,75,0,pons_perfect,1.0,18,751424144511136312,184.66,760.51,570.1,1583.5,,2056672972
pons_perfect,easyai_negamax,19,4626,1,pons_perfect,1.0,7,4626315,79.71,360.09,152.6,360.1,,1727666358
pons_perfect,easyai_negamax,18,3344,0,easyai_negamax,0.0,7,3344241,5.95,526.3,6.0,764.9,,1693353031
pons_perfect,easyai_negamax,19,4626,0,easyai_negamax,0.0,7,4626341,12.62,510.78,12.6,764.8,,930961399
pons_perfect,easyai_negamax,17,374,1,pons_perfect,1.0,13,3742314156512,8.32,876.18,12.8,1613.2,,1642974998
pons_perfect,kaggle_negamax,0,71,0,pons_perfect,1.0,22,7174777454432353321265,125.06,135.49,468.5,321.1,,2087408028
pons_perfect,kaggle_negamax,0,71,1,pons_perfect,1.0,19,7145733732454421265,284.99,167.66,1834.4,297.1,,702033820
pons_perfect,kaggle_negamax,1,643,1,pons_perfect,1.0,21,643267276675474336474,141.03,183.34,1025.8,309.3,,1784133948
pons_perfect,kaggle_negamax,1,643,0,pons_perfect,1.0,22,6434444473767733232565,85.93,137.78,379.9,388.1,,2078574771
pons_perfect,easyai_negamax,16,273,0,pons_perfect,1.0,22,2734141445651135531212,160.22,877.45,813.0,1835.9,,156115129
pons_perfect,kaggle_negamax,2,232,1,pons_perfect,1.0,23,23274747774447453555263,142.79,122.05,1210.0,304.2,,932261827
pons_perfect,kaggle_negamax,3,262,1,pons_perfect,1.0,23,26245746474457755155373,137.55,107.62,1174.5,219.6,,1164672860
pons_perfect,kaggle_negamax,2,232,0,pons_perfect,1.0,22,2322746474447733735161,188.22,186.71,1016.1,348.8,,964187946
pons_perfect,kaggle_negamax,3,262,0,pons_perfect,1.0,20,26237663745454433562,211.58,84.53,944.8,208.4,,1861096818
pons_perfect,kaggle_negamax,4,44,1,pons_perfect,1.0,21,444644663237332122171,215.46,145.52,941.5,271.9,,121586177
pons_perfect,kaggle_negamax,4,44,0,pons_perfect,1.0,20,44444476667653777575,201.65,141.23,1465.0,266.3,,2043395089
pons_perfect,kaggle_negamax,5,2763,1,pons_perfect,1.0,17,27633557277557474,310.86,176.41,1787.4,300.9,,1526224791
pons_perfect,easyai_negamax,17,374,0,pons_perfect,1.0,24,374214141114431323353522,97.37,1252.12,789.5,2301.3,,759105934
pons_perfect,kaggle_negamax,5,2763,0,pons_perfect,1.0,24,276373733355777424644562,276.03,149.69,932.5,350.1,,1891989942
pons_perfect,kaggle_negamax,7,1473,0,pons_perfect,1.0,20,14735374544331422575,86.61,80.31,503.7,168.7,,2021327151
pons_perfect,kaggle_negamax,6,22,1,pons_perfect,1.0,19,2254474544565733362,249.25,156.56,1234.8,310.4,,1865531958
pons_perfect,kaggle_negamax,7,1473,1,pons_perfect,1.0,23,14735735363367677755454,104.53,186.11,476.7,343.9,,658660242
pons_perfect,kaggle_negamax,8,24,1,pons_perfect,1.0,21,244747445777343733265,45.04,125.44,386.4,323.8,,1518923247
pons_perfect,kaggle_negamax,9,2537,1,pons_perfect,1.0,19,2537412731454433515,84.7,78.63,388.4,280.8,,1193023157
pons_perfect,kaggle_negamax,8,24,0,pons_perfect,1.0,16,2474344373533552,207.86,153.48,876.2,297.5,,533440450
pons_perfect,kaggle_negamax,10,3257,1,pons_perfect,1.0,17,32573533542141472,136.24,105.29,573.5,226.5,,724998667
pons_perfect,kaggle_negamax,6,22,0,pons_perfect,1.0,24,227474544377555442557373,227.34,207.32,1123.2,370.0,,566391379
pons_perfect,kaggle_negamax,9,2537,0,pons_perfect,1.0,20,25374174635213744572,203.87,154.18,769.6,387.4,,772697331
pons_perfect,kaggle_negamax,11,243,1,pons_perfect,1.0,19,2435467546443433556,159.13,186.67,1000.5,434.5,,1773136232
pons_perfect,kaggle_negamax,11,243,0,pons_perfect,1.0,22,2434544475732322777373,150.43,89.79,1130.1,215.6,,1168218079
pons_perfect,kaggle_negamax,12,5466,1,pons_perfect,1.0,19,5466454751553235373,166.84,194.96,758.9,404.8,,707660720
pons_perfect,kaggle_negamax,10,3257,0,pons_perfect,1.0,30,325754152444527453742577721266,186.06,142.88,1280.5,372.5,,1665786299
pons_perfect,kaggle_negamax,12,5466,0,pons_perfect,1.0,18,546674744363556572,308.28,117.06,1045.9,282.9,,1768946394
pons_perfect,kaggle_negamax,14,3117,1,pons_perfect,1.0,19,3117455736464454373,67.58,118.73,286.3,302.2,,1716766842
pons_perfect,kaggle_negamax,13,72,0,pons_perfect,1.0,34,7274545443137732122324347325567611,64.0,70.02,425.2,291.4,,2033188995
pons_perfect,kaggle_negamax,13,72,1,pons_perfect,1.0,19,7227454444173777363,106.46,197.9,867.0,357.3,,29225315
pons_perfect,kaggle_negamax,16,273,0,pons_perfect,1.0,22,2734747443637775551262,66.14,127.91,358.1,228.5,,1491080290
pons_perfect,kaggle_negamax,16,273,1,pons_perfect,1.0,27,273447456775442647222553335,59.05,141.94,332.5,282.5,,706816123
pons_perfect,kaggle_negamax,15,75,1,pons_perfect,1.0,21,755751415527764566363,226.2,159.96,954.1,293.6,,1970896699
pons_perfect,kaggle_negamax,18,3344,1,pons_perfect,1.0,7,3344572,3.44,0.21,4.1,0.2,,1059522169
pons_perfect,kaggle_negamax,17,374,1,pons_perfect,1.0,19,3745354744332155272,80.25,88.5,529.5,209.3,,1512478909
pons_perfect,kaggle_negamax,19,4626,1,pons_perfect,1.0,7,4626375,44.08,0.13,83.4,0.1,,212813668
pons_perfect,kaggle_negamax,15,75,0,pons_perfect,1.0,20,75743464477355377666,245.76,201.88,1298.0,350.5,,1097579319
pons_perfect,kaggle_negamax,14,3117,0,pons_perfect,1.0,26,31171464666444613371777575,290.55,185.75,1403.1,268.8,,2098810009
pons_perfect,kaggle_negamax,19,4626,0,pons_perfect,1.0,18,462673747763767565,48.07,114.99,318.5,225.7,,613572188
pons_perfect,ours_minimax_d4,0,71,1,pons_perfect,1.0,33,714444745623773323223453221776655,69.49,1.84,800.7,11.2,,815785412
pons_perfect,kaggle_negamax,17,374,0,pons_perfect,1.0,22,3742746554744565355372,132.64,144.56,783.7,359.6,,1026384908
pons_perfect,kaggle_negamax,18,3344,0,pons_perfect,1.0,20,33447574777355125272,159.3,129.64,1215.0,230.0,,440226052
pons_perfect,ours_minimax_d4,1,643,1,pons_perfect,1.0,41,64344443666463633355511111177772222227557,95.93,1.29,859.7,6.4,,970660064
pons_perfect,ours_minimax_d4,0,71,0,pons_perfect,1.0,34,7144444677433337337556555511111722,191.78,2.98,1347.0,19.0,,1807759408
pons_perfect,ours_minimax_d4,2,232,0,pons_perfect,1.0,32,23224444433332255743721177776556,134.07,2.66,956.5,12.1,,1389120505
pons_perfect,ours_minimax_d4,2,232,1,draw,0.5,42,232233325544422444335555676666611177711177,143.7,1.35,1319.5,9.5,,1497867050
pons_perfect,ours_minimax_d4,1,643,0,pons_perfect,1.0,32,64344433314346636655555516111122,202.78,1.18,1297.3,3.1,,11065167
pons_perfect,ours_minimax_d4,3,262,1,pons_perfect,1.0,29,26245554226576444465573772333,103.9,1.74,611.4,2.6,,1626190789
pons_perfect,ours_minimax_d4,3,262,0,pons_perfect,1.0,36,262344443334345522265563552611111166,79.22,1.72,915.8,8.6,,1159179877
pons_perfect,ours_minimax_d4,5,2763,0,pons_perfect,1.0,36,276333232234444244236666677711711755,72.89,1.94,975.7,9.5,,1315472453
pons_perfect,ours_minimax_d4,5,2763,1,pons_perfect,1.0,41,27633344444213666334665555551711711222277,62.66,2.09,530.6,15.0,,1755008635
pons_perfect,ours_minimax_d4,6,22,1,draw,0.5,42,225444444565222555323337331717711116666677,80.62,1.03,1099.7,2.4,,1324448173
pons_perfect,ours_minimax_d4,4,44,1,pons_perfect,1.0,39,444444355535331213355117171777766666622,150.65,1.22,1735.8,5.7,,1539115215
pons_perfect,ours_minimax_d4,6,22,0,pons_perfect,1.0,38,22434444223455566755252117117171666633,82.29,2.5,548.1,22.9,,1410708290
pons_perfect,ours_minimax_d4,4,44,0,pons_perfect,1.0,34,4444355552475142133331315117777722,178.94,1.82,1066.2,8.9,,1240638728
pons_perfect,ours_minimax_d4,7,1473,1,pons_perfect,1.0,39,147354443335435554375211111777766666622,99.98,1.74,1065.1,12.1,,9987846
pons_perfect,ours_minimax_d4,7,1473,0,pons_perfect,1.0,32,14735334454454133355115117777722,81.63,1.79,885.9,10.5,,1791492911
pons_perfect,ours_minimax_d4,8,24,0,pons_perfect,1.0,32,24644444122126626266117771177733,58.94,2.22,443.8,9.9,,871551777
pons_perfect,ours_minimax_d4,9,2537,1,pons_perfect,1.0,35,25374124224443334337775555566667667,60.34,1.04,761.6,2.2,,2005404469
pons_perfect,ours_minimax_d4,8,24,1,pons_perfect,1.0,19,2444442252115224333,138.69,3.15,624.8,11.3,,266786167
pons_perfect,ours_minimax_d4,9,2537,0,pons_perfect,1.0,38,25374144445254332573332177117755666666,94.13,1.61,856.3,6.1,,600201174
pons_perfect,ours_minimax_d4,10,3257,1,pons_perfect,1.0,35,32573633555622446335125722111116644,112.84,2.63,1231.2,13.4,,1187610875
pons_perfect,ours_minimax_d4,10,3257,0,pons_perfect,1.0,34,3257464435544332122742336277776655,117.66,1.27,747.2,2.8,,2030591405
pons_perfect,ours_minimax_d4,11,243,0,pons_perfect,1.0,30,243444333433421676677666772555,114.72,1.55,675.5,2.6,,618257556
pons_perfect,ours_minimax_d4,11,243,1,pons_perfect,1.0,37,2434432422334343522667555717755666611,130.94,1.26,1261.0,2.3,,348827832
pons_perfect,ours_minimax_d4,13,72,0,pons_perfect,1.0,24,724444655252245545232333,40.88,2.15,198.2,4.8,,804486558
pons_perfect,ours_minimax_d4,12,5466,1,pons_perfect,1.0,19,5466444426662234355,187.34,3.35,709.7,9.3,,550150226
pons_perfect,ours_minimax_d4,14,3117,0,pons_perfect,1.0,34,3117454434335443553755771111772222,39.13,1.23,468.7,2.4,,456861099
pons_perfect,ours_minimax_d4,12,5466,0,pons_perfect,1.0,32,54664446466241333531331116177557,106.05,2.0,735.4,12.3,,917360234
pons_perfect,ours_minimax_d4,14,3117,1,pons_perfect,1.0,37,3117426554445255244252276677667671133,89.45,1.85,895.6,12.1,,1405897827
pons_perfect,ours_minimax_d4,16,273,0,pons_perfect,1.0,30,273444443655545255611122662333,54.48,1.5,366.5,3.1,,179764825
pons_perfect,ours_minimax_d4,17,374,1,pons_perfect,1.0,17,37453545541221343,42.17,3.01,132.5,13.8,,815091779
pons_perfect,ours_minimax_d4,15,75,1,pons_perfect,1.0,37,7554344443533642552222251331777117766,140.41,1.19,1483.0,2.6,,1733470088
pons_perfect,ours_minimax_d4,15,75,0,pons_perfect,1.0,34,7535535333557377622226666171611444,147.07,2.01,1146.6,5.7,,491215234
pons_perfect,ours_minimax_d4,18,3344,0,ours_minimax_d4,0.0,7,3344542,5.96,0.3,6.0,0.6,,1926325702
pons_perfect,ours_minimax_d4,13,72,1,pons_perfect,1.0,37,7224531444552475542262356777766661331,200.85,1.58,1839.6,6.0,,1473741321
pons_perfect,ours_minimax_d4,19,4626,0,ours_minimax_d4,0.0,7,4626345,6.86,0.37,6.9,0.7,,904489275
pons_perfect,ours_minimax_d4,19,4626,1,pons_perfect,1.0,7,4626351,69.42,0.11,136.1,0.1,,108675451
pons_perfect,ours_minimax_d4,18,3344,1,pons_perfect,1.0,7,3344526,390.26,0.09,777.4,0.1,,692617927
pons_perfect,ours_minimax_d4,16,273,1,pons_perfect,1.0,31,2734444652565544252522777111333,219.24,4.13,1726.4,18.4,,318236485
pons_perfect,ours_minimax_d4,17,374,0,pons_perfect,1.0,40,3742446543332153447666366111222211777755,93.5,1.36,849.8,3.0,,180512678
pons_perfect,ours_minimax_d8,0,71,1,pons_perfect,1.0,33,714444745623773323223453221776655,53.33,87.14,573.3,286.7,,1852050645
pons_perfect,ours_minimax_d8,1,643,1,pons_perfect,1.0,35,64344444636633522222266111111337555,82.25,80.02,406.7,256.3,,583183560
pons_perfect,ours_minimax_d8,2,232,1,pons_perfect,1.0,39,232233325223444654443655656661511111777,25.05,73.97,348.2,282.6,,973862734
pons_perfect,ours_minimax_d8,1,643,0,pons_perfect,1.0,32,64344444333331166666111155555522,141.07,49.34,941.5,135.1,,326208514
pons_perfect,ours_minimax_d8,2,232,0,pons_perfect,1.0,36,232223335732135552551777776644111144,62.89,95.94,763.9,514.8,,52564214
pons_perfect,ours_minimax_d8,0,71,0,pons_perfect,1.0,38,71334544447432357733216611662222667755,142.58,138.13,1020.5,445.9,,1812287643
pons_perfect,ours_minimax_d8,3,262,0,pons_perfect,1.0,38,26234444224676674226767111133333117755,94.76,96.03,717.4,339.5,,984597079
pons_perfect,ours_minimax_d8,3,262,1,pons_perfect,1.0,37,2624544422465575543522317666677771133,129.62,85.7,1088.6,358.0,,1776966022
pons_perfect,ours_minimax_d8,4,44,1,pons_perfect,1.0,39,444444326555537533332522666172266777711,74.43,95.65,595.6,468.1,,1215141335
pons_perfect,ours_minimax_d8,6,22,1,pons_perfect,1.0,33,225444444222553555277711711117733,41.02,39.73,282.8,121.1,,986207256
pons_perfect,ours_minimax_d8,5,2763,1,draw,0.5,42,276333434444433777776222225555666556111111,113.54,78.99,1179.5,385.0,,1568734488
pons_perfect,ours_minimax_d8,6,22,0,pons_perfect,1.0,36,224344444225555333332266666677777755,38.47,80.62,239.3,397.8,,847685190
pons_perfect,ours_minimax_d8,4,44,0,pons_perfect,1.0,40,4444443222222365556555717111331331777766,102.24,111.98,1129.2,484.7,,1236792345
pons_perfect,ours_minimax_d8,7,1473,1,pons_perfect,1.0,35,14735444343324357361116666611777755,36.84,51.39,392.1,226.9,,890554461
pons_perfect,ours_minimax_d8,8,24,1,pons_perfect,1.0,29,24444422555452557322777771331,40.71,85.79,401.7,221.5,,384157116
pons_perfect,ours_minimax_d8,9,2537,1,pons_perfect,1.0,39,253741242244445553333532566666267777711,32.56,40.73,389.1,137.7,,63950163
pons_perfect,ours_minimax_d8,5,2763,0,pons_perfect,1.0,38,27633336622525335755657226611711117744,58.06,191.26,606.5,671.0,,378102885
pons_perfect,ours_minimax_d8,7,1473,0,pons_perfect,1.0,30,147353433442454336111117777755,116.54,79.93,501.5,190.5,,1294025415
pons_perfect,ours_minimax_d8,8,24,0,pons_perfect,1.0,30,244442424226555567332151666331,112.98,105.25,1302.4,286.7,,933922499
pons_perfect,ours_minimax_d8,9,2537,0,pons_perfect,1.0,38,25374144443552542255622617111166667733,108.59,82.36,1002.3,263.3,,578973787
pons_perfect,ours_minimax_d8,10,3257,1,pons_perfect,1.0,27,325736335556252344136512144,162.63,111.71,1429.2,231.8,,1131525294
pons_perfect,ours_minimax_d8,11,243,0,pons_perfect,1.0,32,24344443323433222266666677777755,82.96,50.84,783.2,267.0,,764567264
pons_perfect,ours_minimax_d8,11,243,1,pons_perfect,1.0,35,24344434335435361111666661177777755,90.86,69.0,634.2,251.7,,12702302
pons_perfect,ours_minimax_d8,10,3257,0,pons_perfect,1.0,40,3257464443342133435666667111222211777755,126.39,74.55,1370.2,225.8,,1623321140
pons_perfect,ours_minimax_d8,12,5466,0,pons_perfect,1.0,34,5466444646621555541522622211117733,62.97,84.87,379.2,252.9,,1431185933
pons_perfect,ours_minimax_d8,12,5466,1,pons_perfect,1.0,31,5466444424255252553722777771331,111.07,124.26,536.9,442.1,,1269970420
pons_perfect,ours_minimax_d8,13,72,1,pons_perfect,1.0,37,7224544454556224355232777771111116336,93.46,100.23,800.8,359.0,,2006863804
pons_perfect,ours_minimax_d8,13,72,0,pons_perfect,1.0,34,7244444224226555255567111111777733,129.18,128.95,1664.5,284.8,,920402986
pons_perfect,ours_minimax_d8,15,75,0,pons_perfect,1.0,32,75444547445155752222221111177733,88.8,74.9,1231.2,308.3,,898245199
pons_perfect,ours_minimax_d8,14,3117,1,pons_perfect,1.0,35,31174554445564453521222227111777733,222.28,122.25,2065.3,301.7,,330943046
pons_perfect,ours_minimax_d8,14,3117,0,pons_perfect,1.0,40,3117454444341133551175556666222222667733,140.1,72.84,1397.0,194.2,,1734905476
pons_perfect,ours_minimax_d8,15,75,1,pons_perfect,1.0,35,75543444445563552722227217111117733,154.37,90.99,1444.6,254.4,,1655447880
pons_perfect,ours_minimax_d8,16,273,1,pons_perfect,1.0,31,2734434433547433555215577771221,97.34,116.13,793.1,359.3,,2056885594
pons_perfect,ours_minimax_d8,18,3344,0,ours_minimax_d8,0.0,7,3344542,4.02,0.3,4.0,0.6,,563149874
pons_perfect,ours_minimax_d8,19,4626,1,pons_perfect,1.0,7,4626351,5.84,0.09,7.0,0.1,,1582823154
pons_perfect,ours_minimax_d8,19,4626,0,ours_minimax_d8,0.0,7,4626345,2.74,0.38,2.7,0.7,,1151509073
pons_perfect,ours_minimax_d8,18,3344,1,pons_perfect,1.0,7,3344526,341.79,0.08,681.9,0.1,,142866290
pons_perfect,ours_minimax_d8,16,273,0,pons_perfect,1.0,24,273444442131332263423111,71.66,130.41,709.6,336.3,,191578619
pons_perfect,ours_minimax_d8,17,374,1,pons_perfect,1.0,35,37453444332144335122222617111777755,75.67,92.53,481.0,300.9,,1505206702
pons_perfect,ours_minimax_d8,17,374,0,pons_perfect,1.0,34,3742443242233544332271667666677755,85.57,81.61,1115.7,249.7,,1158516412
alfo_mcts,nn_az_6x64_mcts200,14,3117,0,alfo_mcts,1.0,38,31175433544374722543377575541112212626,2818.01,73410.0,6591.8,126693.4,,907394263
alfo_mcts,nn_az_6x64_mcts200,15,75,1,nn_az_6x64_mcts200,0.0,36,754555442445253113221171127766742733,3386.75,77663.75,7742.9,123196.1,,787860454
alfo_mcts,nn_az_6x64_mcts200,13,72,0,nn_az_6x64_mcts200,0.0,37,7246242246466744677771211115535515233,3382.58,89814.89,8072.3,125597.4,,1322735037
alfo_mcts,nn_az_6x64_mcts200,17,374,0,alfo_mcts,1.0,18,374256443552533441,3467.66,85165.33,5923.1,114963.9,,601235988
alfo_mcts,nn_az_6x64_mcts200,15,75,0,alfo_mcts,1.0,32,75444533313553144711477377115566,3395.31,87388.95,8116.2,119616.1,,1107060644
pons_perfect,nn_az_6x64_mcts200,2,232,0,pons_perfect,1.0,16,2322332443555432,96.04,98545.55,363.6,122327.4,,1660262856
alfo_mcts,nn_az_6x64_mcts200,16,273,0,alfo_mcts,1.0,28,2734223445632373344667466555,3927.25,94185.22,6406.5,119380.9,,1067996105
alfo_mcts,nn_az_6x64_mcts200,17,374,1,nn_az_6x64_mcts200,0.0,34,3745441232244212552555477711771133,2391.4,70371.77,5013.1,115972.8,,2101818727
alfo_mcts,nn_az_6x64_mcts200,16,273,1,alfo_mcts,1.0,35,27345355334444212273224111717731766,3405.74,86944.48,7025.3,115705.4,,1487261340
alfo_mcts,nn_az_6x64_mcts200,19,4626,0,alfo_mcts,1.0,24,462626633422435443372545,3833.17,94077.33,5179.5,118971.6,,1621505189
pons_perfect,nn_az_6x64_mcts200,3,262,0,pons_perfect,1.0,16,2623224434435345,150.39,100575.36,474.6,118396.5,,182137020
pons_perfect,nn_az_6x64_mcts200,4,44,1,pons_perfect,1.0,19,4445445511233532336,101.55,88455.57,712.7,125539.3,,582837244
pons_perfect,nn_az_6x64_mcts200,1,643,0,pons_perfect,1.0,32,64344433443376676136611171717755,235.81,91601.86,1227.7,120181.9,,396294018
pons_perfect,nn_az_6x64_mcts200,5,2763,1,pons_perfect,1.0,19,2763323222335253454,185.41,112209.43,1109.5,134240.5,,1630593158
pons_perfect,nn_az_6x64_mcts200,0,71,0,pons_perfect,1.0,32,71334534453444531315111575777766,67.18,94223.23,630.6,127020.4,,1357158337
pons_perfect,nn_az_6x64_mcts200,0,71,1,pons_perfect,1.0,31,7145775445447551611142222537333,178.58,108391.83,1057.4,125394.2,,553157814
pons_perfect,nn_az_6x64_mcts200,2,232,1,pons_perfect,1.0,37,2323223344133666264427576777671111155,91.82,91757.19,808.7,127977.4,,1703389523
pons_perfect,nn_az_6x64_mcts200,3,262,1,pons_perfect,1.0,37,2623432233146636443446675711177772255,95.04,97158.8,825.6,126378.4,,1850372773
pons_perfect,nn_az_6x64_mcts200,7,1473,0,pons_perfect,1.0,20,14735355445334453232,221.37,116473.18,723.8,138645.9,,1993716492
pons_perfect,nn_az_6x64_mcts200,8,24,1,pons_perfect,1.0,17,24424454522552353,181.05,114663.31,1116.8,139389.4,,1323253588
pons_perfect,nn_az_6x64_mcts200,1,643,1,pons_perfect,1.0,37,6433444446222222333356676617111771155,184.88,106210.41,1980.6,135460.4,,1028570315
pons_perfect,nn_az_6x64_mcts200,10,3257,1,pons_perfect,1.0,13,3257335346462,339.22,109684.68,1227.5,146616.6,,1963824765
pons_perfect,nn_az_6x64_mcts200,5,2763,0,pons_perfect,1.0,34,2763442445774255542552721111117733,253.73,91544.43,1825.2,136245.4,,157576984
pons_perfect,nn_az_6x64_mcts200,6,22,0,pons_perfect,1.0,28,2243242322333744447377666565,77.14,117972.17,790.8,149556.6,,957499275
pons_perfect,nn_az_6x64_mcts200,4,44,0,pons_perfect,1.0,36,444444565553322323322553777712167766,142.79,107822.4,1562.6,138672.4,,384879086
pons_perfect,nn_az_6x64_mcts200,6,22,1,pons_perfect,1.0,39,225444444566666632215555221777711117733,175.42,103715.76,2375.6,152428.6,,838679784
pons_perfect,nn_az_6x64_mcts200,7,1473,1,draw,0.5,42,147355444443336622665655312222356711117777,195.65,96891.37,1757.6,141471.4,,1742899001
pons_perfect,nn_az_6x64_mcts200,11,243,0,pons_perfect,1.0,20,24344422234427256635,311.71,105432.99,1361.0,146553.4,,968705427
pons_perfect,nn_az_6x64_mcts200,12,5466,0,pons_perfect,1.0,20,54666444676671732335,361.31,102417.48,2038.5,153279.4,,2083223652
pons_perfect,nn_az_6x64_mcts200,9,2537,1,pons_perfect,1.0,35,25374124224333444355223766665565611,99.89,94411.59,1330.9,145342.5,,2112101710
pons_perfect,nn_az_6x64_mcts200,13,72,1,pons_perfect,1.0,19,7222544414244151313,182.72,109697.68,1024.5,143164.3,,131784948
pons_perfect,nn_az_6x64_mcts200,10,3257,0,pons_perfect,1.0,34,3257464435544332122733242666667755,175.31,92599.37,1303.2,145011.3,,1219404140
pons_perfect,nn_az_6x64_mcts200,8,24,0,pons_perfect,1.0,38,24224252265555544144666661777711117733,108.18,94185.05,1043.0,150169.0,,1065906956
pons_perfect,nn_az_6x64_mcts200,18,3344,1,pons_perfect,1.0,7,3344552,9.35,38146.75,9.5,38146.8,,1896254243
pons_perfect,nn_az_6x64_mcts200,14,3117,1,pons_perfect,1.0,21,311745544344553335656,393.94,101419.53,1756.8,127253.4,,2098619397
pons_perfect,nn_az_6x64_mcts200,9,2537,0,pons_perfect,1.0,38,25374133425444343355722111557711666666,44.71,94393.3,299.6,139000.4,,1711749997
galli_minimax,easyai_negamax,0,71,1,galli_minimax,1.0,17,71414111565123322,1092.5,804.28,2223.0,1828.2,,2039723398
galli_minimax,easyai_negamax,0,71,0,galli_minimax,1.0,26,71141411144526353552222233,711.3,733.92,1646.3,1857.4,,440897986
pons_perfect,nn_az_6x64_mcts200,19,4626,1,pons_perfect,1.0,7,4626365,81.06,60159.39,144.6,60159.4,,143755322
galli_minimax,easyai_negamax,1,643,0,galli_minimax,1.0,20,64341314431115123222,679.0,499.53,1787.0,675.6,,1175784366
pons_perfect,nn_az_6x64_mcts200,18,3344,0,nn_az_6x64_mcts200,0.0,7,3344546,9.5,40279.62,9.5,70573.0,,974448999
galli_minimax,easyai_negamax,1,643,1,galli_minimax,1.0,23,64314131113341446255522,865.78,623.21,2061.2,826.0,,2082264818
galli_minimax,easyai_negamax,2,232,1,galli_minimax,1.0,27,232122314232337344115114445,381.17,384.38,962.6,877.5,,213760865
galli_minimax,easyai_negamax,3,262,1,galli_minimax,1.0,17,26214141112231223,472.25,703.63,1041.0,1075.6,,637513438
galli_minimax,easyai_negamax,2,232,0,galli_minimax,1.0,38,23221211122115336633365665555677777744,341.93,293.28,1363.1,794.3,,167062361
galli_minimax,easyai_negamax,4,44,0,galli_minimax,1.0,24,441414431113152522232235,446.78,723.94,1134.9,1593.7,,1379745562
galli_minimax,easyai_negamax,4,44,1,galli_minimax,1.0,23,44413241311165515433322,927.04,597.82,2750.1,1106.8,,125239385
galli_minimax,easyai_negamax,5,2763,1,galli_minimax,1.0,25,2763313141113361432222244,534.01,490.11,1096.4,723.5,,1826801368
galli_minimax,easyai_negamax,5,2763,0,galli_minimax,1.0,28,2763141411131633373644446522,439.16,411.12,1249.0,762.0,,307633765
galli_minimax,easyai_negamax,3,262,0,galli_minimax,1.0,34,2624223415756445561111122445566633,1201.59,1042.54,3430.1,2627.8,,1102328859
galli_minimax,easyai_negamax,6,22,0,galli_minimax,1.0,24,221414111565155622224433,557.45,614.76,1457.1,1508.8,,1316076250
galli_minimax,easyai_negamax,6,22,1,galli_minimax,1.0,19,2241415344511123312,1268.13,863.87,2542.8,1288.6,,250797791
galli_minimax,easyai_negamax,7,1473,1,galli_minimax,1.0,23,14735141411144535533222,663.39,532.96,1682.5,876.9,,1948731393
galli_minimax,easyai_negamax,7,1473,0,galli_minimax,1.0,24,147324131112233125223345,684.34,731.34,2639.1,1109.1,,1362018327
galli_minimax,easyai_negamax,8,24,1,galli_minimax,1.0,23,24415141114421522224333,665.28,558.4,1438.9,1387.9,,1423750368
galli_minimax,easyai_negamax,8,24,0,galli_minimax,1.0,22,2414144511352233112223,942.34,787.54,3323.7,1278.8,,1760914421
galli_minimax,easyai_negamax,9,2537,1,galli_minimax,1.0,31,2537413141153344414163553557622,618.45,561.41,1490.3,1187.7,,1009879720
galli_minimax,easyai_negamax,9,2537,0,galli_minimax,1.0,24,253714641445113553113222,1089.27,1038.63,3442.6,2320.7,,1231432292
galli_minimax,easyai_negamax,10,3257,1,galli_minimax,1.0,21,325746413233441111122,1092.84,1034.14,2436.2,2733.8,,1074525320
galli_minimax,easyai_negamax,10,3257,0,galli_minimax,1.0,32,32571414111354431434336777776522,514.61,576.07,1591.5,2450.7,,787437887
galli_minimax,easyai_negamax,11,243,1,galli_minimax,1.0,25,2431313341114152222233545,403.14,560.2,982.4,915.9,,1740315395
galli_minimax,easyai_negamax,11,243,0,galli_minimax,1.0,20,24331313341112212424,612.2,569.11,1682.0,777.4,,1609212269
galli_minimax,easyai_negamax,12,5466,1,galli_minimax,1.0,27,546641414451115531342222223,660.77,668.8,1581.1,1105.5,,1630077263
galli_minimax,easyai_negamax,12,5466,0,galli_minimax,1.0,34,5466141445111513332222223433455566,584.17,516.22,2783.4,1057.1,,1969221705
pons_perfect,nn_az_6x64_mcts200,15,75,1,pons_perfect,1.0,17,75555544454411233,81.75,94972.43,334.6,121816.3,,92825518
galli_minimax,easyai_negamax,14,3117,1,galli_minimax,1.0,17,31174241322133215,1079.31,695.76,2554.9,1034.0,,391776457
galli_minimax,easyai_negamax,13,72,0,galli_minimax,1.0,30,721414111353533444143365555622,598.79,588.58,1146.0,1239.9,,1592524630
galli_minimax,easyai_negamax,13,72,1,galli_minimax,1.0,35,72414156511155674433212322623343455,1041.96,924.28,3142.7,2135.7,,381321697
galli_minimax,easyai_negamax,14,3117,0,galli_minimax,1.0,24,311714111425653445533222,724.35,588.78,1544.9,1173.9,,77462516
galli_minimax,easyai_negamax,15,75,0,galli_minimax,1.0,16,7514241511136312,1094.59,807.13,2402.6,1403.2,,341939531
galli_minimax,easyai_negamax,15,75,1,galli_minimax,1.0,27,754141445111515572422222333,731.32,537.53,2053.2,851.3,,1615491138
galli_minimax,easyai_negamax,16,273,0,galli_minimax,1.0,26,27341314111223122234334445,574.21,498.05,2085.7,1316.3,,1919591445
galli_minimax,easyai_negamax,18,3344,1,galli_minimax,1.0,7,3344215,746.45,329.96,1163.0,330.0,,473899054
galli_minimax,easyai_negamax,16,273,1,galli_minimax,1.0,31,2731453141153344414163553557622,579.85,606.06,1550.5,1310.7,,1331299905
galli_minimax,easyai_negamax,18,3344,0,easyai_negamax,0.0,7,3344215,223.26,1464.2,223.3,2216.5,,1318084371
galli_minimax,easyai_negamax,19,4626,1,galli_minimax,1.0,7,4626315,1375.58,448.97,1980.3,449.0,,31533595
galli_minimax,easyai_negamax,19,4626,0,easyai_negamax,0.0,7,4626315,286.99,1550.14,287.0,2342.8,,195592944
galli_minimax,easyai_negamax,17,374,1,galli_minimax,1.0,21,374241315633441111222,901.8,906.75,3055.1,1361.6,,611311124
galli_minimax,kaggle_negamax,0,71,0,galli_minimax,1.0,24,717477647322231332716151,808.32,124.61,2692.3,304.2,,1030915987
galli_minimax,easyai_negamax,17,374,0,galli_minimax,1.0,26,37421414111443152542222335,650.64,1294.74,1393.1,2645.7,,954109642
galli_minimax,kaggle_negamax,0,71,1,galli_minimax,1.0,27,714547445777543734111115262,1000.4,157.38,3026.4,360.9,,1294284721
galli_minimax,kaggle_negamax,1,643,1,galli_minimax,1.0,35,64364664474631333743161117771522272,597.65,142.31,1954.3,344.4,,654454578
galli_minimax,kaggle_negamax,3,262,1,galli_minimax,1.0,19,2626454322354411171,495.18,96.14,1120.3,331.4,,1937656168
galli_minimax,kaggle_negamax,2,232,1,galli_minimax,1.0,21,232746472244377411141,865.65,134.43,1959.5,308.3,,1089813417
galli_minimax,kaggle_negamax,1,643,0,galli_minimax,1.0,26,64347443737735523271117142,1031.78,150.24,2659.9,352.0,,117880600
galli_minimax,kaggle_negamax,2,232,0,galli_minimax,1.0,26,23227373346277745224417141,1062.86,133.46,3288.7,358.2,,1616715924
galli_minimax,kaggle_negamax,4,44,1,galli_minimax,1.0,33,444725475551445775271611121222363,656.94,104.99,1633.2,380.9,,1938929196
galli_minimax,kaggle_negamax,3,262,0,galli_minimax,1.0,38,26247462667277622444747531551111615333,812.13,83.85,2334.8,293.5,,900114303
galli_minimax,kaggle_negamax,5,2763,1,galli_minimax,1.0,23,27633446464432335527172,811.41,143.14,1403.7,355.7,,1502340772
galli_minimax,kaggle_negamax,4,44,0,galli_minimax,1.0,32,44745664434573771331117171622262,798.53,106.39,2205.2,306.6,,1450544788
galli_minimax,kaggle_negamax,6,22,0,galli_minimax,1.0,20,22747464423377411161,846.12,148.81,1446.1,320.0,,307604516
galli_minimax,kaggle_negamax,6,22,1,kaggle_negamax,0.0,20,22454344553551333212,995.59,122.36,1375.8,335.8,,1311305763
galli_minimax,kaggle_negamax,5,2763,0,galli_minimax,1.0,24,276366335232766225657474,1586.61,235.68,2239.0,428.1,,1756717122
galli_minimax,kaggle_negamax,7,1473,1,galli_minimax,1.0,31,1473574747773454114111332233562,871.18,113.18,3151.1,389.4,,162005154
galli_minimax,kaggle_negamax,7,1473,0,galli_minimax,1.0,24,147354644353357251615171,757.98,105.96,1717.5,345.2,,1985956888
galli_minimax,kaggle_negamax,9,2537,1,galli_minimax,1.0,19,2537413745332122171,695.54,85.81,1369.8,306.6,,1439115475
galli_minimax,kaggle_negamax,8,24,1,galli_minimax,1.0,21,244745665744223314133,1325.5,149.93,2712.2,358.7,,313712770
galli_minimax,kaggle_negamax,8,24,0,galli_minimax,1.0,34,2474627442775475755151511112224333,759.43,129.3,2639.6,373.0,,1742575855
galli_minimax,kaggle_negamax,9,2537,0,galli_minimax,1.0,28,2537647474435333555231111142,1169.13,164.58,2162.5,406.2,,2098447475
galli_minimax,kaggle_negamax,10,3257,1,kaggle_negamax,0.0,36,325746454455277427224572111117331533,900.9,88.45,2441.6,352.3,,317399426
galli_minimax,kaggle_negamax,10,3257,0,galli_minimax,1.0,34,3257746356655476526221111361514334,904.39,144.02,2065.6,399.8,,503316395
galli_minimax,kaggle_negamax,11,243,0,galli_minimax,1.0,20,24334474744362133271,792.77,165.44,1730.8,421.9,,658619722
galli_minimax,kaggle_negamax,11,243,1,galli_minimax,1.0,37,2434344337456737765656664171173211155,936.25,150.76,2347.0,412.1,,1542712049
galli_minimax,kaggle_negamax,12,5466,1,galli_minimax,1.0,29,54664747445775513223271716151,1255.1,127.09,3744.2,331.1,,1219733653
galli_minimax,kaggle_negamax,12,5466,0,galli_minimax,1.0,36,546655646574455674674121211211222373,874.71,90.52,2664.6,387.7,,610929504
galli_minimax,kaggle_negamax,13,72,0,galli_minimax,1.0,22,7254731454437723327171,958.24,117.03,1854.4,357.4,,781964108
galli_minimax,kaggle_negamax,13,72,1,galli_minimax,1.0,31,7247452744255777543522462561133,959.44,118.61,2724.2,286.4,,846567349
galli_minimax,kaggle_negamax,14,3117,1,galli_minimax,1.0,27,311745474437745717111335366,697.48,94.91,1597.2,320.5,,1899902594
galli_minimax,kaggle_negamax,14,3117,0,galli_minimax,1.0,24,311774546443664552617172,1044.05,172.79,2023.1,348.6,,459297923
galli_minimax,kaggle_negamax,15,75,0,galli_minimax,1.0,18,757464777572336162,1153.82,146.34,2977.0,291.5,,737436503
galli_minimax,kaggle_negamax,15,75,1,galli_minimax,1.0,23,75474744377735213312261,1134.75,157.42,2994.1,402.4,,632529065
galli_minimax,kaggle_negamax,16,273,1,galli_minimax,1.0,25,2734413652334722114456155,1181.26,100.16,2113.6,267.9,,963515422
galli_minimax,kaggle_negamax,18,3344,1,galli_minimax,1.0,7,3344271,203.32,0.12,307.8,0.1,,1848772136
galli_minimax,kaggle_negamax,16,273,0,galli_minimax,1.0,32,27345374556443755334345777116162,775.18,106.75,1872.5,384.2,,863365538
galli_minimax,kaggle_negamax,17,374,1,galli_minimax,1.0,23,37424736332773111712161,1092.65,109.9,2767.0,255.5,,801182400
galli_minimax,kaggle_negamax,19,4626,1,galli_minimax,1.0,7,4626351,292.12,3.13,457.5,3.1,,103811417
galli_minimax,kaggle_negamax,17,374,0,galli_minimax,1.0,22,3742566474636622237353,1135.62,209.61,2427.4,364.1,,731984167
pons_perfect,nn_az_6x64_mcts200,12,5466,1,pons_perfect,1.0,39,546644442266654632215555221777711117733,55.42,90288.38,740.6,151898.7,,1619046952
galli_minimax,kaggle_negamax,18,3344,0,galli_minimax,1.0,20,33447256652463327165,1092.43,96.81,2065.3,264.5,,1094369366
galli_minimax,ours_minimax_d4,1,643,1,draw,0.5,42,643444346366336463122255112227555577711177,399.47,2.81,1340.0,10.0,,169067617
galli_minimax,ours_minimax_d4,0,71,0,ours_minimax_d4,0.0,29,71444541554455511221716772626,620.99,7.38,1692.3,11.6,,2063186348
galli_minimax,ours_minimax_d4,1,643,0,galli_minimax,1.0,32,64344344333436661111661177777755,469.53,5.1,1426.4,12.1,,1911999283
galli_minimax,kaggle_negamax,19,4626,0,galli_minimax,1.0,30,462673747773733232211111616244,1056.7,104.4,3954.8,376.4,,474010292
galli_minimax,ours_minimax_d4,0,71,1,ours_minimax_d4,0.0,42,714444655435354676655667111211222777223333,845.19,4.32,2328.7,11.1,,1333178170
galli_minimax,ours_minimax_d4,2,232,0,ours_minimax_d4,0.0,19,2322444242244555513,648.54,6.36,1292.1,12.0,,1717932006
galli_minimax,ours_minimax_d4,2,232,1,ours_minimax_d4,0.0,38,23223323346626244446641611371177751555,469.42,5.07,1269.0,15.0,,51432585
galli_minimax,ours_minimax_d4,3,262,1,galli_minimax,1.0,25,2624554445544225522116333,629.74,8.72,1462.7,15.4,,645094110
galli_minimax,ours_minimax_d4,4,44,0,galli_minimax,1.0,32,44434334343311171777666666117755,276.18,4.64,932.6,10.0,,524684700
galli_minimax,ours_minimax_d4,3,262,0,ours_minimax_d4,0.0,25,2624544454552241255231313,810.79,6.54,1714.3,12.1,,748734032
galli_minimax,ours_minimax_d4,4,44,1,galli_minimax,1.0,37,4444324633133463666655127112222117755,525.22,3.45,2376.5,12.1,,1913398284
galli_minimax,ours_minimax_d4,5,2763,1,ours_minimax_d4,0.0,38,27633344443214136634556766721111722255,471.63,4.15,1432.0,11.5,,648347332
galli_minimax,ours_minimax_d4,6,22,0,ours_minimax_d4,0.0,21,224344424224627561315,563.41,3.64,843.0,14.5,,674049574
galli_minimax,ours_minimax_d4,6,22,1,galli_minimax,1.0,35,22433324242244347666667716175337755,644.81,6.06,1896.1,11.5,,320640530
galli_minimax,ours_minimax_d4,5,2763,0,galli_minimax,1.0,36,276333232236265564745553265161111144,897.41,6.62,2114.9,18.2,,707216028
galli_minimax,ours_minimax_d4,7,1473,0,galli_minimax,1.0,30,147354434335534451371155117222,605.03,3.65,1755.4,10.2,,1188566197
galli_minimax,ours_minimax_d4,7,1473,1,galli_minimax,1.0,39,147354443335432473117777222111555562266,521.45,4.35,1530.5,12.3,,1507269884
pons_perfect,nn_az_6x64_mcts200,14,3117,0,pons_perfect,1.0,30,311754335444154436656556113717,350.78,83839.77,2128.5,121306.9,,987066621
galli_minimax,ours_minimax_d4,8,24,1,ours_minimax_d4,0.0,36,244424422565554255621711111766663333,565.75,4.98,1952.7,15.4,,23729870
galli_minimax,ours_minimax_d4,8,24,0,galli_minimax,1.0,32,24644244266422626611111177777733,440.91,4.93,1264.2,11.4,,1469981203
pons_perfect,nn_az_6x64_mcts200,11,243,1,pons_perfect,1.0,37,2432444466266222453733336161171771155,174.84,95341.62,918.0,156149.8,,1277956058
galli_minimax,ours_minimax_d4,9,2537,0,draw,0.5,42,253741444333542213473555516112221666667777,478.5,4.38,1466.6,13.9,,1884006200
galli_minimax,ours_minimax_d4,11,243,1,ours_minimax_d4,0.0,22,2434344334433577757515,796.11,6.24,1364.7,10.7,,1519613925
galli_minimax,ours_minimax_d4,9,2537,1,galli_minimax,1.0,31,2537413342244353354455251211666,788.26,6.99,1576.1,17.0,,409528785
galli_minimax,ours_minimax_d4,10,3257,0,galli_minimax,1.0,36,325746443554421554222512677711711733,583.85,6.61,2288.5,14.9,,1939495603
galli_minimax,ours_minimax_d4,11,243,0,draw,0.5,42,243344443233453767775622227171111155666556,484.5,3.8,1441.8,11.2,,2114509301
galli_minimax,ours_minimax_d4,10,3257,1,galli_minimax,1.0,35,32574644425226655464662271111515133,834.32,4.62,1997.7,12.5,,1826943021
galli_minimax,ours_minimax_d4,12,5466,1,ours_minimax_d4,0.0,38,54664444466333355556561111233112222277,439.28,4.41,1402.7,11.9,,1916301075
galli_minimax,ours_minimax_d4,14,3117,0,galli_minimax,1.0,34,3117454434335445535537771111772222,410.08,2.46,1419.5,8.3,,1531436409
galli_minimax,ours_minimax_d4,13,72,0,ours_minimax_d4,0.0,31,7244424425555242523651161111633,681.52,5.03,2084.5,12.0,,531103925
galli_minimax,ours_minimax_d4,12,5466,0,ours_minimax_d4,0.0,41,54664446426312224333233251111177766775555,635.57,6.07,2280.6,14.9,,539613336
galli_minimax,ours_minimax_d4,15,75,1,ours_minimax_d4,0.0,30,754444455545511117771212222233,514.63,5.75,1399.1,11.3,,1958598618
galli_minimax,ours_minimax_d4,13,72,1,galli_minimax,1.0,33,724644244272242776666677551331555,716.42,4.7,1782.3,11.4,,1374975236
galli_minimax,ours_minimax_d4,18,3344,1,galli_minimax,1.0,7,3344251,163.44,0.1,222.9,0.1,,1746583415
pons_perfect,nn_az_6x64_mcts200,13,72,0,pons_perfect,1.0,34,7244442224272476761661636311117733,283.6,87892.73,2620.6,152645.1,,68343642
galli_minimax,ours_minimax_d4,18,3344,0,ours_minimax_d4,0.0,7,3344512,440.28,0.35,440.3,0.7,,536277637
galli_minimax,ours_minimax_d4,19,4626,0,ours_minimax_d4,0.0,7,4626315,176.88,0.38,176.9,0.7,,980559484
galli_minimax,ours_minimax_d4,19,4626,1,galli_minimax,1.0,7,4626351,268.06,0.09,446.6,0.1,,771345418
galli_minimax,ours_minimax_d4,14,3117,1,galli_minimax,1.0,35,31174242565226554466141114552266777,786.85,4.8,2551.8,12.9,,766619787
galli_minimax,ours_minimax_d4,17,374,1,galli_minimax,1.0,15,374544351221343,611.65,6.46,995.0,13.2,,596024343
galli_minimax,ours_minimax_d4,16,273,1,galli_minimax,1.0,27,273444334363346476622222555,540.14,4.28,1534.0,9.8,,1098466293
galli_minimax,ours_minimax_d4,15,75,0,draw,0.5,42,753444433354552535437117111177722222666666,510.94,4.52,1505.8,11.5,,748442590
galli_minimax,ours_minimax_d4,17,374,0,ours_minimax_d4,0.0,31,3742446542433357413113717551616,643.13,4.82,1386.5,9.3,,633589731
galli_minimax,ours_minimax_d8,0,71,0,galli_minimax,1.0,32,71344443433245513117376771176556,386.56,111.33,878.7,389.6,,129643113
galli_minimax,ours_minimax_d8,1,643,1,ours_minimax_d8,0.0,40,6434443464666336133227777255555512111212,352.29,55.75,1040.4,164.6,,1675471561
galli_minimax,ours_minimax_d8,1,643,0,ours_minimax_d8,0.0,19,6434434443336671515,822.32,89.52,1312.8,251.6,,1787689513
galli_minimax,ours_minimax_d4,16,273,0,draw,0.5,42,273444443335655355413521161117222266667777,599.07,4.57,1877.0,11.3,,1574072017
galli_minimax,ours_minimax_d8,0,71,1,galli_minimax,1.0,35,71444465554545561216116177337662332,507.03,80.51,1346.7,189.7,,1724428586
galli_minimax,ours_minimax_d8,2,232,1,ours_minimax_d8,0.0,26,23223323346366244664451515,557.76,124.35,1162.5,320.0,,452235504
galli_minimax,ours_minimax_d8,2,232,0,galli_minimax,1.0,32,23222444465545524255777711771133,512.21,80.87,1511.8,435.7,,1579496575
galli_minimax,ours_minimax_d8,4,44,0,ours_minimax_d8,0.0,31,4443434437373377566771111121222,305.3,75.15,723.5,419.5,,80161324
galli_minimax,ours_minimax_d8,5,2763,1,ours_minimax_d8,0.0,34,2763334344646614433162267222777711,336.83,45.98,959.4,272.2,,1369301811
galli_minimax,ours_minimax_d8,3,262,1,ours_minimax_d8,0.0,32,26245422444664656655552211111133,508.03,62.08,1610.5,246.5,,588167326
galli_minimax,ours_minimax_d8,6,22,1,ours_minimax_d8,0.0,32,22433323342244131626446665111515,439.92,84.71,1187.2,271.4,,1009845733
galli_minimax,ours_minimax_d8,5,2763,0,ours_minimax_d8,0.0,31,2763333224432655226361661771514,557.33,123.82,1246.2,346.8,,1072955263
galli_minimax,ours_minimax_d8,6,22,0,ours_minimax_d8,0.0,21,224344424224627561315,572.2,101.07,902.1,218.7,,1804477072
galli_minimax,ours_minimax_d8,4,44,1,ours_minimax_d8,0.0,26,44443554652135255226767616,834.09,83.27,1242.1,279.2,,2117309105
galli_minimax,ours_minimax_d8,7,1473,0,galli_minimax,1.0,32,14735443433544535137557777111122,386.93,40.69,1336.9,150.9,,1550438848
galli_minimax,ours_minimax_d8,8,24,1,ours_minimax_d8,0.0,40,2444244222465553255511113333367711666677,331.51,63.9,984.8,218.4,,1113687550
galli_minimax,ours_minimax_d8,3,262,0,ours_minimax_d8,0.0,21,262434463345743573515,1681.87,107.75,2635.4,239.4,,1814568185
galli_minimax,ours_minimax_d8,7,1473,1,ours_minimax_d8,0.0,34,1473544434235313347711121777622625,539.55,74.52,1577.3,197.3,,394064468
galli_minimax,ours_minimax_d8,9,2537,1,galli_minimax,1.0,37,2537413433444433511176771177222226556,355.55,66.5,1185.4,243.6,,700185978
galli_minimax,ours_minimax_d8,9,2537,0,ours_minimax_d8,0.0,27,253741444344313733277755515,579.07,120.3,1352.2,288.0,,1044776687
galli_minimax,ours_minimax_d8,8,24,0,galli_minimax,1.0,34,2444465545514153222252711166616633,498.47,96.99,1668.4,313.8,,932627136
galli_minimax,ours_minimax_d8,10,3257,1,ours_minimax_d8,0.0,40,3257464445553423332411225325766677111616,447.87,38.18,1932.4,131.9,,2131872192
galli_minimax,ours_minimax_d8,11,243,1,ours_minimax_d8,0.0,24,243434433443357777261516,538.35,79.81,932.7,228.1,,1624398903
pons_perfect,nn_az_6x64_mcts200,16,273,0,pons_perfect,1.0,24,273426552245255344626343,108.82,79175.22,635.6,121707.4,,1328704785
galli_minimax,ours_minimax_d8,12,5466,1,ours_minimax_d8,0.0,36,546644444663333555556212611122112233,367.31,62.72,1362.4,259.8,,1036589779
galli_minimax,ours_minimax_d8,11,243,0,draw,0.5,42,243344443233453767775617666651112255225117,388.32,66.87,1195.3,208.4,,758154855
galli_minimax,ours_minimax_d8,10,3257,0,ours_minimax_d8,0.0,33,325746444332435741313111177555522,749.11,74.95,1861.8,228.7,,502547398
galli_minimax,ours_minimax_d8,12,5466,0,galli_minimax,1.0,34,5466444642631242262151116217775533,520.52,75.3,2198.2,212.4,,1178127203
galli_minimax,ours_minimax_d8,14,3117,1,galli_minimax,1.0,35,31174543443344337177772211222216556,384.93,68.41,1113.8,160.6,,1882096339
galli_minimax,ours_minimax_d8,14,3117,0,ours_minimax_d8,0.0,27,311745444342533141711766622,545.72,75.81,1100.4,169.2,,2052072463
galli_minimax,ours_minimax_d8,13,72,0,ours_minimax_d8,0.0,23,72444244422552516661717,708.11,85.65,1143.1,226.0,,1595676716
galli_minimax,ours_minimax_d8,18,3344,1,galli_minimax,1.0,7,3344251,161.98,0.09,226.0,0.1,,1922876293
galli_minimax,ours_minimax_d8,18,3344,0,ours_minimax_d8,0.0,7,3344512,451.69,0.37,451.7,0.7,,1849604596
galli_minimax,ours_minimax_d8,19,4626,1,galli_minimax,1.0,7,4626351,112.67,0.1,178.3,0.1,,2013539594
galli_minimax,ours_minimax_d8,19,4626,0,ours_minimax_d8,0.0,7,4626315,262.64,0.44,262.6,0.8,,942859382
galli_minimax,ours_minimax_d8,15,75,1,ours_minimax_d8,0.0,30,754444455545537333771331111122,465.63,62.97,1034.2,136.2,,1578966527
galli_minimax,ours_minimax_d8,15,75,0,ours_minimax_d8,0.0,29,75444443555252411151167222717,616.3,100.0,1044.0,242.8,,1413000022
galli_minimax,ours_minimax_d8,16,273,1,galli_minimax,1.0,35,27344344335424133777776666111616155,428.17,64.06,1354.2,288.6,,1579254543
galli_minimax,ours_minimax_d8,17,374,0,ours_minimax_d8,0.0,11,37424433516,1126.53,89.78,1418.5,223.5,,1299847468
galli_minimax,ours_minimax_d8,13,72,1,ours_minimax_d8,0.0,30,724444655455322224552777771113,909.43,101.7,2160.0,271.2,,1291983565
galli_minimax,ours_minimax_d8,16,273,0,ours_minimax_d8,0.0,21,273444442225655233315,831.23,101.3,1377.7,215.3,,1335721480
galli_minimax,ours_minimax_d8,17,374,1,ours_minimax_d8,0.0,34,3745443133543445513777775511112222,493.03,66.06,1799.0,197.9,,649760302
galli_minimax,nn_az_6x64_mcts200,3,262,0,galli_minimax,1.0,10,2624454143,928.33,52275.89,1579.3,116137.7,,292338937
pons_perfect,nn_az_6x64_mcts200,15,75,0,pons_perfect,1.0,30,754445333551344473773551111166,125.36,82188.33,1187.9,118643.5,,861419298
pons_perfect,nn_az_6x64_mcts200,17,374,1,pons_perfect,1.0,29,37453444332147477757336111212,141.62,81239.54,915.6,120358.4,,136388185
pons_perfect,nn_az_6x64_mcts200,17,374,0,pons_perfect,1.0,34,3742564435544332122733242666667755,102.13,70130.8,799.8,112574.5,,766585190
pons_perfect,nn_az_6x64_mcts200,16,273,1,pons_perfect,1.0,35,27344442544566522571552217711711733,214.32,81865.69,2225.5,123578.0,,1521295339
galli_minimax,nn_az_6x64_mcts200,3,262,1,galli_minimax,1.0,15,262343324425441,1024.52,96115.21,1444.0,119568.1,,1917750609
galli_minimax,nn_az_6x64_mcts200,2,232,0,galli_minimax,1.0,16,2322332334444655,973.86,97608.44,1271.8,121302.8,,1224097380
galli_minimax,nn_az_6x64_mcts200,4,44,1,galli_minimax,1.0,15,444544555522133,1166.47,97343.64,1913.0,118507.4,,3177149
pons_perfect,nn_az_6x64_mcts200,19,4626,0,pons_perfect,1.0,36,462623223344433244237666117677117711,32.79,73255.37,215.6,114641.4,,127685173
galli_minimax,nn_az_6x64_mcts200,0,71,0,galli_minimax,1.0,20,71343343314414111242,649.15,105075.99,1246.7,122277.3,,1877934214
galli_minimax,nn_az_6x64_mcts200,1,643,0,nn_az_6x64_mcts200,0.0,27,643443446664766331111112222,954.91,104354.12,1816.3,121755.2,,399974810
galli_minimax,nn_az_6x64_mcts200,1,643,1,galli_minimax,1.0,31,6433334444666773161611141753272,820.08,93517.49,2393.4,118774.7,,284755927
galli_minimax,nn_az_6x64_mcts200,8,24,0,galli_minimax,1.0,16,2424444522563337,1964.87,89752.44,3598.9,122362.5,,995053647
galli_minimax,nn_az_6x64_mcts200,2,232,1,galli_minimax,1.0,35,23233344221362273777666775664444555,607.29,88777.44,2010.7,120612.9,,1379558795
galli_minimax,nn_az_6x64_mcts200,7,1473,0,galli_minimax,1.0,24,147354437577433226446556,1477.02,83929.54,3377.0,121420.8,,1240082242
galli_minimax,nn_az_6x64_mcts200,6,22,0,galli_minimax,1.0,22,2243242322343443734555,491.27,102960.76,1412.6,122963.0,,192488907
galli_minimax,nn_az_6x64_mcts200,5,2763,0,galli_minimax,1.0,24,276344223424433637616565,1717.54,109305.07,3648.7,122233.5,,441292451
galli_minimax,nn_az_6x64_mcts200,6,22,1,galli_minimax,1.0,25,2243332423223444456316161,934.45,102641.38,2277.9,123101.4,,1572299448
galli_minimax,nn_az_6x64_mcts200,5,2763,1,galli_minimax,1.0,33,276332444432337473774227121655556,1110.85,97282.78,2819.7,119791.1,,1329486863
galli_minimax,nn_az_6x64_mcts200,0,71,1,nn_az_6x64_mcts200,0.0,40,7145444455541515112222227166336677773333,750.97,89511.17,2600.7,121250.9,,1803123070
galli_minimax,nn_az_6x64_mcts200,8,24,1,galli_minimax,1.0,25,2442445433334337771622556,870.8,102455.23,2037.7,120976.3,,1945860815
galli_minimax,nn_az_6x64_mcts200,4,44,0,nn_az_6x64_mcts200,0.0,39,444373733664774466665111111337722222255,959.86,82949.43,3861.5,121036.0,,886747910
galli_minimax,nn_az_6x64_mcts200,10,3257,1,galli_minimax,1.0,17,32574644445533126,1628.19,81746.21,2655.6,124647.3,,172865695
galli_minimax,nn_az_6x64_mcts200,10,3257,0,galli_minimax,1.0,20,32574644355442216163,1317.65,91649.73,3148.2,133368.2,,157188740
galli_minimax,nn_az_6x64_mcts200,7,1473,1,galli_minimax,1.0,39,147355444455224227575777666661611212133,744.56,92484.92,1893.3,122183.6,,1611642947
galli_minimax,nn_az_6x64_mcts200,9,2537,1,galli_minimax,1.0,35,25374134334447577114133611772222255,860.63,86332.15,3234.9,127088.8,,724032728
galli_minimax,nn_az_6x64_mcts200,13,72,0,galli_minimax,1.0,16,7244423373773141,1287.91,104619.71,2556.7,130318.4,,782646568
galli_minimax,nn_az_6x64_mcts200,12,5466,0,galli_minimax,1.0,32,54666444676671723331211121222375,984.85,63323.8,3227.0,129593.4,,1251408761
galli_minimax,nn_az_6x64_mcts200,18,3344,1,galli_minimax,1.0,7,3344241,299.16,18204.63,434.1,18204.6,,1368645666
galli_minimax,nn_az_6x64_mcts200,18,3344,0,nn_az_6x64_mcts200,0.0,7,3344516,835.92,47805.28,835.9,78237.8,,800258609
galli_minimax,nn_az_6x64_mcts200,11,243,1,galli_minimax,1.0,23,24324444433333676676565,924.33,114858.93,2201.1,136530.2,,2045475363
galli_minimax,nn_az_6x64_mcts200,19,4626,1,galli_minimax,1.0,7,4626361,516.32,66207.6,882.1,66207.6,,240977354
easyai_negamax,kaggle_negamax,0,71,1,easyai_negamax,1.0,39,711516111527255433223223676637763657544,521.55,94.93,1101.4,397.1,,750598292
easyai_negamax,kaggle_negamax,0,71,0,kaggle_negamax,0.0,25,7171411177657162725466524,1083.13,162.38,4425.3,427.1,,1208442437
easyai_negamax,kaggle_negamax,1,643,1,easyai_negamax,1.0,31,6432141211271714442227773345373,617.4,167.83,1021.8,436.6,,1757272917
easyai_negamax,kaggle_negamax,1,643,0,easyai_negamax,1.0,28,6431317111716266776272236424,668.29,147.65,1290.3,465.3,,746041514
galli_minimax,nn_az_6x64_mcts200,17,374,1,galli_minimax,1.0,13,3745443412231,585.08,82204.39,1333.2,121119.8,,1674581936
easyai_negamax,kaggle_negamax,2,232,1,easyai_negamax,1.0,33,232717151113221225355535334776464,408.42,80.14,811.0,322.3,,682425338
easyai_negamax,kaggle_negamax,2,232,0,easyai_negamax,1.0,38,23217171116177727262236654454544564353,380.46,61.05,769.4,264.0,,630850790
easyai_negamax,kaggle_negamax,3,262,1,easyai_negamax,1.0,19,2627131454111322364,860.5,153.31,1432.7,317.0,,2048672499
easyai_negamax,kaggle_negamax,3,262,0,easyai_negamax,1.0,38,26216161117152726677722373333355444454,500.83,81.53,1179.6,307.8,,475501713
easyai_negamax,kaggle_negamax,4,44,1,kaggle_negamax,0.0,30,441717111417762327222724454633,731.69,96.06,1647.4,292.7,,757747625
easyai_negamax,kaggle_negamax,5,2763,1,easyai_negamax,1.0,39,276317177511151323355722232735566444464,611.7,113.53,4358.3,428.2,,1079819856
easyai_negamax,kaggle_negamax,4,44,0,easyai_negamax,1.0,34,4463577171511166775571622242233354,1243.05,177.33,4998.2,435.4,,1402025647
easyai_negamax,kaggle_negamax,5,2763,0,kaggle_negamax,0.0,35,27637171776111317266542232624533435,730.17,129.74,4192.7,410.3,,1775443618
easyai_negamax,kaggle_negamax,6,22,1,kaggle_negamax,0.0,30,221717111416577727252246366534,723.89,110.09,2193.4,352.9,,86594971
easyai_negamax,kaggle_negamax,6,22,0,kaggle_negamax,0.0,23,22716171117761664545524,982.47,157.48,3323.0,397.9,,567096833
easyai_negamax,kaggle_negamax,7,1473,1,easyai_negamax,1.0,31,1473241711165656654514462622373,787.39,118.57,2245.8,232.1,,356063208
easyai_negamax,kaggle_negamax,7,1473,0,easyai_negamax,1.0,26,14735161117162775472322434,690.32,160.23,2153.1,433.5,,1017129442
easyai_negamax,kaggle_negamax,8,24,1,kaggle_negamax,0.0,24,241716571116177725466524,908.5,148.33,2008.0,384.9,,1593819577
easyai_negamax,kaggle_negamax,8,24,0,easyai_negamax,1.0,28,2471717761116172222266745363,832.49,176.71,4360.3,408.7,,629109952
easyai_negamax,kaggle_negamax,9,2537,1,kaggle_negamax,0.0,32,25371465161137421773145527245424,1224.87,98.91,4087.3,295.1,,1934831398
easyai_negamax,kaggle_negamax,9,2537,0,easyai_negamax,1.0,36,253741617111615422767772225333653634,658.18,129.7,2479.9,453.8,,2118486484
easyai_negamax,kaggle_negamax,10,3257,1,kaggle_negamax,0.0,38,32571716111777172626662226353333555544,813.78,101.99,4490.5,345.1,,275074935
easyai_negamax,kaggle_negamax,10,3257,0,easyai_negamax,1.0,42,325764717151116455774661723222336253536444,728.44,115.14,2966.0,360.5,,1409699070
easyai_negamax,kaggle_negamax,11,243,1,kaggle_negamax,0.0,24,243617551511171554644624,705.47,147.4,1269.8,333.3,,383581723
easyai_negamax,kaggle_negamax,12,5466,1,kaggle_negamax,0.0,24,546617161117177727245625,656.99,112.18,1768.0,332.6,,1210457812
easyai_negamax,kaggle_negamax,11,243,0,easyai_negamax,1.0,36,243141611171625375662277744554625363,667.01,127.9,1757.9,337.5,,79555517
easyai_negamax,kaggle_negamax,13,72,1,kaggle_negamax,0.0,38,72171511112625222735533776653733566644,342.97,64.52,783.6,280.7,,818460243
easyai_negamax,kaggle_negamax,12,5466,0,draw,0.5,42,546671517111614235622266773223344534545377,565.8,94.04,1323.9,385.3,,1178582864
galli_minimax,nn_az_6x64_mcts200,11,243,0,galli_minimax,1.0,38,24332443433544357225552715777172611116,783.59,79769.78,2226.7,126794.1,,1619335436
easyai_negamax,kaggle_negamax,14,3117,1,easyai_negamax,1.0,39,311715111327222225355533354776466776664,308.05,50.71,885.9,279.1,,1333876233
easyai_negamax,kaggle_negamax,13,72,0,easyai_negamax,1.0,38,72717731511171333322725226555356666644,545.21,100.88,4151.4,355.1,,1216295558
galli_minimax,nn_az_6x64_mcts200,9,2537,0,draw,0.5,42,253741334252665224443432357551117711666677,676.4,81370.72,2049.7,125907.5,,1593581787
easyai_negamax,kaggle_negamax,14,3117,0,easyai_negamax,1.0,20,31174265513264722374,754.97,134.45,1142.0,294.0,,2022608569
easyai_negamax,kaggle_negamax,15,75,1,kaggle_negamax,0.0,22,7517171117771626266423,774.43,117.06,3464.7,313.9,,1230463349
easyai_negamax,kaggle_negamax,15,75,0,easyai_negamax,1.0,34,7551311171517772623222235553347444,469.51,129.32,2014.9,315.3,,57852503
easyai_negamax,kaggle_negamax,16,273,1,easyai_negamax,1.0,31,2734141711165777156233364746553,698.77,92.17,2276.9,249.5,,613092261
easyai_negamax,kaggle_negamax,18,3344,1,easyai_negamax,1.0,7,3344271,490.74,0.12,728.8,0.1,,247049097
easyai_negamax,kaggle_negamax,16,273,0,easyai_negamax,1.0,26,27315461611171727754344352,781.86,139.12,1667.7,343.1,,494687607
easyai_negamax,kaggle_negamax,18,3344,0,kaggle_negamax,0.0,7,3344512,662.98,52.39,663.0,104.7,,1783281031
easyai_negamax,kaggle_negamax,19,4626,1,easyai_negamax,1.0,7,4626361,591.69,0.12,897.6,0.1,,517008380
easyai_negamax,ours_minimax_d4,0,71,1,ours_minimax_d4,0.0,24,711414111325632563344525,433.96,4.99,828.6,12.5,,889453683
easyai_negamax,kaggle_negamax,17,374,0,kaggle_negamax,0.0,31,3742716551711151556446774644623,843.33,119.88,1704.8,378.4,,218475792
easyai_negamax,kaggle_negamax,17,374,1,easyai_negamax,1.0,29,37421712111775142427223445373,1174.15,128.21,3359.1,285.2,,865062362
easyai_negamax,kaggle_negamax,19,4626,0,kaggle_negamax,0.0,27,462653615155411261512366423,669.93,120.31,1147.8,319.7,,566656754
easyai_negamax,ours_minimax_d4,1,643,1,ours_minimax_d4,0.0,24,643414461311131423363525,421.19,6.33,889.2,12.4,,2123354637
easyai_negamax,ours_minimax_d4,0,71,0,ours_minimax_d4,0.0,21,714141115632354433212,638.06,5.77,1259.2,11.7,,674183419
easyai_negamax,ours_minimax_d4,2,232,1,ours_minimax_d4,0.0,16,2322141324244313,546.07,8.08,952.7,20.7,,1201940774
easyai_negamax,ours_minimax_d4,1,643,0,ours_minimax_d4,0.0,23,64314141113144626633525,658.82,6.7,961.2,12.2,,696166540
easyai_negamax,ours_minimax_d4,2,232,0,ours_minimax_d4,0.0,25,2321313112332121623555444,488.21,5.44,830.1,14.5,,1432835360
galli_minimax,nn_az_6x64_mcts200,14,3117,1,nn_az_6x64_mcts200,0.0,32,31174544343354453757737711112222,904.88,80548.66,2071.1,127062.6,,338821627
easyai_negamax,ours_minimax_d4,3,262,0,ours_minimax_d4,0.0,15,262141411135315,769.99,5.53,1071.6,19.1,,971606046
easyai_negamax,ours_minimax_d4,4,44,1,ours_minimax_d4,0.0,22,4413141113152524455323,579.29,4.62,1618.7,11.3,,1366312474
easyai_negamax,ours_minimax_d4,4,44,0,ours_minimax_d4,0.0,27,444141311231443331356666525,387.93,4.01,769.7,12.8,,694863363
easyai_negamax,ours_minimax_d4,5,2763,1,ours_minimax_d4,0.0,28,2763131411141443343436666525,422.92,7.53,690.6,12.0,,2048981461
easyai_negamax,ours_minimax_d4,5,2763,0,easyai_negamax,1.0,38,27633131211233212162663555556576777744,367.35,5.89,807.5,17.6,,926738063
easyai_negamax,ours_minimax_d4,6,22,1,ours_minimax_d4,0.0,22,2214121114156445255323,296.88,3.62,400.7,8.0,,316035257
easyai_negamax,ours_minimax_d4,3,262,1,ours_minimax_d4,0.0,22,2624223574144565561717,1710.84,6.36,3681.3,11.4,,981106619
easyai_negamax,ours_minimax_d4,7,1473,0,ours_minimax_d4,0.0,23,14735141311142524455322,445.15,6.25,682.3,15.6,,65533498
easyai_negamax,ours_minimax_d4,6,22,0,ours_minimax_d4,0.0,21,224153416751134433515,861.57,4.28,2373.3,8.3,,95274884
easyai_negamax,ours_minimax_d4,8,24,1,ours_minimax_d4,0.0,18,241534144511223315,691.67,5.28,974.8,12.1,,839387309
easyai_negamax,ours_minimax_d4,7,1473,1,ours_minimax_d4,0.0,22,1473241565113554431212,1029.96,5.69,2082.4,11.9,,2102157570
easyai_negamax,ours_minimax_d4,8,24,0,ours_minimax_d4,0.0,21,246141411151524455627,540.0,4.1,785.6,10.7,,289189719
easyai_negamax,ours_minimax_d4,9,2537,0,ours_minimax_d4,0.0,31,2537414131154433414155535367622,397.13,3.71,882.6,8.7,,152618164
easyai_negamax,ours_minimax_d4,10,3257,1,ours_minimax_d4,0.0,26,32571613111514444447633525,500.08,4.11,2070.4,9.3,,1096073358
easyai_negamax,ours_minimax_d4,9,2537,1,ours_minimax_d4,0.0,22,2537146415113445531212,892.04,4.56,2255.1,8.3,,1098136804
easyai_negamax,ours_minimax_d4,11,243,1,ours_minimax_d4,0.0,20,24341314431113351522,413.26,5.07,721.5,11.2,,2057510136
galli_minimax,nn_az_6x64_mcts200,13,72,1,galli_minimax,1.0,33,724544542442557777111112271525666,936.46,83785.87,2680.6,131111.3,,1059855021
easyai_negamax,ours_minimax_d4,11,243,0,ours_minimax_d4,0.0,21,243141411131523353525,434.98,4.62,685.2,11.2,,634352274
easyai_negamax,ours_minimax_d4,12,5466,1,ours_minimax_d4,0.0,20,54661415111445162323,492.63,3.74,702.6,8.8,,1541183899
easyai_negamax,ours_minimax_d4,10,3257,0,ours_minimax_d4,0.0,19,3257464132443356515,1127.45,5.44,2203.7,9.7,,658904377
easyai_negamax,ours_minimax_d4,13,72,1,ours_minimax_d4,0.0,28,7214135411144353341433655622,387.16,3.96,1115.1,8.2,,1042938877
easyai_negamax,ours_minimax_d4,12,5466,0,ours_minimax_d4,0.0,25,5466414151114455616322323,561.75,4.61,870.6,9.2,,1296438181
easyai_negamax,ours_minimax_d4,14,3117,1,ours_minimax_d4,0.0,24,311715111464244535533222,414.46,3.56,775.0,9.0,,1550802122
easyai_negamax,ours_minimax_d4,14,3117,0,ours_minimax_d4,0.0,17,31174241325633212,691.49,5.4,1097.6,10.7,,2074052149
easyai_negamax,ours_minimax_d4,13,72,0,ours_minimax_d4,0.0,21,724141565111674455617,834.15,4.4,1418.7,8.6,,1026134795
easyai_negamax,ours_minimax_d4,15,75,0,ours_minimax_d4,0.0,23,75315151114143443236622,332.2,3.84,465.4,8.1,,1875412071
easyai_negamax,ours_minimax_d4,18,3344,1,easyai_negamax,1.0,7,3344251,370.93,0.09,452.8,0.1,,1374470669
easyai_negamax,ours_minimax_d4,18,3344,0,ours_minimax_d4,0.0,7,3344512,829.63,0.31,829.6,0.6,,1220362144
easyai_negamax,ours_minimax_d4,19,4626,1,easyai_negamax,1.0,7,4626351,497.06,0.1,646.4,0.1,,631300262
easyai_negamax,ours_minimax_d4,19,4626,0,ours_minimax_d4,0.0,7,4626315,273.18,0.37,273.2,0.7,,900142196
easyai_negamax,ours_minimax_d4,16,273,1,ours_minimax_d4,0.0,22,2734141565113445531212,638.61,3.17,1247.1,8.1,,2050856347
easyai_negamax,ours_minimax_d4,17,374,1,ours_minimax_d4,0.0,32,37451214111415244552242525777633,322.0,5.22,587.0,17.6,,1047675153
easyai_negamax,ours_minimax_d4,17,374,0,ours_minimax_d4,0.0,13,3742413156512,818.82,4.75,1383.1,8.8,,2046254508
easyai_negamax,ours_minimax_d4,15,75,1,ours_minimax_d4,0.0,22,7514241365113554431212,863.98,3.8,1868.9,8.9,,1010293108
easyai_negamax,ours_minimax_d4,16,273,0,ours_minimax_d4,0.0,31,2731454131154433414155535367622,491.9,3.88,1279.7,10.9,,861705512
easyai_negamax,ours_minimax_d8,1,643,1,ours_minimax_d8,0.0,22,6434144414111313253522,349.29,103.89,908.0,248.0,,497523986
easyai_negamax,ours_minimax_d8,2,232,1,ours_minimax_d8,0.0,16,2322121311433415,514.97,110.44,773.2,289.6,,224669534
easyai_negamax,ours_minimax_d8,0,71,0,ours_minimax_d8,0.0,19,7131411241563522313,545.22,109.6,1081.4,274.5,,2119684358
easyai_negamax,ours_minimax_d8,1,643,0,ours_minimax_d8,0.0,25,6431414111444162323322525,358.88,83.77,671.6,216.7,,1549178277
easyai_negamax,ours_minimax_d8,0,71,1,ours_minimax_d8,0.0,24,711414111443256535533222,532.24,75.0,1182.2,170.6,,2012343093
easyai_negamax,ours_minimax_d8,2,232,0,ours_minimax_d8,0.0,23,23213131123321514444526,516.4,139.19,675.3,368.3,,251854034
easyai_negamax,ours_minimax_d8,3,262,0,ours_minimax_d8,0.0,15,262141411135315,628.94,74.7,912.5,194.3,,1042952682
easyai_negamax,ours_minimax_d8,4,44,0,ours_minimax_d8,0.0,21,444141511344315155726,397.64,112.49,671.6,276.7,,839602402
easyai_negamax,ours_minimax_d8,5,2763,1,ours_minimax_d8,0.0,20,27631313341114122525,405.78,177.07,568.2,505.3,,613649348
easyai_negamax,ours_minimax_d8,5,2763,0,ours_minimax_d8,0.0,21,276331313341114153424,366.46,132.42,581.7,386.4,,2133575658
easyai_negamax,ours_minimax_d8,4,44,1,ours_minimax_d8,0.0,32,44141443111413252555557776672223,477.13,91.82,1444.6,322.9,,932179533
easyai_negamax,ours_minimax_d8,6,22,0,ours_minimax_d8,0.0,17,22414153511132616,487.93,54.48,896.3,150.5,,753422538
easyai_negamax,ours_minimax_d8,3,262,1,ours_minimax_d8,0.0,22,2624223415744565561717,1055.13,69.48,1838.4,140.7,,1381527400
easyai_negamax,ours_minimax_d8,6,22,1,ours_minimax_d8,0.0,20,22141511342445332312,655.62,89.8,1058.6,258.6,,18894916
easyai_negamax,ours_minimax_d8,7,1473,0,ours_minimax_d8,0.0,27,147351414111444252553223326,222.71,58.48,482.0,165.7,,1851697782
easyai_negamax,ours_minimax_d8,7,1473,1,ours_minimax_d8,0.0,18,147324156311522313,876.09,88.02,1673.7,201.1,,970558766
easyai_negamax,ours_minimax_d8,8,24,1,ours_minimax_d8,0.0,16,2414161133157512,566.99,72.32,931.7,172.0,,1883924616
easyai_negamax,ours_minimax_d8,8,24,0,ours_minimax_d8,0.0,25,2441414451114152553222323,414.59,103.67,862.2,259.5,,2087388207
easyai_negamax,ours_minimax_d8,10,3257,1,ours_minimax_d8,0.0,34,3257161311141334544434355556666622,294.69,90.2,1183.8,411.5,,471990656
easyai_negamax,ours_minimax_d8,9,2537,1,ours_minimax_d8,0.0,20,25371464131154431212,800.89,66.53,2125.5,200.5,,1251297119
easyai_negamax,ours_minimax_d8,11,243,1,ours_minimax_d8,0.0,18,243414431311151522,496.38,83.91,759.2,181.1,,1457944833
easyai_negamax,ours_minimax_d8,9,2537,0,ours_minimax_d8,0.0,23,25374141311544335561616,832.26,71.05,1413.2,213.0,,1746679885
easyai_negamax,ours_minimax_d8,11,243,0,ours_minimax_d8,0.0,21,243141411144312255223,538.61,104.63,735.9,232.6,,370844613
easyai_negamax,ours_minimax_d8,12,5466,1,ours_minimax_d8,0.0,20,54661415111514433326,537.14,84.23,767.3,249.2,,1449267569
easyai_negamax,ours_minimax_d8,10,3257,0,ours_minimax_d8,0.0,19,3257464132334456515,1153.49,99.56,2665.1,250.6,,792358714
easyai_negamax,ours_minimax_d8,12,5466,0,ours_minimax_d8,0.0,23,54664141445111553134323,512.9,77.79,916.7,195.2,,423760953
easyai_negamax,ours_minimax_d8,13,72,1,ours_minimax_d8,0.0,18,721514341113531222,589.56,119.28,872.9,357.9,,1718006052
easyai_negamax,ours_minimax_d8,14,3117,1,ours_minimax_d8,0.0,24,311714111426553443353222,449.03,75.84,817.9,237.1,,892885682
easyai_negamax,ours_minimax_d8,15,75,1,ours_minimax_d8,0.0,16,7514241511136312,617.58,85.9,1217.7,207.0,,873570413
easyai_negamax,ours_minimax_d8,14,3117,0,ours_minimax_d8,0.0,17,31174241563233212,789.2,81.22,1562.3,160.7,,1615114394
easyai_negamax,ours_minimax_d8,16,273,1,ours_minimax_d8,0.0,16,2734141311156512,547.2,88.04,797.5,226.4,,998798804
easyai_negamax,ours_minimax_d8,13,72,0,ours_minimax_d8,0.0,21,724141446551115167626,809.35,136.9,1336.3,374.5,,103382100
easyai_negamax,ours_minimax_d8,15,75,0,ours_minimax_d8,0.0,23,75414144411151425222323,417.31,110.62,736.9,255.5,,1323440872
easyai_negamax,ours_minimax_d8,18,3344,1,easyai_negamax,1.0,7,3344251,491.53,0.1,640.9,0.1,,607962544
easyai_negamax,ours_minimax_d8,19,4626,0,ours_minimax_d8,0.0,7,4626315,314.74,0.35,314.7,0.7,,753989745
easyai_negamax,ours_minimax_d8,18,3344,0,ours_minimax_d8,0.0,7,3344512,967.98,0.31,968.0,0.6,,110074616
easyai_negamax,ours_minimax_d8,19,4626,1,easyai_negamax,1.0,7,4626351,621.04,0.11,797.6,0.1,,1759125495
easyai_negamax,ours_minimax_d8,17,374,0,ours_minimax_d8,0.0,13,3742413156512,929.27,69.47,1894.1,167.3,,158181492
galli_minimax,nn_az_6x64_mcts200,12,5466,1,galli_minimax,1.0,39,546644444555512232225217711717666617733,715.23,80584.87,2422.0,130992.1,,1221804124
easyai_negamax,ours_minimax_d8,17,374,1,ours_minimax_d8,0.0,24,374512141114144523433225,535.78,120.24,765.6,261.2,,31447728
easyai_negamax,ours_minimax_d8,16,273,0,ours_minimax_d8,0.0,23,27314541311544335561616,1120.14,94.72,1729.8,206.6,,1566038793
galli_minimax,nn_az_6x64_mcts200,17,374,0,galli_minimax,1.0,20,37425644355442216163,1098.57,65890.2,3042.9,113507.1,,1832024333
galli_minimax,nn_az_6x64_mcts200,14,3117,0,galli_minimax,1.0,34,3117543444545564115571337733127722,745.1,81465.77,1900.0,131279.8,,1925851302
galli_minimax,nn_az_6x64_mcts200,15,75,1,nn_az_6x64_mcts200,0.0,36,754555444442221255111117772277666633,793.29,73130.12,2423.0,130562.8,,478877382
galli_minimax,nn_az_6x64_mcts200,15,75,0,galli_minimax,1.0,34,7544444345553353315311117767617722,675.6,89386.91,2344.0,128718.0,,2059979999
galli_minimax,nn_az_6x64_mcts200,19,4626,0,galli_minimax,1.0,22,4626266334224354473557,1386.35,87398.75,2292.4,119814.6,,2142203539
galli_minimax,nn_az_6x64_mcts200,16,273,1,nn_az_6x64_mcts200,0.0,32,27344432336464437736677667112211,1056.92,83586.71,3378.1,128361.1,,293525766
galli_minimax,nn_az_6x64_mcts200,16,273,0,nn_az_6x64_mcts200,0.0,35,27342444334563733577554551111112222,1051.41,77683.12,2550.5,126154.4,,290513596
easyai_negamax,nn_az_6x64_mcts200,2,232,1,nn_az_6x64_mcts200,0.0,16,2323121332114415,815.66,102043.86,1389.1,119242.3,,776678890
easyai_negamax,nn_az_6x64_mcts200,0,71,0,nn_az_6x64_mcts200,0.0,19,7131311152135346422,619.06,101843.52,863.3,123237.9,,1527611471
easyai_negamax,nn_az_6x64_mcts200,1,643,0,nn_az_6x64_mcts200,0.0,21,643131411141336266525,732.42,101815.67,1190.5,117701.8,,720729450
easyai_negamax,nn_az_6x64_mcts200,0,71,1,nn_az_6x64_mcts200,0.0,26,71141323111424465565222626,714.7,93541.83,1195.7,118199.3,,2056078148
easyai_negamax,nn_az_6x64_mcts200,4,44,0,nn_az_6x64_mcts200,0.0,23,44414144115331515572322,661.73,107698.31,1048.3,122148.7,,1720203093
easyai_negamax,nn_az_6x64_mcts200,7,1473,1,nn_az_6x64_mcts200,0.0,16,1473231411165516,776.38,100776.42,997.1,120665.5,,1536699225
easyai_negamax,nn_az_6x64_mcts200,3,262,1,nn_az_6x64_mcts200,0.0,36,262313121142143123273366666777775544,429.78,77484.72,1189.2,121050.5,,2135741159
easyai_negamax,nn_az_6x64_mcts200,1,643,1,nn_az_6x64_mcts200,0.0,28,6433171411144414233222223355,491.69,105152.41,934.5,124697.4,,151051100
easyai_negamax,nn_az_6x64_mcts200,3,262,0,easyai_negamax,1.0,36,262122512113344521431334434676666777,544.0,85848.82,1692.0,123515.2,,519884318
easyai_negamax,nn_az_6x64_mcts200,2,232,0,nn_az_6x64_mcts200,0.0,39,232141223232117156155353737775566666744,332.01,84216.75,928.0,119519.9,,1690939505
easyai_negamax,nn_az_6x64_mcts200,6,22,0,easyai_negamax,1.0,22,2241537671773112233444,1370.9,105302.79,3944.1,123199.2,,349477340
easyai_negamax,nn_az_6x64_mcts200,4,44,1,nn_az_6x64_mcts200,0.0,34,4413131114162626622447223633346555,677.06,98053.35,1858.7,120094.5,,611367779
easyai_negamax,nn_az_6x64_mcts200,5,2763,1,nn_az_6x64_mcts200,0.0,36,276313161116166622433544242324437555,455.32,92795.76,1164.1,122646.6,,462851229
easyai_negamax,nn_az_6x64_mcts200,6,22,1,nn_az_6x64_mcts200,0.0,30,221412111226551525564667566733,450.8,98743.42,824.5,121896.4,,564548532
easyai_negamax,nn_az_6x64_mcts200,5,2763,0,nn_az_6x64_mcts200,0.0,39,276341414441114162233232233666677777555,420.01,87052.93,1170.9,121772.9,,605028980
easyai_negamax,nn_az_6x64_mcts200,10,3257,0,nn_az_6x64_mcts200,0.0,23,32574641323344432222611,1138.03,92948.58,4027.9,115717.1,,1699973316
easyai_negamax,nn_az_6x64_mcts200,7,1473,0,nn_az_6x64_mcts200,0.0,31,1473517121113222773233237444545,700.48,99863.78,3031.3,124291.5,,84658289
easyai_negamax,nn_az_6x64_mcts200,8,24,0,easyai_negamax,1.0,24,242141224111441223535333,786.49,108115.64,1679.3,122554.9,,1081301884
easyai_negamax,nn_az_6x64_mcts200,8,24,1,nn_az_6x64_mcts200,0.0,30,241212111226551525564667566733,469.76,100098.77,953.7,126164.3,,1806801076
easyai_negamax,nn_az_6x64_mcts200,11,243,0,nn_az_6x64_mcts200,0.0,21,243131335111515542422,667.05,95394.09,1103.5,117101.9,,725843024
easyai_negamax,nn_az_6x64_mcts200,9,2537,0,nn_az_6x64_mcts200,0.0,39,253741313341154441135543552222277767766,470.52,77385.19,1417.4,118807.2,,547108516
easyai_negamax,nn_az_6x64_mcts200,10,3257,1,nn_az_6x64_mcts200,0.0,36,325713141113133454443554556666667722,557.75,92883.88,3036.2,121978.5,,1005280636
easyai_negamax,nn_az_6x64_mcts200,9,2537,1,nn_az_6x64_mcts200,0.0,40,2537146212113322131626366635777755557444,577.48,89957.31,3042.8,134047.6,,1498488329
easyai_negamax,nn_az_6x64_mcts200,18,3344,1,easyai_negamax,1.0,7,3344241,724.13,20079.26,1044.1,20079.3,,1607340263
easyai_negamax,nn_az_6x64_mcts200,12,5466,1,nn_az_6x64_mcts200,0.0,32,54661414441116166627242222553533,537.42,101412.98,1454.3,133419.5,,1186376754
easyai_negamax,nn_az_6x64_mcts200,18,3344,0,nn_az_6x64_mcts200,0.0,7,3344516,1239.47,52381.21,1239.5,82621.2,,1961769210
easyai_negamax,nn_az_6x64_mcts200,19,4626,1,easyai_negamax,1.0,7,4626361,715.46,68242.72,1125.8,68242.7,,995671342
kaggle_negamax,ours_minimax_d4,0,71,1,ours_minimax_d4,0.0,20,71646473237766721565,226.8,8.83,435.0,17.8,,1034384299
kaggle_negamax,ours_minimax_d4,0,71,0,ours_minimax_d4,0.0,21,714756463231523344575,137.84,7.01,404.7,17.6,,2040525473
kaggle_negamax,ours_minimax_d4,1,643,1,ours_minimax_d4,0.0,34,6434644664536334737367722222721171,146.97,7.75,553.2,20.0,,289635690
kaggle_negamax,ours_minimax_d4,1,643,0,ours_minimax_d4,0.0,31,6437464736443367774331661711212,203.71,11.34,488.1,28.3,,103791786
kaggle_negamax,ours_minimax_d4,2,232,1,ours_minimax_d4,0.0,26,23227463433446766442776575,288.99,13.71,533.4,34.4,,906077990
kaggle_negamax,ours_minimax_d4,2,232,0,ours_minimax_d4,0.0,19,2327373533224345474,50.7,1.91,174.1,3.2,,319309229
kaggle_negamax,ours_minimax_d4,3,262,1,ours_minimax_d4,0.0,30,262455747445777472425525131663,93.43,4.04,210.3,12.0,,1616916477
kaggle_negamax,ours_minimax_d4,3,262,0,ours_minimax_d4,0.0,23,26264663464434224237575,153.11,7.23,381.5,16.0,,87647598
kaggle_negamax,ours_minimax_d4,4,44,1,ours_minimax_d4,0.0,34,4456647575777445525472222211111133,100.49,6.27,390.3,11.9,,315869579
kaggle_negamax,ours_minimax_d4,4,44,0,ours_minimax_d4,0.0,23,44474553564455323133262,172.65,6.39,459.4,17.0,,1767136056
kaggle_negamax,ours_minimax_d4,5,2763,1,ours_minimax_d4,0.0,22,2763735523327577567414,323.29,7.3,478.5,17.0,,2010120313
kaggle_negamax,ours_minimax_d4,5,2763,0,ours_minimax_d4,0.0,21,276334424737773327565,275.42,10.2,517.4,19.3,,342791687
kaggle_negamax,ours_minimax_d4,6,22,1,ours_minimax_d4,0.0,20,22746455244675776363,216.96,9.83,506.8,21.7,,1047498891
kaggle_negamax,ours_minimax_d4,6,22,0,ours_minimax_d4,0.0,39,224531444747255537774726225651666611113,176.8,9.73,463.2,21.6,,2058642545
kaggle_negamax,ours_minimax_d4,7,1473,1,ours_minimax_d4,0.0,18,147354637445657776,145.6,6.32,351.7,20.5,,258851879
kaggle_negamax,ours_minimax_d4,7,1473,0,ours_minimax_d4,0.0,21,147357464544565732372,183.48,9.14,441.3,17.3,,1276875212
kaggle_negamax,ours_minimax_d4,8,24,1,ours_minimax_d4,0.0,26,24743364431673341611774575,199.8,9.92,470.3,15.7,,138424829
kaggle_negamax,ours_minimax_d4,8,24,0,ours_minimax_d4,0.0,27,246644452622466652425557373,235.09,8.33,543.6,14.9,,1001763656
kaggle_negamax,ours_minimax_d4,9,2537,1,ours_minimax_d4,0.0,22,2537647473775443357262,244.33,9.86,481.2,15.1,,1582791412
kaggle_negamax,ours_minimax_d4,9,2537,0,ours_minimax_d4,0.0,29,25374145445753354341157733262,153.52,9.38,455.9,23.1,,106673064
kaggle_negamax,ours_minimax_d4,10,3257,1,kaggle_negamax,1.0,39,325756763665736262231332247755571111144,142.22,7.21,414.1,17.3,,1017859608
kaggle_negamax,ours_minimax_d4,10,3257,0,ours_minimax_d4,0.0,21,325746473775334457272,155.64,8.57,466.8,18.0,,463973816
kaggle_negamax,ours_minimax_d4,11,243,1,ours_minimax_d4,0.0,38,24345574432322347377557453751221111166,123.91,5.65,429.8,14.8,,95974078
kaggle_negamax,ours_minimax_d4,11,243,0,ours_minimax_d4,0.0,23,24374135624256446224373,156.45,8.34,422.9,14.8,,1798454835
kaggle_negamax,ours_minimax_d4,12,5466,1,ours_minimax_d4,0.0,32,54666464451414261162551552122233,102.69,7.41,472.5,15.2,,301986234
kaggle_negamax,ours_minimax_d4,12,5466,0,ours_minimax_d4,0.0,31,5466474644566557467517511221333,142.24,6.44,451.4,17.2,,1104935281
kaggle_negamax,ours_minimax_d4,13,72,1,ours_minimax_d4,0.0,20,72643366647443777555,302.08,6.65,511.3,19.5,,995570660
kaggle_negamax,ours_minimax_d4,13,72,0,ours_minimax_d4,0.0,25,7247564447245775566656363,232.25,11.46,472.8,15.4,,1360207639
kaggle_negamax,ours_minimax_d4,14,3117,1,ours_minimax_d4,0.0,32,31177345747743444535553511711322,192.81,6.98,447.0,15.4,,1752237069
kaggle_negamax,ours_minimax_d4,14,3117,0,ours_minimax_d4,0.0,21,311745473544335776572,180.24,11.22,393.9,16.9,,287007236
kaggle_negamax,ours_minimax_d4,15,75,1,ours_minimax_d4,0.0,30,755464446325757775543233734366,159.08,7.5,442.8,17.5,,527348152
kaggle_negamax,ours_minimax_d4,15,75,0,ours_minimax_d4,0.0,19,7537574647774436255,201.67,8.74,452.5,24.0,,1898079738
kaggle_negamax,ours_minimax_d4,16,273,1,ours_minimax_d4,0.0,24,273454544574336374773676,208.72,7.54,430.2,14.2,,2014625028
kaggle_negamax,ours_minimax_d4,16,273,0,ours_minimax_d4,0.0,17,27344566415544375,252.57,9.7,486.1,20.4,,1122105843
kaggle_negamax,ours_minimax_d4,17,374,1,ours_minimax_d4,0.0,32,37457464644633737712733462661255,117.68,6.09,288.5,15.7,,1565535903
kaggle_negamax,ours_minimax_d4,17,374,0,ours_minimax_d4,0.0,27,374246314433674134611773575,130.36,7.33,324.0,14.8,,129609183
kaggle_negamax,ours_minimax_d4,18,3344,1,ours_minimax_d4,0.0,36,334465356551147446546363351611122277,80.34,7.57,262.9,15.0,,1017980543
kaggle_negamax,ours_minimax_d4,18,3344,0,ours_minimax_d4,0.0,7,3344572,0.13,0.31,0.1,0.6,,1666405925
kaggle_negamax,ours_minimax_d4,19,4626,1,ours_minimax_d4,0.0,28,4626736463661214113314437555,159.67,8.89,477.1,16.5,,1950362358
kaggle_negamax,ours_minimax_d4,19,4626,0,ours_minimax_d4,0.0,7,4626325,0.12,0.37,0.1,0.7,,2051399922
kaggle_negamax,ours_minimax_d8,0,71,1,ours_minimax_d8,0.0,22,7154547445544327367656,224.18,178.72,478.9,346.9,,68623385
kaggle_negamax,ours_minimax_d8,0,71,0,ours_minimax_d8,0.0,19,7137464644366752575,212.2,177.12,558.4,543.8,,1004133399
kaggle_negamax,ours_minimax_d8,1,643,1,ours_minimax_d8,0.0,24,643444747455773373733566,197.43,136.05,465.1,350.1,,1638428631
kaggle_negamax,ours_minimax_d8,1,643,0,ours_minimax_d8,0.0,19,6435464644643155552,235.16,158.61,500.5,415.4,,735359104
kaggle_negamax,ours_minimax_d8,2,232,1,ours_minimax_d8,0.0,28,2322725443444472257713337161,209.97,153.71,508.5,363.2,,1822529569
kaggle_negamax,ours_minimax_d8,2,232,0,ours_minimax_d8,0.0,19,2327373547764544565,228.2,161.45,444.7,438.7,,715719402
kaggle_negamax,ours_minimax_d8,3,262,1,ours_minimax_d8,0.0,42,262474644422747776327266655555511333331111,91.9,108.24,314.7,449.3,,394751702
kaggle_negamax,ours_minimax_d8,3,262,0,ours_minimax_d8,0.0,19,2624375647352233465,171.79,122.51,397.6,343.5,,1745923887
easyai_negamax,nn_az_6x64_mcts200,11,243,1,nn_az_6x64_mcts200,0.0,38,24321314112443241412267633366766777755,490.59,97096.7,1603.1,130193.3,,515819600
kaggle_negamax,ours_minimax_d8,4,44,1,ours_minimax_d8,0.0,24,447444775674727515166363,161.02,197.24,381.9,548.0,,640798547
easyai_negamax,nn_az_6x64_mcts200,12,5466,0,nn_az_6x64_mcts200,0.0,35,54666161311131436673733477444772525,598.84,96773.47,1432.4,131010.4,,488401533
kaggle_negamax,ours_minimax_d8,4,44,0,ours_minimax_d8,0.0,25,4446214744353733677637575,172.17,210.44,472.0,602.9,,1262690777
kaggle_negamax,ours_minimax_d8,5,2763,0,ours_minimax_d8,0.0,23,27633637477133474455565,200.4,189.99,429.5,462.5,,1619700541
kaggle_negamax,ours_minimax_d8,5,2763,1,ours_minimax_d8,0.0,26,27636644645444132332367565,202.58,182.74,469.0,514.4,,261830191
kaggle_negamax,ours_minimax_d8,7,1473,1,ours_minimax_d8,0.0,18,147354644455777676,230.41,143.27,359.4,295.6,,27885506
kaggle_negamax,ours_minimax_d8,6,22,0,ours_minimax_d8,0.0,23,22414744462453565565757,123.89,151.85,287.5,334.1,,389293141
kaggle_negamax,ours_minimax_d8,6,22,1,ours_minimax_d8,0.0,30,227454644475567764127521533373,180.65,175.14,456.1,365.7,,1566386511
kaggle_negamax,ours_minimax_d8,8,24,1,ours_minimax_d8,0.0,24,244474744363777332127161,107.19,91.73,378.3,265.9,,831459185
kaggle_negamax,ours_minimax_d8,7,1473,0,ours_minimax_d8,0.0,21,147357464544565732372,189.8,133.41,444.9,281.4,,1801095509
kaggle_negamax,ours_minimax_d8,9,2537,1,ours_minimax_d8,0.0,16,2537417444637572,82.67,35.09,171.9,70.9,,49232092
kaggle_negamax,ours_minimax_d8,8,24,0,ours_minimax_d8,0.0,17,24434656442735371,226.3,178.53,475.5,359.6,,1566775042
kaggle_negamax,ours_minimax_d8,9,2537,0,ours_minimax_d8,0.0,19,2537414544573533272,118.18,101.55,339.9,281.3,,615134085
kaggle_negamax,ours_minimax_d8,10,3257,1,ours_minimax_d8,0.0,32,32577655751556336464122324433472,68.22,91.33,294.0,299.8,,587146701
kaggle_negamax,ours_minimax_d8,10,3257,0,ours_minimax_d8,0.0,21,325746424452265566747,118.85,128.78,464.8,319.5,,1937731948
kaggle_negamax,ours_minimax_d8,11,243,1,ours_minimax_d8,0.0,20,24345444647565532372,142.85,151.27,354.9,398.7,,528297388
kaggle_negamax,ours_minimax_d8,11,243,0,ours_minimax_d8,0.0,19,2436475547577635373,239.55,108.14,403.1,263.2,,355774870
kaggle_negamax,ours_minimax_d8,12,5466,1,ours_minimax_d8,0.0,28,5466647445746477762272156333,122.68,134.96,449.4,278.5,,1334929091
kaggle_negamax,ours_minimax_d8,12,5466,0,ours_minimax_d8,0.0,25,5466464444636613355527272,142.47,137.07,368.4,369.2,,1354718682
kaggle_negamax,ours_minimax_d8,13,72,1,ours_minimax_d8,0.0,22,7274147764453535537272,152.16,108.74,459.4,241.6,,686977105
kaggle_negamax,ours_minimax_d8,13,72,0,ours_minimax_d8,0.0,21,724745444546557266673,192.47,163.11,415.3,401.1,,2004008963
kaggle_negamax,ours_minimax_d8,14,3117,1,ours_minimax_d8,0.0,22,3117247473544522774375,184.56,135.71,438.7,271.5,,1072433392
kaggle_negamax,ours_minimax_d8,14,3117,0,ours_minimax_d8,0.0,31,3117454445475455135262277167363,131.61,115.4,309.0,219.7,,628943354
kaggle_negamax,ours_minimax_d8,15,75,1,ours_minimax_d8,0.0,22,7554642445656633637262,215.7,157.29,476.9,425.5,,2111461834
kaggle_negamax,ours_minimax_d8,15,75,0,ours_minimax_d8,0.0,25,7547464447477763355352656,137.13,194.46,379.0,555.9,,448906131
kaggle_negamax,ours_minimax_d8,16,273,1,ours_minimax_d8,0.0,32,27345454445574755332662677227363,126.6,99.42,344.8,275.7,,1897494927
kaggle_negamax,ours_minimax_d8,16,273,0,ours_minimax_d8,0.0,19,2734456636332522475,114.34,108.85,319.4,388.4,,941463634
kaggle_negamax,ours_minimax_d8,18,3344,1,kaggle_negamax,1.0,7,3344251,86.04,0.11,172.1,0.1,,698568612
kaggle_negamax,ours_minimax_d8,18,3344,0,ours_minimax_d8,0.0,7,3344572,0.14,0.32,0.1,0.6,,1904282403
kaggle_negamax,ours_minimax_d8,17,374,1,ours_minimax_d8,0.0,20,37456474737721244665,136.89,128.56,207.9,348.7,,1712760845
kaggle_negamax,ours_minimax_d8,19,4626,0,ours_minimax_d8,0.0,7,4626335,0.12,0.37,0.1,0.7,,1511750451
kaggle_negamax,ours_minimax_d8,19,4626,1,ours_minimax_d8,0.0,34,4626637474644477333212662373522755,90.48,72.04,382.4,237.3,,1405180707
kaggle_negamax,ours_minimax_d8,17,374,0,ours_minimax_d8,0.0,25,3745444541575433351777262,154.88,120.07,259.8,282.5,,1231095806
easyai_negamax,nn_az_6x64_mcts200,13,72,1,nn_az_6x64_mcts200,0.0,28,7214141114441422522255555333,500.03,107205.38,1086.7,132732.3,,1614048672
easyai_negamax,nn_az_6x64_mcts200,16,273,0,nn_az_6x64_mcts200,0.0,21,273131543351114241225,759.66,99401.47,1158.3,136722.4,,37055239
easyai_negamax,nn_az_6x64_mcts200,15,75,1,nn_az_6x64_mcts200,0.0,24,751323151111355333442626,800.75,105902.17,1236.2,132967.9,,92775679
easyai_negamax,nn_az_6x64_mcts200,13,72,0,nn_az_6x64_mcts200,0.0,33,724121211122216574774444555557733,447.61,105839.69,1131.7,131608.3,,1851960396
easyai_negamax,nn_az_6x64_mcts200,14,3117,1,nn_az_6x64_mcts200,0.0,38,31171311142222243444623334666667777755,482.2,91864.78,1154.6,135764.0,,1446154331
easyai_negamax,nn_az_6x64_mcts200,16,273,1,nn_az_6x64_mcts200,0.0,28,2734121311221122333344444655,556.26,105423.37,1107.8,135507.5,,740649041
easyai_negamax,nn_az_6x64_mcts200,17,374,0,nn_az_6x64_mcts200,0.0,23,37425641323344432222611,1174.11,94767.91,3745.2,129703.0,,1988306874
easyai_negamax,nn_az_6x64_mcts200,14,3117,0,nn_az_6x64_mcts200,0.0,39,311752513155331132222234666665756777744,523.23,92931.9,1514.4,134450.7,,42659757
easyai_negamax,nn_az_6x64_mcts200,17,374,1,nn_az_6x64_mcts200,0.0,30,374512131113142432232236464646,506.24,98511.13,985.7,130333.8,,440927728
easyai_negamax,nn_az_6x64_mcts200,15,75,0,nn_az_6x64_mcts200,0.0,41,75411111122222234344433343566775676667755,332.08,96887.23,1013.8,139875.1,,488451484
kaggle_negamax,nn_az_6x64_mcts200,3,262,0,nn_az_6x64_mcts200,0.0,17,26264117172253364,187.8,104562.38,408.3,120735.1,,1766449246
easyai_negamax,nn_az_6x64_mcts200,19,4626,0,nn_az_6x64_mcts200,0.0,33,462621114544616112227244667775537,791.13,94759.95,2459.1,125191.9,,1698354147
kaggle_negamax,nn_az_6x64_mcts200,0,71,1,nn_az_6x64_mcts200,0.0,28,7154447577776434433315533566,163.73,107920.54,411.5,126223.4,,1161474266
kaggle_negamax,nn_az_6x64_mcts200,1,643,0,nn_az_6x64_mcts200,0.0,39,643637676777474166111114332224252234355,125.39,84393.94,412.8,123743.1,,274878836
kaggle_negamax,nn_az_6x64_mcts200,1,643,1,nn_az_6x64_mcts200,0.0,40,6433777666777244546445162311222132331155,164.2,89065.14,965.3,125266.8,,1891143264
kaggle_negamax,nn_az_6x64_mcts200,2,232,1,nn_az_6x64_mcts200,0.0,40,2323524333327625156662767765551711117444,87.27,87293.8,315.2,123491.7,,211330697
kaggle_negamax,nn_az_6x64_mcts200,0,71,0,nn_az_6x64_mcts200,0.0,39,713736766766677114153311555522222253344,132.4,98999.45,434.8,126344.5,,1053011271
kaggle_negamax,nn_az_6x64_mcts200,2,232,0,nn_az_6x64_mcts200,0.0,39,232547474444776772255223313331511115566,99.33,89214.29,411.0,121508.2,,144394571
kaggle_negamax,nn_az_6x64_mcts200,3,262,1,nn_az_6x64_mcts200,0.0,36,262343647466744767677242333322115155,129.87,93305.19,364.0,124931.6,,1793188395
kaggle_negamax,nn_az_6x64_mcts200,4,44,1,nn_az_6x64_mcts200,0.0,34,4474734377745655752222255246333366,135.62,94694.83,401.1,122172.1,,976909285
kaggle_negamax,nn_az_6x64_mcts200,4,44,0,nn_az_6x64_mcts200,0.0,31,4447737136414455575266661767323,163.89,101046.32,460.6,120573.9,,1305115861
kaggle_negamax,nn_az_6x64_mcts200,5,2763,1,nn_az_6x64_mcts200,0.0,36,276366765555636455124223324323144411,142.6,90147.41,410.3,123736.0,,1376535251
kaggle_negamax,nn_az_6x64_mcts200,7,1473,1,nn_az_6x64_mcts200,0.0,24,147355147445771175537542,194.01,108219.8,421.3,122070.3,,1463740424
kaggle_negamax,nn_az_6x64_mcts200,9,2537,1,kaggle_negamax,1.0,23,25376274666554344775333,176.35,88561.06,462.8,121623.1,,978850400
kaggle_negamax,nn_az_6x64_mcts200,5,2763,0,draw,0.5,42,276346273622677347675554545542334311112611,103.26,92025.55,430.0,125858.9,,939667660
kaggle_negamax,nn_az_6x64_mcts200,6,22,1,nn_az_6x64_mcts200,0.0,40,2274727772275535655521313333111146666644,109.44,84053.13,434.9,120618.5,,1941888534
kaggle_negamax,nn_az_6x64_mcts200,8,24,0,nn_az_6x64_mcts200,0.0,21,242746575655477422373,169.26,105944.38,417.4,122364.9,,1781233077
kaggle_negamax,nn_az_6x64_mcts200,6,22,0,nn_az_6x64_mcts200,0.0,39,224153767752464455172776666452542111133,86.64,85609.62,389.5,122228.7,,926343385
kaggle_negamax,nn_az_6x64_mcts200,10,3257,0,nn_az_6x64_mcts200,0.0,19,3257464744773551676,207.57,104215.54,426.0,123584.0,,484669416
kaggle_negamax,nn_az_6x64_mcts200,7,1473,0,kaggle_negamax,1.0,34,1473555747445547771311353623141366,163.43,99322.0,453.7,126007.9,,1069568234
kaggle_negamax,nn_az_6x64_mcts200,11,243,0,nn_az_6x64_mcts200,0.0,21,243727223776564533435,183.26,90917.68,490.2,123032.5,,1190535998
kaggle_negamax,nn_az_6x64_mcts200,12,5466,1,nn_az_6x64_mcts200,0.0,20,54665575725234344346,254.7,113655.36,480.2,124041.8,,483948213
kaggle_negamax,nn_az_6x64_mcts200,8,24,1,nn_az_6x64_mcts200,0.0,34,2452747444476676766617111122223355,131.72,104177.48,426.2,125522.7,,1329141235
kaggle_negamax,nn_az_6x64_mcts200,9,2537,0,nn_az_6x64_mcts200,0.0,35,25374137454433554771411551177336622,82.93,99615.83,362.9,157922.2,,982505977
kaggle_negamax,nn_az_6x64_mcts200,10,3257,1,kaggle_negamax,1.0,39,325773746266543445564342235266511111177,111.54,103156.3,386.7,146489.8,,1781277565
kaggle_negamax,nn_az_6x64_mcts200,18,3344,0,nn_az_6x64_mcts200,0.0,7,3344576,0.14,48413.88,0.1,79404.2,,1653625857
kaggle_negamax,nn_az_6x64_mcts200,11,243,1,nn_az_6x64_mcts200,0.0,36,243213641444666466112233112277777733,93.04,103905.39,438.2,174483.2,,849871135
kaggle_negamax,nn_az_6x64_mcts200,14,3117,0,nn_az_6x64_mcts200,0.0,19,3117543777564655676,234.86,129310.93,706.5,198454.2,,1837049366
ours_minimax_d4,ours_minimax_d8,0,71,1,ours_minimax_d8,0.0,22,7144444456525552215333,10.01,222.17,18.3,604.3,,1503729690
ours_minimax_d4,ours_minimax_d8,0,71,0,ours_minimax_d4,1.0,32,71355335534444434351115117777722,9.29,276.8,17.8,738.8,,1376280951
ours_minimax_d4,ours_minimax_d8,1,643,1,ours_minimax_d8,0.0,32,64344434433331777666667771111155,2.24,94.94,12.1,258.4,,1215328244
ours_minimax_d4,ours_minimax_d8,1,643,0,ours_minimax_d4,1.0,32,64344443467633366736777722222255,6.55,126.16,16.6,358.3,,230776355
ours_minimax_d4,ours_minimax_d8,2,232,1,ours_minimax_d8,0.0,36,232244444223333436666662777775511755,6.56,127.29,15.3,355.8,,997634197
ours_minimax_d4,ours_minimax_d8,2,232,0,ours_minimax_d8,0.0,35,23222443356344443322556666611111155,5.97,128.53,13.6,575.8,,934189590
ours_minimax_d4,ours_minimax_d8,3,262,1,ours_minimax_d4,1.0,39,262454445455224255231666667111113333377,4.9,86.74,17.4,227.8,,180891662
ours_minimax_d4,ours_minimax_d8,3,262,0,draw,0.5,42,262435754422455445333325327777766666111111,3.66,87.78,14.5,319.3,,430205880
ours_minimax_d4,ours_minimax_d8,4,44,1,ours_minimax_d4,1.0,39,444435542125532233435735777666622667711,4.19,88.61,22.5,574.4,,982789957
ours_minimax_d4,ours_minimax_d8,4,44,0,ours_minimax_d8,0.0,41,44444435555333335521111722117666666777722,4.46,97.41,11.5,455.3,,1214559760
ours_minimax_d4,ours_minimax_d8,5,2763,1,ours_minimax_d8,0.0,38,27633323223232166166677777555555111144,3.53,54.94,11.2,259.2,,236682131
ours_minimax_d4,ours_minimax_d8,5,2763,0,ours_minimax_d4,1.0,38,27633334442244432232666667771111117755,7.0,117.27,17.1,387.7,,1321088563
ours_minimax_d4,ours_minimax_d8,6,22,1,ours_minimax_d8,0.0,36,224344442232432333676666677711117755,6.39,130.21,30.7,581.0,,502156905
ours_minimax_d4,ours_minimax_d8,6,22,0,ours_minimax_d4,1.0,36,224344444222255553333366666677777755,2.32,63.82,11.8,424.2,,903443439
ours_minimax_d4,ours_minimax_d8,7,1473,1,ours_minimax_d8,0.0,36,147354443455525465677711211122227733,4.7,83.91,14.3,256.2,,1421124796
ours_minimax_d4,ours_minimax_d8,7,1473,0,ours_minimax_d4,1.0,34,1473544443554555333131166117777722,2.18,48.87,7.8,170.0,,1080874353
ours_minimax_d4,ours_minimax_d8,8,24,1,ours_minimax_d8,0.0,22,2464444416666677733555,5.67,85.49,11.9,268.2,,100402900
ours_minimax_d4,ours_minimax_d8,8,24,0,draw,0.5,42,244444425555552223332633366666111111777777,2.24,66.8,18.2,394.7,,2036578781
ours_minimax_d4,ours_minimax_d8,9,2537,1,ours_minimax_d4,1.0,39,253741434433443366666627227722111117755,5.94,99.46,17.4,361.0,,1037718677
ours_minimax_d4,ours_minimax_d8,9,2537,0,ours_minimax_d8,0.0,29,25374144434433537355525766667,6.18,150.04,16.4,335.0,,2054527043
ours_minimax_d4,ours_minimax_d8,10,3257,1,ours_minimax_d8,0.0,36,325746443554433212243327277666667755,4.81,83.6,14.4,251.6,,1782631485
ours_minimax_d4,ours_minimax_d8,10,3257,0,ours_minimax_d8,0.0,27,325746444223442337377253255,6.4,162.6,15.2,439.2,,1635927581
ours_minimax_d4,ours_minimax_d8,11,243,1,ours_minimax_d8,0.0,22,2434443433433676672555,4.67,156.39,14.4,318.6,,1731868119
ours_minimax_d4,ours_minimax_d8,11,243,0,ours_minimax_d4,1.0,32,24344342343224236326666677777755,4.89,78.23,11.3,297.6,,1597633356
ours_minimax_d4,ours_minimax_d8,12,5466,1,ours_minimax_d8,0.0,36,546644446455556566111112222221777733,4.0,89.81,11.6,348.1,,958785920
ours_minimax_d4,ours_minimax_d8,12,5466,0,ours_minimax_d4,1.0,34,5466444446636525552211522116271133,5.67,131.51,18.7,473.3,,1632830739
ours_minimax_d4,ours_minimax_d8,13,72,1,ours_minimax_d8,0.0,34,7244446554555457232222111111777733,7.53,137.62,18.4,425.7,,310818150
ours_minimax_d4,ours_minimax_d8,13,72,0,ours_minimax_d8,0.0,15,724644446674555,14.5,199.95,32.9,417.9,,1943311102
ours_minimax_d4,ours_minimax_d8,14,3117,1,ours_minimax_d4,1.0,35,31174543444433331777277666666111222,6.73,124.8,14.8,345.0,,542809240
ours_minimax_d4,ours_minimax_d8,14,3117,0,ours_minimax_d8,0.0,25,3117424224434242766662555,9.86,198.07,15.2,342.8,,1932545288
ours_minimax_d4,ours_minimax_d8,15,75,1,draw,0.5,42,753333544444535543517111117777222222666666,6.84,119.37,24.9,506.8,,518489311
ours_minimax_d4,ours_minimax_d8,15,75,0,ours_minimax_d8,0.0,33,754444454555752127221112216177733,7.29,129.39,14.5,404.0,,350065150
ours_minimax_d4,ours_minimax_d8,16,273,1,ours_minimax_d4,1.0,39,273443443344356666366222212777771111155,5.74,136.28,17.5,573.3,,1785948706
ours_minimax_d4,ours_minimax_d8,16,273,0,ours_minimax_d8,0.0,39,273444465256554455722166661221171177733,7.1,139.57,17.6,544.7,,1673734996
ours_minimax_d4,ours_minimax_d8,17,374,1,draw,0.5,42,374544455455425321222266333311111777666677,4.38,125.28,16.2,555.0,,499017344
ours_minimax_d4,ours_minimax_d8,17,374,0,ours_minimax_d8,0.0,29,37454443323443215555357766667,8.7,147.58,15.2,381.4,,232182022
ours_minimax_d4,ours_minimax_d8,18,3344,1,ours_minimax_d4,1.0,7,3344526,1.82,0.08,3.6,0.1,,2094475369
ours_minimax_d4,ours_minimax_d8,18,3344,0,ours_minimax_d8,0.0,7,3344526,0.07,0.3,0.1,0.6,,10093470
ours_minimax_d4,ours_minimax_d8,19,4626,1,ours_minimax_d4,1.0,7,4626351,5.98,0.08,11.9,0.1,,31765996
ours_minimax_d4,ours_minimax_d8,19,4626,0,ours_minimax_d8,0.0,7,4626351,0.08,0.33,0.1,0.7,,1409443849
kaggle_negamax,nn_az_6x64_mcts200,16,273,0,nn_az_6x64_mcts200,0.0,21,273427223657764533475,168.93,109307.34,380.6,193386.3,,375922979
kaggle_negamax,nn_az_6x64_mcts200,12,5466,0,nn_az_6x64_mcts200,0.0,39,546667676654554774577441325212222111133,74.86,94251.57,416.6,199285.4,,1970622485
kaggle_negamax,nn_az_6x64_mcts200,14,3117,1,nn_az_6x64_mcts200,0.0,34,3117737477275552444454552222336363,179.41,111283.94,537.6,197848.7,,1388395760
kaggle_negamax,nn_az_6x64_mcts200,15,75,1,nn_az_6x64_mcts200,0.0,30,754544747774475555231333636316,141.46,115770.82,459.9,185656.7,,1952014363
kaggle_negamax,nn_az_6x64_mcts200,13,72,1,nn_az_6x64_mcts200,0.0,36,727414777444723311223332614326666611,126.94,108656.14,437.5,186304.4,,84130001
kaggle_negamax,nn_az_6x64_mcts200,13,72,0,nn_az_6x64_mcts200,0.0,39,724626272227766345447336761443335555511,82.57,99487.14,382.9,203072.1,,1224367499
kaggle_negamax,nn_az_6x64_mcts200,15,75,0,kaggle_negamax,1.0,38,75477447766713321411343331466622615522,165.35,106857.66,751.5,180909.5,,1561855277
kaggle_negamax,nn_az_6x64_mcts200,17,374,0,nn_az_6x64_mcts200,0.0,35,37425643444737742322377321266166655,100.54,94828.34,329.6,190866.1,,562751068
kaggle_negamax,nn_az_6x64_mcts200,16,273,1,nn_az_6x64_mcts200,0.0,38,27346273775454446432667573663222351515,83.75,105957.66,400.1,201165.3,,1487562763
kaggle_negamax,nn_az_6x64_mcts200,17,374,1,nn_az_6x64_mcts200,0.0,32,37457474624477752242616655556633,152.59,111895.06,392.0,204764.9,,520641419
ours_minimax_d4,nn_az_6x64_mcts200,3,262,0,ours_minimax_d4,1.0,8,26244543,0.88,67452.68,1.9,117023.2,,1542447854
ours_minimax_d4,nn_az_6x64_mcts200,2,232,0,ours_minimax_d4,1.0,16,2322332334444655,3.71,98145.08,17.1,120812.2,,652483142
kaggle_negamax,nn_az_6x64_mcts200,18,3344,1,nn_az_6x64_mcts200,0.0,40,3344756655534332551314111176776644672722,111.77,90516.0,426.0,177365.5,,970756738
kaggle_negamax,nn_az_6x64_mcts200,19,4626,1,nn_az_6x64_mcts200,0.0,38,46266673731477743443736643111112222255,118.22,89291.23,507.6,120630.7,,2105156028
kaggle_negamax,nn_az_6x64_mcts200,19,4626,0,nn_az_6x64_mcts200,0.0,39,462626633722373366772277111135545555114,109.17,86054.84,370.8,120122.9,,1773576561
ours_minimax_d4,nn_az_6x64_mcts200,0,71,1,nn_az_6x64_mcts200,0.0,38,71454444755547525222122711116666667733,4.47,86216.24,14.4,120433.3,,417074234
ours_minimax_d4,nn_az_6x64_mcts200,1,643,1,ours_minimax_d4,1.0,31,6433334444346636662222227177575,4.14,106072.56,17.0,122977.3,,452164855
ours_minimax_d4,nn_az_6x64_mcts200,0,71,0,ours_minimax_d4,1.0,36,713533351225522325275777376666166144,5.52,97537.25,15.4,122013.6,,616350829
ours_minimax_d4,nn_az_6x64_mcts200,1,643,0,ours_minimax_d4,1.0,32,64344434733346676636711177711155,5.61,89658.08,23.5,123676.0,,771494355
ours_minimax_d4,nn_az_6x64_mcts200,2,232,1,nn_az_6x64_mcts200,0.0,38,23232233443441472141112136777776666655,5.25,88969.61,17.8,121602.2,,1702773838
ours_minimax_d4,nn_az_6x64_mcts200,3,262,1,nn_az_6x64_mcts200,0.0,38,26234332344341242642666761377711117755,4.1,81878.7,17.7,123630.2,,890480898
ours_minimax_d4,nn_az_6x64_mcts200,7,1473,0,ours_minimax_d4,1.0,18,147354447377457636,5.09,104421.35,15.0,123905.0,,1525099245
ours_minimax_d4,nn_az_6x64_mcts200,5,2763,0,ours_minimax_d4,1.0,30,276344244472121224111666166533,5.41,103945.45,15.8,122873.0,,931360645
ours_minimax_d4,nn_az_6x64_mcts200,4,44,0,ours_minimax_d4,1.0,38,44444453767377555333666575766311111122,2.02,81999.69,14.7,117151.3,,1104136662
ours_minimax_d4,nn_az_6x64_mcts200,6,22,0,ours_minimax_d4,1.0,26,22432423223434443367766575,1.86,102491.91,10.0,122120.8,,1191954106
ours_minimax_d4,nn_az_6x64_mcts200,4,44,1,draw,0.5,42,444544555545211166111222227777776633333366,3.17,81659.59,16.4,121304.2,,1036491804
ours_minimax_d4,nn_az_6x64_mcts200,5,2763,1,ours_minimax_d4,1.0,41,27633232332344444242666166177117117755555,2.95,90587.57,15.1,122428.6,,1415380197
ours_minimax_d4,nn_az_6x64_mcts200,6,22,1,nn_az_6x64_mcts200,0.0,36,224344442237422666667761333371117755,4.09,90592.13,15.7,121365.1,,1673937871
ours_minimax_d4,nn_az_6x64_mcts200,7,1473,1,draw,0.5,42,147355444455316633576645311773116677222222,4.05,82176.43,18.7,121992.8,,1490707201
ours_minimax_d4,nn_az_6x64_mcts200,8,24,0,ours_minimax_d4,1.0,34,2422444422552555453666661161111777,3.45,84722.08,15.9,121311.4,,1685663851
ours_minimax_d4,nn_az_6x64_mcts200,8,24,1,ours_minimax_d4,1.0,39,246244442266674667727772111111335333355,2.94,83336.4,14.8,120695.6,,1511579205
ours_minimax_d4,nn_az_6x64_mcts200,9,2537,1,nn_az_6x64_mcts200,0.0,40,2537414442455525423257277661111166776633,3.25,83638.25,15.6,123244.3,,1844751636
ours_minimax_d4,nn_az_6x64_mcts200,9,2537,0,ours_minimax_d4,1.0,42,253741334254452422533435512777116666667711,2.94,81415.76,16.6,120559.0,,2016443179
ours_minimax_d4,nn_az_6x64_mcts200,10,3257,0,nn_az_6x64_mcts200,0.0,35,32574644355443321224332277777116655,3.91,79924.34,15.7,123976.0,,1969050523
ours_minimax_d4,nn_az_6x64_mcts200,11,243,0,ours_minimax_d4,1.0,32,24344342446226777667627633723355,5.72,96698.95,17.5,128686.9,,683912465
ours_minimax_d4,nn_az_6x64_mcts200,12,5466,0,ours_minimax_d4,1.0,32,54666444656654542225251212111133,2.16,88068.08,18.7,122291.0,,1357653754
ours_minimax_d4,nn_az_6x64_mcts200,18,3344,1,ours_minimax_d4,1.0,7,3344552,0.28,40215.12,0.5,40215.1,,398068682
ours_minimax_d4,nn_az_6x64_mcts200,10,3257,1,draw,0.5,42,325746443553334452225542727763771111116666,5.52,85585.13,15.2,126313.2,,1545459826
ours_minimax_d4,nn_az_6x64_mcts200,19,4626,1,ours_minimax_d4,1.0,7,4626365,0.39,79064.84,0.7,79064.8,,663804711
ours_minimax_d4,nn_az_6x64_mcts200,18,3344,0,nn_az_6x64_mcts200,0.0,7,3344526,0.11,55824.41,0.1,97155.2,,1094494973
ours_minimax_d4,nn_az_6x64_mcts200,11,243,1,nn_az_6x64_mcts200,0.0,38,24324444224223333366666611117117777755,2.87,93206.16,17.7,132700.4,,1059849511
ours_minimax_d4,nn_az_6x64_mcts200,14,3117,1,nn_az_6x64_mcts200,0.0,34,3117454434335445573773111155772222,2.65,87560.8,18.7,124339.8,,691798701
ours_minimax_d4,nn_az_6x64_mcts200,17,374,1,ours_minimax_d4,1.0,13,3745444435152,4.98,126646.36,17.4,150563.6,,489153668
ours_minimax_d4,nn_az_6x64_mcts200,13,72,1,nn_az_6x64_mcts200,0.0,42,724544445222525545323373337777116666661111,2.64,86502.49,13.7,128442.2,,1546202411
ours_minimax_d4,nn_az_6x64_mcts200,12,5466,1,draw,0.5,42,546644446645665522222233333355177111117777,4.95,101311.9,17.3,147391.0,,783032857
ours_minimax_d4,nn_az_6x64_mcts200,16,273,0,ours_minimax_d4,1.0,24,273425644474335336557663,3.81,114140.4,15.8,140809.2,,1203481523
ours_minimax_d4,nn_az_6x64_mcts200,14,3117,0,ours_minimax_d4,1.0,34,3117543444554515566343111337777766,2.8,101181.48,15.5,142642.3,,914457408
ours_minimax_d4,nn_az_6x64_mcts200,13,72,0,nn_az_6x64_mcts200,0.0,39,724624224444226666655553777115115117733,2.31,106362.75,17.8,149726.0,,1931090410
ours_minimax_d8,nn_az_6x64_mcts200,3,262,0,ours_minimax_d8,1.0,8,26244543,67.21,68832.96,200.8,121217.8,,153455438
ours_minimax_d4,nn_az_6x64_mcts200,15,75,1,ours_minimax_d4,1.0,31,7533335553735512224147277221766,7.06,115051.03,19.8,157702.2,,813202263
ours_minimax_d4,nn_az_6x64_mcts200,15,75,0,ours_minimax_d4,1.0,38,75444445455575771223111332221277133366,3.86,107812.83,16.9,156564.2,,144471261
ours_minimax_d8,nn_az_6x64_mcts200,2,232,0,ours_minimax_d8,1.0,16,2322332334444655,228.62,108075.16,451.7,143180.0,,1760183995
ours_minimax_d8,nn_az_6x64_mcts200,3,262,1,ours_minimax_d8,1.0,15,262343324441245,195.93,102798.77,309.3,133118.7,,1379012068
ours_minimax_d4,nn_az_6x64_mcts200,19,4626,0,ours_minimax_d4,1.0,24,462626633422435443365745,4.83,121150.29,17.5,153438.3,,1176278055
ours_minimax_d4,nn_az_6x64_mcts200,16,273,1,ours_minimax_d4,1.0,37,2734444244222266666673777733331115511,7.25,109658.84,21.3,156068.7,,1439188203
ours_minimax_d8,nn_az_6x64_mcts200,4,44,1,ours_minimax_d8,1.0,15,444544555522331,261.03,102262.83,603.0,131739.3,,1973151312
ours_minimax_d8,nn_az_6x64_mcts200,0,71,1,ours_minimax_d8,1.0,25,7133454444774233555377656,242.14,123425.87,611.8,161451.6,,1367055115
ours_minimax_d4,nn_az_6x64_mcts200,17,374,0,nn_az_6x64_mcts200,0.0,39,374535335521144444117575777622222331166,5.35,100324.06,21.4,157079.5,,1470304599
ours_minimax_d8,nn_az_6x64_mcts200,0,71,0,ours_minimax_d8,1.0,32,71343343347444636771111166622252,143.23,111923.64,668.6,160253.5,,153373800
ours_minimax_d8,nn_az_6x64_mcts200,1,643,0,ours_minimax_d8,1.0,34,6434443474737763666331171611522222,106.91,102733.82,312.1,156270.8,,2040931103
ours_minimax_d8,nn_az_6x64_mcts200,2,232,1,ours_minimax_d8,1.0,35,23233344434122443666675726625555511,117.24,89731.46,408.4,149308.7,,1874263551
ours_minimax_d8,nn_az_6x64_mcts200,1,643,1,draw,0.5,42,643333444446366636111157555557777722222211,95.04,87317.28,388.0,156506.1,,1087528817
ours_minimax_d8,nn_az_6x64_mcts200,7,1473,0,ours_minimax_d8,1.0,18,147354447377457636,152.98,103593.59,407.4,123097.6,,264856168
ours_minimax_d8,nn_az_6x64_mcts200,6,22,1,ours_minimax_d8,1.0,21,224344444622326676565,180.55,107416.29,413.5,127776.0,,474999979
ours_minimax_d8,nn_az_6x64_mcts200,5,2763,0,ours_minimax_d8,1.0,22,2763442444742212123335,174.08,111641.48,316.5,122907.1,,1388545523
ours_minimax_d8,nn_az_6x64_mcts200,8,24,0,ours_minimax_d8,1.0,18,242444422537666365,179.54,105826.18,372.8,127576.9,,2084229208
ours_minimax_d8,nn_az_6x64_mcts200,10,3257,1,ours_minimax_d8,1.0,15,325746444455332,167.64,93765.88,312.2,124134.5,,1852409422
ours_minimax_d8,nn_az_6x64_mcts200,5,2763,1,nn_az_6x64_mcts200,0.0,38,27633232332322765656655677175517111144,129.61,88569.04,451.2,131975.5,,1384908935
ours_minimax_d8,nn_az_6x64_mcts200,4,44,0,nn_az_6x64_mcts200,0.0,35,44444456555222252275777331111117733,147.63,95404.63,609.4,132451.5,,1360826671
ours_minimax_d8,nn_az_6x64_mcts200,8,24,1,ours_minimax_d8,1.0,27,244244422567556754552233363,151.52,100849.29,321.3,123975.7,,1569869521
ours_minimax_d8,nn_az_6x64_mcts200,7,1473,1,draw,0.5,42,147355444455314151113366665737377766222222,79.7,76762.57,264.6,126315.5,,1911673135
ours_minimax_d8,nn_az_6x64_mcts200,11,243,0,ours_minimax_d8,1.0,22,2434442422335351314111,134.29,98618.15,399.5,122404.0,,1521646950
ours_minimax_d8,nn_az_6x64_mcts200,6,22,0,ours_minimax_d8,1.0,42,224324242214431465553336715511366517777766,47.02,87247.24,204.1,124865.6,,373406181
ours_minimax_d8,nn_az_6x64_mcts200,11,243,1,ours_minimax_d8,1.0,23,24324444432222766676565,161.04,107558.49,359.8,122344.7,,1849030903
ours_minimax_d8,nn_az_6x64_mcts200,12,5466,0,ours_minimax_d8,1.0,22,5466644464664555511313,96.3,97280.73,271.7,118396.0,,837328829
ours_minimax_d8,nn_az_6x64_mcts200,10,3257,0,ours_minimax_d8,1.0,36,325746443554433212243327277666767655,77.49,81139.14,220.9,120294.4,,613511571
ours_minimax_d8,nn_az_6x64_mcts200,18,3344,1,ours_minimax_d8,1.0,7,3344552,0.32,39521.6,0.6,39521.6,,2128339264
ours_minimax_d8,nn_az_6x64_mcts200,9,2537,1,nn_az_6x64_mcts200,0.0,40,2537414442455545223257277616666611117733,108.09,85175.18,367.8,124531.3,,165837849
ours_minimax_d8,nn_az_6x64_mcts200,9,2537,0,nn_az_6x64_mcts200,0.0,37,2537413444732374133457111222261776556,87.77,89719.33,211.6,123497.4,,1348473653
ours_minimax_d8,nn_az_6x64_mcts200,18,3344,0,nn_az_6x64_mcts200,0.0,7,3344526,0.1,43613.54,0.1,76577.5,,63774175
ours_minimax_d8,nn_az_6x64_mcts200,19,4626,1,ours_minimax_d8,1.0,7,4626365,0.37,65438.95,0.7,65439.0,,850324960
ours_minimax_d8,nn_az_6x64_mcts200,17,374,1,ours_minimax_d8,1.0,15,374544441225331,125.77,80959.81,311.5,121346.9,,2134704851
ours_minimax_d8,nn_az_6x64_mcts200,14,3117,0,ours_minimax_d8,1.0,28,3117543444545564155127277636,105.63,89511.74,226.8,120125.7,,1624173835
ours_minimax_d8,nn_az_6x64_mcts200,16,273,0,nn_az_6x64_mcts200,0.0,19,2734244434223354555,138.79,78036.85,364.4,119204.1,,59038551
ours_minimax_d8,nn_az_6x64_mcts200,13,72,0,ours_minimax_d8,1.0,34,7244442422565455321515277711711733,115.77,83957.51,332.9,121339.8,,1131360852
ours_minimax_d8,nn_az_6x64_mcts200,13,72,1,nn_az_6x64_mcts200,0.0,38,72454444425222555257111166666611777733,95.3,75386.31,402.6,119892.0,,41309532
ours_minimax_d8,nn_az_6x64_mcts200,14,3117,1,nn_az_6x64_mcts200,0.0,42,311745444434113355133175552222226666667777,94.09,70108.76,270.2,120560.3,,407141510
ours_minimax_d8,nn_az_6x64_mcts200,12,5466,1,draw,0.5,42,546644444566661155222222353533331111777777,112.37,79560.36,336.1,122587.5,,1999867081
ours_minimax_d8,nn_az_6x64_mcts200,16,273,1,ours_minimax_d8,1.0,23,27344442445555377727332,181.75,80202.99,386.1,122508.1,,2010753563
ours_minimax_d8,nn_az_6x64_mcts200,15,75,0,ours_minimax_d8,1.0,32,75444445435533533153111177667166,94.65,65935.74,223.8,120696.2,,1055739108
ours_minimax_d8,nn_az_6x64_mcts200,15,75,1,nn_az_6x64_mcts200,0.0,38,75455544444252572222771111666666117733,93.36,58815.06,405.6,120536.5,,402162262
ours_minimax_d8,nn_az_6x64_mcts200,17,374,0,nn_az_6x64_mcts200,0.0,39,374534447373445332521557577612222111166,89.66,34448.24,416.2,119377.8,,1650762718
ours_minimax_d8,nn_az_6x64_mcts200,19,4626,0,ours_minimax_d8,1.0,36,462623223343344664243266771111717155,41.92,25557.49,194.6,99023.6,,721178954
