bucket,moves,ply,config,depth,nodes,ms,depth_reached,col,score
opening,,0,plain,1,8,0.509,1,3,3.0
opening,,0,plain,2,48,0.399,2,3,0.0
opening,,0,plain,3,206,1.353,3,3,6.0
opening,,0,plain,4,1053,7.283,4,3,0.0
opening,,0,plain,5,4674,32.438,5,3,6.0
opening,,0,plain,6,18583,127.887,6,3,0.0
opening,,0,plain,7,69546,499.821,7,3,6.0
opening,,0,plain,8,250572,2196.53,8,3,-2.0
opening,,0,plain,9,827980,6911.142,9,3,6.0
opening,35,2,plain,1,8,0.379,1,3,5.0
opening,35,2,plain,2,48,0.397,2,3,0.0
opening,35,2,plain,3,185,1.305,3,4,6.0
opening,35,2,plain,4,1006,8.244,4,4,0.0
opening,35,2,plain,5,3151,22.431,5,3,7.0
opening,35,2,plain,6,15311,113.402,6,3,-2.0
opening,35,2,plain,7,44903,349.764,7,4,8.0
opening,35,2,plain,8,187399,1650.381,8,3,-2.0
opening,35,2,plain,9,540491,4307.562,9,2,8.0
opening,775,3,plain,1,8,0.101,1,3,3.0
opening,775,3,plain,2,46,0.626,2,3,-2.0
opening,775,3,plain,3,228,5.674,3,3,1.0
opening,775,3,plain,4,986,15.332,4,3,-5.0
opening,775,3,plain,5,4432,36.018,5,3,2.0
opening,775,3,plain,6,16166,181.469,6,3,-5.0
opening,775,3,plain,7,55529,472.652,7,3,4.0
opening,775,3,plain,8,231790,2142.841,8,3,-5.0
opening,775,3,plain,9,765298,7607.647,9,3,3.0
opening,6712,4,plain,1,8,0.086,1,3,5.0
opening,6712,4,plain,2,41,0.355,2,3,2.0
opening,6712,4,plain,3,188,1.503,3,3,7.0
opening,6712,4,plain,4,717,5.488,4,3,1.0
opening,6712,4,plain,5,3656,31.348,5,3,6.0
opening,6712,4,plain,6,11574,160.908,6,2,-1.0
opening,6712,4,plain,7,42584,433.979,7,3,7.0
opening,6712,4,plain,8,123997,1366.285,8,1,-1.0
opening,6712,4,plain,9,541804,5224.88,9,3,7.0
opening,5547,4,plain,1,8,0.084,1,3,14.0
opening,5547,4,plain,2,40,0.396,2,2,6.0
opening,5547,4,plain,3,86,0.641,3,2,999997.0
opening,5547,4,plain,4,303,2.495,4,2,999997.0
opening,5547,4,plain,5,1041,8.365,5,2,999997.0
opening,5547,4,plain,6,3735,28.497,6,2,999997.0
opening,5547,4,plain,7,12416,126.755,7,2,999997.0
opening,5547,4,plain,8,44881,342.417,8,2,999997.0
opening,5547,4,plain,9,138588,1712.555,9,2,999997.0
opening,5547,4,plain,10,483558,4100.692,10,2,999997.0
opening,5767,4,plain,1,8,0.217,1,3,7.0
opening,5767,4,plain,2,46,0.368,2,3,1.0
opening,5767,4,plain,3,166,1.431,3,3,8.0
opening,5767,4,plain,4,648,4.971,4,3,3.0
opening,5767,4,plain,5,2280,17.537,5,3,11.0
opening,5767,4,plain,6,9762,78.725,6,3,3.0
opening,5767,4,plain,7,40246,347.558,7,3,11.0
opening,5767,4,plain,8,159016,1941.961,8,3,1.0
opening,5767,4,plain,9,577687,5105.658,9,3,10.0
8-11,53137334,8,plain,1,8,0.242,1,4,1.0
8-11,53137334,8,plain,2,42,0.361,2,4,-10.0
8-11,53137334,8,plain,3,200,1.463,3,4,0.0
8-11,53137334,8,plain,4,832,6.657,4,3,-7.0
8-11,53137334,8,plain,5,3465,26.455,5,4,0.0
8-11,53137334,8,plain,6,9473,73.793,6,3,-6.0
8-11,53137334,8,plain,7,44769,358.527,7,3,-2.0
8-11,53137334,8,plain,8,104871,917.256,8,3,-7.0
8-11,53137334,8,plain,9,531815,5003.553,9,4,-3.0
8-11,35513577,8,plain,1,8,0.087,1,3,13.0
8-11,35513577,8,plain,2,41,0.356,2,2,4.0
8-11,35513577,8,plain,3,167,1.296,3,3,13.0
8-11,35513577,8,plain,4,704,5.438,4,3,4.0
8-11,35513577,8,plain,5,2616,20.124,5,2,11.0
8-11,35513577,8,plain,6,5718,43.093,6,2,4.0
8-11,35513577,8,plain,7,20647,162.893,7,2,13.0
8-11,35513577,8,plain,8,51863,405.835,8,2,5.0
8-11,35513577,8,plain,9,233299,2027.473,9,2,12.0
8-11,35513577,8,plain,10,450185,4136.289,10,2,4.0
8-11,45577311,8,plain,1,8,0.114,1,3,18.0
8-11,45577311,8,plain,2,39,0.3,2,3,13.0
8-11,45577311,8,plain,3,186,1.423,3,3,19.0
8-11,45577311,8,plain,4,820,6.715,4,3,13.0
8-11,45577311,8,plain,5,3961,31.158,5,3,19.0
8-11,45577311,8,plain,6,11371,86.2,6,3,13.0
8-11,45577311,8,plain,7,48080,382.582,7,3,19.0
8-11,45577311,8,plain,8,142575,1142.84,8,3,12.0
8-11,45577311,8,plain,9,511083,4471.792,9,3,19.0
8-11,166514626,9,plain,1,1,0.048,1,2,999999.0
8-11,166514626,9,plain,2,1,0.013,2,2,999999.0
8-11,166514626,9,plain,3,1,0.008,3,2,999999.0
8-11,166514626,9,plain,4,1,0.007,4,2,999999.0
8-11,166514626,9,plain,5,1,0.006,5,2,999999.0
8-11,166514626,9,plain,6,1,0.006,6,2,999999.0
8-11,166514626,9,plain,7,1,0.006,7,2,999999.0
8-11,166514626,9,plain,8,1,0.006,8,2,999999.0
8-11,166514626,9,plain,9,1,0.006,9,2,999999.0
8-11,166514626,9,plain,10,1,0.006,10,2,999999.0
8-11,3354534255,10,plain,1,8,0.095,1,3,15.0
8-11,3354534255,10,plain,2,9,1.049,2,3,-1.0
8-11,3354534255,10,plain,3,40,0.323,3,3,10.0
8-11,3354534255,10,plain,4,138,1.25,4,3,-9.0
8-11,3354534255,10,plain,5,380,4.563,5,3,-3.0
8-11,3354534255,10,plain,6,1176,9.78,6,3,-8.0
8-11,3354534255,10,plain,7,3077,26.134,7,3,-6.0
8-11,3354534255,10,plain,8,8377,70.566,8,3,-16.0
8-11,3354534255,10,plain,9,17819,142.984,9,3,-11.0
8-11,3354534255,10,plain,10,58091,496.302,10,3,-15.0
8-11,37375351444,11,plain,1,8,0.09,1,3,-10.0
8-11,37375351444,11,plain,2,1,0.017,2,1,-999998.0
8-11,37375351444,11,plain,3,1,0.011,3,1,-999998.0
8-11,37375351444,11,plain,4,1,0.01,4,1,-999998.0
8-11,37375351444,11,plain,5,1,0.01,5,1,-999998.0
8-11,37375351444,11,plain,6,1,0.009,6,1,-999998.0
8-11,37375351444,11,plain,7,1,0.008,7,1,-999998.0
8-11,37375351444,11,plain,8,1,0.008,8,1,-999998.0
8-11,37375351444,11,plain,9,1,0.008,9,1,-999998.0
8-11,37375351444,11,plain,10,1,0.015,10,1,-999998.0
8-11,25635656652,11,plain,1,8,0.08,1,2,2.0
8-11,25635656652,11,plain,2,42,0.326,2,2,-6.0
8-11,25635656652,11,plain,3,190,1.484,3,3,1.0
8-11,25635656652,11,plain,4,537,4.186,4,2,-6.0
8-11,25635656652,11,plain,5,2078,16.015,5,1,1.0
8-11,25635656652,11,plain,6,6350,49.194,6,1,-5.0
8-11,25635656652,11,plain,7,17839,137.509,7,1,1.0
8-11,25635656652,11,plain,8,63223,528.236,8,1,-5.0
8-11,25635656652,11,plain,9,136315,1072.241,9,1,0.0
8-11,25635656652,11,plain,10,577089,5067.294,10,4,-5.0
8-11,16524274354,11,plain,1,1,0.041,1,2,999999.0
8-11,16524274354,11,plain,2,1,0.01,2,2,999999.0
8-11,16524274354,11,plain,3,1,0.008,3,2,999999.0
8-11,16524274354,11,plain,4,1,0.007,4,2,999999.0
8-11,16524274354,11,plain,5,1,0.006,5,2,999999.0
8-11,16524274354,11,plain,6,1,0.006,6,2,999999.0
8-11,16524274354,11,plain,7,1,0.006,7,2,999999.0
8-11,16524274354,11,plain,8,1,0.006,8,2,999999.0
8-11,16524274354,11,plain,9,1,0.006,9,2,999999.0
8-11,16524274354,11,plain,10,1,0.006,10,2,999999.0
12-15,564474322443,12,plain,1,8,0.083,1,4,-6.0
12-15,564474322443,12,plain,2,37,0.346,2,1,-15.0
12-15,564474322443,12,plain,3,217,1.779,3,4,-9.0
12-15,564474322443,12,plain,4,672,5.729,4,1,-19.0
12-15,564474322443,12,plain,5,3193,26.156,5,4,-12.0
12-15,564474322443,12,plain,6,9534,75.064,6,1,-20.0
12-15,564474322443,12,plain,7,33160,269.26,7,1,-15.0
12-15,564474322443,12,plain,8,99188,863.171,8,4,-19.0
12-15,564474322443,12,plain,9,270756,2368.639,9,4,-14.0
12-15,564474322443,12,plain,10,795569,7344.225,10,4,-21.0
12-15,7432313443171,13,plain,1,8,0.205,1,3,1.0
12-15,7432313443171,13,plain,2,28,0.222,2,3,-4.0
12-15,7432313443171,13,plain,3,118,0.949,3,3,1.0
12-15,7432313443171,13,plain,4,266,2.019,4,3,-3.0
12-15,7432313443171,13,plain,5,990,7.492,5,3,2.0
12-15,7432313443171,13,plain,6,3913,30.647,6,3,-2.0
12-15,7432313443171,13,plain,7,9576,71.244,7,3,3.0
12-15,7432313443171,13,plain,8,31537,244.481,8,3,0.0
12-15,7432313443171,13,plain,9,71612,636.421,9,3,5.0
12-15,7432313443171,13,plain,10,201129,1735.633,10,3,-3.0
12-15,6143425744435,13,plain,1,8,0.09,1,2,-6.0
12-15,6143425744435,13,plain,2,40,0.375,2,4,-19.0
12-15,6143425744435,13,plain,3,121,1.013,3,4,-9.0
12-15,6143425744435,13,plain,4,275,2.253,4,4,-23.0
12-15,6143425744435,13,plain,5,857,6.814,5,4,-12.0
12-15,6143425744435,13,plain,6,1924,15.046,6,4,-21.0
12-15,6143425744435,13,plain,7,5506,43.305,7,4,-14.0
12-15,6143425744435,13,plain,8,10481,87.737,8,4,-24.0
12-15,6143425744435,13,plain,9,28847,240.112,9,4,-19.0
12-15,6143425744435,13,plain,10,50365,435.288,10,4,-26.0
12-15,6443343473644,13,plain,1,7,0.186,1,5,17.0
12-15,6443343473644,13,plain,2,31,0.298,2,5,12.0
12-15,6443343473644,13,plain,3,34,0.271,3,1,999997.0
12-15,6443343473644,13,plain,4,61,0.425,4,1,999997.0
12-15,6443343473644,13,plain,5,269,2.494,5,1,999997.0
12-15,6443343473644,13,plain,6,298,2.22,6,1,999997.0
12-15,6443343473644,13,plain,7,1226,9.855,7,1,999997.0
12-15,6443343473644,13,plain,8,1747,13.735,8,1,999997.0
12-15,6443343473644,13,plain,9,6953,61.999,9,1,999997.0
12-15,6443343473644,13,plain,10,7417,61.283,10,1,999997.0
12-15,3613371156623,13,plain,1,8,0.093,1,2,2.0
12-15,3613371156623,13,plain,2,45,0.415,2,2,-6.0
12-15,3613371156623,13,plain,3,172,1.51,3,2,2.0
12-15,3613371156623,13,plain,4,932,7.944,4,2,-8.0
12-15,3613371156623,13,plain,5,2430,21.091,5,2,-1.0
12-15,3613371156623,13,plain,6,8355,72.763,6,2,-9.0
12-15,3613371156623,13,plain,7,23003,206.555,7,2,-1.0
12-15,3613371156623,13,plain,8,83530,808.343,8,2,-10.0
12-15,3613371156623,13,plain,9,264547,2392.054,9,2,-4.0
12-15,3613371156623,13,plain,10,653039,6223.148,10,2,-9.0
12-15,55415327556763,14,plain,1,8,0.092,1,3,12.0
12-15,55415327556763,14,plain,2,46,0.374,2,3,0.0
12-15,55415327556763,14,plain,3,191,1.846,3,2,12.0
12-15,55415327556763,14,plain,4,554,5.411,4,5,3.0
12-15,55415327556763,14,plain,5,2312,19.291,5,3,12.0
12-15,55415327556763,14,plain,6,6360,53.307,6,3,3.0
12-15,55415327556763,14,plain,7,21943,183.547,7,3,15.0
12-15,55415327556763,14,plain,8,59828,522.953,8,3,5.0
12-15,55415327556763,14,plain,9,184159,1779.974,9,3,17.0
12-15,55415327556763,14,plain,10,474811,4580.916,10,3,6.0
12-15,213514526556424,15,plain,1,8,0.181,1,3,4.0
12-15,213514526556424,15,plain,2,9,0.085,2,2,-19.0
12-15,213514526556424,15,plain,3,32,0.301,3,2,-10.0
12-15,213514526556424,15,plain,4,102,12.585,4,2,-16.0
12-15,213514526556424,15,plain,5,116,1.199,5,2,-13.0
12-15,213514526556424,15,plain,6,436,3.82,6,2,-15.0
12-15,213514526556424,15,plain,7,606,4.767,7,2,-12.0
12-15,213514526556424,15,plain,8,1712,13.543,8,2,-19.0
12-15,213514526556424,15,plain,9,3210,28.601,9,2,-16.0
12-15,213514526556424,15,plain,10,8497,116.289,10,2,-18.0
12-15,264444533574746,15,plain,1,7,0.146,1,2,5.0
12-15,264444533574746,15,plain,2,29,0.455,2,2,0.0
12-15,264444533574746,15,plain,3,124,2.229,3,2,10.0
12-15,264444533574746,15,plain,4,408,5.625,4,2,2.0
12-15,264444533574746,15,plain,5,1333,12.756,5,2,13.0
12-15,264444533574746,15,plain,6,4070,38.091,6,5,2.0
12-15,264444533574746,15,plain,7,13039,129.093,7,5,11.0
12-15,264444533574746,15,plain,8,35889,288.007,8,5,6.0
12-15,264444533574746,15,plain,9,94626,787.677,9,5,15.0
12-15,264444533574746,15,plain,10,243662,2041.386,10,5,12.0
16-19,3532767747771634,16,plain,1,1,0.023,1,2,999999.0
16-19,3532767747771634,16,plain,2,1,0.012,2,2,999999.0
16-19,3532767747771634,16,plain,3,1,0.008,3,2,999999.0
16-19,3532767747771634,16,plain,4,1,0.007,4,2,999999.0
16-19,3532767747771634,16,plain,5,1,0.006,5,2,999999.0
16-19,3532767747771634,16,plain,6,1,0.006,6,2,999999.0
16-19,3532767747771634,16,plain,7,1,0.006,7,2,999999.0
16-19,3532767747771634,16,plain,8,1,0.006,8,2,999999.0
16-19,3532767747771634,16,plain,9,1,0.006,9,2,999999.0
16-19,3532767747771634,16,plain,10,1,0.006,10,2,999999.0
16-19,2161162254555663,16,plain,1,8,0.117,1,2,1.0
16-19,2161162254555663,16,plain,2,41,0.325,2,2,-7.0
16-19,2161162254555663,16,plain,3,105,0.824,3,2,999997.0
16-19,2161162254555663,16,plain,4,209,2.192,4,2,999997.0
16-19,2161162254555663,16,plain,5,550,4.295,5,2,999997.0
16-19,2161162254555663,16,plain,6,1637,12.843,6,2,999997.0
16-19,2161162254555663,16,plain,7,3105,31.675,7,2,999997.0
16-19,2161162254555663,16,plain,8,8824,101.573,8,2,999997.0
16-19,2161162254555663,16,plain,9,22121,178.129,9,2,999997.0
16-19,2161162254555663,16,plain,10,49373,390.599,10,2,999997.0
16-19,71664534537677252,17,plain,1,8,0.652,1,3,19.0
16-19,71664534537677252,17,plain,2,45,0.437,2,3,9.0
16-19,71664534537677252,17,plain,3,125,1.038,3,5,999997.0
16-19,71664534537677252,17,plain,4,434,3.855,4,5,999997.0
16-19,71664534537677252,17,plain,5,1086,9.593,5,5,999997.0
16-19,71664534537677252,17,plain,6,3192,29.287,6,5,999997.0
16-19,71664534537677252,17,plain,7,8556,112.606,7,5,999997.0
16-19,71664534537677252,17,plain,8,26453,219.388,8,5,999997.0
16-19,71664534537677252,17,plain,9,76547,684.121,9,5,999997.0
16-19,71664534537677252,17,plain,10,220710,1839.56,10,5,999997.0
16-19,45245763445535662,17,plain,1,8,0.091,1,3,14.0
16-19,45245763445535662,17,plain,2,33,0.272,2,3,7.0
16-19,45245763445535662,17,plain,3,119,0.943,3,3,20.0
16-19,45245763445535662,17,plain,4,296,2.261,4,3,16.0
16-19,45245763445535662,17,plain,5,782,6.434,5,3,24.0
16-19,45245763445535662,17,plain,6,2060,16.235,6,1,21.0
16-19,45245763445535662,17,plain,7,5403,54.389,7,3,23.0
16-19,45245763445535662,17,plain,8,14217,138.281,8,3,20.0
16-19,45245763445535662,17,plain,9,37582,289.875,9,1,26.0
16-19,45245763445535662,17,plain,10,88399,778.846,10,3,23.0
16-19,55344445324463366,17,plain,1,7,0.094,1,4,6.0
16-19,55344445324463366,17,plain,2,33,0.271,2,4,-5.0
16-19,55344445324463366,17,plain,3,97,0.901,3,4,2.0
16-19,55344445324463366,17,plain,4,159,1.203,4,4,-1.0
16-19,55344445324463366,17,plain,5,590,4.68,5,4,1.0
16-19,55344445324463366,17,plain,6,584,4.585,6,4,3.0
16-19,55344445324463366,17,plain,7,1587,11.886,7,4,4.0
16-19,55344445324463366,17,plain,8,2148,15.947,8,4,3.0
16-19,55344445324463366,17,plain,9,5144,38.992,9,4,4.0
16-19,55344445324463366,17,plain,10,8233,57.332,10,4,3.0
16-19,354466374256222455,18,plain,1,8,0.114,1,3,5.0
16-19,354466374256222455,18,plain,2,41,0.359,2,3,-2.0
16-19,354466374256222455,18,plain,3,172,1.427,3,3,5.0
16-19,354466374256222455,18,plain,4,551,4.772,4,3,0.0
16-19,354466374256222455,18,plain,5,2178,18.651,5,3,4.0
16-19,354466374256222455,18,plain,6,6381,49.429,6,3,3.0
16-19,354466374256222455,18,plain,7,20596,173.563,7,3,8.0
16-19,354466374256222455,18,plain,8,62854,477.157,8,3,0.0
16-19,354466374256222455,18,plain,9,184571,1571.532,9,3,-1.0
16-19,354466374256222455,18,plain,10,608643,4630.518,10,5,-10.0
16-19,5271224736646765147,19,plain,1,8,0.094,1,3,17.0
16-19,5271224736646765147,19,plain,2,9,0.083,2,5,3.0
16-19,5271224736646765147,19,plain,3,37,0.303,3,5,11.0
16-19,5271224736646765147,19,plain,4,145,1.264,4,5,-999996.0
16-19,5271224736646765147,19,plain,5,255,2.229,5,5,-999996.0
16-19,5271224736646765147,19,plain,6,666,5.589,6,5,-999996.0
16-19,5271224736646765147,19,plain,7,1336,12.819,7,5,-999996.0
16-19,5271224736646765147,19,plain,8,3339,33.609,8,5,-999996.0
16-19,5271224736646765147,19,plain,9,6065,72.528,9,5,-999996.0
16-19,5271224736646765147,19,plain,10,14388,124.704,10,5,-999996.0
16-19,4127175351615372133,19,plain,1,8,0.093,1,4,-4.0
16-19,4127175351615372133,19,plain,2,9,0.083,2,4,-9.0
16-19,4127175351615372133,19,plain,3,32,0.25,3,4,-7.0
16-19,4127175351615372133,19,plain,4,129,1.102,4,4,-10.0
16-19,4127175351615372133,19,plain,5,374,2.964,5,4,-9.0
16-19,4127175351615372133,19,plain,6,1674,14.109,6,4,-12.0
16-19,4127175351615372133,19,plain,7,4478,37.436,7,4,-9.0
16-19,4127175351615372133,19,plain,8,14621,120.791,8,4,-14.0
16-19,4127175351615372133,19,plain,9,36894,299.554,9,4,-8.0
16-19,4127175351615372133,19,plain,10,105223,904.085,10,4,-13.0
20-23,13363532767625614456,20,plain,1,1,0.06,1,2,999999.0
20-23,13363532767625614456,20,plain,2,1,0.01,2,2,999999.0
20-23,13363532767625614456,20,plain,3,1,0.011,3,2,999999.0
20-23,13363532767625614456,20,plain,4,1,0.007,4,2,999999.0
20-23,13363532767625614456,20,plain,5,1,0.006,5,2,999999.0
20-23,13363532767625614456,20,plain,6,1,0.006,6,2,999999.0
20-23,13363532767625614456,20,plain,7,1,0.006,7,2,999999.0
20-23,13363532767625614456,20,plain,8,1,0.006,8,2,999999.0
20-23,13363532767625614456,20,plain,9,1,0.006,9,2,999999.0
20-23,13363532767625614456,20,plain,10,1,0.006,10,2,999999.0
20-23,67445344433462533236,20,plain,1,6,0.065,1,4,5.0
20-23,67445344433462533236,20,plain,2,19,0.148,2,4,-5.0
20-23,67445344433462533236,20,plain,3,23,0.179,3,4,999997.0
20-23,67445344433462533236,20,plain,4,18,0.131,4,4,999997.0
20-23,67445344433462533236,20,plain,5,44,0.298,5,4,999997.0
20-23,67445344433462533236,20,plain,6,68,0.469,6,4,999997.0
20-23,67445344433462533236,20,plain,7,162,1.087,7,4,999997.0
20-23,67445344433462533236,20,plain,8,362,2.249,8,4,999997.0
20-23,67445344433462533236,20,plain,9,498,3.293,9,4,999997.0
20-23,67445344433462533236,20,plain,10,852,5.43,10,4,999997.0
20-23,431623763665423564546,21,plain,1,7,0.082,1,3,2.0
20-23,431623763665423564546,21,plain,2,37,0.33,2,3,-10.0
20-23,431623763665423564546,21,plain,3,150,1.173,3,3,-5.0
20-23,431623763665423564546,21,plain,4,501,4.18,4,3,-11.0
20-23,431623763665423564546,21,plain,5,1500,11.189,5,3,-7.0
20-23,431623763665423564546,21,plain,6,3966,30.275,6,3,-11.0
20-23,431623763665423564546,21,plain,7,10467,84.577,7,3,-5.0
20-23,431623763665423564546,21,plain,8,28814,298.171,8,3,-9.0
20-23,431623763665423564546,21,plain,9,65402,488.153,9,3,-5.0
20-23,431623763665423564546,21,plain,10,177192,1384.056,10,3,-9.0
20-23,7234436316231727566177,22,plain,1,8,0.093,1,3,4.0
20-23,7234436316231727566177,22,plain,2,9,0.085,2,2,-14.0
20-23,7234436316231727566177,22,plain,3,34,0.268,3,2,-11.0
20-23,7234436316231727566177,22,plain,4,161,1.512,4,2,-15.0
20-23,7234436316231727566177,22,plain,5,489,4.053,5,2,-14.0
20-23,7234436316231727566177,22,plain,6,1491,12.022,6,2,-14.0
20-23,7234436316231727566177,22,plain,7,4645,36.248,7,2,-15.0
20-23,7234436316231727566177,22,plain,8,10735,97.507,8,2,-12.0
20-23,7234436316231727566177,22,plain,9,24111,185.484,9,2,-16.0
20-23,7234436316231727566177,22,plain,10,61611,484.748,10,2,-14.0
20-23,7335233461355434467442,22,plain,1,6,0.084,1,4,11.0
20-23,7335233461355434467442,22,plain,2,17,0.146,2,4,11.0
20-23,7335233461355434467442,22,plain,3,53,0.461,3,4,13.0
20-23,7335233461355434467442,22,plain,4,92,0.759,4,4,14.0
20-23,7335233461355434467442,22,plain,5,190,1.493,5,4,15.0
20-23,7335233461355434467442,22,plain,6,338,6.717,6,4,14.0
20-23,7335233461355434467442,22,plain,7,653,8.872,7,4,14.0
20-23,7335233461355434467442,22,plain,8,981,7.434,8,4,14.0
20-23,7335233461355434467442,22,plain,9,1880,13.441,9,4,15.0
20-23,7335233461355434467442,22,plain,10,3887,27.495,10,4,11.0
20-23,5322755122336534612564,22,plain,1,1,0.021,1,5,999999.0
20-23,5322755122336534612564,22,plain,2,1,0.008,2,5,999999.0
20-23,5322755122336534612564,22,plain,3,1,0.007,3,5,999999.0
20-23,5322755122336534612564,22,plain,4,1,0.007,4,5,999999.0
20-23,5322755122336534612564,22,plain,5,1,0.006,5,5,999999.0
20-23,5322755122336534612564,22,plain,6,1,0.006,6,5,999999.0
20-23,5322755122336534612564,22,plain,7,1,0.006,7,5,999999.0
20-23,5322755122336534612564,22,plain,8,1,0.006,8,5,999999.0
20-23,5322755122336534612564,22,plain,9,1,0.006,9,5,999999.0
20-23,5322755122336534612564,22,plain,10,1,0.006,10,5,999999.0
20-23,5536767664321422424356,22,plain,1,8,0.08,1,4,4.0
20-23,5536767664321422424356,22,plain,2,42,0.315,2,3,-4.0
20-23,5536767664321422424356,22,plain,3,114,0.861,3,4,3.0
20-23,5536767664321422424356,22,plain,4,394,3.108,4,3,-2.0
20-23,5536767664321422424356,22,plain,5,803,5.983,5,4,5.0
20-23,5536767664321422424356,22,plain,6,2012,14.689,6,3,2.0
20-23,5536767664321422424356,22,plain,7,5376,40.461,7,3,4.0
20-23,5536767664321422424356,22,plain,8,9035,65.608,8,3,0.0
20-23,5536767664321422424356,22,plain,9,20362,150.337,9,3,999991.0
20-23,5536767664321422424356,22,plain,10,26906,192.097,10,3,999991.0
20-23,21522644576145117671657,23,plain,1,8,0.09,1,3,1.0
20-23,21522644576145117671657,23,plain,2,1,0.015,2,2,-999998.0
20-23,21522644576145117671657,23,plain,3,1,0.011,3,2,-999998.0
20-23,21522644576145117671657,23,plain,4,1,0.01,4,2,-999998.0
20-23,21522644576145117671657,23,plain,5,1,0.009,5,2,-999998.0
20-23,21522644576145117671657,23,plain,6,1,0.017,6,2,-999998.0
20-23,21522644576145117671657,23,plain,7,1,0.009,7,2,-999998.0
20-23,21522644576145117671657,23,plain,8,1,0.014,8,2,-999998.0
20-23,21522644576145117671657,23,plain,9,1,0.01,9,2,-999998.0
20-23,21522644576145117671657,23,plain,10,1,0.009,10,2,-999998.0
24-27,565344435527133454412322,24,plain,1,1,0.024,1,1,999999.0
24-27,565344435527133454412322,24,plain,2,1,0.009,2,1,999999.0
24-27,565344435527133454412322,24,plain,3,1,0.007,3,1,999999.0
24-27,565344435527133454412322,24,plain,4,1,0.007,4,1,999999.0
24-27,565344435527133454412322,24,plain,5,1,0.006,5,1,999999.0
24-27,565344435527133454412322,24,plain,6,1,0.006,6,1,999999.0
24-27,565344435527133454412322,24,plain,7,1,0.006,7,1,999999.0
24-27,565344435527133454412322,24,plain,8,1,0.006,8,1,999999.0
24-27,565344435527133454412322,24,plain,9,1,0.035,9,1,999999.0
24-27,565344435527133454412322,24,plain,10,1,0.009,10,1,999999.0
24-27,351664714521247245547762,24,plain,1,8,0.088,1,5,-17.0
24-27,351664714521247245547762,24,plain,2,38,0.305,2,4,-21.0
24-27,351664714521247245547762,24,plain,3,127,0.985,3,5,-17.0
24-27,351664714521247245547762,24,plain,4,123,1.054,4,5,-19.0
24-27,351664714521247245547762,24,plain,5,357,2.938,5,5,-23.0
24-27,351664714521247245547762,24,plain,6,930,6.992,6,5,-23.0
24-27,351664714521247245547762,24,plain,7,2229,16.254,7,5,-26.0
24-27,351664714521247245547762,24,plain,8,5360,42.401,8,5,-25.0
24-27,351664714521247245547762,24,plain,9,8775,60.93,9,5,-29.0
24-27,351664714521247245547762,24,plain,10,22595,166.448,10,5,-21.0
24-27,162353465425466543364462,24,plain,1,6,0.188,1,2,14.0
24-27,162353465425466543364462,24,plain,2,25,0.381,2,2,9.0
24-27,162353465425466543364462,24,plain,3,68,0.86,3,4,16.0
24-27,162353465425466543364462,24,plain,4,197,2.499,4,4,11.0
24-27,162353465425466543364462,24,plain,5,446,5.641,5,4,16.0
24-27,162353465425466543364462,24,plain,6,976,12.086,6,4,11.0
24-27,162353465425466543364462,24,plain,7,1734,19.301,7,2,16.0
24-27,162353465425466543364462,24,plain,8,2259,13.611,8,4,11.0
24-27,162353465425466543364462,24,plain,9,6059,37.974,9,2,16.0
24-27,162353465425466543364462,24,plain,10,6902,41.678,10,2,12.0
24-27,154345444556322134567521,24,plain,1,1,0.021,1,0,999999.0
24-27,154345444556322134567521,24,plain,2,1,0.008,2,0,999999.0
24-27,154345444556322134567521,24,plain,3,1,0.007,3,0,999999.0
24-27,154345444556322134567521,24,plain,4,1,0.006,4,0,999999.0
24-27,154345444556322134567521,24,plain,5,1,0.006,5,0,999999.0
24-27,154345444556322134567521,24,plain,6,1,0.006,6,0,999999.0
24-27,154345444556322134567521,24,plain,7,1,0.006,7,0,999999.0
24-27,154345444556322134567521,24,plain,8,1,0.006,8,0,999999.0
24-27,154345444556322134567521,24,plain,9,1,0.006,9,0,999999.0
24-27,154345444556322134567521,24,plain,10,1,0.006,10,0,999999.0
24-27,1375614436467763415324554,25,plain,1,7,0.074,1,2,20.0
24-27,1375614436467763415324554,25,plain,2,35,0.324,2,4,11.0
24-27,1375614436467763415324554,25,plain,3,41,0.363,3,1,999997.0
24-27,1375614436467763415324554,25,plain,4,80,0.701,4,1,999997.0
24-27,1375614436467763415324554,25,plain,5,168,2.068,5,1,999997.0
24-27,1375614436467763415324554,25,plain,6,297,2.113,6,1,999997.0
24-27,1375614436467763415324554,25,plain,7,474,3.856,7,1,999997.0
24-27,1375614436467763415324554,25,plain,8,658,4.43,8,1,999997.0
24-27,1375614436467763415324554,25,plain,9,1170,8.326,9,1,999997.0
24-27,1375614436467763415324554,25,plain,10,1490,11.093,10,1,999997.0
24-27,15151155244562132542444176,26,plain,1,5,0.062,1,5,20.0
24-27,15151155244562132542444176,26,plain,2,16,0.127,2,5,22.0
24-27,15151155244562132542444176,26,plain,3,35,0.308,3,5,21.0
24-27,15151155244562132542444176,26,plain,4,75,0.518,4,5,23.0
24-27,15151155244562132542444176,26,plain,5,170,1.311,5,5,21.0
24-27,15151155244562132542444176,26,plain,6,273,1.796,6,5,25.0
24-27,15151155244562132542444176,26,plain,7,536,3.672,7,5,23.0
24-27,15151155244562132542444176,26,plain,8,851,5.448,8,5,21.0
24-27,15151155244562132542444176,26,plain,9,1327,14.07,9,5,17.0
24-27,15151155244562132542444176,26,plain,10,1688,18.901,10,5,20.0
24-27,563353335571532476245667644,27,plain,1,1,0.027,1,3,999999.0
24-27,563353335571532476245667644,27,plain,2,1,0.015,2,3,999999.0
24-27,563353335571532476245667644,27,plain,3,1,0.016,3,3,999999.0
24-27,563353335571532476245667644,27,plain,4,1,0.013,4,3,999999.0
24-27,563353335571532476245667644,27,plain,5,1,0.012,5,3,999999.0
24-27,563353335571532476245667644,27,plain,6,1,0.012,6,3,999999.0
24-27,563353335571532476245667644,27,plain,7,1,0.011,7,3,999999.0
24-27,563353335571532476245667644,27,plain,8,1,0.012,8,3,999999.0
24-27,563353335571532476245667644,27,plain,9,1,0.012,9,3,999999.0
24-27,563353335571532476245667644,27,plain,10,1,0.01,10,3,999999.0
24-27,425436446344332336526776552,27,plain,1,6,0.077,1,5,2.0
24-27,425436446344332336526776552,27,plain,2,30,0.269,2,5,0.0
24-27,425436446344332336526776552,27,plain,3,108,0.885,3,5,2.0
24-27,425436446344332336526776552,27,plain,4,342,3.274,4,4,0.0
24-27,425436446344332336526776552,27,plain,5,593,5.555,5,5,2.0
24-27,425436446344332336526776552,27,plain,6,1912,17.331,6,5,2.0
24-27,425436446344332336526776552,27,plain,7,3884,21.024,7,5,2.0
24-27,425436446344332336526776552,27,plain,8,10103,54.585,8,5,2.0
24-27,425436446344332336526776552,27,plain,9,23022,113.758,9,5,2.0
24-27,425436446344332336526776552,27,plain,10,45210,242.951,10,5,2.0
28-30,1444645445566263356651232572,28,plain,1,5,0.061,1,2,2.0
28-30,1444645445566263356651232572,28,plain,2,6,0.059,2,2,2.0
28-30,1444645445566263356651232572,28,plain,3,13,0.095,3,2,2.0
28-30,1444645445566263356651232572,28,plain,4,35,0.236,4,2,2.0
28-30,1444645445566263356651232572,28,plain,5,74,0.49,5,2,2.0
28-30,1444645445566263356651232572,28,plain,6,155,1.054,6,2,4.0
28-30,1444645445566263356651232572,28,plain,7,262,1.698,7,2,4.0
28-30,1444645445566263356651232572,28,plain,8,369,2.581,8,2,4.0
28-30,1444645445566263356651232572,28,plain,9,569,3.51,9,2,4.0
28-30,1444645445566263356651232572,28,plain,10,662,3.915,10,2,4.0
28-30,1166317662572521767417413736,28,plain,1,1,0.015,1,2,999999.0
28-30,1166317662572521767417413736,28,plain,2,1,0.009,2,2,999999.0
28-30,1166317662572521767417413736,28,plain,3,1,0.007,3,2,999999.0
28-30,1166317662572521767417413736,28,plain,4,1,0.007,4,2,999999.0
28-30,1166317662572521767417413736,28,plain,5,1,0.007,5,2,999999.0
28-30,1166317662572521767417413736,28,plain,6,1,0.006,6,2,999999.0
28-30,1166317662572521767417413736,28,plain,7,1,0.006,7,2,999999.0
28-30,1166317662572521767417413736,28,plain,8,1,0.006,8,2,999999.0
28-30,1166317662572521767417413736,28,plain,9,1,0.006,9,2,999999.0
28-30,1166317662572521767417413736,28,plain,10,1,0.006,10,2,999999.0
28-30,7353647445633412243366575545,28,plain,1,5,0.056,1,1,-7.0
28-30,7353647445633412243366575545,28,plain,2,15,0.124,2,1,-12.0
28-30,7353647445633412243366575545,28,plain,3,35,0.301,3,0,-9.0
28-30,7353647445633412243366575545,28,plain,4,79,0.598,4,0,-12.0
28-30,7353647445633412243366575545,28,plain,5,176,1.273,5,0,-10.0
28-30,7353647445633412243366575545,28,plain,6,377,2.752,6,1,-13.0
28-30,7353647445633412243366575545,28,plain,7,630,4.213,7,1,-12.0
28-30,7353647445633412243366575545,28,plain,8,1127,7.174,8,1,-13.0
28-30,7353647445633412243366575545,28,plain,9,1308,8.068,9,0,-11.0
28-30,7353647445633412243366575545,28,plain,10,2142,12.56,10,1,-999990.0
28-30,65424532255364536663374446737,29,plain,1,5,0.053,1,1,-2.0
28-30,65424532255364536663374446737,29,plain,2,18,0.114,2,6,-5.0
28-30,65424532255364536663374446737,29,plain,3,41,0.232,3,6,0.0
28-30,65424532255364536663374446737,29,plain,4,80,0.505,4,4,-5.0
28-30,65424532255364536663374446737,29,plain,5,154,0.965,5,4,0.0
28-30,65424532255364536663374446737,29,plain,6,248,1.457,6,0,-3.0
28-30,65424532255364536663374446737,29,plain,7,434,2.474,7,4,0.0
28-30,65424532255364536663374446737,29,plain,8,789,4.22,8,4,-1.0
28-30,65424532255364536663374446737,29,plain,9,1332,6.891,9,4,0.0
28-30,65424532255364536663374446737,29,plain,10,1861,9.856,10,4,-1.0
28-30,44612765464411742322632216767,29,plain,1,1,0.022,1,2,999999.0
28-30,44612765464411742322632216767,29,plain,2,1,0.009,2,2,999999.0
28-30,44612765464411742322632216767,29,plain,3,1,0.007,3,2,999999.0
28-30,44612765464411742322632216767,29,plain,4,1,0.007,4,2,999999.0
28-30,44612765464411742322632216767,29,plain,5,1,0.006,5,2,999999.0
28-30,44612765464411742322632216767,29,plain,6,1,0.006,6,2,999999.0
28-30,44612765464411742322632216767,29,plain,7,1,0.013,7,2,999999.0
28-30,44612765464411742322632216767,29,plain,8,1,0.007,8,2,999999.0
28-30,44612765464411742322632216767,29,plain,9,1,0.006,9,2,999999.0
28-30,44612765464411742322632216767,29,plain,10,1,0.006,10,2,999999.0
28-30,75774511775311123344541627454,29,plain,1,1,0.009,1,2,999999.0
28-30,75774511775311123344541627454,29,plain,2,1,0.007,2,2,999999.0
28-30,75774511775311123344541627454,29,plain,3,1,0.006,3,2,999999.0
28-30,75774511775311123344541627454,29,plain,4,1,0.006,4,2,999999.0
28-30,75774511775311123344541627454,29,plain,5,1,0.006,5,2,999999.0
28-30,75774511775311123344541627454,29,plain,6,1,0.006,6,2,999999.0
28-30,75774511775311123344541627454,29,plain,7,1,0.006,7,2,999999.0
28-30,75774511775311123344541627454,29,plain,8,1,0.006,8,2,999999.0
28-30,75774511775311123344541627454,29,plain,9,1,0.006,9,2,999999.0
28-30,75774511775311123344541627454,29,plain,10,1,0.006,10,2,999999.0
28-30,667675522264413577124575665743,30,plain,1,1,0.008,1,3,999999.0
28-30,667675522264413577124575665743,30,plain,2,1,0.007,2,3,999999.0
28-30,667675522264413577124575665743,30,plain,3,1,0.006,3,3,999999.0
28-30,667675522264413577124575665743,30,plain,4,1,0.006,4,3,999999.0
28-30,667675522264413577124575665743,30,plain,5,1,0.006,5,3,999999.0
28-30,667675522264413577124575665743,30,plain,6,1,0.006,6,3,999999.0
28-30,667675522264413577124575665743,30,plain,7,1,0.006,7,3,999999.0
28-30,667675522264413577124575665743,30,plain,8,1,0.006,8,3,999999.0
28-30,667675522264413577124575665743,30,plain,9,1,0.006,9,3,999999.0
28-30,667675522264413577124575665743,30,plain,10,1,0.006,10,3,999999.0
28-30,546215655441233666742455423122,30,plain,1,5,0.057,1,2,-4.0
28-30,546215655441233666742455423122,30,plain,2,10,0.077,2,0,-9.0
28-30,546215655441233666742455423122,30,plain,3,26,0.177,3,0,-7.0
28-30,546215655441233666742455423122,30,plain,4,32,0.25,4,0,-9.0
28-30,546215655441233666742455423122,30,plain,5,59,0.364,5,0,-6.0
28-30,546215655441233666742455423122,30,plain,6,57,0.357,6,0,-10.0
28-30,546215655441233666742455423122,30,plain,7,82,0.512,7,0,-6.0
28-30,546215655441233666742455423122,30,plain,8,86,0.535,8,0,-10.0
28-30,546215655441233666742455423122,30,plain,9,94,0.54,9,0,-6.0
28-30,546215655441233666742455423122,30,plain,10,116,4.797,10,0,-10.0
opening,,0,no_order,1,8,0.09,1,3,3.0
opening,,0,no_order,2,56,0.407,2,3,0.0
opening,,0,no_order,3,262,1.737,3,3,6.0
opening,,0,no_order,4,1206,8.854,4,3,0.0
opening,,0,no_order,5,4748,32.903,5,3,6.0
opening,,0,no_order,6,16083,113.119,6,3,0.0
opening,,0,no_order,7,50049,388.674,7,3,6.0
opening,,0,no_order,8,144143,1255.334,8,3,-2.0
opening,,0,no_order,9,382188,3081.125,9,3,6.0
opening,35,2,no_order,1,8,0.113,1,3,5.0
opening,35,2,no_order,2,56,0.415,2,3,0.0
opening,35,2,no_order,3,241,2.213,3,4,6.0
opening,35,2,no_order,4,1160,8.805,4,4,0.0
opening,35,2,no_order,5,3594,27.079,5,3,7.0
opening,35,2,no_order,6,13550,99.512,6,3,-2.0
opening,35,2,no_order,7,36382,342.9,7,4,8.0
opening,35,2,no_order,8,114177,966.995,8,3,-2.0
opening,35,2,no_order,9,287033,2451.576,9,2,8.0
opening,35,2,no_order,10,805782,7309.949,10,3,-3.0
opening,775,3,no_order,1,8,0.093,1,3,3.0
opening,775,3,no_order,2,54,0.466,2,3,-2.0
opening,775,3,no_order,3,282,2.395,3,3,1.0
opening,775,3,no_order,4,1197,12.088,4,3,-5.0
opening,775,3,no_order,5,4603,75.587,5,3,2.0
opening,775,3,no_order,6,14427,122.678,6,3,-5.0
opening,775,3,no_order,7,41667,394.275,7,3,4.0
opening,775,3,no_order,8,124668,1090.428,8,3,-5.0
opening,775,3,no_order,9,341417,2980.859,9,3,3.0
opening,775,3,no_order,10,873936,8276.737,10,3,-2.0
opening,6712,4,no_order,1,8,0.101,1,3,5.0
opening,6712,4,no_order,2,49,0.38,2,3,2.0
opening,6712,4,no_order,3,237,1.959,3,3,7.0
opening,6712,4,no_order,4,912,7.451,4,3,1.0
opening,6712,4,no_order,5,3787,41.976,5,3,6.0
opening,6712,4,no_order,6,11668,103.465,6,2,-1.0
opening,6712,4,no_order,7,33992,286.458,7,3,7.0
opening,6712,4,no_order,8,90518,709.011,8,1,-1.0
opening,6712,4,no_order,9,268076,2246.648,9,3,7.0
opening,6712,4,no_order,10,658716,6322.647,10,2,-1.0
opening,5547,4,no_order,1,8,0.286,1,3,14.0
opening,5547,4,no_order,2,48,0.411,2,2,6.0
opening,5547,4,no_order,3,134,1.048,3,2,999997.0
opening,5547,4,no_order,4,134,1.431,3,2,999997.0
opening,5547,4,no_order,5,134,1.334,3,2,999997.0
opening,5547,4,no_order,6,134,1.332,3,2,999997.0
opening,5547,4,no_order,7,134,1.061,3,2,999997.0
opening,5547,4,no_order,8,134,2.053,3,2,999997.0
opening,5547,4,no_order,9,134,1.112,3,2,999997.0
opening,5547,4,no_order,10,134,1.027,3,2,999997.0
opening,5767,4,no_order,1,8,0.083,1,3,7.0
opening,5767,4,no_order,2,54,0.421,2,3,1.0
opening,5767,4,no_order,3,220,2.927,3,3,8.0
opening,5767,4,no_order,4,829,10.802,4,3,3.0
opening,5767,4,no_order,5,2667,24.638,5,3,11.0
opening,5767,4,no_order,6,9352,77.82,6,3,3.0
opening,5767,4,no_order,7,30385,256.48,7,3,11.0
opening,5767,4,no_order,8,94546,819.682,8,3,1.0
opening,5767,4,no_order,9,264849,2310.902,9,3,10.0
opening,5767,4,no_order,10,666773,6123.957,10,3,3.0
8-11,53137334,8,no_order,1,8,0.239,1,4,1.0
8-11,53137334,8,no_order,2,50,0.429,2,4,-10.0
8-11,53137334,8,no_order,3,250,1.906,3,4,0.0
8-11,53137334,8,no_order,4,1016,7.695,4,3,-7.0
8-11,53137334,8,no_order,5,3674,31.406,5,4,0.0
8-11,53137334,8,no_order,6,10086,76.272,6,3,-6.0
8-11,53137334,8,no_order,7,33071,267.69,7,3,-2.0
8-11,53137334,8,no_order,8,80267,705.231,8,3,-7.0
8-11,53137334,8,no_order,9,248809,2403.668,9,4,-3.0
8-11,53137334,8,no_order,10,549743,4935.478,10,4,-8.0
8-11,35513577,8,no_order,1,8,0.27,1,3,13.0
8-11,35513577,8,no_order,2,49,0.444,2,2,4.0
8-11,35513577,8,no_order,3,216,1.901,3,3,13.0
8-11,35513577,8,no_order,4,888,7.781,4,3,4.0
8-11,35513577,8,no_order,5,2957,31.605,5,2,11.0
8-11,35513577,8,no_order,6,7089,56.157,6,2,4.0
8-11,35513577,8,no_order,7,19505,170.581,7,2,13.0
8-11,35513577,8,no_order,8,47693,409.593,8,2,5.0
8-11,35513577,8,no_order,9,138275,1231.138,9,2,12.0
8-11,35513577,8,no_order,10,291850,2600.264,10,2,4.0
8-11,45577311,8,no_order,1,8,0.106,1,3,18.0
8-11,45577311,8,no_order,2,47,0.413,2,3,13.0
8-11,45577311,8,no_order,3,233,1.859,3,3,19.0
8-11,45577311,8,no_order,4,974,7.54,4,3,13.0
8-11,45577311,8,no_order,5,4033,31.732,5,3,19.0
8-11,45577311,8,no_order,6,11661,92.735,6,3,13.0
8-11,45577311,8,no_order,7,37713,318.553,7,3,19.0
8-11,45577311,8,no_order,8,97950,864.182,8,3,12.0
8-11,45577311,8,no_order,9,263104,2328.9,9,3,19.0
8-11,45577311,8,no_order,10,574535,5749.28,10,3,15.0
8-11,166514626,9,no_order,1,1,0.039,1,2,999999.0
8-11,166514626,9,no_order,2,1,0.01,1,2,999999.0
8-11,166514626,9,no_order,3,1,0.008,1,2,999999.0
8-11,166514626,9,no_order,4,1,0.007,1,2,999999.0
8-11,166514626,9,no_order,5,1,0.007,1,2,999999.0
8-11,166514626,9,no_order,6,1,0.007,1,2,999999.0
8-11,166514626,9,no_order,7,1,0.006,1,2,999999.0
8-11,166514626,9,no_order,8,1,0.006,1,2,999999.0
8-11,166514626,9,no_order,9,1,0.006,1,2,999999.0
8-11,166514626,9,no_order,10,1,0.006,1,2,999999.0
8-11,3354534255,10,no_order,1,8,0.094,1,3,15.0
8-11,3354534255,10,no_order,2,17,0.153,2,3,-1.0
8-11,3354534255,10,no_order,3,57,0.626,3,3,10.0
8-11,3354534255,10,no_order,4,195,2.18,4,3,-9.0
8-11,3354534255,10,no_order,5,565,4.819,5,3,-3.0
8-11,3354534255,10,no_order,6,1561,13.458,6,3,-8.0
8-11,3354534255,10,no_order,7,3872,32.26,7,3,-6.0
8-11,3354534255,10,no_order,8,8663,76.891,8,3,-16.0
8-11,3354534255,10,no_order,9,17770,151.22,9,3,-11.0
8-11,3354534255,10,no_order,10,38401,342.906,10,3,-15.0
8-11,37375351444,11,no_order,1,8,0.157,1,3,-10.0
8-11,37375351444,11,no_order,2,9,0.082,2,1,-999998.0
8-11,37375351444,11,no_order,3,9,0.078,2,1,-999998.0
8-11,37375351444,11,no_order,4,9,0.073,2,1,-999998.0
8-11,37375351444,11,no_order,5,9,0.071,2,1,-999998.0
8-11,37375351444,11,no_order,6,9,0.071,2,1,-999998.0
8-11,37375351444,11,no_order,7,9,0.07,2,1,-999998.0
8-11,37375351444,11,no_order,8,9,0.07,2,1,-999998.0
8-11,37375351444,11,no_order,9,9,0.07,2,1,-999998.0
8-11,37375351444,11,no_order,10,9,0.101,2,1,-999998.0
8-11,25635656652,11,no_order,1,8,0.079,1,2,2.0
8-11,25635656652,11,no_order,2,50,0.443,2,2,-6.0
8-11,25635656652,11,no_order,3,240,2.02,3,3,1.0
8-11,25635656652,11,no_order,4,742,6.098,4,2,-6.0
8-11,25635656652,11,no_order,5,2428,19.826,5,1,1.0
8-11,25635656652,11,no_order,6,6821,56.907,6,1,-5.0
8-11,25635656652,11,no_order,7,17100,144.851,7,1,1.0
8-11,25635656652,11,no_order,8,46405,404.697,8,1,-5.0
8-11,25635656652,11,no_order,9,100259,850.454,9,1,0.0
8-11,25635656652,11,no_order,10,268056,2683.509,10,4,-5.0
8-11,16524274354,11,no_order,1,1,0.11,1,2,999999.0
8-11,16524274354,11,no_order,2,1,0.01,1,2,999999.0
8-11,16524274354,11,no_order,3,1,0.008,1,2,999999.0
8-11,16524274354,11,no_order,4,1,0.007,1,2,999999.0
8-11,16524274354,11,no_order,5,1,0.007,1,2,999999.0
8-11,16524274354,11,no_order,6,1,0.011,1,2,999999.0
8-11,16524274354,11,no_order,7,1,0.008,1,2,999999.0
8-11,16524274354,11,no_order,8,1,0.007,1,2,999999.0
8-11,16524274354,11,no_order,9,1,0.008,1,2,999999.0
8-11,16524274354,11,no_order,10,1,0.007,1,2,999999.0
12-15,564474322443,12,no_order,1,8,0.164,1,4,-6.0
12-15,564474322443,12,no_order,2,45,0.377,2,1,-15.0
12-15,564474322443,12,no_order,3,262,2.511,3,4,-9.0
12-15,564474322443,12,no_order,4,861,7.25,4,1,-19.0
12-15,564474322443,12,no_order,5,3313,26.921,5,4,-12.0
12-15,564474322443,12,no_order,6,9174,137.659,6,1,-20.0
12-15,564474322443,12,no_order,7,25861,265.741,7,1,-15.0
12-15,564474322443,12,no_order,8,62126,703.684,8,4,-19.0
12-15,564474322443,12,no_order,9,145425,1430.528,9,4,-14.0
12-15,564474322443,12,no_order,10,301263,3042.253,10,4,-21.0
12-15,7432313443171,13,no_order,1,8,0.105,1,3,1.0
12-15,7432313443171,13,no_order,2,36,0.364,2,3,-4.0
12-15,7432313443171,13,no_order,3,154,1.252,3,3,1.0
12-15,7432313443171,13,no_order,4,396,7.819,4,3,-3.0
12-15,7432313443171,13,no_order,5,1298,14.919,5,3,2.0
12-15,7432313443171,13,no_order,6,3607,29.552,6,3,-2.0
12-15,7432313443171,13,no_order,7,9608,78.933,7,3,3.0
12-15,7432313443171,13,no_order,8,21319,216.325,8,3,0.0
12-15,7432313443171,13,no_order,9,47297,392.282,9,3,5.0
12-15,7432313443171,13,no_order,10,94199,942.489,10,3,-3.0
12-15,6143425744435,13,no_order,1,8,0.098,1,2,-6.0
12-15,6143425744435,13,no_order,2,48,0.402,2,4,-19.0
12-15,6143425744435,13,no_order,3,169,1.557,3,4,-9.0
12-15,6143425744435,13,no_order,4,441,3.744,4,4,-23.0
12-15,6143425744435,13,no_order,5,1194,11.142,5,4,-12.0
12-15,6143425744435,13,no_order,6,2742,24.418,6,4,-21.0
12-15,6143425744435,13,no_order,7,6388,57.052,7,4,-14.0
12-15,6143425744435,13,no_order,8,12275,107.734,8,4,-24.0
12-15,6143425744435,13,no_order,9,25304,221.878,9,4,-19.0
12-15,6143425744435,13,no_order,10,44246,394.612,10,4,-26.0
12-15,6443343473644,13,no_order,1,7,0.136,1,5,17.0
12-15,6443343473644,13,no_order,2,38,0.314,2,5,12.0
12-15,6443343473644,13,no_order,3,72,0.684,3,1,999997.0
12-15,6443343473644,13,no_order,4,72,0.615,3,1,999997.0
12-15,6443343473644,13,no_order,5,72,0.638,3,1,999997.0
12-15,6443343473644,13,no_order,6,72,0.698,3,1,999997.0
12-15,6443343473644,13,no_order,7,72,0.57,3,1,999997.0
12-15,6443343473644,13,no_order,8,72,0.658,3,1,999997.0
12-15,6443343473644,13,no_order,9,72,0.691,3,1,999997.0
12-15,6443343473644,13,no_order,10,72,0.577,3,1,999997.0
12-15,3613371156623,13,no_order,1,8,0.083,1,2,2.0
12-15,3613371156623,13,no_order,2,53,0.421,2,2,-6.0
12-15,3613371156623,13,no_order,3,225,1.834,3,2,2.0
12-15,3613371156623,13,no_order,4,1071,11.751,4,2,-8.0
12-15,3613371156623,13,no_order,5,2890,40.839,5,2,-1.0
12-15,3613371156623,13,no_order,6,8214,66.551,6,2,-9.0
12-15,3613371156623,13,no_order,7,19482,165.003,7,2,-1.0
12-15,3613371156623,13,no_order,8,51452,484.288,8,2,-10.0
12-15,3613371156623,13,no_order,9,124478,1388.767,9,2,-4.0
12-15,3613371156623,13,no_order,10,266571,2495.722,10,2,-9.0
12-15,55415327556763,14,no_order,1,8,0.104,1,3,12.0
12-15,55415327556763,14,no_order,2,54,0.465,2,3,0.0
12-15,55415327556763,14,no_order,3,245,2.177,3,2,12.0
12-15,55415327556763,14,no_order,4,754,7.532,4,5,3.0
12-15,55415327556763,14,no_order,5,2720,23.642,5,3,12.0
12-15,55415327556763,14,no_order,6,6987,72.824,6,3,3.0
12-15,55415327556763,14,no_order,7,19647,179.163,7,3,15.0
12-15,55415327556763,14,no_order,8,45450,420.857,8,3,5.0
12-15,55415327556763,14,no_order,9,111697,1104.797,9,3,17.0
12-15,55415327556763,14,no_order,10,239489,2536.767,10,3,6.0
12-15,213514526556424,15,no_order,1,8,0.103,1,3,4.0
12-15,213514526556424,15,no_order,2,17,0.167,2,2,-19.0
12-15,213514526556424,15,no_order,3,49,0.415,3,2,-10.0
12-15,213514526556424,15,no_order,4,151,1.285,4,2,-16.0
12-15,213514526556424,15,no_order,5,267,2.205,5,2,-13.0
12-15,213514526556424,15,no_order,6,694,5.669,6,2,-15.0
12-15,213514526556424,15,no_order,7,1271,10.302,7,2,-12.0
12-15,213514526556424,15,no_order,8,2689,21.361,8,2,-19.0
12-15,213514526556424,15,no_order,9,5064,40.763,9,2,-16.0
12-15,213514526556424,15,no_order,10,9830,81.022,10,2,-18.0
12-15,264444533574746,15,no_order,1,7,0.088,1,2,5.0
12-15,264444533574746,15,no_order,2,36,0.302,2,2,0.0
12-15,264444533574746,15,no_order,3,160,1.403,3,2,10.0
12-15,264444533574746,15,no_order,4,551,4.411,4,2,2.0
12-15,264444533574746,15,no_order,5,1739,13.873,5,2,13.0
12-15,264444533574746,15,no_order,6,4737,38.389,6,5,2.0
12-15,264444533574746,15,no_order,7,13184,114.635,7,5,11.0
12-15,264444533574746,15,no_order,8,29063,247.95,8,5,6.0
12-15,264444533574746,15,no_order,9,65921,693.52,9,5,15.0
12-15,264444533574746,15,no_order,10,130657,1096.602,10,5,12.0
16-19,3532767747771634,16,no_order,1,1,0.038,1,2,999999.0
16-19,3532767747771634,16,no_order,2,1,0.015,1,2,999999.0
16-19,3532767747771634,16,no_order,3,1,0.013,1,2,999999.0
16-19,3532767747771634,16,no_order,4,1,0.014,1,2,999999.0
16-19,3532767747771634,16,no_order,5,1,0.013,1,2,999999.0
16-19,3532767747771634,16,no_order,6,1,0.013,1,2,999999.0
16-19,3532767747771634,16,no_order,7,1,0.012,1,2,999999.0
16-19,3532767747771634,16,no_order,8,1,0.012,1,2,999999.0
16-19,3532767747771634,16,no_order,9,1,0.012,1,2,999999.0
16-19,3532767747771634,16,no_order,10,1,0.011,1,2,999999.0
16-19,2161162254555663,16,no_order,1,8,0.148,1,2,1.0
16-19,2161162254555663,16,no_order,2,49,0.809,2,2,-7.0
16-19,2161162254555663,16,no_order,3,154,2.286,3,2,999997.0
16-19,2161162254555663,16,no_order,4,154,2.367,3,2,999997.0
16-19,2161162254555663,16,no_order,5,154,2.159,3,2,999997.0
16-19,2161162254555663,16,no_order,6,154,2.864,3,2,999997.0
16-19,2161162254555663,16,no_order,7,154,2.192,3,2,999997.0
16-19,2161162254555663,16,no_order,8,154,2.226,3,2,999997.0
16-19,2161162254555663,16,no_order,9,154,2.441,3,2,999997.0
16-19,2161162254555663,16,no_order,10,154,2.365,3,2,999997.0
16-19,71664534537677252,17,no_order,1,8,0.177,1,3,19.0
16-19,71664534537677252,17,no_order,2,53,0.829,2,3,9.0
16-19,71664534537677252,17,no_order,3,178,2.888,3,5,999997.0
16-19,71664534537677252,17,no_order,4,178,2.705,3,5,999997.0
16-19,71664534537677252,17,no_order,5,178,2.781,3,5,999997.0
16-19,71664534537677252,17,no_order,6,178,2.826,3,5,999997.0
16-19,71664534537677252,17,no_order,7,178,2.778,3,5,999997.0
16-19,71664534537677252,17,no_order,8,178,2.76,3,5,999997.0
16-19,71664534537677252,17,no_order,9,178,2.721,3,5,999997.0
16-19,71664534537677252,17,no_order,10,178,2.548,3,5,999997.0
16-19,45245763445535662,17,no_order,1,8,0.134,1,3,14.0
16-19,45245763445535662,17,no_order,2,41,0.645,2,3,7.0
16-19,45245763445535662,17,no_order,3,160,2.379,3,3,20.0
16-19,45245763445535662,17,no_order,4,453,7.071,4,3,16.0
16-19,45245763445535662,17,no_order,5,1123,13.759,5,3,24.0
16-19,45245763445535662,17,no_order,6,2680,22.293,6,1,21.0
16-19,45245763445535662,17,no_order,7,5932,75.842,7,3,23.0
16-19,45245763445535662,17,no_order,8,13240,141.57,8,3,20.0
16-19,45245763445535662,17,no_order,9,27589,310.402,9,1,26.0
16-19,45245763445535662,17,no_order,10,54288,605.828,10,3,23.0
16-19,55344445324463366,17,no_order,1,7,0.09,1,4,6.0
16-19,55344445324463366,17,no_order,2,40,0.375,2,4,-5.0
16-19,55344445324463366,17,no_order,3,137,1.192,3,4,2.0
16-19,55344445324463366,17,no_order,4,293,2.38,4,4,-1.0
16-19,55344445324463366,17,no_order,5,791,7.824,5,4,1.0
16-19,55344445324463366,17,no_order,6,1281,10.548,6,4,3.0
16-19,55344445324463366,17,no_order,7,2464,19.931,7,4,4.0
16-19,55344445324463366,17,no_order,8,3948,33.101,8,4,3.0
16-19,55344445324463366,17,no_order,9,7028,62.694,9,4,4.0
16-19,55344445324463366,17,no_order,10,11340,92.339,10,4,3.0
16-19,354466374256222455,18,no_order,1,8,0.099,1,3,5.0
16-19,354466374256222455,18,no_order,2,49,0.442,2,3,-2.0
16-19,354466374256222455,18,no_order,3,221,1.886,3,3,5.0
16-19,354466374256222455,18,no_order,4,728,5.901,4,3,0.0
16-19,354466374256222455,18,no_order,5,2462,20.518,5,3,4.0
16-19,354466374256222455,18,no_order,6,6236,55.783,6,3,3.0
16-19,354466374256222455,18,no_order,7,16261,161.61,7,3,8.0
16-19,354466374256222455,18,no_order,8,39007,355.734,8,3,0.0
16-19,354466374256222455,18,no_order,9,88275,831.493,9,3,-1.0
16-19,354466374256222455,18,no_order,10,203909,1671.646,10,5,-10.0
16-19,5271224736646765147,19,no_order,1,8,0.131,1,3,17.0
16-19,5271224736646765147,19,no_order,2,17,0.161,2,5,3.0
16-19,5271224736646765147,19,no_order,3,54,0.49,3,5,11.0
16-19,5271224736646765147,19,no_order,4,199,1.686,4,5,-999996.0
16-19,5271224736646765147,19,no_order,5,199,1.66,4,5,-999996.0
16-19,5271224736646765147,19,no_order,6,199,1.698,4,5,-999996.0
16-19,5271224736646765147,19,no_order,7,199,1.661,4,5,-999996.0
16-19,5271224736646765147,19,no_order,8,199,1.735,4,5,-999996.0
16-19,5271224736646765147,19,no_order,9,199,1.609,4,5,-999996.0
16-19,5271224736646765147,19,no_order,10,199,1.727,4,5,-999996.0
16-19,4127175351615372133,19,no_order,1,8,0.094,1,4,-4.0
16-19,4127175351615372133,19,no_order,2,17,0.16,2,4,-9.0
16-19,4127175351615372133,19,no_order,3,49,0.387,3,4,-7.0
16-19,4127175351615372133,19,no_order,4,178,1.472,4,4,-10.0
16-19,4127175351615372133,19,no_order,5,521,4.074,5,4,-9.0
16-19,4127175351615372133,19,no_order,6,1747,13.773,6,4,-12.0
16-19,4127175351615372133,19,no_order,7,4506,35.928,7,4,-9.0
16-19,4127175351615372133,19,no_order,8,11299,92.257,8,4,-14.0
16-19,4127175351615372133,19,no_order,9,24513,199.123,9,4,-8.0
16-19,4127175351615372133,19,no_order,10,52562,438.997,10,4,-13.0
20-23,13363532767625614456,20,no_order,1,1,0.024,1,2,999999.0
20-23,13363532767625614456,20,no_order,2,1,0.01,1,2,999999.0
20-23,13363532767625614456,20,no_order,3,1,0.011,1,2,999999.0
20-23,13363532767625614456,20,no_order,4,1,0.008,1,2,999999.0
20-23,13363532767625614456,20,no_order,5,1,0.007,1,2,999999.0
20-23,13363532767625614456,20,no_order,6,1,0.007,1,2,999999.0
20-23,13363532767625614456,20,no_order,7,1,0.007,1,2,999999.0
20-23,13363532767625614456,20,no_order,8,1,0.006,1,2,999999.0
20-23,13363532767625614456,20,no_order,9,1,0.006,1,2,999999.0
20-23,13363532767625614456,20,no_order,10,1,0.006,1,2,999999.0
20-23,67445344433462533236,20,no_order,1,6,0.068,1,4,5.0
20-23,67445344433462533236,20,no_order,2,25,0.197,2,4,-5.0
20-23,67445344433462533236,20,no_order,3,48,0.361,3,4,999997.0
20-23,67445344433462533236,20,no_order,4,48,0.404,3,4,999997.0
20-23,67445344433462533236,20,no_order,5,48,0.348,3,4,999997.0
20-23,67445344433462533236,20,no_order,6,48,0.386,3,4,999997.0
20-23,67445344433462533236,20,no_order,7,48,0.35,3,4,999997.0
20-23,67445344433462533236,20,no_order,8,48,0.445,3,4,999997.0
20-23,67445344433462533236,20,no_order,9,48,0.387,3,4,999997.0
20-23,67445344433462533236,20,no_order,10,48,0.349,3,4,999997.0
20-23,431623763665423564546,21,no_order,1,7,0.08,1,3,2.0
20-23,431623763665423564546,21,no_order,2,44,0.351,2,3,-10.0
20-23,431623763665423564546,21,no_order,3,194,1.579,3,3,-5.0
20-23,431623763665423564546,21,no_order,4,675,5.713,4,3,-11.0
20-23,431623763665423564546,21,no_order,5,1922,15.228,5,3,-7.0
20-23,431623763665423564546,21,no_order,6,4808,37.145,6,3,-11.0
20-23,431623763665423564546,21,no_order,7,10613,83.248,7,3,-5.0
20-23,431623763665423564546,21,no_order,8,22505,175.008,8,3,-9.0
20-23,431623763665423564546,21,no_order,9,42599,334.508,9,3,-5.0
20-23,431623763665423564546,21,no_order,10,81917,638.173,10,3,-9.0
20-23,7234436316231727566177,22,no_order,1,8,0.098,1,3,4.0
20-23,7234436316231727566177,22,no_order,2,17,0.153,2,2,-14.0
20-23,7234436316231727566177,22,no_order,3,51,0.417,3,2,-11.0
20-23,7234436316231727566177,22,no_order,4,212,1.754,4,2,-15.0
20-23,7234436316231727566177,22,no_order,5,669,5.685,5,2,-14.0
20-23,7234436316231727566177,22,no_order,6,1869,24.943,6,2,-14.0
20-23,7234436316231727566177,22,no_order,7,4866,43.859,7,2,-15.0
20-23,7234436316231727566177,22,no_order,8,9934,95.978,8,2,-12.0
20-23,7234436316231727566177,22,no_order,9,19758,167.581,9,2,-16.0
20-23,7234436316231727566177,22,no_order,10,35472,290.58,10,2,-14.0
20-23,7335233461355434467442,22,no_order,1,6,0.161,1,4,11.0
20-23,7335233461355434467442,22,no_order,2,23,0.2,2,4,11.0
20-23,7335233461355434467442,22,no_order,3,76,0.654,3,4,13.0
20-23,7335233461355434467442,22,no_order,4,167,1.432,4,4,14.0
20-23,7335233461355434467442,22,no_order,5,342,2.73,5,4,15.0
20-23,7335233461355434467442,22,no_order,6,634,5.024,6,4,14.0
20-23,7335233461355434467442,22,no_order,7,1139,8.839,7,4,14.0
20-23,7335233461355434467442,22,no_order,8,1843,14.518,8,4,14.0
20-23,7335233461355434467442,22,no_order,9,2948,23.793,9,4,15.0
20-23,7335233461355434467442,22,no_order,10,4725,36.662,10,4,11.0
20-23,5322755122336534612564,22,no_order,1,1,0.023,1,5,999999.0
20-23,5322755122336534612564,22,no_order,2,1,0.009,1,5,999999.0
20-23,5322755122336534612564,22,no_order,3,1,0.008,1,5,999999.0
20-23,5322755122336534612564,22,no_order,4,1,0.007,1,5,999999.0
20-23,5322755122336534612564,22,no_order,5,1,0.007,1,5,999999.0
20-23,5322755122336534612564,22,no_order,6,1,0.007,1,5,999999.0
20-23,5322755122336534612564,22,no_order,7,1,0.007,1,5,999999.0
20-23,5322755122336534612564,22,no_order,8,1,0.006,1,5,999999.0
20-23,5322755122336534612564,22,no_order,9,1,0.006,1,5,999999.0
20-23,5322755122336534612564,22,no_order,10,1,0.006,1,5,999999.0
20-23,5536767664321422424356,22,no_order,1,8,0.087,1,4,4.0
20-23,5536767664321422424356,22,no_order,2,50,0.382,2,3,-4.0
20-23,5536767664321422424356,22,no_order,3,164,1.279,3,4,3.0
20-23,5536767664321422424356,22,no_order,4,542,4.173,4,3,-2.0
20-23,5536767664321422424356,22,no_order,5,1199,9.415,5,4,5.0
20-23,5536767664321422424356,22,no_order,6,2754,23.52,6,3,2.0
20-23,5536767664321422424356,22,no_order,7,5543,47.394,7,3,4.0
20-23,5536767664321422424356,22,no_order,8,9821,76.619,8,3,0.0
20-23,5536767664321422424356,22,no_order,9,16588,128.442,9,3,999991.0
20-23,5536767664321422424356,22,no_order,10,16588,141.625,9,3,999991.0
20-23,21522644576145117671657,23,no_order,1,8,0.09,1,3,1.0
20-23,21522644576145117671657,23,no_order,2,9,0.082,2,2,-999998.0
20-23,21522644576145117671657,23,no_order,3,9,0.077,2,2,-999998.0
20-23,21522644576145117671657,23,no_order,4,9,0.075,2,2,-999998.0
20-23,21522644576145117671657,23,no_order,5,9,0.076,2,2,-999998.0
20-23,21522644576145117671657,23,no_order,6,9,0.087,2,2,-999998.0
20-23,21522644576145117671657,23,no_order,7,9,0.074,2,2,-999998.0
20-23,21522644576145117671657,23,no_order,8,9,0.074,2,2,-999998.0
20-23,21522644576145117671657,23,no_order,9,9,0.106,2,2,-999998.0
20-23,21522644576145117671657,23,no_order,10,9,0.077,2,2,-999998.0
24-27,565344435527133454412322,24,no_order,1,1,0.011,1,1,999999.0
24-27,565344435527133454412322,24,no_order,2,1,0.01,1,1,999999.0
24-27,565344435527133454412322,24,no_order,3,1,0.007,1,1,999999.0
24-27,565344435527133454412322,24,no_order,4,1,0.007,1,1,999999.0
24-27,565344435527133454412322,24,no_order,5,1,0.006,1,1,999999.0
24-27,565344435527133454412322,24,no_order,6,1,0.007,1,1,999999.0
24-27,565344435527133454412322,24,no_order,7,1,0.006,1,1,999999.0
24-27,565344435527133454412322,24,no_order,8,1,0.006,1,1,999999.0
24-27,565344435527133454412322,24,no_order,9,1,0.006,1,1,999999.0
24-27,565344435527133454412322,24,no_order,10,1,0.006,1,1,999999.0
24-27,351664714521247245547762,24,no_order,1,8,0.079,1,5,-17.0
24-27,351664714521247245547762,24,no_order,2,46,0.376,2,4,-21.0
24-27,351664714521247245547762,24,no_order,3,173,1.444,3,5,-17.0
24-27,351664714521247245547762,24,no_order,4,296,2.392,4,5,-19.0
24-27,351664714521247245547762,24,no_order,5,635,5.621,5,5,-23.0
24-27,351664714521247245547762,24,no_order,6,1316,10.703,6,5,-23.0
24-27,351664714521247245547762,24,no_order,7,2695,22.408,7,5,-26.0
24-27,351664714521247245547762,24,no_order,8,5095,41.147,8,5,-25.0
24-27,351664714521247245547762,24,no_order,9,8257,66.091,9,5,-29.0
24-27,351664714521247245547762,24,no_order,10,13503,103.908,10,5,-21.0
24-27,162353465425466543364462,24,no_order,1,6,0.184,1,2,14.0
24-27,162353465425466543364462,24,no_order,2,31,0.234,2,2,9.0
24-27,162353465425466543364462,24,no_order,3,99,0.722,3,4,16.0
24-27,162353465425466543364462,24,no_order,4,291,2.089,4,4,11.0
24-27,162353465425466543364462,24,no_order,5,672,4.642,5,4,16.0
24-27,162353465425466543364462,24,no_order,6,1431,10.107,6,4,11.0
24-27,162353465425466543364462,24,no_order,7,2460,16.875,7,2,16.0
24-27,162353465425466543364462,24,no_order,8,3840,26.057,8,4,11.0
24-27,162353465425466543364462,24,no_order,9,6445,46.622,9,2,16.0
24-27,162353465425466543364462,24,no_order,10,8981,69.021,10,2,12.0
24-27,154345444556322134567521,24,no_order,1,1,0.029,1,0,999999.0
24-27,154345444556322134567521,24,no_order,2,1,0.013,1,0,999999.0
24-27,154345444556322134567521,24,no_order,3,1,0.013,1,0,999999.0
24-27,154345444556322134567521,24,no_order,4,1,0.01,1,0,999999.0
24-27,154345444556322134567521,24,no_order,5,1,0.01,1,0,999999.0
24-27,154345444556322134567521,24,no_order,6,1,0.01,1,0,999999.0
24-27,154345444556322134567521,24,no_order,7,1,0.011,1,0,999999.0
24-27,154345444556322134567521,24,no_order,8,1,0.01,1,0,999999.0
24-27,154345444556322134567521,24,no_order,9,1,0.009,1,0,999999.0
24-27,154345444556322134567521,24,no_order,10,1,0.012,1,0,999999.0
24-27,1375614436467763415324554,25,no_order,1,7,0.105,1,2,20.0
24-27,1375614436467763415324554,25,no_order,2,42,0.472,2,4,11.0
24-27,1375614436467763415324554,25,no_order,3,83,1.121,3,1,999997.0
24-27,1375614436467763415324554,25,no_order,4,83,1.02,3,1,999997.0
24-27,1375614436467763415324554,25,no_order,5,83,1.136,3,1,999997.0
24-27,1375614436467763415324554,25,no_order,6,83,1.046,3,1,999997.0
24-27,1375614436467763415324554,25,no_order,7,83,1.159,3,1,999997.0
24-27,1375614436467763415324554,25,no_order,8,83,1.155,3,1,999997.0
24-27,1375614436467763415324554,25,no_order,9,83,1.056,3,1,999997.0
24-27,1375614436467763415324554,25,no_order,10,83,0.975,3,1,999997.0
24-27,15151155244562132542444176,26,no_order,1,5,0.077,1,5,20.0
24-27,15151155244562132542444176,26,no_order,2,21,0.298,2,5,22.0
24-27,15151155244562132542444176,26,no_order,3,56,0.719,3,5,21.0
24-27,15151155244562132542444176,26,no_order,4,130,1.061,4,5,23.0
24-27,15151155244562132542444176,26,no_order,5,277,2.558,5,5,21.0
24-27,15151155244562132542444176,26,no_order,6,499,4.805,6,5,25.0
24-27,15151155244562132542444176,26,no_order,7,864,6.658,7,5,23.0
24-27,15151155244562132542444176,26,no_order,8,1400,11.27,8,5,21.0
24-27,15151155244562132542444176,26,no_order,9,2041,18.184,9,5,17.0
24-27,15151155244562132542444176,26,no_order,10,2786,20.186,10,5,20.0
24-27,563353335571532476245667644,27,no_order,1,1,0.025,1,3,999999.0
24-27,563353335571532476245667644,27,no_order,2,1,0.01,1,3,999999.0
24-27,563353335571532476245667644,27,no_order,3,1,0.008,1,3,999999.0
24-27,563353335571532476245667644,27,no_order,4,1,0.01,1,3,999999.0
24-27,563353335571532476245667644,27,no_order,5,1,0.01,1,3,999999.0
24-27,563353335571532476245667644,27,no_order,6,1,0.011,1,3,999999.0
24-27,563353335571532476245667644,27,no_order,7,1,0.012,1,3,999999.0
24-27,563353335571532476245667644,27,no_order,8,1,0.017,1,3,999999.0
24-27,563353335571532476245667644,27,no_order,9,1,0.011,1,3,999999.0
24-27,563353335571532476245667644,27,no_order,10,1,0.012,1,3,999999.0
24-27,425436446344332336526776552,27,no_order,1,6,0.056,1,5,2.0
24-27,425436446344332336526776552,27,no_order,2,36,0.266,2,5,0.0
24-27,425436446344332336526776552,27,no_order,3,144,0.765,3,5,2.0
24-27,425436446344332336526776552,27,no_order,4,462,2.562,4,4,0.0
24-27,425436446344332336526776552,27,no_order,5,963,5.271,5,5,2.0
24-27,425436446344332336526776552,27,no_order,6,2392,14.203,6,5,2.0
24-27,425436446344332336526776552,27,no_order,7,4997,28.288,7,5,2.0
24-27,425436446344332336526776552,27,no_order,8,10237,68.618,8,5,2.0
24-27,425436446344332336526776552,27,no_order,9,20500,121.514,9,5,2.0
24-27,425436446344332336526776552,27,no_order,10,34441,193.041,10,5,2.0
28-30,1444645445566263356651232572,28,no_order,1,5,0.079,1,2,2.0
28-30,1444645445566263356651232572,28,no_order,2,11,0.091,2,2,2.0
28-30,1444645445566263356651232572,28,no_order,3,24,0.261,3,2,2.0
28-30,1444645445566263356651232572,28,no_order,4,59,0.404,4,2,2.0
28-30,1444645445566263356651232572,28,no_order,5,129,0.967,5,2,2.0
28-30,1444645445566263356651232572,28,no_order,6,267,1.894,6,2,4.0
28-30,1444645445566263356651232572,28,no_order,7,492,3.359,7,2,4.0
28-30,1444645445566263356651232572,28,no_order,8,791,5.186,8,2,4.0
28-30,1444645445566263356651232572,28,no_order,9,1175,7.899,9,2,4.0
28-30,1444645445566263356651232572,28,no_order,10,1595,10.678,10,2,4.0
28-30,1166317662572521767417413736,28,no_order,1,1,0.028,1,2,999999.0
28-30,1166317662572521767417413736,28,no_order,2,1,0.014,1,2,999999.0
28-30,1166317662572521767417413736,28,no_order,3,1,0.008,1,2,999999.0
28-30,1166317662572521767417413736,28,no_order,4,1,0.007,1,2,999999.0
28-30,1166317662572521767417413736,28,no_order,5,1,0.007,1,2,999999.0
28-30,1166317662572521767417413736,28,no_order,6,1,0.007,1,2,999999.0
28-30,1166317662572521767417413736,28,no_order,7,1,0.007,1,2,999999.0
28-30,1166317662572521767417413736,28,no_order,8,1,0.006,1,2,999999.0
28-30,1166317662572521767417413736,28,no_order,9,1,0.006,1,2,999999.0
28-30,1166317662572521767417413736,28,no_order,10,1,0.006,1,2,999999.0
28-30,7353647445633412243366575545,28,no_order,1,5,0.059,1,1,-7.0
28-30,7353647445633412243366575545,28,no_order,2,20,0.161,2,1,-12.0
28-30,7353647445633412243366575545,28,no_order,3,55,0.433,3,0,-9.0
28-30,7353647445633412243366575545,28,no_order,4,134,1.048,4,0,-12.0
28-30,7353647445633412243366575545,28,no_order,5,300,2.547,5,0,-10.0
28-30,7353647445633412243366575545,28,no_order,6,610,4.599,6,1,-13.0
28-30,7353647445633412243366575545,28,no_order,7,1092,9.305,7,1,-12.0
28-30,7353647445633412243366575545,28,no_order,8,1833,14.445,8,1,-13.0
28-30,7353647445633412243366575545,28,no_order,9,2657,23.643,9,0,-11.0
28-30,7353647445633412243366575545,28,no_order,10,3848,44.821,10,1,-999990.0
28-30,65424532255364536663374446737,29,no_order,1,5,0.101,1,1,-2.0
28-30,65424532255364536663374446737,29,no_order,2,23,0.328,2,6,-5.0
28-30,65424532255364536663374446737,29,no_order,3,64,0.612,3,6,0.0
28-30,65424532255364536663374446737,29,no_order,4,142,0.966,4,4,-5.0
28-30,65424532255364536663374446737,29,no_order,5,276,2.548,5,4,0.0
28-30,65424532255364536663374446737,29,no_order,6,469,4.072,6,0,-3.0
28-30,65424532255364536663374446737,29,no_order,7,748,5.084,7,4,0.0
28-30,65424532255364536663374446737,29,no_order,8,1218,9.105,8,4,-1.0
28-30,65424532255364536663374446737,29,no_order,9,1858,11.8,9,4,0.0
28-30,65424532255364536663374446737,29,no_order,10,2690,15.826,10,4,-1.0
28-30,44612765464411742322632216767,29,no_order,1,1,0.023,1,2,999999.0
28-30,44612765464411742322632216767,29,no_order,2,1,0.009,1,2,999999.0
28-30,44612765464411742322632216767,29,no_order,3,1,0.008,1,2,999999.0
28-30,44612765464411742322632216767,29,no_order,4,1,0.007,1,2,999999.0
28-30,44612765464411742322632216767,29,no_order,5,1,0.007,1,2,999999.0
28-30,44612765464411742322632216767,29,no_order,6,1,0.007,1,2,999999.0
28-30,44612765464411742322632216767,29,no_order,7,1,0.006,1,2,999999.0
28-30,44612765464411742322632216767,29,no_order,8,1,0.006,1,2,999999.0
28-30,44612765464411742322632216767,29,no_order,9,1,0.006,1,2,999999.0
28-30,44612765464411742322632216767,29,no_order,10,1,0.006,1,2,999999.0
28-30,75774511775311123344541627454,29,no_order,1,1,0.014,1,2,999999.0
28-30,75774511775311123344541627454,29,no_order,2,1,0.008,1,2,999999.0
28-30,75774511775311123344541627454,29,no_order,3,1,0.007,1,2,999999.0
28-30,75774511775311123344541627454,29,no_order,4,1,0.007,1,2,999999.0
28-30,75774511775311123344541627454,29,no_order,5,1,0.006,1,2,999999.0
28-30,75774511775311123344541627454,29,no_order,6,1,0.006,1,2,999999.0
28-30,75774511775311123344541627454,29,no_order,7,1,0.006,1,2,999999.0
28-30,75774511775311123344541627454,29,no_order,8,1,0.006,1,2,999999.0
28-30,75774511775311123344541627454,29,no_order,9,1,0.006,1,2,999999.0
28-30,75774511775311123344541627454,29,no_order,10,1,0.006,1,2,999999.0
28-30,667675522264413577124575665743,30,no_order,1,1,0.014,1,3,999999.0
28-30,667675522264413577124575665743,30,no_order,2,1,0.008,1,3,999999.0
28-30,667675522264413577124575665743,30,no_order,3,1,0.007,1,3,999999.0
28-30,667675522264413577124575665743,30,no_order,4,1,0.007,1,3,999999.0
28-30,667675522264413577124575665743,30,no_order,5,1,0.006,1,3,999999.0
28-30,667675522264413577124575665743,30,no_order,6,1,0.006,1,3,999999.0
28-30,667675522264413577124575665743,30,no_order,7,1,0.006,1,3,999999.0
28-30,667675522264413577124575665743,30,no_order,8,1,0.006,1,3,999999.0
28-30,667675522264413577124575665743,30,no_order,9,1,0.006,1,3,999999.0
28-30,667675522264413577124575665743,30,no_order,10,1,0.006,1,3,999999.0
28-30,546215655441233666742455423122,30,no_order,1,5,0.058,1,2,-4.0
28-30,546215655441233666742455423122,30,no_order,2,15,0.115,2,0,-9.0
28-30,546215655441233666742455423122,30,no_order,3,41,0.293,3,0,-7.0
28-30,546215655441233666742455423122,30,no_order,4,73,0.542,4,0,-9.0
28-30,546215655441233666742455423122,30,no_order,5,132,0.952,5,0,-6.0
28-30,546215655441233666742455423122,30,no_order,6,183,1.232,6,0,-10.0
28-30,546215655441233666742455423122,30,no_order,7,253,1.875,7,0,-6.0
28-30,546215655441233666742455423122,30,no_order,8,324,2.178,8,0,-10.0
28-30,546215655441233666742455423122,30,no_order,9,406,2.743,9,0,-6.0
28-30,546215655441233666742455423122,30,no_order,10,506,3.75,10,0,-10.0
opening,,0,full,1,8,0.073,1,3,3.0
opening,,0,full,2,29,0.23,2,3,0.0
opening,,0,full,3,105,0.776,3,3,6.0
opening,,0,full,4,265,2.031,4,3,0.0
opening,,0,full,5,735,5.606,5,3,6.0
opening,,0,full,6,1622,12.668,6,3,0.0
opening,,0,full,7,4681,36.682,7,3,6.0
opening,,0,full,8,8932,73.434,8,3,-2.0
opening,,0,full,9,20723,197.986,9,3,6.0
opening,,0,full,10,37968,368.315,10,3,-1.0
opening,,0,no_tt,1,8,0.095,1,3,3.0
opening,,0,no_tt,2,21,0.179,2,3,0.0
opening,,0,no_tt,3,76,0.549,3,3,6.0
opening,,0,no_tt,4,196,1.568,4,3,0.0
opening,,0,no_tt,5,765,5.968,5,3,6.0
opening,,0,no_tt,6,2102,17.106,6,3,0.0
opening,,0,no_tt,7,7579,73.77,7,3,6.0
opening,,0,no_tt,8,17991,183.162,8,3,-2.0
opening,,0,no_tt,9,47532,430.496,9,3,6.0
opening,,0,no_tt,10,104482,1189.01,10,3,-1.0
opening,35,2,full,1,8,0.083,1,3,5.0
opening,35,2,full,2,29,0.271,2,3,0.0
opening,35,2,full,3,139,1.038,3,4,6.0
opening,35,2,full,4,304,2.291,4,4,0.0
opening,35,2,full,5,1097,10.246,5,3,7.0
opening,35,2,full,6,2778,23.27,6,3,-2.0
opening,35,2,full,7,6305,56.522,7,4,8.0
opening,35,2,full,8,13581,126.608,8,3,-2.0
opening,35,2,full,9,29283,324.627,9,2,8.0
opening,35,2,full,10,67008,723.111,10,3,-3.0
opening,35,2,no_tt,1,8,0.085,1,3,5.0
opening,35,2,no_tt,2,21,0.206,2,3,0.0
opening,35,2,no_tt,3,110,0.969,3,4,6.0
opening,35,2,no_tt,4,311,2.76,4,4,0.0
opening,35,2,no_tt,5,1058,10.258,5,3,7.0
opening,35,2,no_tt,6,2530,22.212,6,3,-2.0
opening,35,2,no_tt,7,6342,56.069,7,4,8.0
opening,35,2,no_tt,8,18051,163.488,8,3,-2.0
opening,35,2,no_tt,9,53339,497.737,9,2,8.0
opening,35,2,no_tt,10,128471,1258.995,10,3,-3.0
opening,775,3,full,1,8,0.086,1,3,3.0
opening,775,3,full,2,29,0.287,2,3,-2.0
opening,775,3,full,3,105,0.919,3,3,1.0
opening,775,3,full,4,215,1.807,4,3,-5.0
opening,775,3,full,5,460,3.801,5,3,2.0
opening,775,3,full,6,1046,8.76,6,3,-5.0
opening,775,3,full,7,2260,32.136,7,3,4.0
opening,775,3,full,8,6027,98.047,8,3,-5.0
opening,775,3,full,9,12522,111.279,9,3,3.0
opening,775,3,full,10,20664,188.569,10,3,-2.0
opening,775,3,no_tt,1,8,0.085,1,3,3.0
opening,775,3,no_tt,2,21,0.174,2,3,-2.0
opening,775,3,no_tt,3,76,0.625,3,3,1.0
opening,775,3,no_tt,4,116,0.968,4,3,-5.0
opening,775,3,no_tt,5,390,3.359,5,3,2.0
opening,775,3,no_tt,6,1071,9.057,6,3,-5.0
opening,775,3,no_tt,7,3540,31.094,7,3,4.0
opening,775,3,no_tt,8,9680,105.555,8,3,-5.0
opening,775,3,no_tt,9,17844,163.434,9,3,3.0
opening,775,3,no_tt,10,51099,491.992,10,3,-2.0
opening,6712,4,full,1,8,0.087,1,3,5.0
opening,6712,4,full,2,29,0.24,2,3,2.0
opening,6712,4,full,3,105,1.751,3,3,7.0
opening,6712,4,full,4,263,2.284,4,3,1.0
opening,6712,4,full,5,1116,10.974,5,3,6.0
opening,6712,4,full,6,2756,29.516,6,2,-1.0
opening,6712,4,full,7,6690,60.297,7,3,7.0
opening,6712,4,full,8,15701,136.674,8,1,-1.0
opening,6712,4,full,9,36534,346.32,9,3,7.0
opening,6712,4,full,10,74014,845.335,10,2,-1.0
opening,5547,4,full,1,8,0.209,1,3,14.0
opening,5547,4,full,2,35,0.34,2,2,6.0
opening,5547,4,full,3,91,0.768,3,2,999997.0
opening,5547,4,full,4,91,0.842,3,2,999997.0
opening,5547,4,full,5,91,0.813,3,2,999997.0
opening,5547,4,full,6,91,0.815,3,2,999997.0
opening,5547,4,full,7,91,0.8,3,2,999997.0
opening,5547,4,full,8,91,0.868,3,2,999997.0
opening,5547,4,full,9,91,0.786,3,2,999997.0
opening,5547,4,full,10,91,0.745,3,2,999997.0
opening,5767,4,full,1,8,0.168,1,3,7.0
opening,5767,4,full,2,29,0.275,2,3,1.0
opening,5767,4,full,3,101,0.841,3,3,8.0
opening,5767,4,full,4,209,1.746,4,3,3.0
opening,5767,4,full,5,599,5.16,5,3,11.0
opening,5767,4,full,6,1225,10.401,6,3,3.0
opening,5767,4,full,7,3131,27.822,7,3,11.0
opening,5767,4,full,8,6510,94.456,8,3,1.0
opening,5767,4,full,9,14621,153.844,9,3,10.0
opening,5767,4,full,10,25619,252.139,10,3,3.0
opening,6712,4,no_tt,1,8,0.096,1,3,5.0
opening,6712,4,no_tt,2,21,0.181,2,3,2.0
opening,6712,4,no_tt,3,76,0.657,3,3,7.0
opening,6712,4,no_tt,4,173,1.359,4,3,1.0
opening,6712,4,no_tt,5,1336,11.856,5,3,6.0
opening,6712,4,no_tt,6,1944,23.189,6,2,-1.0
opening,6712,4,no_tt,7,7559,65.471,7,3,7.0
opening,6712,4,no_tt,8,26184,251.221,8,1,-1.0
opening,6712,4,no_tt,9,62181,691.104,9,3,7.0
opening,6712,4,no_tt,10,137299,1423.845,10,2,-1.0
opening,5547,4,no_tt,1,8,0.094,1,3,14.0
opening,5547,4,no_tt,2,27,0.231,2,2,6.0
opening,5547,4,no_tt,3,68,0.644,3,2,999997.0
opening,5547,4,no_tt,4,173,1.46,4,2,999997.0
opening,5547,4,no_tt,5,504,4.617,5,2,999997.0
opening,5547,4,no_tt,6,1115,10.045,6,2,999997.0
opening,5547,4,no_tt,7,4358,40.022,7,2,999997.0
opening,5547,4,no_tt,8,6424,57.344,8,2,999997.0
opening,5547,4,no_tt,9,20730,214.86,9,2,999997.0
opening,5547,4,no_tt,10,36534,373.529,10,2,999997.0
opening,5767,4,no_tt,1,8,0.109,1,3,7.0
opening,5767,4,no_tt,2,21,0.232,2,3,1.0
opening,5767,4,no_tt,3,72,0.64,3,3,8.0
opening,5767,4,no_tt,4,140,1.177,4,3,3.0
opening,5767,4,no_tt,5,546,5.308,5,3,11.0
opening,5767,4,no_tt,6,879,7.753,6,3,3.0
opening,5767,4,no_tt,7,3664,35.067,7,3,11.0
opening,5767,4,no_tt,8,7412,65.361,8,3,1.0
opening,5767,4,no_tt,9,21604,248.826,9,3,10.0
opening,5767,4,no_tt,10,41756,371.105,10,3,3.0
8-11,53137334,8,full,1,8,0.1,1,4,1.0
8-11,53137334,8,full,2,29,0.258,2,4,-10.0
8-11,53137334,8,full,3,111,0.959,3,4,0.0
8-11,53137334,8,full,4,346,3.316,4,3,-7.0
8-11,53137334,8,full,5,965,8.554,5,4,0.0
8-11,53137334,8,full,6,2048,18.936,6,3,-6.0
8-11,53137334,8,full,7,4220,38.174,7,3,-2.0
8-11,53137334,8,full,8,7598,68.501,8,3,-7.0
8-11,53137334,8,full,9,26433,270.978,9,4,-3.0
8-11,53137334,8,full,10,54488,555.251,10,4,-8.0
8-11,35513577,8,full,1,8,0.09,1,3,13.0
8-11,35513577,8,full,2,36,0.315,2,2,4.0
8-11,35513577,8,full,3,112,0.976,3,3,13.0
8-11,35513577,8,full,4,346,4.326,4,3,4.0
8-11,35513577,8,full,5,920,9.253,5,2,11.0
8-11,35513577,8,full,6,1680,20.71,6,2,4.0
8-11,35513577,8,full,7,3849,38.736,7,2,13.0
8-11,35513577,8,full,8,7438,81.188,8,2,5.0
8-11,35513577,8,full,9,19355,195.06,9,2,12.0
8-11,35513577,8,full,10,34378,415.563,10,2,4.0
8-11,45577311,8,full,1,8,0.141,1,3,18.0
8-11,45577311,8,full,2,29,0.271,2,3,13.0
8-11,45577311,8,full,3,109,0.982,3,3,19.0
8-11,45577311,8,full,4,270,2.381,4,3,13.0
8-11,45577311,8,full,5,899,8.642,5,3,19.0
8-11,45577311,8,full,6,1748,16.029,6,3,13.0
8-11,45577311,8,full,7,4220,45.184,7,3,19.0
8-11,45577311,8,full,8,7425,69.773,8,3,12.0
8-11,45577311,8,full,9,15792,175.357,9,3,19.0
8-11,45577311,8,full,10,27607,296.385,10,3,15.0
8-11,53137334,8,no_tt,1,8,0.093,1,4,1.0
8-11,53137334,8,no_tt,2,27,0.282,2,4,-10.0
8-11,53137334,8,no_tt,3,94,0.74,3,4,0.0
8-11,53137334,8,no_tt,4,207,1.73,4,3,-7.0
8-11,53137334,8,no_tt,5,726,6.248,5,4,0.0
8-11,53137334,8,no_tt,6,1328,11.635,6,3,-6.0
8-11,53137334,8,no_tt,7,4442,41.67,7,3,-2.0
8-11,53137334,8,no_tt,8,14501,156.192,8,3,-7.0
8-11,53137334,8,no_tt,9,44962,411.933,9,4,-3.0
8-11,53137334,8,no_tt,10,86113,783.987,10,4,-8.0
8-11,35513577,8,no_tt,1,8,0.091,1,3,13.0
8-11,35513577,8,no_tt,2,28,0.24,2,2,4.0
8-11,35513577,8,no_tt,3,76,0.678,3,3,13.0
8-11,35513577,8,no_tt,4,256,2.256,4,3,4.0
8-11,35513577,8,no_tt,5,839,7.241,5,2,11.0
8-11,35513577,8,no_tt,6,1351,12.18,6,2,4.0
8-11,35513577,8,no_tt,7,5243,46.767,7,2,13.0
8-11,35513577,8,no_tt,8,9174,79.412,8,2,5.0
8-11,35513577,8,no_tt,9,32859,303.092,9,2,12.0
8-11,35513577,8,no_tt,10,54255,493.397,10,2,4.0
8-11,45577311,8,no_tt,1,8,0.117,1,3,18.0
8-11,45577311,8,no_tt,2,21,0.291,2,3,13.0
8-11,45577311,8,no_tt,3,74,1.122,3,3,19.0
8-11,45577311,8,no_tt,4,182,2.596,4,3,13.0
8-11,45577311,8,no_tt,5,819,9.527,5,3,19.0
8-11,45577311,8,no_tt,6,1463,21.139,6,3,13.0
8-11,45577311,8,no_tt,7,5728,67.094,7,3,19.0
8-11,45577311,8,no_tt,8,12647,113.873,8,3,12.0
8-11,45577311,8,no_tt,9,48274,458.001,9,3,19.0
8-11,45577311,8,no_tt,10,73086,677.171,10,3,15.0
8-11,166514626,9,full,1,1,0.039,1,2,999999.0
8-11,166514626,9,full,2,1,0.01,1,2,999999.0
8-11,166514626,9,full,3,1,0.032,1,2,999999.0
8-11,166514626,9,full,4,1,0.014,1,2,999999.0
8-11,166514626,9,full,5,1,0.007,1,2,999999.0
8-11,166514626,9,full,6,1,0.006,1,2,999999.0
8-11,166514626,9,full,7,1,0.007,1,2,999999.0
8-11,166514626,9,full,8,1,0.006,1,2,999999.0
8-11,166514626,9,full,9,1,0.006,1,2,999999.0
8-11,166514626,9,full,10,1,0.007,1,2,999999.0
8-11,166514626,9,no_tt,1,1,0.012,1,2,999999.0
8-11,166514626,9,no_tt,2,1,0.007,2,2,999999.0
8-11,166514626,9,no_tt,3,1,0.006,3,2,999999.0
8-11,166514626,9,no_tt,4,1,0.006,4,2,999999.0
8-11,166514626,9,no_tt,5,1,0.006,5,2,999999.0
8-11,166514626,9,no_tt,6,1,0.006,6,2,999999.0
8-11,166514626,9,no_tt,7,1,0.006,7,2,999999.0
8-11,166514626,9,no_tt,8,1,0.006,8,2,999999.0
8-11,166514626,9,no_tt,9,1,0.006,9,2,999999.0
8-11,166514626,9,no_tt,10,1,0.006,10,2,999999.0
8-11,3354534255,10,full,1,8,0.09,1,3,15.0
8-11,3354534255,10,full,2,17,0.195,2,3,-1.0
8-11,3354534255,10,full,3,39,0.331,3,3,10.0
8-11,3354534255,10,full,4,116,0.984,4,3,-9.0
8-11,3354534255,10,full,5,164,1.369,5,3,-3.0
8-11,3354534255,10,full,6,303,6.76,6,3,-8.0
8-11,3354534255,10,full,7,492,8.241,7,3,-6.0
8-11,3354534255,10,full,8,1039,9.601,8,3,-16.0
8-11,3354534255,10,full,9,1641,13.913,9,3,-11.0
8-11,3354534255,10,full,10,3149,27.502,10,3,-15.0
8-11,3354534255,10,no_tt,1,8,0.106,1,3,15.0
8-11,3354534255,10,no_tt,2,9,0.1,2,3,-1.0
8-11,3354534255,10,no_tt,3,22,0.225,3,3,10.0
8-11,3354534255,10,no_tt,4,83,3.209,4,3,-9.0
8-11,3354534255,10,no_tt,5,138,1.179,5,3,-3.0
8-11,3354534255,10,no_tt,6,323,2.789,6,3,-8.0
8-11,3354534255,10,no_tt,7,531,4.858,7,3,-6.0
8-11,3354534255,10,no_tt,8,1577,13.607,8,3,-16.0
8-11,3354534255,10,no_tt,9,2655,21.727,9,3,-11.0
8-11,3354534255,10,no_tt,10,10621,93.432,10,3,-15.0
8-11,37375351444,11,full,1,8,0.09,1,3,-10.0
8-11,37375351444,11,full,2,9,0.078,2,1,-999998.0
8-11,37375351444,11,full,3,9,0.077,2,1,-999998.0
8-11,37375351444,11,full,4,9,0.071,2,1,-999998.0
8-11,37375351444,11,full,5,9,0.118,2,1,-999998.0
8-11,37375351444,11,full,6,9,0.074,2,1,-999998.0
8-11,37375351444,11,full,7,9,0.071,2,1,-999998.0
8-11,37375351444,11,full,8,9,0.109,2,1,-999998.0
8-11,37375351444,11,full,9,9,0.073,2,1,-999998.0
8-11,37375351444,11,full,10,9,0.071,2,1,-999998.0
8-11,25635656652,11,full,1,8,0.078,1,2,2.0
8-11,25635656652,11,full,2,41,0.346,2,2,-6.0
8-11,25635656652,11,full,3,155,1.34,3,3,1.0
8-11,25635656652,11,full,4,424,3.573,4,2,-6.0
8-11,25635656652,11,full,5,1054,8.986,5,1,1.0
8-11,25635656652,11,full,6,1904,15.769,6,1,-5.0
8-11,25635656652,11,full,7,4144,35.242,7,1,1.0
8-11,25635656652,11,full,8,8151,71.748,8,1,-5.0
8-11,25635656652,11,full,9,16421,146.541,9,1,0.0
8-11,25635656652,11,full,10,32766,314.831,10,4,-5.0
8-11,16524274354,11,full,1,1,0.021,1,2,999999.0
8-11,16524274354,11,full,2,1,0.009,1,2,999999.0
8-11,16524274354,11,full,3,1,0.007,1,2,999999.0
8-11,16524274354,11,full,4,1,0.006,1,2,999999.0
8-11,16524274354,11,full,5,1,0.043,1,2,999999.0
8-11,16524274354,11,full,6,1,0.011,1,2,999999.0
8-11,16524274354,11,full,7,1,0.008,1,2,999999.0
8-11,16524274354,11,full,8,1,0.007,1,2,999999.0
8-11,16524274354,11,full,9,1,0.006,1,2,999999.0
8-11,16524274354,11,full,10,1,0.006,1,2,999999.0
8-11,37375351444,11,no_tt,1,8,0.091,1,3,-10.0
8-11,37375351444,11,no_tt,2,1,0.014,2,1,-999998.0
8-11,37375351444,11,no_tt,3,1,0.011,3,1,-999998.0
8-11,37375351444,11,no_tt,4,1,0.01,4,1,-999998.0
8-11,37375351444,11,no_tt,5,1,0.009,5,1,-999998.0
8-11,37375351444,11,no_tt,6,1,0.009,6,1,-999998.0
8-11,37375351444,11,no_tt,7,1,0.008,7,1,-999998.0
8-11,37375351444,11,no_tt,8,1,0.008,8,1,-999998.0
8-11,37375351444,11,no_tt,9,1,0.008,9,1,-999998.0
8-11,37375351444,11,no_tt,10,1,0.008,10,1,-999998.0
8-11,25635656652,11,no_tt,1,8,0.079,1,2,2.0
8-11,25635656652,11,no_tt,2,39,0.382,2,2,-6.0
8-11,25635656652,11,no_tt,3,84,0.686,3,3,1.0
8-11,25635656652,11,no_tt,4,324,2.771,4,2,-6.0
8-11,25635656652,11,no_tt,5,769,6.643,5,1,1.0
8-11,25635656652,11,no_tt,6,1895,16.779,6,1,-5.0
8-11,25635656652,11,no_tt,7,5818,51.408,7,1,1.0
8-11,25635656652,11,no_tt,8,14984,130.349,8,1,-5.0
8-11,25635656652,11,no_tt,9,22263,200.489,9,1,0.0
8-11,25635656652,11,no_tt,10,82786,731.248,10,4,-5.0
8-11,16524274354,11,no_tt,1,1,0.018,1,2,999999.0
8-11,16524274354,11,no_tt,2,1,0.009,2,2,999999.0
8-11,16524274354,11,no_tt,3,1,0.011,3,2,999999.0
8-11,16524274354,11,no_tt,4,1,0.007,4,2,999999.0
8-11,16524274354,11,no_tt,5,1,0.006,5,2,999999.0
8-11,16524274354,11,no_tt,6,1,0.006,6,2,999999.0
8-11,16524274354,11,no_tt,7,1,0.006,7,2,999999.0
8-11,16524274354,11,no_tt,8,1,0.006,8,2,999999.0
8-11,16524274354,11,no_tt,9,1,0.006,9,2,999999.0
8-11,16524274354,11,no_tt,10,1,0.006,10,2,999999.0
12-15,564474322443,12,full,1,8,0.087,1,4,-6.0
12-15,564474322443,12,full,2,35,0.433,2,1,-15.0
12-15,564474322443,12,full,3,133,1.231,3,4,-9.0
12-15,564474322443,12,full,4,327,2.908,4,1,-19.0
12-15,564474322443,12,full,5,760,7.537,5,4,-12.0
12-15,564474322443,12,full,6,1739,15.382,6,1,-20.0
12-15,564474322443,12,full,7,3380,29.696,7,1,-15.0
12-15,564474322443,12,full,8,7433,67.179,8,4,-19.0
12-15,564474322443,12,full,9,10277,135.609,9,4,-14.0
12-15,564474322443,12,full,10,19502,269.763,10,4,-21.0
12-15,564474322443,12,no_tt,1,8,0.173,1,4,-6.0
12-15,564474322443,12,no_tt,2,33,0.293,2,1,-15.0
12-15,564474322443,12,no_tt,3,115,1.0,3,4,-9.0
12-15,564474322443,12,no_tt,4,274,2.489,4,1,-19.0
12-15,564474322443,12,no_tt,5,556,4.684,5,4,-12.0
12-15,564474322443,12,no_tt,6,1801,15.554,6,1,-20.0
12-15,564474322443,12,no_tt,7,4643,39.792,7,1,-15.0
12-15,564474322443,12,no_tt,8,6405,55.826,8,4,-19.0
12-15,564474322443,12,no_tt,9,10555,88.346,9,4,-14.0
12-15,564474322443,12,no_tt,10,52996,498.592,10,4,-21.0
12-15,7432313443171,13,full,1,8,0.091,1,3,1.0
12-15,7432313443171,13,full,2,27,0.242,2,3,-4.0
12-15,7432313443171,13,full,3,94,0.875,3,3,1.0
12-15,7432313443171,13,full,4,236,2.114,4,3,-3.0
12-15,7432313443171,13,full,5,594,7.553,5,3,2.0
12-15,7432313443171,13,full,6,1219,13.489,6,3,-2.0
12-15,7432313443171,13,full,7,2471,46.085,7,3,3.0
12-15,7432313443171,13,full,8,5188,79.44,8,3,0.0
12-15,7432313443171,13,full,9,9250,91.86,9,3,5.0
12-15,7432313443171,13,full,10,18408,177.447,10,3,-3.0
12-15,6143425744435,13,full,1,8,0.173,1,2,-6.0
12-15,6143425744435,13,full,2,33,0.373,2,4,-19.0
12-15,6143425744435,13,full,3,87,0.795,3,4,-9.0
12-15,6143425744435,13,full,4,120,1.099,4,4,-23.0
12-15,6143425744435,13,full,5,198,1.757,5,4,-12.0
12-15,6143425744435,13,full,6,375,3.483,6,4,-21.0
12-15,6143425744435,13,full,7,638,6.887,7,4,-14.0
12-15,6143425744435,13,full,8,1177,13.096,8,4,-24.0
12-15,6143425744435,13,full,9,1881,17.993,9,4,-19.0
12-15,6143425744435,13,full,10,3765,35.72,10,4,-26.0
12-15,6443343473644,13,full,1,7,0.161,1,5,17.0
12-15,6443343473644,13,full,2,24,0.25,2,5,12.0
12-15,6443343473644,13,full,3,74,0.632,3,1,999997.0
12-15,6443343473644,13,full,4,74,0.655,3,1,999997.0
12-15,6443343473644,13,full,5,74,0.69,3,1,999997.0
12-15,6443343473644,13,full,6,74,0.625,3,1,999997.0
12-15,6443343473644,13,full,7,74,0.69,3,1,999997.0
12-15,6443343473644,13,full,8,74,0.651,3,1,999997.0
12-15,6443343473644,13,full,9,74,0.73,3,1,999997.0
12-15,6443343473644,13,full,10,74,0.697,3,1,999997.0
12-15,3613371156623,13,full,1,8,0.514,1,2,2.0
12-15,3613371156623,13,full,2,31,0.289,2,2,-6.0
12-15,3613371156623,13,full,3,113,1.01,3,2,2.0
12-15,3613371156623,13,full,4,359,3.404,4,2,-8.0
12-15,3613371156623,13,full,5,882,8.347,5,2,-1.0
12-15,3613371156623,13,full,6,2943,29.783,6,2,-9.0
12-15,3613371156623,13,full,7,6763,67.596,7,2,-1.0
12-15,3613371156623,13,full,8,13249,199.985,8,2,-10.0
12-15,3613371156623,13,full,9,30381,297.156,9,2,-4.0
12-15,3613371156623,13,full,10,47186,497.549,10,2,-9.0
12-15,7432313443171,13,no_tt,1,8,0.098,1,3,1.0
12-15,7432313443171,13,no_tt,2,19,0.169,2,3,-4.0
12-15,7432313443171,13,no_tt,3,73,0.638,3,3,1.0
12-15,7432313443171,13,no_tt,4,141,1.2,4,3,-3.0
12-15,7432313443171,13,no_tt,5,441,5.331,5,3,2.0
12-15,7432313443171,13,no_tt,6,900,9.402,6,3,-2.0
12-15,7432313443171,13,no_tt,7,2571,23.216,7,3,3.0
12-15,7432313443171,13,no_tt,8,7103,89.075,8,3,0.0
12-15,7432313443171,13,no_tt,9,16548,194.146,9,3,5.0
12-15,7432313443171,13,no_tt,10,42881,361.161,10,3,-3.0
12-15,6143425744435,13,no_tt,1,8,0.092,1,2,-6.0
12-15,6143425744435,13,no_tt,2,25,0.227,2,4,-19.0
12-15,6143425744435,13,no_tt,3,64,0.61,3,4,-9.0
12-15,6143425744435,13,no_tt,4,78,0.722,4,4,-23.0
12-15,6143425744435,13,no_tt,5,159,1.418,5,4,-12.0
12-15,6143425744435,13,no_tt,6,380,3.296,6,4,-21.0
12-15,6143425744435,13,no_tt,7,749,6.328,7,4,-14.0
12-15,6143425744435,13,no_tt,8,1623,14.16,8,4,-24.0
12-15,6143425744435,13,no_tt,9,2707,23.402,9,4,-19.0
12-15,6143425744435,13,no_tt,10,7249,64.3,10,4,-26.0
12-15,6443343473644,13,no_tt,1,7,0.084,1,5,17.0
12-15,6443343473644,13,no_tt,2,22,0.206,2,5,12.0
12-15,6443343473644,13,no_tt,3,47,0.447,3,1,999997.0
12-15,6443343473644,13,no_tt,4,109,0.938,4,1,999997.0
12-15,6443343473644,13,no_tt,5,284,2.504,5,1,999997.0
12-15,6443343473644,13,no_tt,6,492,4.267,6,1,999997.0
12-15,6443343473644,13,no_tt,7,1412,12.335,7,1,999997.0
12-15,6443343473644,13,no_tt,8,2960,25.27,8,1,999997.0
12-15,6443343473644,13,no_tt,9,6740,64.217,9,1,999997.0
12-15,6443343473644,13,no_tt,10,12776,189.849,10,1,999997.0
12-15,3613371156623,13,no_tt,1,8,0.194,1,2,2.0
12-15,3613371156623,13,no_tt,2,29,0.436,2,2,-6.0
12-15,3613371156623,13,no_tt,3,115,1.743,3,2,2.0
12-15,3613371156623,13,no_tt,4,369,6.076,4,2,-8.0
12-15,3613371156623,13,no_tt,5,932,14.275,5,2,-1.0
12-15,3613371156623,13,no_tt,6,3361,31.154,6,2,-9.0
12-15,3613371156623,13,no_tt,7,7271,63.782,7,2,-1.0
12-15,3613371156623,13,no_tt,8,11588,110.325,8,2,-10.0
12-15,3613371156623,13,no_tt,9,48246,541.27,9,2,-4.0
12-15,3613371156623,13,no_tt,10,97287,1052.739,10,2,-9.0
12-15,55415327556763,14,full,1,8,0.324,1,3,12.0
12-15,55415327556763,14,full,2,42,0.802,2,3,0.0
12-15,55415327556763,14,full,3,130,2.496,3,2,12.0
12-15,55415327556763,14,full,4,331,3.065,4,5,3.0
12-15,55415327556763,14,full,5,641,5.655,5,3,12.0
12-15,55415327556763,14,full,6,1228,10.824,6,3,3.0
12-15,55415327556763,14,full,7,2153,19.669,7,3,15.0
12-15,55415327556763,14,full,8,4237,44.492,8,3,5.0
12-15,55415327556763,14,full,9,7294,65.671,9,3,17.0
12-15,55415327556763,14,full,10,13260,146.783,10,3,6.0
12-15,55415327556763,14,no_tt,1,8,0.141,1,3,12.0
12-15,55415327556763,14,no_tt,2,34,0.778,2,3,0.0
12-15,55415327556763,14,no_tt,3,101,1.518,3,2,12.0
12-15,55415327556763,14,no_tt,4,213,2.906,4,5,3.0
12-15,55415327556763,14,no_tt,5,529,9.066,5,3,12.0
12-15,55415327556763,14,no_tt,6,1018,20.41,6,3,3.0
12-15,55415327556763,14,no_tt,7,2510,28.85,7,3,15.0
12-15,55415327556763,14,no_tt,8,8784,130.337,8,3,5.0
12-15,55415327556763,14,no_tt,9,10915,160.886,9,3,17.0
12-15,55415327556763,14,no_tt,10,23993,286.033,10,3,6.0
12-15,213514526556424,15,full,1,8,0.097,1,3,4.0
12-15,213514526556424,15,full,2,17,0.154,2,2,-19.0
12-15,213514526556424,15,full,3,37,0.325,3,2,-10.0
12-15,213514526556424,15,full,4,93,0.933,4,2,-16.0
12-15,213514526556424,15,full,5,139,1.241,5,2,-13.0
12-15,213514526556424,15,full,6,276,2.426,6,2,-15.0
12-15,213514526556424,15,full,7,482,4.288,7,2,-12.0
12-15,213514526556424,15,full,8,1031,9.361,8,2,-19.0
12-15,213514526556424,15,full,9,1513,14.79,9,2,-16.0
12-15,213514526556424,15,full,10,2463,24.573,10,2,-18.0
12-15,264444533574746,15,full,1,7,0.171,1,2,5.0
12-15,264444533574746,15,full,2,23,0.213,2,2,0.0
12-15,264444533574746,15,full,3,79,0.716,3,2,10.0
12-15,264444533574746,15,full,4,213,1.824,4,2,2.0
12-15,264444533574746,15,full,5,452,4.53,5,2,13.0
12-15,264444533574746,15,full,6,1424,15.34,6,5,2.0
12-15,264444533574746,15,full,7,2261,37.894,7,5,11.0
12-15,264444533574746,15,full,8,3824,36.236,8,5,6.0
12-15,264444533574746,15,full,9,5715,58.794,9,5,15.0
12-15,264444533574746,15,full,10,10377,115.501,10,5,12.0
12-15,213514526556424,15,no_tt,1,8,0.189,1,3,4.0
12-15,213514526556424,15,no_tt,2,9,0.161,2,2,-19.0
12-15,213514526556424,15,no_tt,3,20,0.401,3,2,-10.0
12-15,213514526556424,15,no_tt,4,56,1.284,4,2,-16.0
12-15,213514526556424,15,no_tt,5,73,1.342,5,2,-13.0
12-15,213514526556424,15,no_tt,6,140,2.472,6,2,-15.0
12-15,213514526556424,15,no_tt,7,233,4.179,7,2,-12.0
12-15,213514526556424,15,no_tt,8,521,10.103,8,2,-19.0
12-15,213514526556424,15,no_tt,9,779,13.864,9,2,-16.0
12-15,213514526556424,15,no_tt,10,1883,34.676,10,2,-18.0
12-15,264444533574746,15,no_tt,1,7,0.163,1,2,5.0
12-15,264444533574746,15,no_tt,2,16,0.457,2,2,0.0
12-15,264444533574746,15,no_tt,3,61,1.2,3,2,10.0
12-15,264444533574746,15,no_tt,4,153,2.645,4,2,2.0
12-15,264444533574746,15,no_tt,5,446,7.903,5,2,13.0
12-15,264444533574746,15,no_tt,6,1473,25.758,6,5,2.0
12-15,264444533574746,15,no_tt,7,2548,41.513,7,5,11.0
12-15,264444533574746,15,no_tt,8,6727,83.863,8,5,6.0
12-15,264444533574746,15,no_tt,9,12260,105.51,9,5,15.0
12-15,264444533574746,15,no_tt,10,33755,291.612,10,5,12.0
16-19,3532767747771634,16,full,1,1,0.025,1,2,999999.0
16-19,3532767747771634,16,full,2,1,0.009,1,2,999999.0
16-19,3532767747771634,16,full,3,1,0.008,1,2,999999.0
16-19,3532767747771634,16,full,4,1,0.007,1,2,999999.0
16-19,3532767747771634,16,full,5,1,0.007,1,2,999999.0
16-19,3532767747771634,16,full,6,1,0.007,1,2,999999.0
16-19,3532767747771634,16,full,7,1,0.006,1,2,999999.0
16-19,3532767747771634,16,full,8,1,0.006,1,2,999999.0
16-19,3532767747771634,16,full,9,1,0.006,1,2,999999.0
16-19,3532767747771634,16,full,10,1,0.006,1,2,999999.0
16-19,2161162254555663,16,full,1,8,0.088,1,2,1.0
16-19,2161162254555663,16,full,2,29,0.294,2,2,-7.0
16-19,2161162254555663,16,full,3,85,0.725,3,2,999997.0
16-19,2161162254555663,16,full,4,85,0.797,3,2,999997.0
16-19,2161162254555663,16,full,5,85,0.798,3,2,999997.0
16-19,2161162254555663,16,full,6,85,0.749,3,2,999997.0
16-19,2161162254555663,16,full,7,85,0.702,3,2,999997.0
16-19,2161162254555663,16,full,8,85,0.744,3,2,999997.0
16-19,2161162254555663,16,full,9,85,0.757,3,2,999997.0
16-19,2161162254555663,16,full,10,85,0.784,3,2,999997.0
16-19,3532767747771634,16,no_tt,1,1,0.014,1,2,999999.0
16-19,3532767747771634,16,no_tt,2,1,0.008,2,2,999999.0
16-19,3532767747771634,16,no_tt,3,1,0.007,3,2,999999.0
16-19,3532767747771634,16,no_tt,4,1,0.006,4,2,999999.0
16-19,3532767747771634,16,no_tt,5,1,0.006,5,2,999999.0
16-19,3532767747771634,16,no_tt,6,1,0.006,6,2,999999.0
16-19,3532767747771634,16,no_tt,7,1,0.006,7,2,999999.0
16-19,3532767747771634,16,no_tt,8,1,0.006,8,2,999999.0
16-19,3532767747771634,16,no_tt,9,1,0.006,9,2,999999.0
16-19,3532767747771634,16,no_tt,10,1,0.006,10,2,999999.0
16-19,2161162254555663,16,no_tt,1,8,0.117,1,2,1.0
16-19,2161162254555663,16,no_tt,2,27,0.231,2,2,-7.0
16-19,2161162254555663,16,no_tt,3,56,0.473,3,2,999997.0
16-19,2161162254555663,16,no_tt,4,92,0.767,4,2,999997.0
16-19,2161162254555663,16,no_tt,5,347,3.04,5,2,999997.0
16-19,2161162254555663,16,no_tt,6,232,1.945,6,2,999997.0
16-19,2161162254555663,16,no_tt,7,560,5.092,7,2,999997.0
16-19,2161162254555663,16,no_tt,8,1422,12.519,8,2,999997.0
16-19,2161162254555663,16,no_tt,9,2234,20.479,9,2,999997.0
16-19,2161162254555663,16,no_tt,10,3947,35.315,10,2,999997.0
16-19,71664534537677252,17,full,1,8,0.091,1,3,19.0
16-19,71664534537677252,17,full,2,29,0.305,2,3,9.0
16-19,71664534537677252,17,full,3,85,0.745,3,5,999997.0
16-19,71664534537677252,17,full,4,85,0.76,3,5,999997.0
16-19,71664534537677252,17,full,5,85,0.916,3,5,999997.0
16-19,71664534537677252,17,full,6,85,0.78,3,5,999997.0
16-19,71664534537677252,17,full,7,85,0.768,3,5,999997.0
16-19,71664534537677252,17,full,8,85,0.833,3,5,999997.0
16-19,71664534537677252,17,full,9,85,0.796,3,5,999997.0
16-19,71664534537677252,17,full,10,85,0.831,3,5,999997.0
16-19,45245763445535662,17,full,1,8,0.087,1,3,14.0
16-19,45245763445535662,17,full,2,27,0.237,2,3,7.0
16-19,45245763445535662,17,full,3,81,0.785,3,3,20.0
16-19,45245763445535662,17,full,4,160,1.352,4,3,16.0
16-19,45245763445535662,17,full,5,468,4.289,5,3,24.0
16-19,45245763445535662,17,full,6,776,6.99,6,1,21.0
16-19,45245763445535662,17,full,7,1529,14.673,7,3,23.0
16-19,45245763445535662,17,full,8,2133,20.058,8,3,20.0
16-19,45245763445535662,17,full,9,3914,37.399,9,1,26.0
16-19,45245763445535662,17,full,10,5341,53.235,10,3,23.0
16-19,55344445324463366,17,full,1,7,0.161,1,4,6.0
16-19,55344445324463366,17,full,2,25,1.965,2,4,-5.0
16-19,55344445324463366,17,full,3,87,0.795,3,4,2.0
16-19,55344445324463366,17,full,4,163,1.433,4,4,-1.0
16-19,55344445324463366,17,full,5,358,3.074,5,4,1.0
16-19,55344445324463366,17,full,6,551,5.242,6,4,3.0
16-19,55344445324463366,17,full,7,912,8.856,7,4,4.0
16-19,55344445324463366,17,full,8,1408,12.657,8,4,3.0
16-19,55344445324463366,17,full,9,2134,18.857,9,4,4.0
16-19,55344445324463366,17,full,10,3009,26.892,10,4,3.0
16-19,71664534537677252,17,no_tt,1,8,0.255,1,3,19.0
16-19,71664534537677252,17,no_tt,2,21,0.191,2,3,9.0
16-19,71664534537677252,17,no_tt,3,56,0.516,3,5,999997.0
16-19,71664534537677252,17,no_tt,4,86,0.718,4,5,999997.0
16-19,71664534537677252,17,no_tt,5,321,2.846,5,5,999997.0
16-19,71664534537677252,17,no_tt,6,511,4.135,6,5,999997.0
16-19,71664534537677252,17,no_tt,7,1641,14.12,7,5,999997.0
16-19,71664534537677252,17,no_tt,8,2366,26.281,8,5,999997.0
16-19,71664534537677252,17,no_tt,9,8864,89.816,9,5,999997.0
16-19,71664534537677252,17,no_tt,10,9938,90.002,10,5,999997.0
16-19,45245763445535662,17,no_tt,1,8,0.093,1,3,14.0
16-19,45245763445535662,17,no_tt,2,19,0.182,2,3,7.0
16-19,45245763445535662,17,no_tt,3,54,0.523,3,3,20.0
16-19,45245763445535662,17,no_tt,4,76,0.847,4,3,16.0
16-19,45245763445535662,17,no_tt,5,219,2.003,5,3,24.0
16-19,45245763445535662,17,no_tt,6,314,2.917,6,1,21.0
16-19,45245763445535662,17,no_tt,7,734,6.68,7,3,23.0
16-19,45245763445535662,17,no_tt,8,1643,17.203,8,3,20.0
16-19,45245763445535662,17,no_tt,9,5711,54.765,9,1,26.0
16-19,45245763445535662,17,no_tt,10,7913,120.788,10,3,23.0
16-19,55344445324463366,17,no_tt,1,7,0.086,1,4,6.0
16-19,55344445324463366,17,no_tt,2,23,0.256,2,4,-5.0
16-19,55344445324463366,17,no_tt,3,68,0.561,3,4,2.0
16-19,55344445324463366,17,no_tt,4,85,0.778,4,4,-1.0
16-19,55344445324463366,17,no_tt,5,176,1.432,5,4,1.0
16-19,55344445324463366,17,no_tt,6,204,1.642,6,4,3.0
16-19,55344445324463366,17,no_tt,7,437,3.516,7,4,4.0
16-19,55344445324463366,17,no_tt,8,862,7.302,8,4,3.0
16-19,55344445324463366,17,no_tt,9,2851,22.58,9,4,4.0
16-19,55344445324463366,17,no_tt,10,4007,31.056,10,4,3.0
16-19,354466374256222455,18,full,1,8,0.179,1,3,5.0
16-19,354466374256222455,18,full,2,29,0.598,2,3,-2.0
16-19,354466374256222455,18,full,3,103,1.991,3,3,5.0
16-19,354466374256222455,18,full,4,230,4.355,4,3,0.0
16-19,354466374256222455,18,full,5,394,6.953,5,3,4.0
16-19,354466374256222455,18,full,6,687,12.808,6,3,3.0
16-19,354466374256222455,18,full,7,1184,13.169,7,3,8.0
16-19,354466374256222455,18,full,8,2474,20.808,8,3,0.0
16-19,354466374256222455,18,full,9,4070,33.937,9,3,-1.0
16-19,354466374256222455,18,full,10,13064,114.452,10,5,-10.0
16-19,354466374256222455,18,no_tt,1,8,0.151,1,3,5.0
16-19,354466374256222455,18,no_tt,2,21,0.197,2,3,-2.0
16-19,354466374256222455,18,no_tt,3,97,0.855,3,3,5.0
16-19,354466374256222455,18,no_tt,4,162,1.434,4,3,0.0
16-19,354466374256222455,18,no_tt,5,445,3.852,5,3,4.0
16-19,354466374256222455,18,no_tt,6,972,8.554,6,3,3.0
16-19,354466374256222455,18,no_tt,7,2471,21.382,7,3,8.0
16-19,354466374256222455,18,no_tt,8,5148,41.449,8,3,0.0
16-19,354466374256222455,18,no_tt,9,11255,89.026,9,3,-1.0
16-19,354466374256222455,18,no_tt,10,48844,406.889,10,5,-10.0
16-19,5271224736646765147,19,full,1,8,0.131,1,3,17.0
16-19,5271224736646765147,19,full,2,17,0.16,2,5,3.0
16-19,5271224736646765147,19,full,3,39,0.342,3,5,11.0
16-19,5271224736646765147,19,full,4,95,0.895,4,5,-999996.0
16-19,5271224736646765147,19,full,5,95,0.857,4,5,-999996.0
16-19,5271224736646765147,19,full,6,95,0.844,4,5,-999996.0
16-19,5271224736646765147,19,full,7,95,0.876,4,5,-999996.0
16-19,5271224736646765147,19,full,8,95,0.83,4,5,-999996.0
16-19,5271224736646765147,19,full,9,95,0.919,4,5,-999996.0
16-19,5271224736646765147,19,full,10,95,0.848,4,5,-999996.0
16-19,4127175351615372133,19,full,1,8,0.085,1,4,-4.0
16-19,4127175351615372133,19,full,2,17,0.155,2,4,-9.0
16-19,4127175351615372133,19,full,3,54,0.471,3,4,-7.0
16-19,4127175351615372133,19,full,4,128,1.25,4,4,-10.0
16-19,4127175351615372133,19,full,5,343,3.177,5,4,-9.0
16-19,4127175351615372133,19,full,6,786,7.039,6,4,-12.0
16-19,4127175351615372133,19,full,7,1818,18.91,7,4,-9.0
16-19,4127175351615372133,19,full,8,4091,40.575,8,4,-14.0
16-19,4127175351615372133,19,full,9,8343,77.28,9,4,-8.0
16-19,4127175351615372133,19,full,10,19319,187.05,10,4,-13.0
16-19,5271224736646765147,19,no_tt,1,8,0.091,1,3,17.0
16-19,5271224736646765147,19,no_tt,2,9,0.087,2,5,3.0
16-19,5271224736646765147,19,no_tt,3,22,0.247,3,5,11.0
16-19,5271224736646765147,19,no_tt,4,56,0.519,4,5,-999996.0
16-19,5271224736646765147,19,no_tt,5,27,0.222,5,5,-999996.0
16-19,5271224736646765147,19,no_tt,6,62,0.556,6,5,-999996.0
16-19,5271224736646765147,19,no_tt,7,95,0.778,7,5,-999996.0
16-19,5271224736646765147,19,no_tt,8,288,2.372,8,5,-999996.0
16-19,5271224736646765147,19,no_tt,9,253,2.089,9,5,-999996.0
16-19,5271224736646765147,19,no_tt,10,707,6.301,10,5,-999996.0
16-19,4127175351615372133,19,no_tt,1,8,0.094,1,4,-4.0
16-19,4127175351615372133,19,no_tt,2,9,0.089,2,4,-9.0
16-19,4127175351615372133,19,no_tt,3,37,0.308,3,4,-7.0
16-19,4127175351615372133,19,no_tt,4,117,0.991,4,4,-10.0
16-19,4127175351615372133,19,no_tt,5,310,2.623,5,4,-9.0
16-19,4127175351615372133,19,no_tt,6,809,7.742,6,4,-12.0
16-19,4127175351615372133,19,no_tt,7,2434,21.604,7,4,-9.0
16-19,4127175351615372133,19,no_tt,8,4526,42.759,8,4,-14.0
16-19,4127175351615372133,19,no_tt,9,15033,136.12,9,4,-8.0
16-19,4127175351615372133,19,no_tt,10,43204,440.242,10,4,-13.0
20-23,13363532767625614456,20,full,1,1,0.02,1,2,999999.0
20-23,13363532767625614456,20,full,2,1,0.011,1,2,999999.0
20-23,13363532767625614456,20,full,3,1,0.007,1,2,999999.0
20-23,13363532767625614456,20,full,4,1,0.007,1,2,999999.0
20-23,13363532767625614456,20,full,5,1,0.007,1,2,999999.0
20-23,13363532767625614456,20,full,6,1,0.007,1,2,999999.0
20-23,13363532767625614456,20,full,7,1,0.006,1,2,999999.0
20-23,13363532767625614456,20,full,8,1,0.006,1,2,999999.0
20-23,13363532767625614456,20,full,9,1,0.006,1,2,999999.0
20-23,13363532767625614456,20,full,10,1,0.006,1,2,999999.0
20-23,67445344433462533236,20,full,1,6,0.069,1,4,5.0
20-23,67445344433462533236,20,full,2,23,0.191,2,4,-5.0
20-23,67445344433462533236,20,full,3,46,0.396,3,4,999997.0
20-23,67445344433462533236,20,full,4,46,0.419,3,4,999997.0
20-23,67445344433462533236,20,full,5,46,0.354,3,4,999997.0
20-23,67445344433462533236,20,full,6,46,0.393,3,4,999997.0
20-23,67445344433462533236,20,full,7,46,0.356,3,4,999997.0
20-23,67445344433462533236,20,full,8,46,0.372,3,4,999997.0
20-23,67445344433462533236,20,full,9,46,0.363,3,4,999997.0
20-23,67445344433462533236,20,full,10,46,0.357,3,4,999997.0
20-23,13363532767625614456,20,no_tt,1,1,0.082,1,2,999999.0
20-23,13363532767625614456,20,no_tt,2,1,0.009,2,2,999999.0
20-23,13363532767625614456,20,no_tt,3,1,0.007,3,2,999999.0
20-23,13363532767625614456,20,no_tt,4,1,0.006,4,2,999999.0
20-23,13363532767625614456,20,no_tt,5,1,0.006,5,2,999999.0
20-23,13363532767625614456,20,no_tt,6,1,0.007,6,2,999999.0
20-23,13363532767625614456,20,no_tt,7,1,0.006,7,2,999999.0
20-23,13363532767625614456,20,no_tt,8,1,0.006,8,2,999999.0
20-23,13363532767625614456,20,no_tt,9,1,0.006,9,2,999999.0
20-23,13363532767625614456,20,no_tt,10,1,0.006,10,2,999999.0
20-23,67445344433462533236,20,no_tt,1,6,0.058,1,4,5.0
20-23,67445344433462533236,20,no_tt,2,17,0.147,2,4,-5.0
20-23,67445344433462533236,20,no_tt,3,23,0.182,3,4,999997.0
20-23,67445344433462533236,20,no_tt,4,20,0.152,4,4,999997.0
20-23,67445344433462533236,20,no_tt,5,50,0.392,5,4,999997.0
20-23,67445344433462533236,20,no_tt,6,38,0.337,6,4,999997.0
20-23,67445344433462533236,20,no_tt,7,82,0.622,7,4,999997.0
20-23,67445344433462533236,20,no_tt,8,86,0.613,8,4,999997.0
20-23,67445344433462533236,20,no_tt,9,191,1.348,9,4,999997.0
20-23,67445344433462533236,20,no_tt,10,256,1.956,10,4,999997.0
20-23,431623763665423564546,21,full,1,7,0.078,1,3,2.0
20-23,431623763665423564546,21,full,2,25,0.219,2,3,-10.0
20-23,431623763665423564546,21,full,3,73,0.711,3,3,-5.0
20-23,431623763665423564546,21,full,4,157,1.3,4,3,-11.0
20-23,431623763665423564546,21,full,5,387,3.484,5,3,-7.0
20-23,431623763665423564546,21,full,6,652,5.532,6,3,-11.0
20-23,431623763665423564546,21,full,7,1268,10.47,7,3,-5.0
20-23,431623763665423564546,21,full,8,1864,15.86,8,3,-9.0
20-23,431623763665423564546,21,full,9,2976,24.71,9,3,-5.0
20-23,431623763665423564546,21,full,10,4482,38.07,10,3,-9.0
20-23,431623763665423564546,21,no_tt,1,7,0.146,1,3,2.0
20-23,431623763665423564546,21,no_tt,2,18,0.159,2,3,-10.0
20-23,431623763665423564546,21,no_tt,3,48,0.436,3,3,-5.0
20-23,431623763665423564546,21,no_tt,4,95,0.803,4,3,-11.0
20-23,431623763665423564546,21,no_tt,5,391,3.274,5,3,-7.0
20-23,431623763665423564546,21,no_tt,6,223,2.756,6,3,-11.0
20-23,431623763665423564546,21,no_tt,7,1878,15.942,7,3,-5.0
20-23,431623763665423564546,21,no_tt,8,1274,10.18,8,3,-9.0
20-23,431623763665423564546,21,no_tt,9,5037,42.048,9,3,-5.0
20-23,431623763665423564546,21,no_tt,10,4564,37.514,10,3,-9.0
20-23,7234436316231727566177,22,full,1,8,0.089,1,3,4.0
20-23,7234436316231727566177,22,full,2,17,0.154,2,2,-14.0
20-23,7234436316231727566177,22,full,3,37,0.36,3,2,-11.0
20-23,7234436316231727566177,22,full,4,101,0.933,4,2,-15.0
20-23,7234436316231727566177,22,full,5,232,2.121,5,2,-14.0
20-23,7234436316231727566177,22,full,6,567,9.377,6,2,-14.0
20-23,7234436316231727566177,22,full,7,1131,9.989,7,2,-15.0
20-23,7234436316231727566177,22,full,8,2247,20.388,8,2,-12.0
20-23,7234436316231727566177,22,full,9,3288,67.179,9,2,-16.0
20-23,7234436316231727566177,22,full,10,5324,76.26,10,2,-14.0
20-23,7335233461355434467442,22,full,1,6,0.129,1,4,11.0
20-23,7335233461355434467442,22,full,2,19,0.339,2,4,11.0
20-23,7335233461355434467442,22,full,3,56,0.816,3,4,13.0
20-23,7335233461355434467442,22,full,4,126,1.767,4,4,14.0
20-23,7335233461355434467442,22,full,5,240,2.255,5,4,15.0
20-23,7335233461355434467442,22,full,6,414,3.625,6,4,14.0
20-23,7335233461355434467442,22,full,7,754,6.607,7,4,14.0
20-23,7335233461355434467442,22,full,8,1269,10.85,8,4,14.0
20-23,7335233461355434467442,22,full,9,1998,16.985,9,4,15.0
20-23,7335233461355434467442,22,full,10,2997,27.049,10,4,11.0
20-23,5322755122336534612564,22,full,1,1,0.021,1,5,999999.0
20-23,5322755122336534612564,22,full,2,1,0.009,1,5,999999.0
20-23,5322755122336534612564,22,full,3,1,0.008,1,5,999999.0
20-23,5322755122336534612564,22,full,4,1,0.007,1,5,999999.0
20-23,5322755122336534612564,22,full,5,1,0.007,1,5,999999.0
20-23,5322755122336534612564,22,full,6,1,0.007,1,5,999999.0
20-23,5322755122336534612564,22,full,7,1,0.007,1,5,999999.0
20-23,5322755122336534612564,22,full,8,1,0.007,1,5,999999.0
20-23,5322755122336534612564,22,full,9,1,0.007,1,5,999999.0
20-23,5322755122336534612564,22,full,10,1,0.006,1,5,999999.0
20-23,5536767664321422424356,22,full,1,8,0.088,1,4,4.0
20-23,5536767664321422424356,22,full,2,33,0.324,2,3,-4.0
20-23,5536767664321422424356,22,full,3,86,0.732,3,4,3.0
20-23,5536767664321422424356,22,full,4,176,1.45,4,3,-2.0
20-23,5536767664321422424356,22,full,5,415,3.533,5,4,5.0
20-23,5536767664321422424356,22,full,6,636,5.213,6,3,2.0
20-23,5536767664321422424356,22,full,7,1173,10.359,7,3,4.0
20-23,5536767664321422424356,22,full,8,1622,13.743,8,3,0.0
20-23,5536767664321422424356,22,full,9,2450,21.023,9,3,999991.0
20-23,5536767664321422424356,22,full,10,2450,21.087,9,3,999991.0
20-23,7234436316231727566177,22,no_tt,1,8,0.085,1,3,4.0
20-23,7234436316231727566177,22,no_tt,2,9,0.087,2,2,-14.0
20-23,7234436316231727566177,22,no_tt,3,20,0.175,3,2,-11.0
20-23,7234436316231727566177,22,no_tt,4,64,0.596,4,2,-15.0
20-23,7234436316231727566177,22,no_tt,5,155,1.397,5,2,-14.0
20-23,7234436316231727566177,22,no_tt,6,272,2.343,6,2,-14.0
20-23,7234436316231727566177,22,no_tt,7,797,6.783,7,2,-15.0
20-23,7234436316231727566177,22,no_tt,8,1278,11.357,8,2,-12.0
20-23,7234436316231727566177,22,no_tt,9,2724,23.193,9,2,-16.0
20-23,7234436316231727566177,22,no_tt,10,5020,43.546,10,2,-14.0
20-23,7335233461355434467442,22,no_tt,1,6,0.074,1,4,11.0
20-23,7335233461355434467442,22,no_tt,2,13,0.124,2,4,11.0
20-23,7335233461355434467442,22,no_tt,3,37,0.335,3,4,13.0
20-23,7335233461355434467442,22,no_tt,4,75,0.627,4,4,14.0
20-23,7335233461355434467442,22,no_tt,5,139,1.26,5,4,15.0
20-23,7335233461355434467442,22,no_tt,6,281,2.308,6,4,14.0
20-23,7335233461355434467442,22,no_tt,7,500,4.303,7,4,14.0
20-23,7335233461355434467442,22,no_tt,8,720,5.963,8,4,14.0
20-23,7335233461355434467442,22,no_tt,9,1575,13.209,9,4,15.0
20-23,7335233461355434467442,22,no_tt,10,2046,16.501,10,4,11.0
20-23,5322755122336534612564,22,no_tt,1,1,0.017,1,5,999999.0
20-23,5322755122336534612564,22,no_tt,2,1,0.008,2,5,999999.0
20-23,5322755122336534612564,22,no_tt,3,1,0.007,3,5,999999.0
20-23,5322755122336534612564,22,no_tt,4,1,0.007,4,5,999999.0
20-23,5322755122336534612564,22,no_tt,5,1,0.006,5,5,999999.0
20-23,5322755122336534612564,22,no_tt,6,1,0.006,6,5,999999.0
20-23,5322755122336534612564,22,no_tt,7,1,0.006,7,5,999999.0
20-23,5322755122336534612564,22,no_tt,8,1,0.006,8,5,999999.0
20-23,5322755122336534612564,22,no_tt,9,1,0.006,9,5,999999.0
20-23,5322755122336534612564,22,no_tt,10,1,0.006,10,5,999999.0
20-23,5536767664321422424356,22,no_tt,1,8,0.082,1,4,4.0
20-23,5536767664321422424356,22,no_tt,2,19,0.168,2,3,-4.0
20-23,5536767664321422424356,22,no_tt,3,61,0.531,3,4,3.0
20-23,5536767664321422424356,22,no_tt,4,125,0.987,4,3,-2.0
20-23,5536767664321422424356,22,no_tt,5,304,2.67,5,4,5.0
20-23,5536767664321422424356,22,no_tt,6,411,3.545,6,3,2.0
20-23,5536767664321422424356,22,no_tt,7,1230,10.372,7,3,4.0
20-23,5536767664321422424356,22,no_tt,8,1192,9.781,8,3,0.0
20-23,5536767664321422424356,22,no_tt,9,3479,28.942,9,3,999991.0
20-23,5536767664321422424356,22,no_tt,10,2784,25.668,10,3,999991.0
20-23,21522644576145117671657,23,full,1,8,0.091,1,3,1.0
20-23,21522644576145117671657,23,full,2,9,0.115,2,2,-999998.0
20-23,21522644576145117671657,23,full,3,9,0.079,2,2,-999998.0
20-23,21522644576145117671657,23,full,4,9,0.077,2,2,-999998.0
20-23,21522644576145117671657,23,full,5,9,0.076,2,2,-999998.0
20-23,21522644576145117671657,23,full,6,9,0.134,2,2,-999998.0
20-23,21522644576145117671657,23,full,7,9,0.085,2,2,-999998.0
20-23,21522644576145117671657,23,full,8,9,0.076,2,2,-999998.0
20-23,21522644576145117671657,23,full,9,9,0.076,2,2,-999998.0
20-23,21522644576145117671657,23,full,10,9,0.075,2,2,-999998.0
20-23,21522644576145117671657,23,no_tt,1,8,0.108,1,3,1.0
20-23,21522644576145117671657,23,no_tt,2,1,0.016,2,2,-999998.0
20-23,21522644576145117671657,23,no_tt,3,1,0.012,3,2,-999998.0
20-23,21522644576145117671657,23,no_tt,4,1,0.01,4,2,-999998.0
20-23,21522644576145117671657,23,no_tt,5,1,0.01,5,2,-999998.0
20-23,21522644576145117671657,23,no_tt,6,1,0.009,6,2,-999998.0
20-23,21522644576145117671657,23,no_tt,7,1,0.009,7,2,-999998.0
20-23,21522644576145117671657,23,no_tt,8,1,0.009,8,2,-999998.0
20-23,21522644576145117671657,23,no_tt,9,1,0.008,9,2,-999998.0
20-23,21522644576145117671657,23,no_tt,10,1,0.008,10,2,-999998.0
24-27,565344435527133454412322,24,full,1,1,0.015,1,1,999999.0
24-27,565344435527133454412322,24,full,2,1,0.009,1,1,999999.0
24-27,565344435527133454412322,24,full,3,1,0.007,1,1,999999.0
24-27,565344435527133454412322,24,full,4,1,0.007,1,1,999999.0
24-27,565344435527133454412322,24,full,5,1,0.007,1,1,999999.0
24-27,565344435527133454412322,24,full,6,1,0.007,1,1,999999.0
24-27,565344435527133454412322,24,full,7,1,0.006,1,1,999999.0
24-27,565344435527133454412322,24,full,8,1,0.006,1,1,999999.0
24-27,565344435527133454412322,24,full,9,1,0.006,1,1,999999.0
24-27,565344435527133454412322,24,full,10,1,0.006,1,1,999999.0
24-27,351664714521247245547762,24,full,1,8,0.09,1,5,-17.0
24-27,351664714521247245547762,24,full,2,34,0.306,2,4,-21.0
24-27,351664714521247245547762,24,full,3,129,1.161,3,5,-17.0
24-27,351664714521247245547762,24,full,4,202,1.776,4,5,-19.0
24-27,351664714521247245547762,24,full,5,577,5.115,5,5,-23.0
24-27,351664714521247245547762,24,full,6,731,6.693,6,5,-23.0
24-27,351664714521247245547762,24,full,7,1065,9.28,7,5,-26.0
24-27,351664714521247245547762,24,full,8,1450,12.746,8,5,-25.0
24-27,351664714521247245547762,24,full,9,1929,16.632,9,5,-29.0
24-27,351664714521247245547762,24,full,10,2385,20.973,10,5,-21.0
24-27,162353465425466543364462,24,full,1,6,0.068,1,2,14.0
24-27,162353465425466543364462,24,full,2,27,0.22,2,2,9.0
24-27,162353465425466543364462,24,full,3,76,0.598,3,4,16.0
24-27,162353465425466543364462,24,full,4,152,1.295,4,4,11.0
24-27,162353465425466543364462,24,full,5,392,3.082,5,4,16.0
24-27,162353465425466543364462,24,full,6,690,5.248,6,4,11.0
24-27,162353465425466543364462,24,full,7,1530,11.679,7,2,16.0
24-27,162353465425466543364462,24,full,8,2542,19.279,8,4,11.0
24-27,162353465425466543364462,24,full,9,4378,34.402,9,2,16.0
24-27,162353465425466543364462,24,full,10,5977,46.463,10,2,12.0
24-27,154345444556322134567521,24,full,1,1,0.018,1,0,999999.0
24-27,154345444556322134567521,24,full,2,1,0.009,1,0,999999.0
24-27,154345444556322134567521,24,full,3,1,0.008,1,0,999999.0
24-27,154345444556322134567521,24,full,4,1,0.007,1,0,999999.0
24-27,154345444556322134567521,24,full,5,1,0.007,1,0,999999.0
24-27,154345444556322134567521,24,full,6,1,0.007,1,0,999999.0
24-27,154345444556322134567521,24,full,7,1,0.006,1,0,999999.0
24-27,154345444556322134567521,24,full,8,1,0.006,1,0,999999.0
24-27,154345444556322134567521,24,full,9,1,0.006,1,0,999999.0
24-27,154345444556322134567521,24,full,10,1,0.006,1,0,999999.0
24-27,565344435527133454412322,24,no_tt,1,1,0.011,1,1,999999.0
24-27,565344435527133454412322,24,no_tt,2,1,0.007,2,1,999999.0
24-27,565344435527133454412322,24,no_tt,3,1,0.007,3,1,999999.0
24-27,565344435527133454412322,24,no_tt,4,1,0.006,4,1,999999.0
24-27,565344435527133454412322,24,no_tt,5,1,0.006,5,1,999999.0
24-27,565344435527133454412322,24,no_tt,6,1,0.006,6,1,999999.0
24-27,565344435527133454412322,24,no_tt,7,1,0.006,7,1,999999.0
24-27,565344435527133454412322,24,no_tt,8,1,0.006,8,1,999999.0
24-27,565344435527133454412322,24,no_tt,9,1,0.009,9,1,999999.0
24-27,565344435527133454412322,24,no_tt,10,1,0.009,10,1,999999.0
24-27,351664714521247245547762,24,no_tt,1,8,0.087,1,5,-17.0
24-27,351664714521247245547762,24,no_tt,2,32,0.283,2,4,-21.0
24-27,351664714521247245547762,24,no_tt,3,97,0.838,3,5,-17.0
24-27,351664714521247245547762,24,no_tt,4,207,1.745,4,5,-19.0
24-27,351664714521247245547762,24,no_tt,5,485,4.122,5,5,-23.0
24-27,351664714521247245547762,24,no_tt,6,816,7.028,6,5,-23.0
24-27,351664714521247245547762,24,no_tt,7,1407,12.963,7,5,-26.0
24-27,351664714521247245547762,24,no_tt,8,3624,33.706,8,5,-25.0
24-27,351664714521247245547762,24,no_tt,9,8279,80.037,9,5,-29.0
24-27,351664714521247245547762,24,no_tt,10,8550,96.06,10,5,-21.0
24-27,162353465425466543364462,24,no_tt,1,6,0.072,1,2,14.0
24-27,162353465425466543364462,24,no_tt,2,21,0.171,2,2,9.0
24-27,162353465425466543364462,24,no_tt,3,49,0.401,3,4,16.0
24-27,162353465425466543364462,24,no_tt,4,116,0.93,4,4,11.0
24-27,162353465425466543364462,24,no_tt,5,244,1.818,5,4,16.0
24-27,162353465425466543364462,24,no_tt,6,501,3.59,6,4,11.0
24-27,162353465425466543364462,24,no_tt,7,1210,8.968,7,2,16.0
24-27,162353465425466543364462,24,no_tt,8,2021,14.398,8,4,11.0
24-27,162353465425466543364462,24,no_tt,9,4388,33.836,9,2,16.0
24-27,162353465425466543364462,24,no_tt,10,6643,48.077,10,2,12.0
24-27,154345444556322134567521,24,no_tt,1,1,0.016,1,0,999999.0
24-27,154345444556322134567521,24,no_tt,2,1,0.008,2,0,999999.0
24-27,154345444556322134567521,24,no_tt,3,1,0.008,3,0,999999.0
24-27,154345444556322134567521,24,no_tt,4,1,0.007,4,0,999999.0
24-27,154345444556322134567521,24,no_tt,5,1,0.006,5,0,999999.0
24-27,154345444556322134567521,24,no_tt,6,1,0.007,6,0,999999.0
24-27,154345444556322134567521,24,no_tt,7,1,0.006,7,0,999999.0
24-27,154345444556322134567521,24,no_tt,8,1,0.006,8,0,999999.0
24-27,154345444556322134567521,24,no_tt,9,1,0.006,9,0,999999.0
24-27,154345444556322134567521,24,no_tt,10,1,0.006,10,0,999999.0
24-27,1375614436467763415324554,25,full,1,7,0.073,1,2,20.0
24-27,1375614436467763415324554,25,full,2,45,0.37,2,4,11.0
24-27,1375614436467763415324554,25,full,3,91,0.783,3,1,999997.0
24-27,1375614436467763415324554,25,full,4,91,0.843,3,1,999997.0
24-27,1375614436467763415324554,25,full,5,91,0.785,3,1,999997.0
24-27,1375614436467763415324554,25,full,6,91,0.774,3,1,999997.0
24-27,1375614436467763415324554,25,full,7,91,0.721,3,1,999997.0
24-27,1375614436467763415324554,25,full,8,91,0.772,3,1,999997.0
24-27,1375614436467763415324554,25,full,9,91,0.822,3,1,999997.0
24-27,1375614436467763415324554,25,full,10,91,0.765,3,1,999997.0
24-27,1375614436467763415324554,25,no_tt,1,7,0.086,1,2,20.0
24-27,1375614436467763415324554,25,no_tt,2,38,0.476,2,4,11.0
24-27,1375614436467763415324554,25,no_tt,3,46,0.581,3,1,999997.0
24-27,1375614436467763415324554,25,no_tt,4,119,5.755,4,1,999997.0
24-27,1375614436467763415324554,25,no_tt,5,199,1.6,5,1,999997.0
24-27,1375614436467763415324554,25,no_tt,6,280,7.094,6,1,999997.0
24-27,1375614436467763415324554,25,no_tt,7,646,7.532,7,1,999997.0
24-27,1375614436467763415324554,25,no_tt,8,800,6.123,8,1,999997.0
24-27,1375614436467763415324554,25,no_tt,9,1880,15.132,9,1,999997.0
24-27,1375614436467763415324554,25,no_tt,10,1815,14.265,10,1,999997.0
24-27,15151155244562132542444176,26,full,1,5,0.054,1,5,20.0
24-27,15151155244562132542444176,26,full,2,17,0.146,2,5,22.0
24-27,15151155244562132542444176,26,full,3,45,0.398,3,5,21.0
24-27,15151155244562132542444176,26,full,4,94,0.741,4,5,23.0
24-27,15151155244562132542444176,26,full,5,205,1.732,5,5,21.0
24-27,15151155244562132542444176,26,full,6,309,2.487,6,5,25.0
24-27,15151155244562132542444176,26,full,7,513,4.111,7,5,23.0
24-27,15151155244562132542444176,26,full,8,837,6.742,8,5,21.0
24-27,15151155244562132542444176,26,full,9,1317,10.247,9,5,17.0
24-27,15151155244562132542444176,26,full,10,1766,14.382,10,5,20.0
24-27,15151155244562132542444176,26,no_tt,1,5,0.129,1,5,20.0
24-27,15151155244562132542444176,26,no_tt,2,18,0.154,2,5,22.0
24-27,15151155244562132542444176,26,no_tt,3,34,0.271,3,5,21.0
24-27,15151155244562132542444176,26,no_tt,4,76,0.618,4,5,23.0
24-27,15151155244562132542444176,26,no_tt,5,129,1.07,5,5,21.0
24-27,15151155244562132542444176,26,no_tt,6,225,1.721,6,5,25.0
24-27,15151155244562132542444176,26,no_tt,7,366,2.726,7,5,23.0
24-27,15151155244562132542444176,26,no_tt,8,526,3.772,8,5,21.0
24-27,15151155244562132542444176,26,no_tt,9,1021,7.167,9,5,17.0
24-27,15151155244562132542444176,26,no_tt,10,1183,8.006,10,5,20.0
24-27,563353335571532476245667644,27,full,1,1,0.019,1,3,999999.0
24-27,563353335571532476245667644,27,full,2,1,0.009,1,3,999999.0
24-27,563353335571532476245667644,27,full,3,1,0.007,1,3,999999.0
24-27,563353335571532476245667644,27,full,4,1,0.007,1,3,999999.0
24-27,563353335571532476245667644,27,full,5,1,0.006,1,3,999999.0
24-27,563353335571532476245667644,27,full,6,1,0.006,1,3,999999.0
24-27,563353335571532476245667644,27,full,7,1,0.006,1,3,999999.0
24-27,563353335571532476245667644,27,full,8,1,0.006,1,3,999999.0
24-27,563353335571532476245667644,27,full,9,1,0.006,1,3,999999.0
24-27,563353335571532476245667644,27,full,10,1,0.006,1,3,999999.0
24-27,425436446344332336526776552,27,full,1,6,0.05,1,5,2.0
24-27,425436446344332336526776552,27,full,2,28,0.23,2,5,0.0
24-27,425436446344332336526776552,27,full,3,77,0.479,3,5,2.0
24-27,425436446344332336526776552,27,full,4,304,1.886,4,4,0.0
24-27,425436446344332336526776552,27,full,5,701,12.908,5,5,2.0
24-27,425436446344332336526776552,27,full,6,999,6.584,6,5,2.0
24-27,425436446344332336526776552,27,full,7,1678,11.775,7,5,2.0
24-27,425436446344332336526776552,27,full,8,2513,16.981,8,5,2.0
24-27,425436446344332336526776552,27,full,9,3864,26.257,9,5,2.0
24-27,425436446344332336526776552,27,full,10,5891,49.207,10,5,2.0
24-27,563353335571532476245667644,27,no_tt,1,1,0.015,1,3,999999.0
24-27,563353335571532476245667644,27,no_tt,2,1,0.008,2,3,999999.0
24-27,563353335571532476245667644,27,no_tt,3,1,0.007,3,3,999999.0
24-27,563353335571532476245667644,27,no_tt,4,1,0.015,4,3,999999.0
24-27,563353335571532476245667644,27,no_tt,5,1,0.007,5,3,999999.0
24-27,563353335571532476245667644,27,no_tt,6,1,0.006,6,3,999999.0
24-27,563353335571532476245667644,27,no_tt,7,1,0.006,7,3,999999.0
24-27,563353335571532476245667644,27,no_tt,8,1,0.006,8,3,999999.0
24-27,563353335571532476245667644,27,no_tt,9,1,0.006,9,3,999999.0
24-27,563353335571532476245667644,27,no_tt,10,1,0.006,10,3,999999.0
24-27,425436446344332336526776552,27,no_tt,1,6,0.049,1,5,2.0
24-27,425436446344332336526776552,27,no_tt,2,30,0.177,2,5,0.0
24-27,425436446344332336526776552,27,no_tt,3,89,0.556,3,5,2.0
24-27,425436446344332336526776552,27,no_tt,4,253,1.511,4,4,0.0
24-27,425436446344332336526776552,27,no_tt,5,534,3.218,5,5,2.0
24-27,425436446344332336526776552,27,no_tt,6,954,5.706,6,5,2.0
24-27,425436446344332336526776552,27,no_tt,7,1517,8.979,7,5,2.0
24-27,425436446344332336526776552,27,no_tt,8,4846,29.217,8,5,2.0
24-27,425436446344332336526776552,27,no_tt,9,7859,44.808,9,5,2.0
24-27,425436446344332336526776552,27,no_tt,10,16573,94.761,10,5,2.0
28-30,1444645445566263356651232572,28,full,1,5,0.116,1,2,2.0
28-30,1444645445566263356651232572,28,full,2,11,0.2,2,2,2.0
28-30,1444645445566263356651232572,28,full,3,24,0.427,3,2,2.0
28-30,1444645445566263356651232572,28,full,4,49,0.717,4,2,2.0
28-30,1444645445566263356651232572,28,full,5,104,1.376,5,2,2.0
28-30,1444645445566263356651232572,28,full,6,197,3.216,6,2,4.0
28-30,1444645445566263356651232572,28,full,7,337,5.514,7,2,4.0
28-30,1444645445566263356651232572,28,full,8,615,8.567,8,2,4.0
28-30,1444645445566263356651232572,28,full,9,891,14.627,9,2,4.0
28-30,1444645445566263356651232572,28,full,10,1289,18.302,10,2,4.0
28-30,1166317662572521767417413736,28,full,1,1,0.026,1,2,999999.0
28-30,1166317662572521767417413736,28,full,2,1,0.013,1,2,999999.0
28-30,1166317662572521767417413736,28,full,3,1,0.011,1,2,999999.0
28-30,1166317662572521767417413736,28,full,4,1,0.011,1,2,999999.0
28-30,1166317662572521767417413736,28,full,5,1,0.01,1,2,999999.0
28-30,1166317662572521767417413736,28,full,6,1,0.011,1,2,999999.0
28-30,1166317662572521767417413736,28,full,7,1,0.01,1,2,999999.0
28-30,1166317662572521767417413736,28,full,8,1,0.01,1,2,999999.0
28-30,1166317662572521767417413736,28,full,9,1,0.01,1,2,999999.0
28-30,1166317662572521767417413736,28,full,10,1,0.01,1,2,999999.0
28-30,7353647445633412243366575545,28,full,1,5,0.09,1,1,-7.0
28-30,7353647445633412243366575545,28,full,2,19,0.321,2,1,-12.0
28-30,7353647445633412243366575545,28,full,3,53,0.74,3,0,-9.0
28-30,7353647445633412243366575545,28,full,4,92,1.255,4,0,-12.0
28-30,7353647445633412243366575545,28,full,5,166,2.212,5,0,-10.0
28-30,7353647445633412243366575545,28,full,6,329,5.302,6,1,-13.0
28-30,7353647445633412243366575545,28,full,7,519,8.02,7,1,-12.0
28-30,7353647445633412243366575545,28,full,8,863,14.73,8,1,-13.0
28-30,7353647445633412243366575545,28,full,9,1297,22.6,9,0,-11.0
28-30,7353647445633412243366575545,28,full,10,1739,15.109,10,1,-999990.0
28-30,1444645445566263356651232572,28,no_tt,1,5,0.149,1,2,2.0
28-30,1444645445566263356651232572,28,no_tt,2,6,0.061,2,2,2.0
28-30,1444645445566263356651232572,28,no_tt,3,13,0.103,3,2,2.0
28-30,1444645445566263356651232572,28,no_tt,4,37,0.28,4,2,2.0
28-30,1444645445566263356651232572,28,no_tt,5,61,0.457,5,2,2.0
28-30,1444645445566263356651232572,28,no_tt,6,149,1.094,6,2,4.0
28-30,1444645445566263356651232572,28,no_tt,7,257,6.377,7,2,4.0
28-30,1444645445566263356651232572,28,no_tt,8,373,2.637,8,2,4.0
28-30,1444645445566263356651232572,28,no_tt,9,624,4.147,9,2,4.0
28-30,1444645445566263356651232572,28,no_tt,10,816,5.345,10,2,4.0
28-30,1166317662572521767417413736,28,no_tt,1,1,0.015,1,2,999999.0
28-30,1166317662572521767417413736,28,no_tt,2,1,0.014,2,2,999999.0
28-30,1166317662572521767417413736,28,no_tt,3,1,0.008,3,2,999999.0
28-30,1166317662572521767417413736,28,no_tt,4,1,0.088,4,2,999999.0
28-30,1166317662572521767417413736,28,no_tt,5,1,0.01,5,2,999999.0
28-30,1166317662572521767417413736,28,no_tt,6,1,0.007,6,2,999999.0
28-30,1166317662572521767417413736,28,no_tt,7,1,0.006,7,2,999999.0
28-30,1166317662572521767417413736,28,no_tt,8,1,0.007,8,2,999999.0
28-30,1166317662572521767417413736,28,no_tt,9,1,0.006,9,2,999999.0
28-30,1166317662572521767417413736,28,no_tt,10,1,0.006,10,2,999999.0
28-30,7353647445633412243366575545,28,no_tt,1,5,0.107,1,1,-7.0
28-30,7353647445633412243366575545,28,no_tt,2,14,0.156,2,1,-12.0
28-30,7353647445633412243366575545,28,no_tt,3,37,0.316,3,0,-9.0
28-30,7353647445633412243366575545,28,no_tt,4,66,0.528,4,0,-12.0
28-30,7353647445633412243366575545,28,no_tt,5,103,0.797,5,0,-10.0
28-30,7353647445633412243366575545,28,no_tt,6,237,1.799,6,1,-13.0
28-30,7353647445633412243366575545,28,no_tt,7,270,1.916,7,1,-12.0
28-30,7353647445633412243366575545,28,no_tt,8,758,5.332,8,1,-13.0
28-30,7353647445633412243366575545,28,no_tt,9,948,7.165,9,0,-11.0
28-30,7353647445633412243366575545,28,no_tt,10,1425,9.529,10,1,-999990.0
28-30,65424532255364536663374446737,29,full,1,5,0.13,1,1,-2.0
28-30,65424532255364536663374446737,29,full,2,25,0.241,2,6,-5.0
28-30,65424532255364536663374446737,29,full,3,53,0.347,3,6,0.0
28-30,65424532255364536663374446737,29,full,4,139,1.798,4,4,-5.0
28-30,65424532255364536663374446737,29,full,5,266,2.024,5,4,0.0
28-30,65424532255364536663374446737,29,full,6,480,3.256,6,0,-3.0
28-30,65424532255364536663374446737,29,full,7,728,5.175,7,4,0.0
28-30,65424532255364536663374446737,29,full,8,1101,8.014,8,4,-1.0
28-30,65424532255364536663374446737,29,full,9,1527,10.822,9,4,0.0
28-30,65424532255364536663374446737,29,full,10,2105,14.313,10,4,-1.0
28-30,44612765464411742322632216767,29,full,1,1,0.018,1,2,999999.0
28-30,44612765464411742322632216767,29,full,2,1,0.009,1,2,999999.0
28-30,44612765464411742322632216767,29,full,3,1,0.007,1,2,999999.0
28-30,44612765464411742322632216767,29,full,4,1,0.007,1,2,999999.0
28-30,44612765464411742322632216767,29,full,5,1,0.006,1,2,999999.0
28-30,44612765464411742322632216767,29,full,6,1,0.007,1,2,999999.0
28-30,44612765464411742322632216767,29,full,7,1,0.006,1,2,999999.0
28-30,44612765464411742322632216767,29,full,8,1,0.006,1,2,999999.0
28-30,44612765464411742322632216767,29,full,9,1,0.006,1,2,999999.0
28-30,44612765464411742322632216767,29,full,10,1,0.006,1,2,999999.0
28-30,75774511775311123344541627454,29,full,1,1,0.012,1,2,999999.0
28-30,75774511775311123344541627454,29,full,2,1,0.008,1,2,999999.0
28-30,75774511775311123344541627454,29,full,3,1,0.007,1,2,999999.0
28-30,75774511775311123344541627454,29,full,4,1,0.007,1,2,999999.0
28-30,75774511775311123344541627454,29,full,5,1,0.006,1,2,999999.0
28-30,75774511775311123344541627454,29,full,6,1,0.006,1,2,999999.0
28-30,75774511775311123344541627454,29,full,7,1,0.007,1,2,999999.0
28-30,75774511775311123344541627454,29,full,8,1,0.006,1,2,999999.0
28-30,75774511775311123344541627454,29,full,9,1,0.006,1,2,999999.0
28-30,75774511775311123344541627454,29,full,10,1,0.006,1,2,999999.0
28-30,65424532255364536663374446737,29,no_tt,1,5,0.049,1,1,-2.0
28-30,65424532255364536663374446737,29,no_tt,2,18,0.126,2,6,-5.0
28-30,65424532255364536663374446737,29,no_tt,3,36,0.277,3,6,0.0
28-30,65424532255364536663374446737,29,no_tt,4,72,0.513,4,4,-5.0
28-30,65424532255364536663374446737,29,no_tt,5,142,0.858,5,4,0.0
28-30,65424532255364536663374446737,29,no_tt,6,249,1.568,6,0,-3.0
28-30,65424532255364536663374446737,29,no_tt,7,380,2.78,7,4,0.0
28-30,65424532255364536663374446737,29,no_tt,8,661,4.274,8,4,-1.0
28-30,65424532255364536663374446737,29,no_tt,9,1021,6.125,9,4,0.0
28-30,65424532255364536663374446737,29,no_tt,10,1425,8.757,10,4,-1.0
28-30,44612765464411742322632216767,29,no_tt,1,1,0.041,1,2,999999.0
28-30,44612765464411742322632216767,29,no_tt,2,1,0.009,2,2,999999.0
28-30,44612765464411742322632216767,29,no_tt,3,1,0.007,3,2,999999.0
28-30,44612765464411742322632216767,29,no_tt,4,1,0.006,4,2,999999.0
28-30,44612765464411742322632216767,29,no_tt,5,1,0.006,5,2,999999.0
28-30,44612765464411742322632216767,29,no_tt,6,1,0.006,6,2,999999.0
28-30,44612765464411742322632216767,29,no_tt,7,1,0.006,7,2,999999.0
28-30,44612765464411742322632216767,29,no_tt,8,1,0.006,8,2,999999.0
28-30,44612765464411742322632216767,29,no_tt,9,1,0.006,9,2,999999.0
28-30,44612765464411742322632216767,29,no_tt,10,1,0.006,10,2,999999.0
28-30,75774511775311123344541627454,29,no_tt,1,1,0.011,1,2,999999.0
28-30,75774511775311123344541627454,29,no_tt,2,1,0.008,2,2,999999.0
28-30,75774511775311123344541627454,29,no_tt,3,1,0.007,3,2,999999.0
28-30,75774511775311123344541627454,29,no_tt,4,1,0.006,4,2,999999.0
28-30,75774511775311123344541627454,29,no_tt,5,1,0.006,5,2,999999.0
28-30,75774511775311123344541627454,29,no_tt,6,1,0.006,6,2,999999.0
28-30,75774511775311123344541627454,29,no_tt,7,1,0.006,7,2,999999.0
28-30,75774511775311123344541627454,29,no_tt,8,1,0.006,8,2,999999.0
28-30,75774511775311123344541627454,29,no_tt,9,1,0.006,9,2,999999.0
28-30,75774511775311123344541627454,29,no_tt,10,1,0.006,10,2,999999.0
28-30,667675522264413577124575665743,30,full,1,1,0.012,1,3,999999.0
28-30,667675522264413577124575665743,30,full,2,1,0.008,1,3,999999.0
28-30,667675522264413577124575665743,30,full,3,1,0.007,1,3,999999.0
28-30,667675522264413577124575665743,30,full,4,1,0.006,1,3,999999.0
28-30,667675522264413577124575665743,30,full,5,1,0.006,1,3,999999.0
28-30,667675522264413577124575665743,30,full,6,1,0.006,1,3,999999.0
28-30,667675522264413577124575665743,30,full,7,1,0.006,1,3,999999.0
28-30,667675522264413577124575665743,30,full,8,1,0.006,1,3,999999.0
28-30,667675522264413577124575665743,30,full,9,1,0.006,1,3,999999.0
28-30,667675522264413577124575665743,30,full,10,1,0.006,1,3,999999.0
28-30,546215655441233666742455423122,30,full,1,5,0.058,1,2,-4.0
28-30,546215655441233666742455423122,30,full,2,17,0.138,2,0,-9.0
28-30,546215655441233666742455423122,30,full,3,39,0.295,3,0,-7.0
28-30,546215655441233666742455423122,30,full,4,66,0.533,4,0,-9.0
28-30,546215655441233666742455423122,30,full,5,118,0.941,5,0,-6.0
28-30,546215655441233666742455423122,30,full,6,169,1.214,6,0,-10.0
28-30,546215655441233666742455423122,30,full,7,222,2.182,7,0,-6.0
28-30,546215655441233666742455423122,30,full,8,294,2.074,8,0,-10.0
28-30,546215655441233666742455423122,30,full,9,389,2.911,9,0,-6.0
28-30,546215655441233666742455423122,30,full,10,513,3.739,10,0,-10.0
28-30,667675522264413577124575665743,30,no_tt,1,1,0.013,1,3,999999.0
28-30,667675522264413577124575665743,30,no_tt,2,1,0.008,2,3,999999.0
28-30,667675522264413577124575665743,30,no_tt,3,1,0.007,3,3,999999.0
28-30,667675522264413577124575665743,30,no_tt,4,1,0.006,4,3,999999.0
28-30,667675522264413577124575665743,30,no_tt,5,1,0.006,5,3,999999.0
28-30,667675522264413577124575665743,30,no_tt,6,1,0.006,6,3,999999.0
28-30,667675522264413577124575665743,30,no_tt,7,1,0.006,7,3,999999.0
28-30,667675522264413577124575665743,30,no_tt,8,1,0.006,8,3,999999.0
28-30,667675522264413577124575665743,30,no_tt,9,1,0.006,9,3,999999.0
28-30,667675522264413577124575665743,30,no_tt,10,1,0.006,10,3,999999.0
28-30,546215655441233666742455423122,30,no_tt,1,5,0.083,1,2,-4.0
28-30,546215655441233666742455423122,30,no_tt,2,12,0.101,2,0,-9.0
28-30,546215655441233666742455423122,30,no_tt,3,24,0.175,3,0,-7.0
28-30,546215655441233666742455423122,30,no_tt,4,29,0.215,4,0,-9.0
28-30,546215655441233666742455423122,30,no_tt,5,41,0.277,5,0,-6.0
28-30,546215655441233666742455423122,30,no_tt,6,71,0.502,6,0,-10.0
28-30,546215655441233666742455423122,30,no_tt,7,69,0.593,7,0,-6.0
28-30,546215655441233666742455423122,30,no_tt,8,86,0.631,8,0,-10.0
28-30,546215655441233666742455423122,30,no_tt,9,157,1.04,9,0,-6.0
28-30,546215655441233666742455423122,30,no_tt,10,192,1.202,10,0,-10.0
