experiment,a,b,opening_id,opening,first,winner,score_a,plies,moves,a_moves,a_random_moves,a_ms,a_max_ms,a_nodes,a_depth,b_moves,b_random_moves,b_ms,b_max_ms,b_nodes,b_depth
depth,d1,d2,0,35,d1,d2,0.0,20,35443344354134535252,9,0,0.073,0.102,7.4,1.0,9,0,0.265,0.427,27.7,1.89
depth,d1,d2,0,35,d2,d2,0.0,17,35443344355545142,7,0,0.079,0.102,8.0,1.0,8,0,0.257,0.344,28.0,1.88
depth,d1,d2,1,6712,d1,d2,0.0,34,6712444466433664333365111117777755,15,0,0.067,0.14,6.3,1.0,15,0,0.238,0.501,24.9,1.93
depth,d1,d2,1,6712,d2,d2,0.0,29,67124442244226666412111673733,12,0,0.065,0.076,7.1,1.0,13,0,0.251,0.331,26.8,1.92
depth,d1,d2,2,5547,d1,d1,1.0,9,554744326,3,0,0.072,0.116,5.7,1.0,2,0,0.245,0.269,19.0,2.0
depth,d1,d2,2,5547,d2,d2,0.0,7,5547342,1,0,0.071,0.071,8.0,1.0,2,0,0.202,0.393,18.0,1.5
depth,d1,d2,3,5767,d1,d1,1.0,29,57674344335655446334665536777,13,0,0.093,0.252,6.8,1.0,12,0,0.219,0.436,22.9,2.0
depth,d1,d2,3,5767,d2,d2,0.0,15,576743443343546,5,0,0.077,0.085,8.0,1.0,6,0,0.247,0.337,25.5,1.83
depth,d1,d2,4,775,d1,d2,0.0,22,7754445545544756222266,9,0,0.075,0.121,7.2,1.0,10,0,0.25,0.316,26.0,1.9
depth,d1,d2,4,775,d2,d2,0.0,27,775444455543333342122132755,12,0,0.069,0.083,7.4,1.0,12,0,0.253,0.467,26.5,1.92
depth,d1,d2,5,215,d1,d2,0.0,34,2154445524224554252111177771773333,15,0,0.053,0.075,6.1,1.0,16,0,0.188,0.333,20.4,1.94
depth,d1,d2,5,215,d2,d2,0.0,25,2154445545224554211112133,11,0,0.083,0.246,7.1,1.0,11,0,0.214,0.355,23.6,1.91
depth,d1,d2,6,13,d1,d1,1.0,23,13444334346366166143557,11,0,0.063,0.074,7.2,1.0,10,0,0.269,0.51,27.5,2.0
depth,d1,d2,6,13,d2,d2,0.0,33,134434433434351555757117152777122,15,0,0.06,0.075,6.3,1.0,16,0,0.256,0.481,26.2,1.94
depth,d1,d2,7,41,d1,d1,1.0,7,4154326,3,0,0.05,0.074,5.7,1.0,2,0,0.199,0.328,22.0,2.0
depth,d1,d2,7,41,d2,d2,0.0,33,415344533445533547735111117722722,15,0,0.064,0.125,6.5,1.0,16,0,0.212,0.412,23.0,1.94
depth,d1,d2,8,4632,d1,d2,0.0,32,46324433226344366436777677722255,14,0,0.068,0.109,6.6,1.0,14,0,0.205,0.415,21.0,1.93
depth,d1,d2,8,4632,d2,d2,0.0,21,463234434433466665555,8,0,0.073,0.096,7.5,1.0,9,0,0.261,0.348,26.7,1.89
depth,d1,d2,9,333,d1,d2,0.0,12,333244423242,4,0,0.093,0.117,8.0,1.0,5,0,0.253,0.413,25.6,1.8
depth,d1,d2,9,333,d2,d2,0.0,27,333444434535655543151111122,12,0,0.066,0.105,6.9,1.0,12,0,0.222,0.323,24.3,1.92
depth,d1,d2,10,656,d1,d1,1.0,17,65644556445536326,7,0,0.072,0.11,7.0,1.0,7,0,0.268,0.396,29.1,2.0
depth,d1,d2,10,656,d2,d2,0.0,13,6564455324437,5,0,0.095,0.162,8.0,1.0,5,0,0.209,0.295,21.0,1.8
depth,d1,d2,11,63,d1,d1,1.0,19,6344433436436664755,9,0,0.067,0.099,7.1,1.0,8,0,0.255,0.331,26.5,2.0
depth,d1,d2,11,63,d2,d2,0.0,21,634443364433664663155,9,0,0.544,4.277,7.3,1.0,10,0,0.224,0.302,25.5,1.9
depth,d1,d2,12,55,d1,d1,1.0,7,5544326,3,0,0.049,0.071,5.7,1.0,2,0,0.158,0.244,19.0,2.0
depth,d1,d2,12,55,d2,d2,0.0,7,5544342,2,0,0.065,0.066,8.0,1.0,3,0,0.174,0.273,20.0,1.67
depth,d1,d2,13,342,d1,d2,0.0,26,34244332324433242266666655,11,0,0.057,0.066,6.5,1.0,12,0,0.191,0.316,21.7,1.92
depth,d1,d2,13,342,d2,d2,0.0,31,3424433224343346266266777555655,14,0,0.06,0.093,6.8,1.0,14,0,0.187,0.291,21.3,1.93
depth,d1,d2,14,6653,d1,d2,0.0,14,66534744343355,5,0,0.083,0.102,8.0,1.0,5,0,0.198,0.31,21.0,1.8
depth,d1,d2,14,6653,d2,d2,0.0,7,6653447,1,0,0.073,0.073,8.0,1.0,2,0,0.228,0.445,16.5,1.5
depth,d1,d2,15,76,d1,d1,1.0,9,764433251,4,0,0.061,0.082,6.2,1.0,3,0,0.276,0.443,24.7,2.0
depth,d1,d2,15,76,d2,d2,0.0,27,764446644664767777333333251,12,0,0.062,0.082,6.5,1.0,13,0,0.248,0.383,26.7,1.92
depth,d1,d2,16,344,d1,d1,1.0,31,3443443343435755575775772121221,14,0,0.064,0.195,5.7,1.0,14,0,0.228,0.358,24.3,2.0
depth,d1,d2,16,344,d2,d2,0.0,31,3444334346366463667711177775555,14,0,0.063,0.105,6.4,1.0,14,0,0.227,0.342,21.6,1.93
depth,d1,d2,17,45,d1,draw,0.5,42,454455455445222231333233211166666611777777,20,0,0.054,0.102,5.3,1.0,20,0,0.156,0.286,17.5,1.95
depth,d1,d2,17,45,d2,d2,0.0,35,45445545445522233333237227777766666,16,0,0.055,0.108,5.8,1.0,17,0,0.195,0.406,19.6,1.94
depth,d1,d2,18,4714,d1,d2,0.0,26,47143233443456556355242322,11,0,0.079,0.109,7.7,1.0,11,0,0.236,0.355,25.8,1.91
depth,d1,d2,18,4714,d2,d2,0.0,17,47143233443344655,6,0,0.078,0.109,7.8,1.0,7,0,0.282,0.367,27.0,1.86
depth,d1,d2,19,7775,d1,d1,1.0,21,777544455455442522331,9,0,0.066,0.085,6.7,1.0,8,0,0.248,0.35,26.4,2.0
depth,d1,d2,19,7775,d2,d2,0.0,29,77754454455754435333733117622,12,0,0.064,0.083,6.6,1.0,13,0,0.23,0.332,25.4,1.92
depth,d1,d2,20,453,d1,d2,0.0,20,45343344354134535252,8,0,0.078,0.11,7.4,1.0,9,0,0.258,0.423,27.7,1.89
depth,d1,d2,20,453,d2,d2,0.0,17,45343344355545142,7,0,0.077,0.093,8.0,1.0,7,0,0.527,2.243,27.9,1.86
depth,d1,d2,21,545,d1,d2,0.0,34,5454455445453333337722222266666611,15,0,0.062,0.157,5.7,1.0,16,0,0.222,0.623,21.0,1.94
depth,d1,d2,21,545,d2,d2,0.0,19,5454454455433213336,8,0,0.074,0.097,7.5,1.0,8,0,0.217,0.34,23.9,1.88
depth,d1,d2,22,7152,d1,d2,0.0,34,7152464455242522466156645211117677,15,0,0.092,0.456,6.9,1.0,15,0,0.208,0.324,22.4,1.93
depth,d1,d2,22,7152,d2,d1,1.0,34,7152465244554662244552266611111333,15,0,0.062,0.095,6.1,1.0,15,0,0.213,0.375,22.7,2.0
depth,d1,d2,23,71,d1,d2,0.0,26,71445655445432332533642322,12,0,0.072,0.082,7.8,1.0,12,0,0.266,0.581,26.7,1.92
depth,d1,d2,23,71,d2,d2,0.0,15,714456554453332,6,0,0.081,0.084,8.0,1.0,7,0,0.258,0.361,27.0,1.86
depth,d1,d2,24,5616,d1,d2,0.0,14,56164455324437,5,0,0.084,0.092,8.0,1.0,5,0,0.213,0.304,21.0,1.8
depth,d1,d2,24,5616,d2,d1,1.0,18,561644556445536326,7,0,0.069,0.108,7.0,1.0,7,0,0.324,0.852,29.0,2.0
depth,d1,d2,25,4424,d1,d1,1.0,7,4424351,2,0,0.045,0.08,4.5,1.0,1,0,0.078,0.078,9.0,2.0
depth,d1,d2,25,4424,d2,d2,0.0,11,44244323331,3,0,0.081,0.103,8.0,1.0,4,0,0.208,0.29,24.0,1.75
depth,d1,d2,26,6464,d1,d2,0.0,10,6464434265,3,0,0.089,0.103,8.0,1.0,3,0,0.277,0.521,28.3,1.67
depth,d1,d2,26,6464,d2,d2,0.0,15,646443433634363,5,0,0.074,0.077,8.0,1.0,6,0,0.234,0.334,25.2,1.83
depth,d1,d2,27,5354,d1,d1,1.0,17,53544343364455637,7,0,0.072,0.1,7.0,1.0,6,0,0.195,0.301,21.0,2.0
depth,d1,d2,27,5354,d2,d2,0.0,11,53544343346,3,0,0.072,0.077,8.0,1.0,4,0,0.174,0.27,19.0,1.75
depth,d1,d2,28,3576,d1,d2,0.0,32,35764434433436657556437772715522,14,0,0.068,0.105,7.1,1.0,14,0,0.281,0.822,26.3,1.93
depth,d1,d2,28,3576,d2,d2,0.0,19,3576443443366575546,7,0,0.092,0.138,8.0,1.0,8,0,0.35,0.988,25.2,1.88
depth,d1,d2,29,6474,d1,d2,0.0,28,6474444323333222246663626755,12,0,0.076,0.115,7.1,1.0,12,0,0.267,0.539,29.2,1.92
depth,d1,d2,29,6474,d2,d1,1.0,10,6474433251,3,0,0.063,0.106,5.7,1.0,3,0,0.235,0.318,24.7,2.0
depth,d1,d2,30,237,d1,d2,0.0,20,23744334432122324665,8,0,0.078,0.101,8.0,1.0,9,0,0.21,0.301,24.4,1.89
depth,d1,d2,30,237,d2,d2,0.0,13,2374433443221,5,0,0.077,0.096,8.0,1.0,5,0,0.256,0.461,24.0,1.8
depth,d1,d2,31,112,d1,d2,0.0,20,11242244442241211133,8,0,0.074,0.116,7.2,1.0,9,0,0.303,0.722,26.8,1.89
depth,d1,d2,31,112,d2,d1,1.0,14,11244544555637,6,0,0.058,0.075,6.8,1.0,5,0,0.245,0.334,28.2,2.0
depth,d1,d2,32,5475,d1,d2,0.0,20,54754454455433253336,8,0,0.084,0.174,7.2,1.0,8,0,0.231,0.318,24.6,1.88
depth,d1,d2,32,5475,d2,d2,0.0,29,54754454554475377333633772222,12,0,0.06,0.077,6.3,1.0,13,0,0.226,0.374,23.9,1.92
depth,d1,d2,33,323,d1,d2,0.0,16,3233445644553643,6,0,0.086,0.108,8.0,1.0,7,0,0.276,0.459,31.0,1.86
depth,d1,d2,33,323,d2,d2,0.0,13,3234423342245,5,0,0.072,0.087,8.0,1.0,5,0,0.177,0.262,21.0,1.8
depth,d1,d2,34,4457,d1,d1,1.0,7,4457326,2,0,0.042,0.075,4.5,1.0,1,0,0.11,0.11,9.0,2.0
depth,d1,d2,34,4457,d2,d2,0.0,7,4457326,1,0,0.08,0.08,8.0,1.0,2,0,2.212,4.412,15.0,1.5
depth,d1,d2,35,745,d1,d2,0.0,32,74544554547577452222212111117733,14,0,0.075,0.158,6.4,1.0,15,0,0.217,0.328,21.6,1.93
depth,d1,d2,35,745,d2,d2,0.0,33,745445545544757712222333322336166,15,0,0.071,0.189,6.4,1.0,15,0,0.235,0.489,22.7,1.93
depth,d1,d2,36,1733,d1,d2,0.0,24,173342443443364637666655,10,0,0.081,0.133,7.2,1.0,10,0,0.237,0.337,25.5,1.9
depth,d1,d2,36,1733,d2,d2,0.0,7,1733442,1,0,0.078,0.078,8.0,1.0,2,0,0.159,0.308,15.0,1.5
depth,d1,d2,37,714,d1,d2,0.0,26,71445655445432332533642322,11,0,0.071,0.084,7.7,1.0,12,0,0.248,0.421,26.7,1.92
depth,d1,d2,37,714,d2,d2,0.0,15,714456554453332,6,0,0.079,0.082,8.0,1.0,6,0,0.248,0.362,26.7,1.83
depth,d1,d2,38,6753,d1,d2,0.0,18,675355663633566544,7,0,0.082,0.111,7.9,1.0,7,0,0.264,0.46,29.6,1.86
depth,d1,d2,38,6753,d2,d2,0.0,21,675344554465455413133,8,0,0.071,0.08,7.4,1.0,9,0,0.23,0.377,23.3,1.89
depth,d1,d2,39,247,d1,d2,0.0,20,24734334432122324665,8,0,0.079,0.082,8.0,1.0,9,0,0.247,0.449,26.4,1.89
depth,d1,d2,39,247,d2,d2,0.0,23,24744333443364637666655,10,0,0.077,0.114,7.2,1.0,10,0,0.248,0.344,27.4,1.9
depth,d1,d2,40,4163,d1,d1,1.0,25,4163443364664334636111557,11,0,0.068,0.121,6.5,1.0,10,0,0.227,0.421,21.7,2.0
depth,d1,d2,40,4163,d2,d2,0.0,15,416344334364636,5,0,0.073,0.077,8.0,1.0,6,0,0.234,0.302,26.2,1.83
depth,d1,d2,41,312,d1,d2,0.0,30,312443443343435155575711715122,13,0,0.058,0.068,6.6,1.0,14,0,0.251,0.456,26.9,1.93
depth,d1,d2,41,312,d2,d1,1.0,34,3124444333453565554351111177777722,16,0,0.062,0.102,6.2,1.0,15,0,0.188,0.323,21.6,2.0
depth,d1,d2,42,7424,d1,d2,0.0,14,74244443333231,5,0,0.113,0.129,8.0,1.0,5,0,0.299,0.399,30.6,1.8
depth,d1,d2,42,7424,d2,d2,0.0,23,74244333443364637666655,9,0,0.074,0.146,7.1,1.0,10,0,0.274,0.484,27.4,1.9
depth,d1,d2,43,11,d1,d2,0.0,26,11443233564453554524335666,12,0,0.082,0.112,7.5,1.0,12,0,0.237,0.361,23.9,1.92
depth,d1,d2,43,11,d2,d2,0.0,17,11443233443344655,7,0,0.064,0.067,7.9,1.0,8,0,0.24,0.327,28.1,1.88
depth,d1,d2,44,557,d1,d2,0.0,20,55744454455433253336,8,0,0.072,0.104,7.2,1.0,9,0,0.244,0.401,25.1,1.89
depth,d1,d2,44,557,d2,d2,0.0,29,55744454554475377333633772222,13,0,0.066,0.09,6.5,1.0,13,0,0.237,0.519,23.9,1.92
depth,d1,d2,45,57,d1,d1,1.0,7,5744326,3,0,0.054,0.079,5.7,1.0,2,0,0.19,0.304,22.0,2.0
depth,d1,d2,45,57,d2,d1,1.0,36,574344335455435334751111117777226622,17,0,0.061,0.116,5.8,1.0,17,0,0.209,0.352,22.1,2.0
depth,d1,d2,46,21,d1,d2,0.0,30,214453435544332213555411676166,14,0,0.356,4.144,7.4,1.0,14,0,0.235,0.392,26.8,1.93
depth,d1,d2,46,21,d2,d2,0.0,21,214442442333325325455,9,0,0.085,0.116,7.9,1.0,10,0,0.259,0.346,28.9,1.9
depth,d1,d2,47,1753,d1,d2,0.0,32,17534455443533344357511177772122,14,0,0.069,0.109,6.5,1.0,14,0,0.218,0.345,22.8,1.93
depth,d1,d2,47,1753,d2,d2,0.0,33,175314433443544337755551711177622,14,0,0.06,0.11,6.2,1.0,15,0,0.499,4.529,25.0,1.93
depth,d1,d2,48,7632,d1,d2,0.0,14,76324433443221,5,0,0.081,0.091,8.0,1.0,5,0,0.235,0.337,25.4,1.8
depth,d1,d2,48,7632,d2,d1,1.0,26,76324443322636644347736555,11,0,0.072,0.105,7.0,1.0,11,0,0.237,0.331,26.1,2.0
depth,d1,d2,49,36,d1,d2,0.0,20,36443443343546366255,9,0,0.096,0.297,7.4,1.0,9,0,0.297,0.794,27.4,1.89
depth,d1,d2,49,36,d2,d2,0.0,21,364234434433466665555,9,0,0.097,0.251,7.6,1.0,10,0,0.267,0.515,26.9,1.9
depth,d1,d3,0,35,d1,d3,0.0,12,354434334556,5,0,0.071,0.074,8.0,1.0,5,0,0.611,0.967,72.2,2.6
depth,d1,d3,0,35,d3,d3,0.0,21,355443445336754546566,9,0,0.08,0.086,7.7,1.0,10,0,0.832,1.358,90.9,2.8
depth,d1,d3,1,6712,d1,d3,0.0,26,67124444626624353323433555,11,0,0.078,0.111,7.7,1.0,11,0,0.89,1.839,96.9,2.82
depth,d1,d3,1,6712,d3,d3,0.0,15,671244424427553,5,0,0.123,0.279,8.0,1.0,6,0,1.029,1.473,107.7,2.67
depth,d1,d3,2,5547,d1,d1,1.0,9,554744326,3,0,0.059,0.084,5.7,1.0,2,0,0.649,1.21,67.5,2.5
depth,d1,d3,2,5547,d3,d3,0.0,7,5547342,1,0,0.072,0.072,8.0,1.0,2,0,0.405,0.799,46.0,2.0
depth,d1,d3,3,5767,d1,d3,0.0,22,5767434434565543533466,9,0,0.078,0.081,7.9,1.0,9,0,0.723,1.334,74.1,2.78
depth,d1,d3,3,5767,d3,d3,0.0,13,5767434433546,4,0,0.085,0.088,8.0,1.0,5,0,0.815,1.209,88.6,2.6
depth,d1,d3,4,775,d1,d3,0.0,18,775444554554422153,7,0,0.085,0.118,7.7,1.0,8,0,0.886,1.264,95.8,2.75
depth,d1,d3,4,775,d3,d3,0.0,27,775444455543333342122132755,12,0,0.07,0.079,7.4,1.0,12,0,0.796,1.231,89.1,2.83
depth,d1,d3,5,215,d1,d3,0.0,22,2154445455244551223333,9,0,0.084,0.131,7.2,1.0,10,0,0.685,1.192,75.5,2.8
depth,d1,d3,5,215,d3,d3,0.0,19,2154444555445522333,8,0,0.069,0.078,7.4,1.0,8,0,0.813,1.081,92.0,2.75
depth,d1,d3,6,13,d1,d3,0.0,24,134444343313114636666555,11,0,0.083,0.155,7.4,1.0,11,0,0.835,1.231,92.0,2.82
depth,d1,d3,6,13,d3,d1,1.0,8,13344526,3,0,0.06,0.106,5.7,1.0,3,0,0.661,1.006,84.3,2.67
depth,d1,d3,7,41,d1,d1,1.0,7,4154326,3,0,0.051,0.073,5.7,1.0,2,0,0.547,1.022,66.0,2.5
depth,d1,d3,7,41,d3,d3,0.0,9,414454362,3,0,0.08,0.095,8.0,1.0,4,0,1.488,3.888,88.0,2.5
depth,d1,d3,8,4632,d1,d3,0.0,28,4632443324232243366642667755,12,0,0.076,0.117,6.9,1.0,12,0,0.962,5.026,69.2,2.83
depth,d1,d3,8,4632,d3,d3,0.0,17,46324443334232225,6,0,0.078,0.087,8.0,1.0,7,0,1.032,1.776,97.9,2.71
depth,d1,d3,9,333,d1,d3,0.0,38,33354444535455345222232267666667711177,17,0,0.058,0.096,5.7,1.0,18,0,0.574,1.29,62.2,2.89
depth,d1,d3,9,333,d3,d3,0.0,27,333444434535655543151111122,12,0,0.07,0.084,6.9,1.0,12,0,0.66,1.027,74.8,2.83
depth,d1,d3,10,656,d1,d3,0.0,8,65644352,2,0,0.075,0.075,8.0,1.0,3,0,0.748,1.162,74.7,2.33
depth,d1,d3,10,656,d3,d3,0.0,25,6564454456532336554466733,11,0,0.082,0.116,7.5,1.0,11,0,0.888,1.469,94.2,2.82
depth,d1,d3,11,63,d1,d1,1.0,13,6344443334557,6,0,0.075,0.15,6.8,1.0,5,0,0.978,1.457,101.8,2.8
depth,d1,d3,11,63,d3,d3,0.0,13,6344434334557,5,0,0.085,0.117,8.0,1.0,6,0,0.729,1.155,79.0,2.67
depth,d1,d3,12,55,d1,d1,1.0,7,5544326,3,0,0.055,0.081,5.7,1.0,2,0,0.514,0.947,61.5,2.5
depth,d1,d3,12,55,d3,d3,0.0,7,5544342,2,0,0.077,0.079,8.0,1.0,3,0,0.591,1.11,61.3,2.33
depth,d1,d3,13,342,d1,d3,0.0,30,342443343422433766666677777155,13,0,0.069,0.104,6.5,1.0,14,0,0.796,1.589,83.1,2.86
depth,d1,d3,13,342,d3,d3,0.0,23,34243443434535655535166,10,0,0.073,0.096,7.1,1.0,10,0,0.991,5.042,71.2,2.8
depth,d1,d3,14,6653,d1,d3,0.0,16,6653474434344355,6,0,0.076,0.079,7.8,1.0,6,0,0.742,1.297,81.3,2.67
depth,d1,d3,14,6653,d3,d3,0.0,7,6653447,1,0,0.088,0.088,8.0,1.0,2,0,2.583,5.156,48.5,2.0
depth,d1,d3,15,76,d1,d1,1.0,13,7644344333251,6,0,0.07,0.103,6.8,1.0,5,0,0.977,1.486,105.8,2.8
depth,d1,d3,15,76,d3,d3,0.0,17,76444664466422335,7,0,0.167,0.476,7.7,1.0,8,0,0.918,1.158,104.1,2.75
depth,d1,d3,16,344,d1,d3,0.0,16,3444343343435556,6,0,0.066,0.08,7.3,1.0,7,0,0.686,1.009,80.3,2.71
depth,d1,d3,16,344,d3,d3,0.0,27,344443334535655543151111122,12,0,0.074,0.107,6.9,1.0,12,0,0.707,1.163,79.2,2.83
depth,d1,d3,17,45,d1,d3,0.0,22,4545445454353233353622,10,0,0.074,0.109,7.1,1.0,10,0,0.592,1.15,69.0,2.8
depth,d1,d3,17,45,d3,d1,1.0,20,45444555443321537336,9,0,0.064,0.081,6.8,1.0,9,0,0.918,1.464,101.9,2.89
depth,d1,d3,18,4714,d1,d3,0.0,20,47143234433437453222,8,0,0.083,0.112,7.6,1.0,8,0,0.851,1.208,96.6,2.75
depth,d1,d3,18,4714,d3,d3,0.0,11,47144432526,3,0,0.072,0.072,8.0,1.0,4,0,0.858,1.327,91.5,2.5
depth,d1,d3,19,7775,d1,d3,0.0,26,77754444545575774252222333,11,0,0.073,0.109,6.9,1.0,11,0,0.772,1.48,86.8,2.82
depth,d1,d3,19,7775,d3,d3,0.0,27,777535544445346666456353633,11,0,0.087,0.109,7.4,1.0,12,0,1.127,1.841,91.8,2.83
depth,d1,d3,20,453,d1,d3,0.0,12,453434334556,4,0,0.078,0.082,8.0,1.0,5,0,0.63,1.015,72.2,2.6
depth,d1,d3,20,453,d3,d3,0.0,9,453445231,3,0,0.088,0.106,8.0,1.0,3,0,0.748,1.242,88.7,2.33
depth,d1,d3,21,545,d1,d3,0.0,16,5454455443534152,6,0,0.088,0.134,7.8,1.0,7,0,0.816,1.145,91.9,2.71
depth,d1,d3,21,545,d3,d3,0.0,7,5454545,2,0,0.075,0.076,8.0,1.0,2,0,0.48,0.951,53.0,2.0
depth,d1,d3,22,7152,d1,d3,0.0,28,7152464454552445512276666677,12,0,0.099,0.37,7.0,1.0,12,0,0.63,1.458,65.6,2.83
depth,d1,d3,22,7152,d3,d3,0.0,21,715246444556566355333,8,0,0.088,0.147,7.9,1.0,9,0,0.809,1.365,90.4,2.78
depth,d1,d3,23,71,d1,d3,0.0,34,7144565445543235333451117377766622,16,0,0.068,0.112,6.9,1.0,16,0,0.779,1.363,81.6,2.88
depth,d1,d3,23,71,d3,d3,0.0,11,71444456362,4,0,0.09,0.117,8.0,1.0,5,0,0.828,1.405,97.0,2.6
depth,d1,d3,24,5616,d1,d3,0.0,14,56164455324437,5,0,0.083,0.084,8.0,1.0,5,0,0.629,0.997,70.2,2.6
depth,d1,d3,24,5616,d3,d3,0.0,13,5616443234343,4,0,0.08,0.083,8.0,1.0,5,0,0.923,1.405,102.4,2.6
depth,d1,d3,25,4424,d1,d1,1.0,7,4424351,2,0,0.042,0.076,4.5,1.0,1,0,0.071,0.071,9.0,2.0
depth,d1,d3,25,4424,d3,d3,0.0,7,4424351,1,0,0.067,0.067,8.0,1.0,2,0,0.451,0.893,54.5,2.0
depth,d1,d3,26,6464,d1,d3,0.0,14,64644466436251,5,0,0.081,0.094,8.0,1.0,5,0,0.844,1.673,82.8,2.6
depth,d1,d3,26,6464,d3,d3,0.0,19,6464434336443633555,7,0,0.079,0.092,7.4,1.0,8,0,0.756,1.04,82.5,2.75
depth,d1,d3,27,5354,d1,d3,0.0,8,53544241,2,0,0.096,0.117,8.0,1.0,2,0,0.525,1.039,53.5,2.0
depth,d1,d3,27,5354,d3,d3,0.0,11,53544343346,3,0,0.073,0.074,8.0,1.0,4,0,0.626,1.206,60.0,2.5
depth,d1,d3,28,3576,d1,d3,0.0,30,357644344334366575564377727222,13,0,0.079,0.116,7.3,1.0,13,0,0.789,1.421,87.8,2.85
depth,d1,d3,28,3576,d3,d3,0.0,11,35766554444,3,0,0.091,0.117,8.0,1.0,4,0,0.948,1.609,103.5,2.5
depth,d1,d3,29,6474,d1,d3,0.0,10,6474434215,3,0,0.093,0.116,8.0,1.0,3,0,1.039,1.842,100.3,2.33
depth,d1,d3,29,6474,d3,d3,0.0,17,64744343364436363,6,0,0.076,0.083,7.7,1.0,7,0,1.495,5.178,92.3,2.71
depth,d1,d3,30,237,d1,d3,0.0,14,23734423344522,5,0,0.081,0.085,8.0,1.0,6,0,0.886,1.598,95.5,2.67
depth,d1,d3,30,237,d3,d3,0.0,19,2374434433437453222,8,0,0.084,0.106,7.6,1.0,8,0,0.915,1.295,104.2,2.75
depth,d1,d3,31,112,d1,d3,0.0,18,112422444422466553,7,0,0.076,0.099,7.7,1.0,8,0,0.916,1.534,106.4,2.75
depth,d1,d3,31,112,d3,d1,1.0,14,11244544555637,6,0,0.077,0.114,6.8,1.0,5,0,0.891,1.272,104.2,2.8
depth,d1,d3,32,5475,d1,d3,0.0,20,54754454455433253336,8,0,0.079,0.111,7.2,1.0,8,0,0.874,1.376,86.0,2.75
depth,d1,d3,32,5475,d3,d1,1.0,32,54754454554453131331331117777222,14,0,0.06,0.086,5.7,1.0,14,0,0.672,1.147,75.5,2.93
depth,d1,d3,33,323,d1,d3,0.0,18,323344564453555241,7,0,0.081,0.107,8.0,1.0,8,0,0.789,1.679,84.2,2.75
depth,d1,d3,33,323,d3,d3,0.0,13,3234423342245,5,0,0.105,0.182,8.0,1.0,5,0,0.568,0.895,69.4,2.6
depth,d1,d3,34,4457,d1,d1,1.0,7,4457326,2,0,0.052,0.096,4.5,1.0,1,0,0.084,0.084,9.0,2.0
depth,d1,d3,34,4457,d3,d3,0.0,7,4457326,1,0,0.071,0.071,8.0,1.0,2,0,0.376,0.742,43.0,2.0
depth,d1,d3,35,745,d1,d3,0.0,24,745444545575774251322133,10,0,0.092,0.137,7.3,1.0,11,0,0.905,1.776,86.7,2.82
depth,d1,d3,35,745,d3,d3,0.0,23,74544545445332133711222,10,0,0.091,0.271,7.4,1.0,10,0,0.782,1.195,84.3,2.8
depth,d1,d3,36,1733,d1,d3,0.0,20,17334244344334565556,8,0,0.077,0.094,7.6,1.0,8,0,0.64,1.057,71.9,2.75
depth,d1,d3,36,1733,d3,d3,0.0,7,1733442,1,0,0.083,0.083,8.0,1.0,2,0,0.433,0.856,47.0,2.0
depth,d1,d3,37,714,d1,d3,0.0,34,7144565445543235333451117377766622,15,0,0.076,0.113,6.9,1.0,16,0,0.826,1.755,81.6,2.88
depth,d1,d3,37,714,d3,d3,0.0,11,71444456362,4,0,0.082,0.105,8.0,1.0,4,0,0.882,1.666,95.0,2.5
depth,d1,d3,38,6753,d1,d3,0.0,12,675353454343,4,0,0.087,0.111,8.0,1.0,4,0,0.803,1.127,89.2,2.5
depth,d1,d3,38,6753,d3,d3,0.0,19,6753556635363357744,7,0,0.085,0.102,8.0,1.0,8,0,0.997,1.439,112.9,2.75
depth,d1,d3,39,247,d1,d3,0.0,14,24764424427553,5,0,0.089,0.113,8.0,1.0,6,0,0.913,1.315,105.5,2.67
depth,d1,d3,39,247,d3,d3,0.0,25,2474434332443233722266767,11,0,0.088,0.158,6.9,1.0,11,0,0.717,1.225,71.5,2.82
depth,d1,d3,40,4163,d1,d1,1.0,19,4163443434436661557,8,0,0.073,0.12,6.8,1.0,7,0,0.848,1.267,93.4,2.86
depth,d1,d3,40,4163,d3,d3,0.0,9,416344547,2,0,0.136,0.198,8.0,1.0,3,0,0.828,1.541,75.0,2.33
depth,d1,d3,41,312,d1,d3,0.0,12,312533232244,4,0,0.068,0.071,8.0,1.0,5,0,0.829,1.41,92.4,2.6
depth,d1,d3,41,312,d3,d3,0.0,23,31244443433131143565556,10,0,0.077,0.118,7.4,1.0,10,0,0.789,1.184,92.3,2.8
depth,d1,d3,42,7424,d1,d3,0.0,12,742444433536,4,0,0.075,0.078,8.0,1.0,4,0,0.924,1.338,96.0,2.5
depth,d1,d3,42,7424,d3,d3,0.0,25,7424434332443233722266767,10,0,0.098,0.289,6.8,1.0,11,0,0.62,1.158,71.5,2.82
depth,d1,d3,43,11,d1,d3,0.0,28,1144323443345634555311115522,13,0,0.081,0.165,7.0,1.0,13,0,0.9,2.374,90.7,2.85
depth,d1,d3,43,11,d3,d3,0.0,19,1144433344334355756,8,0,0.07,0.077,7.4,1.0,9,0,0.792,0.994,95.0,2.78
depth,d1,d3,44,557,d1,d3,0.0,20,55744454455433253336,8,0,0.088,0.211,7.2,1.0,9,0,0.807,1.287,88.1,2.78
depth,d1,d3,44,557,d3,d1,1.0,32,55744454554453131331331117777222,15,0,0.062,0.086,5.9,1.0,14,0,0.678,1.147,75.5,2.93
depth,d1,d3,45,57,d1,d1,1.0,7,5744326,3,0,0.066,0.112,5.7,1.0,2,0,0.884,1.691,88.0,2.5
depth,d1,d3,45,57,d3,d3,0.0,29,57434433435545477553372222122,13,0,0.069,0.102,6.8,1.0,14,0,0.794,1.615,81.9,2.86
depth,d1,d3,46,21,d1,d3,0.0,22,2144534455353334435222,10,0,0.078,0.097,7.6,1.0,10,0,0.774,1.084,89.5,2.8
depth,d1,d3,46,21,d3,d1,1.0,16,2144424435325232,7,0,0.072,0.11,7.0,1.0,7,0,0.855,1.213,106.9,2.86
depth,d1,d3,47,1753,d1,d3,0.0,28,1753445445545433351311312222,12,0,0.077,0.106,6.8,1.0,12,0,1.18,5.031,86.2,2.83
depth,d1,d3,47,1753,d3,d3,0.0,15,175334454453552,5,0,0.092,0.107,8.0,1.0,6,0,1.553,5.194,102.7,2.67
depth,d1,d3,48,7632,d1,d3,0.0,22,7632443443343666422235,9,0,0.091,0.12,7.8,1.0,9,0,1.031,1.477,115.4,2.78
depth,d1,d3,48,7632,d3,d3,0.0,15,763234423342245,5,0,0.132,0.319,8.0,1.0,6,0,0.834,1.357,87.8,2.67
depth,d1,d3,49,36,d1,d3,0.0,24,364434443336423222226655,11,0,0.076,0.108,7.0,1.0,11,0,0.754,1.357,85.3,2.82
depth,d1,d3,49,36,d3,d3,0.0,17,36424443334232225,7,0,0.088,0.168,8.0,1.0,8,0,0.914,1.383,101.0,2.75
depth,d1,d4,0,35,d1,d4,0.0,16,3544334435423222,7,0,0.091,0.12,8.0,1.0,7,0,2.135,2.864,239.7,3.57
depth,d1,d4,0,35,d4,d4,0.0,21,355443445336754546566,9,0,0.087,0.142,7.7,1.0,10,0,2.098,3.51,211.0,3.7
depth,d1,d4,1,6712,d1,d4,0.0,26,67124444664336643333651555,11,0,0.085,0.148,7.1,1.0,11,0,2.707,6.37,285.1,3.64
depth,d1,d4,1,6712,d4,d4,0.0,15,671244424427335,5,0,0.08,0.083,8.0,1.0,6,0,2.61,4.177,275.0,3.5
depth,d1,d4,2,5547,d1,d4,0.0,36,554743445533345413131157711776222722,16,0,0.078,0.253,6.2,1.0,16,0,1.654,4.083,154.9,3.75
depth,d1,d4,2,5547,d4,d4,0.0,7,5547342,1,0,0.111,0.111,8.0,1.0,2,0,0.411,0.81,46.0,2.0
depth,d1,d4,3,5767,d1,d4,0.0,18,576743443534334757,7,0,0.092,0.099,8.0,1.0,7,0,1.854,3.855,188.4,3.57
depth,d1,d4,3,5767,d4,d4,0.0,33,576743444337743343555517571111122,14,0,0.073,0.113,6.4,1.0,15,0,1.694,3.962,180.3,3.73
depth,d1,d4,4,775,d1,d4,0.0,22,7754445455445533233231,9,0,0.081,0.102,7.0,1.0,10,0,2.357,4.206,195.2,3.7
depth,d1,d4,4,775,d4,d4,0.0,29,77544445554333334212212232755,13,0,0.078,0.095,7.3,1.0,13,0,1.889,3.196,202.5,3.77
depth,d1,d4,5,215,d1,d1,1.0,25,2154445455244225522666633,11,0,0.069,0.114,6.5,1.0,11,0,2.041,3.245,209.6,3.82
depth,d1,d4,5,215,d4,d4,0.0,31,2154444555445522226267666611333,14,0,0.073,0.123,6.3,1.0,14,0,1.672,2.99,179.1,3.71
depth,d1,d4,6,13,d1,d4,0.0,30,134444333455555467667665621133,14,0,0.094,0.145,7.1,1.0,14,0,2.443,4.986,220.6,3.79
depth,d1,d4,6,13,d4,d4,0.0,19,1334544545445232323,8,0,0.088,0.114,7.6,1.0,9,0,1.958,2.945,222.2,3.67
depth,d1,d4,7,41,d1,d4,0.0,14,41534453345532,6,0,0.129,0.167,8.0,1.0,6,0,3.823,8.702,243.3,3.5
depth,d1,d4,7,41,d4,draw,0.5,42,413544455534455113333171177277722222666666,20,0,0.055,0.115,5.0,1.0,20,0,1.857,6.499,181.6,3.9
depth,d1,d4,8,4632,d1,d4,0.0,16,4632443322634343,6,0,0.167,0.176,8.0,1.0,6,0,4.259,7.048,217.0,3.5
depth,d1,d4,8,4632,d4,d4,0.0,35,46324433434226643366655555522211111,15,0,0.067,0.1,6.0,1.0,16,0,1.471,3.559,162.0,3.75
depth,d1,d4,9,333,d1,d4,0.0,42,333544445355443521222532211611666166777777,19,0,0.126,0.279,5.5,1.0,20,0,2.88,6.636,150.7,3.8
depth,d1,d4,9,333,d4,d4,0.0,27,333444434555554676676656177,12,0,0.082,0.125,7.2,1.0,12,0,1.803,2.999,212.1,3.75
depth,d1,d4,10,656,d1,d4,0.0,14,65665545442525,5,0,0.094,0.113,8.0,1.0,6,0,1.902,3.004,218.2,3.5
depth,d1,d4,10,656,d4,d4,0.0,13,6564455324437,5,0,0.096,0.111,8.0,1.0,5,0,2.071,3.79,197.8,3.4
depth,d1,d4,11,63,d1,d4,0.0,26,63444433374634636667717155,12,0,0.094,0.227,6.8,1.0,12,0,2.584,5.084,234.2,3.75
depth,d1,d4,11,63,d4,d4,0.0,17,63342443443343255,7,0,0.081,0.089,7.6,1.0,8,0,2.253,3.824,255.5,3.62
depth,d1,d4,12,55,d1,d4,0.0,14,55434433544356,6,0,0.089,0.114,8.0,1.0,6,0,2.1,3.192,227.0,3.5
depth,d1,d4,12,55,d4,d4,0.0,7,5544342,2,0,0.083,0.096,8.0,1.0,3,0,0.92,2.115,114.7,2.67
depth,d1,d4,13,342,d1,d4,0.0,34,3424433434224336665555556622261111,15,0,0.063,0.108,6.1,1.0,16,0,1.621,3.165,181.9,3.75
depth,d1,d4,13,342,d4,d1,1.0,38,34244332243433467666227767772555555611,18,0,0.061,0.1,5.9,1.0,17,0,1.26,2.838,143.9,3.88
depth,d1,d4,14,6653,d1,d4,0.0,16,6653474434344355,6,0,0.128,0.294,7.8,1.0,6,0,1.793,3.352,184.7,3.5
depth,d1,d4,14,6653,d4,d4,0.0,7,6653447,1,0,0.075,0.075,8.0,1.0,2,0,0.952,1.893,106.5,2.5
depth,d1,d4,15,76,d1,d4,0.0,18,764432334434232225,8,0,0.086,0.11,8.0,1.0,8,0,2.749,4.866,274.9,3.62
depth,d1,d4,15,76,d4,d4,0.0,19,7664435544556645433,8,0,0.092,0.135,7.9,1.0,9,0,2.533,4.136,267.1,3.67
depth,d1,d4,16,344,d1,d4,0.0,20,34443433443355655657,8,0,0.08,0.112,6.9,1.0,9,0,2.177,4.439,188.4,3.67
depth,d1,d4,16,344,d4,d4,0.0,27,344443334555554676676656177,12,0,0.081,0.115,7.2,1.0,12,0,2.167,3.124,221.4,3.75
depth,d1,d4,17,45,d1,d4,0.0,22,4544545445332133335522,10,0,0.081,0.145,7.1,1.0,10,0,2.711,12.206,199.3,3.7
depth,d1,d4,17,45,d4,d4,0.0,25,4544454554556333333212221,11,0,0.074,0.104,6.5,1.0,12,0,1.633,2.975,185.2,3.67
depth,d1,d4,18,4714,d1,d4,0.0,30,471432334436466314117377666555,13,0,0.079,0.12,7.2,1.0,13,0,2.605,9.065,227.8,3.77
depth,d1,d4,18,4714,d4,d4,0.0,21,471444433333473775556,8,0,0.092,0.137,7.1,1.0,9,0,2.593,8.259,219.2,3.67
depth,d1,d4,19,7775,d1,d4,0.0,30,777544445554455272272227333633,13,0,0.073,0.11,6.4,1.0,13,0,1.85,3.45,198.0,3.77
depth,d1,d4,19,7775,d4,d4,0.0,19,7775444554554422153,7,0,0.112,0.247,7.7,1.0,8,0,2.218,3.425,225.6,3.5
depth,d1,d4,20,453,d1,d4,0.0,16,4534334435423222,6,0,0.087,0.121,8.0,1.0,7,0,2.142,3.368,239.7,3.57
depth,d1,d4,20,453,d4,d4,0.0,23,45344533455244337377222,10,0,0.073,0.081,7.4,1.0,10,0,1.889,3.088,214.0,3.7
depth,d1,d4,21,545,d1,d4,0.0,16,5455444554422153,6,0,0.079,0.089,7.7,1.0,7,0,1.9,3.294,218.9,3.43
depth,d1,d4,21,545,d4,d4,0.0,7,5454545,2,0,0.095,0.115,8.0,1.0,2,0,0.713,1.416,82.5,2.5
depth,d1,d4,22,7152,d1,d4,0.0,34,7152464456554466256422252611177733,15,0,0.079,0.132,6.7,1.0,15,0,1.709,3.981,170.5,3.8
depth,d1,d4,22,7152,d4,d4,0.0,13,7152464455647,4,0,0.104,0.132,8.0,1.0,5,0,1.98,3.824,217.4,3.4
depth,d1,d4,23,71,d1,d1,1.0,35,71445655445242251415112226676661333,17,0,0.089,0.207,6.4,1.0,16,0,2.899,8.19,210.6,3.88
depth,d1,d4,23,71,d4,d4,0.0,21,714444455555415113332,9,0,0.087,0.106,7.2,1.0,10,0,2.104,3.556,223.5,3.7
depth,d1,d4,24,5616,d1,d4,0.0,14,56164455324437,5,0,0.089,0.108,8.0,1.0,5,0,1.763,2.827,188.6,3.4
depth,d1,d4,24,5616,d4,d4,0.0,33,561644444333334555566516311112622,14,0,0.106,0.151,6.5,1.0,15,0,2.783,6.837,194.1,3.8
depth,d1,d4,25,4424,d1,d1,1.0,7,4424351,2,0,0.048,0.088,4.5,1.0,1,0,0.08,0.08,9.0,2.0
depth,d1,d4,25,4424,d4,d4,0.0,7,4424351,1,0,0.082,0.082,8.0,1.0,2,0,0.473,0.937,54.5,2.0
depth,d1,d4,26,6464,d1,d4,0.0,28,6464464464662222225557575577,12,0,0.102,0.139,6.1,1.0,12,0,2.419,4.233,195.0,3.75
depth,d1,d4,26,6464,d4,d4,0.0,19,6464436623433434555,7,0,0.118,0.174,7.9,1.0,8,0,4.227,10.513,260.5,3.5
depth,d1,d4,27,5354,d1,d4,0.0,8,53544241,2,0,0.136,0.158,8.0,1.0,2,0,1.634,3.251,108.0,2.5
depth,d1,d4,27,5354,d4,d4,0.0,23,53544355443344335512222,9,0,0.115,0.183,7.0,1.0,10,0,3.082,5.399,218.0,3.6
depth,d1,d4,28,3576,d1,d4,0.0,18,357644334433445556,7,0,0.113,0.218,7.7,1.0,7,0,3.848,7.753,276.4,3.57
depth,d1,d4,28,3576,d4,d4,0.0,13,3576544354647,4,0,0.088,0.115,8.0,1.0,5,0,2.215,4.41,248.6,3.2
depth,d1,d4,29,6474,d1,d4,0.0,24,647444432333322226666555,10,0,0.087,0.113,8.0,1.0,10,0,2.646,4.72,288.8,3.6
depth,d1,d4,29,6474,d4,d4,0.0,29,64744323322636644347376776755,12,0,0.079,0.094,7.1,1.0,13,0,2.284,5.589,204.1,3.77
depth,d1,d4,30,237,d1,d4,0.0,8,23744536,2,0,0.074,0.074,8.0,1.0,3,0,2.004,3.09,234.3,3.0
depth,d1,d4,30,237,d4,d4,0.0,21,237443443343543555222,9,0,0.074,0.104,7.3,1.0,9,0,2.058,2.8,218.2,3.56
depth,d1,d4,31,112,d1,d4,0.0,20,11242244442241211333,8,0,0.083,0.114,7.4,1.0,9,0,3.333,6.418,253.8,3.56
depth,d1,d4,31,112,d4,d4,0.0,17,11244565544455647,7,0,0.09,0.126,8.0,1.0,7,0,2.99,8.208,265.9,3.57
depth,d1,d4,32,5475,d1,d4,0.0,20,54754454455433253336,8,0,0.076,0.089,7.2,1.0,8,0,2.352,6.627,202.8,3.62
depth,d1,d4,32,5475,d4,d4,0.0,33,547544455445536333133177711117722,14,0,0.072,0.093,5.9,1.0,15,0,1.638,3.008,179.0,3.8
depth,d1,d4,33,323,d1,d4,0.0,14,32334456445251,5,0,0.073,0.079,8.0,1.0,6,0,1.929,3.591,227.3,3.5
depth,d1,d4,33,323,d4,d4,0.0,25,3234424433422535555246766,11,0,0.112,0.428,7.8,1.0,11,0,1.952,3.449,220.5,3.73
depth,d1,d4,34,4457,d1,d1,1.0,7,4457326,2,0,0.045,0.08,4.5,1.0,1,0,0.076,0.076,9.0,2.0
depth,d1,d4,34,4457,d4,d4,0.0,7,4457326,1,0,0.071,0.071,8.0,1.0,2,0,0.41,0.81,43.0,2.0
depth,d1,d4,35,745,d1,d4,0.0,22,7454445455757745676666,9,0,0.077,0.103,7.3,1.0,10,0,1.868,3.669,211.6,3.6
depth,d1,d4,35,745,d4,d4,0.0,23,74544545445332133711222,10,0,0.083,0.109,7.4,1.0,10,0,1.727,3.169,185.3,3.6
depth,d1,d4,36,1733,d1,d4,0.0,22,1733424434433643666655,9,0,0.077,0.12,7.3,1.0,9,0,1.757,2.952,196.1,3.67
depth,d1,d4,36,1733,d4,d4,0.0,7,1733442,1,0,0.094,0.094,8.0,1.0,2,0,0.907,1.804,99.0,2.5
depth,d1,d4,37,714,d1,d1,1.0,35,71445655445242251415112226676661333,16,0,0.072,0.133,6.2,1.0,16,0,2.035,4.692,210.6,3.88
depth,d1,d4,37,714,d4,d4,0.0,21,714444455555415113332,9,0,0.084,0.106,7.2,1.0,9,0,2.056,3.287,218.2,3.67
depth,d1,d4,38,6753,d1,d4,0.0,18,675355663533566744,7,0,0.086,0.089,8.0,1.0,7,0,2.752,4.479,292.1,3.57
depth,d1,d4,38,6753,d4,d4,0.0,21,675355663536335767744,8,0,0.078,0.081,8.0,1.0,9,0,2.241,3.772,250.7,3.67
depth,d1,d4,39,247,d1,d4,0.0,24,247444447722622255555766,10,0,0.202,1.331,6.8,1.0,11,0,3.368,7.349,262.0,3.73
depth,d1,d4,39,247,d4,d4,0.0,21,247443334433643666655,9,0,0.072,0.085,7.3,1.0,9,0,2.151,3.495,240.4,3.67
depth,d1,d4,40,4163,d1,d4,0.0,26,41634434344367661336675555,11,0,0.071,0.102,6.9,1.0,11,0,1.695,3.486,187.5,3.73
depth,d1,d4,40,4163,d4,d4,0.0,29,41634443334535565546611352222,12,0,0.078,0.092,7.2,1.0,13,0,2.003,2.921,222.9,3.77
depth,d1,d4,41,312,d1,d4,0.0,24,312444323344342223266755,10,0,0.072,0.109,7.0,1.0,11,0,1.849,3.206,219.4,3.64
depth,d1,d4,41,312,d4,d4,0.0,11,31244433231,4,0,0.093,0.122,8.0,1.0,4,0,3.069,7.275,227.0,3.25
depth,d1,d4,42,7424,d1,d4,0.0,24,742444447722622255555766,10,0,0.073,0.093,6.8,1.0,10,0,2.231,3.231,251.3,3.7
depth,d1,d4,42,7424,d4,d4,0.0,21,742443334433643666655,8,0,0.088,0.162,7.2,1.0,9,0,2.147,3.532,240.4,3.67
depth,d1,d4,43,11,d1,d4,0.0,32,11443234433456345553111556666122,15,0,0.063,0.081,6.8,1.0,15,0,1.468,3.095,175.1,3.8
depth,d1,d4,43,11,d4,d4,0.0,17,11444333443343655,7,0,0.082,0.137,7.6,1.0,8,0,2.206,3.387,246.0,3.62
depth,d1,d4,44,557,d1,d4,0.0,20,55744454455433253336,8,0,0.08,0.114,7.2,1.0,9,0,1.829,2.952,204.4,3.67
depth,d1,d4,44,557,d4,d4,0.0,33,557444455445536333133177711117722,15,0,0.078,0.108,6.0,1.0,15,0,1.857,3.955,179.0,3.8
depth,d1,d4,45,57,d1,d4,0.0,18,574344543533453545,8,0,0.082,0.088,8.0,1.0,8,0,2.065,4.03,228.1,3.62
depth,d1,d4,45,57,d4,d4,0.0,29,57434443335443377555571117722,13,0,0.079,0.109,6.5,1.0,14,0,2.254,5.444,238.1,3.79
depth,d1,d4,46,21,d1,d4,0.0,12,214453435251,5,0,0.1,0.165,8.0,1.0,5,0,1.783,3.317,208.8,3.4
depth,d1,d4,46,21,d4,d4,0.0,15,214442445332555,6,0,0.071,0.077,8.0,1.0,7,0,2.282,2.892,277.0,3.57
depth,d1,d4,47,1753,d1,d4,0.0,22,1753445544353334435666,9,0,0.077,0.085,7.6,1.0,9,0,1.962,2.998,216.8,3.56
depth,d1,d4,47,1753,d4,d4,0.0,23,17533445443552433542322,9,0,0.085,0.099,7.7,1.0,10,0,2.228,3.238,235.5,3.7
depth,d1,d4,48,7632,d1,d4,0.0,34,7632434444336321222466667377211155,15,0,0.076,0.107,6.8,1.0,15,0,1.847,4.963,193.8,3.8
depth,d1,d4,48,7632,d4,d4,0.0,29,76323442443322434666366777555,12,0,0.088,0.142,6.9,1.0,13,0,2.212,4.232,236.8,3.77
depth,d1,d4,49,36,d1,d4,0.0,16,3642443322634343,7,0,0.095,0.129,8.0,1.0,7,0,2.263,4.345,256.0,3.57
depth,d1,d4,49,36,d4,d4,0.0,35,36424433434226643366655555522211111,16,0,0.069,0.094,6.1,1.0,17,0,1.583,3.7,172.1,3.76
depth,d1,d5,0,35,d1,d5,0.0,18,354433443542355251,8,0,0.102,0.168,8.0,1.0,8,0,4.423,6.805,480.0,4.25
depth,d1,d5,0,35,d5,d5,0.0,15,354445433554152,6,0,0.083,0.084,8.0,1.0,7,0,4.466,8.507,533.4,4.14
depth,d1,d5,1,6712,d1,d5,0.0,30,671244446644166311363333151555,13,0,0.085,0.196,6.6,1.0,13,0,5.262,12.566,568.3,4.54
depth,d1,d5,1,6712,d5,d5,0.0,17,67124442644323133,6,0,0.082,0.085,8.0,1.0,7,0,6.645,10.171,738.7,4.43
depth,d1,d5,2,5547,d1,d5,0.0,28,5547434454353343365577772722,12,0,0.073,0.1,6.7,1.0,12,0,3.671,8.26,395.2,4.67
depth,d1,d5,2,5547,d5,d5,0.0,7,5547342,1,0,0.14,0.14,8.0,1.0,2,0,0.588,1.159,46.0,2.0
depth,d1,d5,3,5767,d1,d5,0.0,30,576743443456554433357775372222,13,0,0.105,0.165,6.9,1.0,13,0,3.647,8.69,334.1,4.69
depth,d1,d5,3,5767,d5,d5,0.0,13,5767434433546,4,0,0.095,0.105,8.0,1.0,5,0,6.894,11.189,644.8,4.2
depth,d1,d5,4,775,d1,d5,0.0,16,7754445455425331,6,0,0.101,0.132,8.0,1.0,7,0,4.65,10.268,505.4,4.14
depth,d1,d5,4,775,d5,d5,0.0,27,775444455543333342122132755,12,0,0.082,0.128,7.4,1.0,12,0,4.762,8.316,528.1,4.67
depth,d1,d5,5,215,d1,d5,0.0,24,215444545524412233551133,10,0,0.086,0.114,7.3,1.0,11,0,4.172,7.971,458.1,4.64
depth,d1,d5,5,215,d5,d5,0.0,27,215444454554556222223113333,12,0,0.076,0.122,6.7,1.0,12,0,4.555,7.703,535.9,4.67
depth,d1,d5,6,13,d1,d5,0.0,26,13444434331411535355556766,12,0,0.081,0.189,6.9,1.0,12,0,4.152,9.248,469.2,4.67
depth,d1,d5,6,13,d5,d5,0.0,15,134443433463557,6,0,0.122,0.328,8.0,1.0,7,0,5.284,10.271,572.0,4.14
depth,d1,d5,7,41,d1,d1,1.0,33,415344543447353337717115551177222,16,0,0.088,0.252,6.1,1.0,15,0,2.849,7.209,321.1,4.53
depth,d1,d5,7,41,d5,d5,0.0,15,415354553444756,6,0,0.08,0.081,8.0,1.0,7,0,5.16,8.858,595.0,4.14
depth,d1,d5,8,4632,d1,d5,0.0,20,46324434334236676555,8,0,0.087,0.094,8.0,1.0,8,0,4.404,7.484,505.9,4.25
depth,d1,d5,8,4632,d5,d5,0.0,27,463244434334336666622252255,11,0,0.073,0.114,6.4,1.0,12,0,5.446,14.304,505.1,4.67
depth,d1,d5,9,333,d1,draw,0.5,42,333544445354553452222322676666611111177777,19,0,0.056,0.107,5.3,1.0,20,0,2.573,8.071,307.9,4.7
depth,d1,d5,9,333,d5,d5,0.0,9,333434343,3,0,0.08,0.081,8.0,1.0,3,0,3.58,6.56,439.3,3.67
depth,d1,d5,10,656,d1,d5,0.0,12,656655454545,4,0,0.085,0.088,8.0,1.0,5,0,5.43,8.597,628.0,4.2
depth,d1,d5,10,656,d5,d5,0.0,13,6564455324437,5,0,0.091,0.126,8.0,1.0,5,0,4.939,8.954,509.2,4.2
depth,d1,d5,11,63,d1,d5,0.0,24,634444343343356666625555,11,0,0.072,0.116,6.8,1.0,11,0,4.528,8.319,501.5,4.64
depth,d1,d5,11,63,d5,d5,0.0,13,6344434334557,5,0,0.105,0.123,8.0,1.0,6,0,4.184,7.784,497.2,4.0
depth,d1,d5,12,55,d1,d5,0.0,12,554644323533,5,0,0.098,0.113,8.0,1.0,5,0,3.968,6.944,455.4,4.2
depth,d1,d5,12,55,d5,d5,0.0,7,5544342,2,0,0.078,0.079,8.0,1.0,3,0,2.215,5.985,273.0,3.0
depth,d1,d5,13,342,d1,d5,0.0,22,3424443433453322255555,9,0,0.079,0.178,7.0,1.0,10,0,4.123,8.329,496.2,4.6
depth,d1,d5,13,342,d5,d5,0.0,23,34244343443556755335666,10,0,0.085,0.104,7.2,1.0,10,0,3.648,7.786,438.9,4.4
depth,d1,d5,14,6653,d1,d5,0.0,16,6653474434344355,6,0,0.124,0.321,7.8,1.0,6,0,4.096,7.257,455.8,4.33
depth,d1,d5,14,6653,d5,d5,0.0,7,6653447,1,0,0.089,0.089,8.0,1.0,2,0,3.011,6.006,330.0,3.0
depth,d1,d5,15,76,d1,d5,0.0,34,7644323344342423222366766677775555,16,0,0.077,0.187,6.1,1.0,16,0,3.992,7.991,464.9,4.75
depth,d1,d5,15,76,d5,d5,0.0,15,764446644633235,6,0,0.094,0.152,8.0,1.0,7,0,7.322,10.47,836.7,4.14
depth,d1,d5,16,344,d1,d5,0.0,14,34443433463557,5,0,0.089,0.118,8.0,1.0,6,0,4.094,9.125,502.5,4.0
depth,d1,d5,16,344,d5,d5,0.0,33,344443433433257555155171177117722,15,0,0.06,0.075,6.0,1.0,15,0,3.062,7.117,365.5,4.6
depth,d1,d5,17,45,d1,d5,0.0,22,4544545445332133313222,10,0,0.081,0.114,7.3,1.0,10,0,4.302,8.972,455.2,4.4
depth,d1,d5,17,45,d5,d5,0.0,19,4544454554355233322,8,0,0.098,0.159,7.1,1.0,9,0,5.537,8.8,547.8,4.56
depth,d1,d5,18,4714,d1,d5,0.0,32,47143234433434565553166611515222,14,0,0.082,0.127,6.9,1.0,14,0,3.287,7.059,375.6,4.57
depth,d1,d5,18,4714,d5,d5,0.0,11,47144466352,3,0,0.078,0.082,8.0,1.0,4,0,4.737,9.901,494.0,3.5
depth,d1,d5,19,7775,d1,d5,0.0,28,7775444454557435333633517722,12,0,0.083,0.138,6.9,1.0,12,0,4.297,8.942,476.8,4.67
depth,d1,d5,19,7775,d5,d5,0.0,27,777535544445346666456353633,11,0,0.078,0.107,7.4,1.0,12,0,5.253,8.944,598.3,4.67
depth,d1,d5,20,453,d1,d5,0.0,18,453433443542355251,7,0,0.088,0.119,8.0,1.0,8,0,4.124,6.079,480.0,4.25
depth,d1,d5,20,453,d5,d5,0.0,15,453445433554152,6,0,0.082,0.116,8.0,1.0,6,0,3.814,8.416,439.5,4.0
depth,d1,d5,21,545,d1,d5,0.0,14,54554445524331,5,0,0.093,0.116,8.0,1.0,6,0,4.889,8.824,579.3,4.0
depth,d1,d5,21,545,d5,d5,0.0,19,5454454455433213336,8,0,0.085,0.118,7.5,1.0,8,0,4.071,7.052,466.0,4.5
depth,d1,d5,22,7152,d1,d5,0.0,26,71524644565544626332234331,11,0,0.089,0.127,7.9,1.0,11,0,3.796,7.437,421.8,4.45
depth,d1,d5,22,7152,d5,d5,0.0,17,71524644555442766,6,0,0.087,0.112,8.0,1.0,7,0,4.968,8.631,538.0,4.14
depth,d1,d5,23,71,d1,d5,0.0,34,7144565445543235333451117777311722,16,0,0.077,0.113,6.9,1.0,16,0,3.674,7.051,417.2,4.62
depth,d1,d5,23,71,d5,d5,0.0,11,71444422536,4,0,0.085,0.108,8.0,1.0,5,0,4.738,10.303,549.0,3.8
depth,d1,d5,24,5616,d1,d5,0.0,14,56164455324437,5,0,0.086,0.097,8.0,1.0,5,0,4.447,7.272,497.6,4.2
depth,d1,d5,24,5616,d5,d5,0.0,33,561634466444466333555535311111722,14,0,0.067,0.103,6.0,1.0,15,0,3.467,12.038,386.7,4.73
depth,d1,d5,25,4424,d1,d1,1.0,7,4424351,2,0,0.048,0.086,4.5,1.0,1,0,0.131,0.131,9.0,2.0
depth,d1,d5,25,4424,d5,d5,0.0,7,4424351,1,0,0.077,0.077,8.0,1.0,2,0,0.449,0.889,54.5,2.0
depth,d1,d5,26,6464,d1,d5,0.0,22,6464446644632333322525,9,0,0.127,0.213,7.3,1.0,9,0,6.383,11.329,527.3,4.33
depth,d1,d5,26,6464,d5,d5,0.0,17,64644323433436555,6,0,0.095,0.115,8.0,1.0,7,0,5.041,11.339,545.4,4.14
depth,d1,d5,27,5354,d1,d5,0.0,10,5354434132,3,0,0.132,0.135,8.0,1.0,3,0,6.584,11.45,438.7,3.67
depth,d1,d5,27,5354,d5,d1,1.0,32,53544355444336154656611331117222,14,0,0.166,0.268,6.3,1.0,14,0,6.251,12.796,351.2,4.64
depth,d1,d5,28,3576,d1,d5,0.0,24,357644344334346663727755,10,0,0.081,0.117,7.2,1.0,10,0,5.284,9.694,581.4,4.6
depth,d1,d5,28,3576,d5,d5,0.0,15,357633555644241,5,0,0.082,0.087,8.0,1.0,6,0,9.242,22.405,893.8,4.0
depth,d1,d5,29,6474,d1,d5,0.0,34,6474444323333422232267666776775155,15,0,0.105,0.233,6.0,1.0,15,0,7.142,30.041,530.6,4.73
depth,d1,d5,29,6474,d5,d1,1.0,32,64744323433644337662622226777755,14,0,0.068,0.098,6.1,1.0,14,0,3.316,7.728,362.3,4.71
depth,d1,d5,30,237,d1,d5,0.0,12,237444332625,4,0,0.121,0.141,8.0,1.0,5,0,9.301,15.491,733.6,4.2
depth,d1,d5,30,237,d5,d5,0.0,13,2374433443221,5,0,0.172,0.184,8.0,1.0,5,0,10.525,13.975,623.8,4.2
depth,d1,d5,31,112,d1,d5,0.0,10,1124254643,3,0,0.129,0.138,8.0,1.0,4,0,6.019,14.507,413.5,3.5
depth,d1,d5,31,112,d5,d5,0.0,17,11244565544455647,7,0,0.142,0.167,8.0,1.0,7,0,10.614,13.75,662.4,4.43
depth,d1,d5,32,5475,d1,d5,0.0,20,54754454455433253336,8,0,0.158,0.208,7.2,1.0,8,0,10.293,15.255,556.1,4.5
depth,d1,d5,32,5475,d5,d1,1.0,34,5475544455445212222121611676666133,15,0,0.111,0.218,5.7,1.0,15,0,6.202,15.787,373.4,4.33
depth,d1,d5,33,323,d1,d5,0.0,22,3233445644535554453222,9,0,0.153,0.179,7.6,1.0,10,0,9.311,20.001,529.3,4.4
depth,d1,d5,33,323,d5,d5,0.0,31,3234424433422535455573725772666,14,0,0.095,0.133,6.9,1.0,14,0,5.391,14.53,422.1,4.64
depth,d1,d5,34,4457,d1,d1,1.0,7,4457326,2,0,0.121,0.224,4.5,1.0,1,0,0.184,0.184,9.0,2.0
depth,d1,d5,34,4457,d5,d5,0.0,7,4457326,1,0,0.164,0.164,8.0,1.0,2,0,0.834,1.649,43.0,2.0
depth,d1,d5,35,745,d1,d5,0.0,28,7454445455747765666566333333,12,0,0.141,0.198,6.8,1.0,13,0,7.983,17.699,452.8,4.69
depth,d1,d5,35,745,d5,d5,0.0,23,74544545445332133711222,10,0,0.088,0.163,7.4,1.0,10,0,4.359,7.48,451.3,4.4
depth,d1,d5,36,1733,d1,d5,0.0,18,173342443443355455,7,0,0.078,0.082,7.9,1.0,7,0,4.401,6.746,464.6,4.43
depth,d1,d5,36,1733,d5,d5,0.0,7,1733442,1,0,0.13,0.13,8.0,1.0,2,0,4.892,9.769,279.0,3.0
depth,d1,d5,37,714,d1,d5,0.0,34,7144565445543235333451117777311722,15,0,0.118,0.562,6.9,1.0,16,0,4.77,10.618,417.2,4.62
depth,d1,d5,37,714,d5,d5,0.0,11,71444422536,4,0,0.086,0.1,8.0,1.0,4,0,4.429,10.412,508.0,3.5
depth,d1,d5,38,6753,d1,d5,0.0,12,675355656644,4,0,0.132,0.217,8.0,1.0,4,0,5.461,9.898,600.5,4.0
depth,d1,d5,38,6753,d5,d5,0.0,13,6753444355433,4,0,0.098,0.136,8.0,1.0,5,0,9.137,16.454,685.4,4.2
depth,d1,d5,39,247,d1,d5,0.0,32,24744446747733333322222166666111,14,0,0.081,0.127,6.4,1.0,15,0,5.64,11.194,571.6,4.73
depth,d1,d5,39,247,d5,d1,1.0,32,24744343443262322336266766777755,15,0,0.107,0.198,6.0,1.0,14,0,4.498,15.733,315.1,4.36
depth,d1,d5,40,4163,d1,d5,0.0,18,416344343446333555,7,0,0.12,0.173,7.4,1.0,7,0,7.138,11.255,466.0,4.43
depth,d1,d5,40,4163,d5,d5,0.0,19,4163444343313114735,7,0,0.096,0.134,7.9,1.0,8,0,5.827,9.273,602.9,4.5
depth,d1,d5,41,312,d1,d5,0.0,10,3124424433,3,0,0.084,0.092,8.0,1.0,4,0,4.631,9.296,544.5,4.0
depth,d1,d5,41,312,d5,d5,0.0,29,31244443433141153555355766166,13,0,0.079,0.118,6.8,1.0,13,0,4.8,16.164,464.6,4.69
depth,d1,d5,42,7424,d1,d5,0.0,32,74244446747733333322222166666111,14,0,0.079,0.119,6.4,1.0,14,0,5.187,11.556,537.3,4.71
depth,d1,d5,42,7424,d5,d1,1.0,32,74244343443262322336266766777755,14,0,0.063,0.087,5.9,1.0,14,0,2.974,9.118,315.1,4.36
depth,d1,d5,43,11,d1,d5,0.0,28,1144323443345634555311155122,13,0,0.095,0.154,7.1,1.0,13,0,4.239,7.445,438.6,4.69
depth,d1,d5,43,11,d5,d5,0.0,11,11444343434,4,0,0.097,0.118,8.0,1.0,5,0,5.025,7.124,586.6,4.2
depth,d1,d5,44,557,d1,d5,0.0,20,55744454455433253336,8,0,0.086,0.131,7.2,1.0,9,0,5.035,8.339,546.3,4.56
depth,d1,d5,44,557,d5,d1,1.0,34,5574544455445212222121611676666133,16,0,0.074,0.156,5.9,1.0,15,0,3.929,12.658,373.4,4.33
depth,d1,d5,45,57,d1,d5,0.0,14,57434453345532,6,0,0.149,0.436,8.0,1.0,6,0,4.713,7.969,524.2,4.33
depth,d1,d5,45,57,d5,d5,0.0,17,57435544433524251,7,0,0.104,0.124,8.0,1.0,8,0,4.485,7.936,504.5,4.25
depth,d1,d5,46,21,d1,d5,0.0,24,214453445535333443565666,11,0,0.076,0.1,7.4,1.0,11,0,4.357,8.354,473.7,4.45
depth,d1,d5,46,21,d5,d5,0.0,17,21444253343323555,7,0,0.083,0.093,8.0,1.0,8,0,5.541,9.014,636.1,4.25
depth,d1,d5,47,1753,d1,d5,0.0,22,1753445544353334435666,9,0,0.1,0.166,7.6,1.0,9,0,5.68,9.527,534.2,4.33
depth,d1,d5,47,1753,d5,d5,0.0,13,1753344534343,4,0,0.088,0.091,8.0,1.0,5,0,6.077,10.944,674.0,4.2
depth,d1,d5,48,7632,d1,d5,0.0,34,7632443344342423222366766677775555,15,0,0.082,0.151,6.0,1.0,15,0,5.996,14.515,431.7,4.73
depth,d1,d5,48,7632,d5,d5,0.0,17,76323442443342265,6,0,0.089,0.096,8.0,1.0,7,0,5.809,11.961,630.3,4.43
depth,d1,d5,49,36,d1,d5,0.0,20,36424434334236676555,9,0,0.1,0.146,8.0,1.0,9,0,5.208,8.712,558.6,4.33
depth,d1,d5,49,36,d5,d5,0.0,27,364244434334336666622252255,12,0,0.082,0.136,6.5,1.0,13,0,5.037,12.498,533.5,4.69
depth,d1,d6,0,35,d1,d6,0.0,18,354433443542355251,8,0,0.081,0.104,8.0,1.0,8,0,8.339,18.924,946.4,4.88
depth,d1,d6,0,35,d6,d6,0.0,15,354445433554152,6,0,0.091,0.116,8.0,1.0,7,0,10.041,25.507,1149.3,4.86
depth,d1,d6,1,6712,d1,d1,1.0,39,671244446466353335555415111331222226677,18,0,0.072,0.127,6.3,1.0,17,0,7.455,22.844,847.7,5.65
depth,d1,d6,1,6712,d6,d6,0.0,17,67123444433242235,6,0,0.099,0.12,8.0,1.0,7,0,14.183,26.617,1446.4,5.29
depth,d1,d6,2,5547,d1,d1,1.0,33,554743445533345415171177733611722,15,0,0.072,0.109,6.3,1.0,14,0,8.295,19.18,933.4,5.57
depth,d1,d6,2,5547,d6,d6,0.0,7,5547342,1,0,0.081,0.081,8.0,1.0,2,0,0.404,0.797,46.0,2.0
depth,d1,d6,3,5767,d1,d6,0.0,22,5767434434565543533466,9,0,0.088,0.093,7.9,1.0,9,0,8.423,15.519,912.8,5.44
depth,d1,d6,3,5767,d6,d6,0.0,33,576743444337743343555517571111122,14,0,0.071,0.095,6.4,1.0,15,0,8.566,25.704,951.2,5.4
depth,d1,d6,4,775,d1,d6,0.0,16,7754445455445233,6,0,0.079,0.083,7.7,1.0,7,0,11.223,19.829,1281.3,5.29
depth,d1,d6,4,775,d6,d6,0.0,27,775444455543333342122122755,12,0,0.119,0.239,7.6,1.0,12,0,12.81,25.515,1084.4,5.58
depth,d1,d6,5,215,d1,d6,0.0,22,2154445455244551223333,9,0,0.079,0.088,7.2,1.0,10,0,7.882,18.406,912.0,5.5
depth,d1,d6,5,215,d6,d6,0.0,25,2154444545455221225112333,11,0,0.082,0.145,7.0,1.0,11,0,9.381,20.358,1093.1,5.45
depth,d1,d6,6,13,d1,d6,0.0,28,1344443334555554676675621133,13,0,0.072,0.085,7.3,1.0,13,0,10.436,19.929,1202.0,5.62
depth,d1,d6,6,13,d6,d6,0.0,15,134443433443655,6,0,0.085,0.108,7.7,1.0,7,0,10.69,18.225,1266.4,5.29
depth,d1,d6,7,41,d1,d6,0.0,32,41564452554624665422622651111133,15,0,0.082,0.184,6.7,1.0,15,0,8.837,24.308,956.9,5.67
depth,d1,d6,7,41,d6,d6,0.0,33,415344433345674555373775111112222,15,0,0.075,0.106,6.6,1.0,16,0,8.844,17.783,1015.8,5.62
depth,d1,d6,8,4632,d1,d6,0.0,24,463244343344322223266565,10,0,0.092,0.156,6.9,1.0,10,0,8.251,18.252,921.0,5.4
depth,d1,d6,8,4632,d6,d6,0.0,27,463244434334336666622222555,11,0,0.074,0.11,6.4,1.0,12,0,8.716,20.151,1018.7,5.5
depth,d1,d6,9,333,d1,d6,0.0,42,333544445355443521222532266661116611777777,19,0,0.068,0.12,5.5,1.0,20,0,6.889,17.295,727.5,5.55
depth,d1,d6,9,333,d6,d6,0.0,27,333444434555554676675617733,12,0,0.128,0.204,7.2,1.0,12,0,15.835,31.391,1106.6,5.58
depth,d1,d6,10,656,d1,d6,0.0,16,6566554444563636,6,0,0.104,0.125,8.0,1.0,7,0,21.022,33.714,1631.3,5.29
depth,d1,d6,10,656,d6,d6,0.0,13,6564455324437,5,0,0.095,0.1,8.0,1.0,5,0,10.097,16.886,1143.2,5.0
depth,d1,d6,11,63,d1,d6,0.0,24,634444343343356666625555,11,0,0.076,0.133,6.8,1.0,11,0,9.045,17.184,1007.0,5.55
depth,d1,d6,11,63,d6,d6,0.0,13,6344434334557,5,0,0.137,0.171,8.0,1.0,6,0,11.008,26.533,983.0,4.67
depth,d1,d6,12,55,d1,d6,0.0,12,554644323353,5,0,0.18,0.226,8.0,1.0,5,0,16.78,26.045,945.6,5.0
depth,d1,d6,12,55,d6,d6,0.0,7,5544342,2,0,0.071,0.073,8.0,1.0,3,0,4.6,13.114,570.7,3.33
depth,d1,d6,13,342,d1,d6,0.0,22,3424443433433656676765,9,0,0.084,0.107,7.0,1.0,10,0,11.037,19.772,1159.3,5.2
depth,d1,d6,13,342,d6,d6,0.0,23,34244343443556755335666,10,0,0.087,0.155,7.2,1.0,10,0,7.475,18.881,831.4,5.1
depth,d1,d6,14,6653,d1,d6,0.0,16,6653474434344355,6,0,0.089,0.11,7.8,1.0,6,0,10.23,21.973,980.3,5.17
depth,d1,d6,14,6653,d6,d6,0.0,7,6653447,1,0,0.087,0.087,8.0,1.0,2,0,5.357,10.703,647.0,3.5
depth,d1,d6,15,76,d1,d6,0.0,34,7644323344342423222766366677775555,16,0,0.072,0.116,6.2,1.0,16,0,8.393,18.732,973.9,5.69
depth,d1,d6,15,76,d6,d6,0.0,17,76444644662373737,7,0,0.088,0.11,8.0,1.0,8,0,16.67,24.524,1843.4,5.38
depth,d1,d6,16,344,d1,d6,0.0,14,34443433443655,5,0,0.08,0.086,7.6,1.0,6,0,9.833,18.324,1188.0,5.17
depth,d1,d6,16,344,d6,d6,0.0,27,344443334555554676675617733,12,0,0.072,0.084,7.2,1.0,12,0,9.091,16.614,1109.7,5.58
depth,d1,d6,17,45,d1,d6,0.0,22,4544545445332133313222,10,0,0.087,0.118,7.3,1.0,10,0,7.398,14.349,855.1,5.1
depth,d1,d6,17,45,d6,d6,0.0,21,454445455455322212123,9,0,0.075,0.083,7.0,1.0,10,0,8.891,16.394,1044.2,5.2
depth,d1,d6,18,4714,d1,draw,0.5,42,471432334436436463666151551555112222277777,19,0,0.063,0.112,5.5,1.0,19,0,6.859,29.207,755.6,5.42
depth,d1,d6,18,4714,d6,d6,0.0,11,47144432625,3,0,0.109,0.143,8.0,1.0,4,0,17.969,28.233,2122.8,4.75
depth,d1,d6,19,7775,d1,d6,0.0,28,7775444454557436333531773522,12,0,0.077,0.101,7.1,1.0,12,0,8.745,18.379,986.2,5.58
depth,d1,d6,19,7775,d6,d6,0.0,17,77754445455425331,6,0,0.102,0.118,8.0,1.0,7,0,9.804,21.527,1128.6,4.86
depth,d1,d6,20,453,d1,d6,0.0,18,453433443542355251,7,0,0.087,0.091,8.0,1.0,8,0,7.914,17.744,946.4,4.88
depth,d1,d6,20,453,d6,d6,0.0,15,453445433554152,6,0,0.081,0.087,8.0,1.0,6,0,7.435,16.539,877.8,4.67
depth,d1,d6,21,545,d1,d6,0.0,34,5454445544556233333322222166666111,15,0,0.059,0.094,5.7,1.0,16,0,5.923,19.918,639.9,5.69
depth,d1,d6,21,545,d6,d6,0.0,19,5454454455433213336,8,0,0.085,0.11,7.5,1.0,8,0,8.162,16.316,958.1,5.38
depth,d1,d6,22,7152,d1,d6,0.0,34,7152464455242445225666526617111133,15,0,0.075,0.113,6.4,1.0,15,0,5.828,17.31,629.3,5.4
depth,d1,d6,22,7152,d6,d6,0.0,21,715246444556566374777,8,0,0.113,0.22,8.0,1.0,9,0,8.626,18.219,886.6,5.0
depth,d1,d6,23,71,d1,draw,0.5,42,714456554452452425222111773733733371666661,20,0,0.061,0.086,5.9,1.0,20,0,7.162,24.484,803.8,5.45
depth,d1,d6,23,71,d6,d6,0.0,11,71444456223,4,0,0.099,0.119,8.0,1.0,5,0,19.456,29.916,2009.6,5.0
depth,d1,d6,24,5616,d1,d6,0.0,14,56164455324437,5,0,0.111,0.172,8.0,1.0,5,0,9.81,17.682,1043.2,5.0
depth,d1,d6,24,5616,d6,d6,0.0,13,5616655444653,4,0,0.085,0.088,8.0,1.0,5,0,18.169,31.787,2079.8,5.0
depth,d1,d6,25,4424,d1,d1,1.0,7,4424351,2,0,0.048,0.086,4.5,1.0,1,0,0.082,0.082,9.0,2.0
depth,d1,d6,25,4424,d6,d6,0.0,7,4424351,1,0,0.106,0.106,8.0,1.0,2,0,0.441,0.871,54.5,2.0
depth,d1,d6,26,6464,d1,d6,0.0,14,64644466436251,5,0,0.094,0.117,8.0,1.0,5,0,8.506,17.759,962.4,4.4
depth,d1,d6,26,6464,d6,d6,0.0,17,64644323433436555,6,0,0.101,0.128,8.0,1.0,7,0,11.307,25.806,1157.6,4.86
depth,d1,d6,27,5354,d1,d6,0.0,28,5354443434453337227755512222,12,0,0.079,0.163,6.7,1.0,12,0,5.413,16.995,589.8,5.33
depth,d1,d6,27,5354,d6,d6,0.0,11,53544343346,3,0,0.083,0.086,8.0,1.0,4,0,6.524,12.62,760.0,4.75
depth,d1,d6,28,3576,d1,d6,0.0,22,3576443344345254552322,9,0,0.085,0.113,7.7,1.0,9,0,13.399,32.011,1335.6,5.33
depth,d1,d6,28,3576,d6,d6,0.0,15,357654434453637,5,0,0.105,0.144,8.0,1.0,6,0,15.707,42.017,1738.0,5.0
depth,d1,d6,29,6474,d1,d6,0.0,36,647444432333342223226666675551555111,16,0,0.083,0.288,5.9,1.0,16,0,9.647,25.519,960.6,5.44
depth,d1,d6,29,6474,d6,d1,1.0,32,64744323433644766232226326777755,14,0,0.076,0.132,6.4,1.0,14,0,8.212,24.535,804.2,5.57
depth,d1,d6,30,237,d1,d6,0.0,16,2376444433242235,6,0,0.088,0.107,8.0,1.0,7,0,14.168,24.956,1577.9,5.29
depth,d1,d6,30,237,d6,d6,0.0,13,2374433443221,5,0,0.1,0.118,8.0,1.0,5,0,11.885,16.023,1250.4,5.0
depth,d1,d6,31,112,d1,d6,0.0,16,1124244422452637,6,0,0.086,0.092,8.0,1.0,7,0,10.28,18.798,1174.4,4.86
depth,d1,d6,31,112,d6,d6,0.0,31,1124456544554543533311133166622,14,0,0.07,0.09,6.6,1.0,14,0,8.436,19.146,959.4,5.64
depth,d1,d6,32,5475,d1,d6,0.0,20,54754454455433253336,8,0,0.103,0.14,7.2,1.0,8,0,9.996,15.424,1120.6,5.38
depth,d1,d6,32,5475,d6,d1,1.0,32,54755444554422252772721117171133,14,0,0.103,0.167,6.0,1.0,14,0,9.466,17.552,802.8,5.57
depth,d1,d6,33,323,d1,d6,0.0,16,3233445644553643,6,0,0.138,0.16,8.0,1.0,7,0,15.571,36.581,1245.9,4.86
depth,d1,d6,33,323,d6,d6,0.0,23,32344244334225355564666,10,0,0.128,0.171,7.9,1.0,10,0,13.385,29.743,1043.0,5.1
depth,d1,d6,34,4457,d1,d1,1.0,7,4457326,2,0,0.076,0.137,4.5,1.0,1,0,0.139,0.139,9.0,2.0
depth,d1,d6,34,4457,d6,d6,0.0,7,4457326,1,0,0.133,0.133,8.0,1.0,2,0,0.741,1.465,43.0,2.0
depth,d1,d6,35,745,d1,d6,0.0,26,74544454557477656665663133,11,0,0.087,0.144,6.9,1.0,12,0,9.75,23.353,940.3,5.58
depth,d1,d6,35,745,d6,d6,0.0,23,74544545445332133711222,10,0,0.094,0.137,7.4,1.0,10,0,8.247,16.552,878.9,5.2
depth,d1,d6,36,1733,d1,d6,0.0,20,17334244344336455556,8,0,0.095,0.121,7.8,1.0,8,0,7.281,13.617,765.9,4.88
depth,d1,d6,36,1733,d6,d6,0.0,7,1733442,1,0,0.119,0.119,8.0,1.0,2,0,4.343,8.675,535.0,3.5
depth,d1,d6,37,714,d1,draw,0.5,42,714456554452452425222111773733733371666661,19,0,0.068,0.119,5.8,1.0,20,0,7.12,24.957,803.8,5.45
depth,d1,d6,37,714,d6,d6,0.0,11,71444456223,4,0,0.1,0.118,8.0,1.0,4,0,19.468,31.852,2111.2,4.75
depth,d1,d6,38,6753,d1,d6,0.0,12,675355656644,4,0,0.099,0.144,8.0,1.0,4,0,11.79,20.67,1256.2,4.75
depth,d1,d6,38,6753,d6,d6,0.0,13,6753553634344,4,0,0.09,0.093,8.0,1.0,5,0,19.532,32.643,2186.0,5.0
depth,d1,d6,39,247,d1,d6,0.0,26,24744444722222775555533331,11,0,0.088,0.147,6.6,1.0,12,0,11.859,27.186,1342.0,5.25
depth,d1,d6,39,247,d6,d1,1.0,32,24744343633644766232226326777755,15,0,0.076,0.126,6.5,1.0,14,0,7.542,18.96,815.0,5.57
depth,d1,d6,40,4163,d1,d6,0.0,20,41634436344433615755,8,0,0.11,0.223,7.5,1.0,8,0,10.728,20.288,1184.5,5.38
depth,d1,d6,40,4163,d6,d6,0.0,21,416344434331411535556,8,0,0.077,0.085,7.5,1.0,9,0,10.814,20.225,1231.1,5.44
depth,d1,d6,41,312,d1,d6,0.0,12,312533232244,4,0,0.087,0.09,8.0,1.0,5,0,11.421,17.696,1356.0,5.0
depth,d1,d6,41,312,d6,d6,0.0,23,31244443334555455232322,10,0,0.092,0.123,7.5,1.0,10,0,13.992,20.548,1459.1,5.5
depth,d1,d6,42,7424,d1,d6,0.0,26,74244444722222775555533331,11,0,0.069,0.084,6.6,1.0,11,0,11.329,26.43,1285.5,5.18
depth,d1,d6,42,7424,d6,d1,1.0,32,74244343633644766232226326777755,14,0,0.071,0.114,6.4,1.0,14,0,7.269,19.108,815.0,5.57
depth,d1,d6,43,11,d1,d6,0.0,28,1144323443345634555315151122,13,0,0.123,0.484,7.0,1.0,13,0,7.927,14.467,876.1,5.62
depth,d1,d6,43,11,d6,d6,0.0,11,11444343434,4,0,0.075,0.077,8.0,1.0,5,0,12.23,27.717,1307.4,5.0
depth,d1,d6,44,557,d1,d6,0.0,20,55744454455433253336,8,0,0.086,0.099,7.2,1.0,9,0,10.867,16.944,1146.9,5.44
depth,d1,d6,44,557,d6,d1,1.0,32,55745444554422252772721117171133,15,0,0.063,0.085,6.1,1.0,14,0,7.001,16.338,802.8,5.57
depth,d1,d6,45,57,d1,d6,0.0,18,574344543355435343,8,0,0.101,0.172,8.0,1.0,8,0,9.23,19.95,966.4,5.38
depth,d1,d6,45,57,d6,d6,0.0,31,5743444333456555471773351111122,14,0,0.116,0.679,6.9,1.0,15,0,9.339,28.538,986.1,5.6
depth,d1,d6,46,21,d1,d6,0.0,24,214453445535333447366667,11,0,0.097,0.164,7.5,1.0,11,0,9.334,19.994,982.8,5.18
depth,d1,d6,46,21,d6,d6,0.0,17,21444253343323555,7,0,0.105,0.193,8.0,1.0,8,0,11.614,24.175,1167.0,4.88
depth,d1,d6,47,1753,d1,d6,0.0,22,1753445544353334435666,9,0,0.09,0.166,7.6,1.0,9,0,9.062,14.849,1020.4,5.0
depth,d1,d6,47,1753,d6,d6,0.0,19,1753344544355221221,7,0,0.096,0.118,8.0,1.0,8,0,12.775,28.926,1190.0,4.88
depth,d1,d6,48,7632,d1,d6,0.0,34,7632443344342423222766366677775555,15,0,0.072,0.118,6.1,1.0,15,0,7.958,16.75,900.6,5.67
depth,d1,d6,48,7632,d6,d6,0.0,17,76323442443342265,6,0,0.121,0.171,8.0,1.0,7,0,13.759,30.61,1312.6,5.29
depth,d1,d6,49,36,d1,d6,0.0,24,364244343344322223266565,11,0,0.096,0.228,7.0,1.0,11,0,9.098,18.029,996.4,5.45
depth,d1,d6,49,36,d6,d6,0.0,27,364244434334336666622222555,12,0,0.082,0.138,6.5,1.0,13,0,10.05,21.827,1070.5,5.54
depth,d1,d7,0,35,d1,d7,0.0,20,35443344354433525251,9,0,0.094,0.173,7.2,1.0,9,0,18.529,55.524,1935.1,5.89
depth,d1,d7,0,35,d7,d7,0.0,31,3554435455444373357737727222122,14,0,0.08,0.132,6.4,1.0,15,0,18.142,56.489,1887.3,6.6
depth,d1,d7,1,6712,d1,d7,0.0,32,67124444646635333555541511133222,14,0,0.089,0.137,7.3,1.0,14,0,18.961,51.784,2014.6,6.57
depth,d1,d7,1,6712,d7,d7,0.0,21,671244422442645333351,8,0,0.104,0.179,7.6,1.0,9,0,42.73,89.74,3852.9,5.89
depth,d1,d7,2,5547,d1,d7,0.0,36,554743445533345411777577332622266622,16,0,0.074,0.111,6.2,1.0,16,0,18.057,43.652,1874.3,6.62
depth,d1,d7,2,5547,d7,d7,0.0,7,5547342,1,0,0.08,0.08,8.0,1.0,2,0,0.489,0.966,46.0,2.0
depth,d1,d7,3,5767,d1,d7,0.0,22,5767434434565543533466,9,0,0.093,0.1,7.9,1.0,9,0,16.312,35.287,1792.1,6.33
depth,d1,d7,3,5767,d7,d7,0.0,23,57674344434337743325556,9,0,0.099,0.138,7.4,1.0,10,0,23.198,52.083,2445.4,6.4
depth,d1,d7,4,775,d1,d7,0.0,18,775444545545425331,7,0,0.087,0.098,7.6,1.0,8,0,22.53,46.109,2546.8,5.75
depth,d1,d7,4,775,d7,draw,0.5,42,775444455543333342122132177766162266765511,20,0,0.084,0.153,6.3,1.0,19,0,17.433,56.405,1701.6,6.53
depth,d1,d7,5,215,d1,d7,0.0,22,2154445455244551223333,9,0,0.084,0.096,7.2,1.0,10,0,16.262,37.931,1871.4,6.4
depth,d1,d7,5,215,d7,d7,0.0,29,21544445454552215112226133333,13,0,0.089,0.154,6.6,1.0,13,0,22.082,63.864,2168.8,6.23
depth,d1,d7,6,13,d1,d7,0.0,26,13444434331411535355556766,12,0,0.077,0.121,6.9,1.0,12,0,20.466,50.055,2156.0,6.5
depth,d1,d7,6,13,d7,d7,0.0,33,135443344354433555511161166666722,15,0,0.08,0.164,5.9,1.0,16,0,17.599,49.022,1783.0,6.62
depth,d1,d7,7,41,d1,d7,0.0,14,41534453345532,6,0,0.081,0.086,8.0,1.0,6,0,23.613,39.123,2757.7,6.0
depth,d1,d7,7,41,d7,d7,0.0,9,414454362,3,0,0.074,0.078,8.0,1.0,4,0,26.11,54.542,3185.0,4.5
depth,d1,d7,8,4632,d1,d7,0.0,30,463244343344366623222626777755,13,0,0.077,0.101,6.4,1.0,13,0,11.083,31.006,1279.2,6.54
depth,d1,d7,8,4632,d7,d7,0.0,27,463244434334336666622252255,11,0,0.072,0.089,6.4,1.0,12,0,18.19,41.231,2149.3,6.33
depth,d1,d7,9,333,d1,d7,0.0,16,3334444334463557,6,0,0.089,0.123,7.5,1.0,7,0,25.287,43.927,2955.0,5.57
depth,d1,d7,9,333,d7,d7,0.0,27,333444434555554676675617733,12,0,0.078,0.09,7.2,1.0,12,0,21.435,54.748,2329.5,6.5
depth,d1,d7,10,656,d1,d7,0.0,14,65665545442525,5,0,0.099,0.119,8.0,1.0,6,0,27.054,49.043,3015.8,6.0
depth,d1,d7,10,656,d7,d7,0.0,13,6564455324437,5,0,0.096,0.105,8.0,1.0,5,0,24.935,40.539,2715.8,5.8
depth,d1,d7,11,63,d1,d7,0.0,20,63444434334336666555,9,0,0.077,0.088,7.2,1.0,9,0,20.57,37.016,2363.3,6.33
depth,d1,d7,11,63,d7,d7,0.0,13,6344434334557,5,0,0.095,0.108,8.0,1.0,6,0,20.486,44.605,2319.3,5.33
depth,d1,d7,12,55,d1,d7,0.0,22,5543443434436755335666,10,0,0.086,0.118,7.3,1.0,10,0,14.223,32.127,1635.4,5.8
depth,d1,d7,12,55,d7,d7,0.0,7,5544342,2,0,0.083,0.085,8.0,1.0,3,0,11.278,33.139,1244.0,3.67
depth,d1,d7,13,342,d1,d7,0.0,26,34244434334337515155511522,11,0,0.086,0.112,6.7,1.0,12,0,21.652,43.703,2417.7,6.5
depth,d1,d7,13,342,d7,d7,0.0,23,34244343443556755335666,10,0,0.078,0.108,7.2,1.0,10,0,13.262,30.276,1597.6,5.8
depth,d1,d7,14,6653,d1,d7,0.0,16,6653474434344355,6,0,0.088,0.093,7.8,1.0,6,0,17.275,27.757,1975.5,6.0
depth,d1,d7,14,6653,d7,d7,0.0,7,6653447,1,0,0.126,0.126,8.0,1.0,2,0,15.389,30.759,1689.0,4.0
depth,d1,d7,15,76,d1,d7,0.0,18,764432334434232225,8,0,0.106,0.14,8.0,1.0,8,0,30.885,50.149,3138.1,6.25
depth,d1,d7,15,76,d7,d7,0.0,35,76444623434423322276626613377775555,16,0,0.066,0.09,6.2,1.0,17,0,17.806,57.053,2054.9,6.65
depth,d1,d7,16,344,d1,d7,0.0,16,3444343343463557,6,0,0.082,0.089,7.5,1.0,7,0,19.277,40.509,2231.1,5.57
depth,d1,d7,16,344,d7,d7,0.0,25,3444434334332575555522222,11,0,0.08,0.13,6.6,1.0,11,0,16.502,36.786,1917.2,5.91
depth,d1,d7,17,45,d1,d7,0.0,22,4544545445332133313222,10,0,0.086,0.096,7.3,1.0,10,0,15.24,34.052,1741.3,5.8
depth,d1,d7,17,45,d7,d7,0.0,15,454445455435152,6,0,0.08,0.087,7.7,1.0,7,0,22.356,36.458,2623.1,6.14
depth,d1,d7,18,4714,d1,d7,0.0,42,471432334344345655531711117776676665522222,19,0,0.069,0.114,5.7,1.0,19,0,12.973,38.293,1502.3,6.37
depth,d1,d7,18,4714,d7,d1,1.0,32,47144443433337377111117555555722,14,0,0.067,0.141,5.8,1.0,14,0,16.808,55.982,1918.3,6.36
depth,d1,d7,19,7775,d1,d7,0.0,28,7775444454557435353333772122,12,0,0.077,0.101,6.6,1.0,12,0,18.943,46.632,2106.2,6.5
depth,d1,d7,19,7775,d7,d7,0.0,27,777535544445432333455377722,11,0,0.09,0.158,7.1,1.0,12,0,20.89,47.704,2365.6,6.5
depth,d1,d7,20,453,d1,d7,0.0,20,45343344354433525251,8,0,0.102,0.219,7.1,1.0,9,0,16.36,44.773,1935.1,5.89
depth,d1,d7,20,453,d7,d7,0.0,15,453445433554152,6,0,0.08,0.086,8.0,1.0,6,0,17.347,41.869,1995.8,5.33
depth,d1,d7,21,545,d1,d7,0.0,34,5454445544556133333132222266666211,15,0,0.066,0.098,5.9,1.0,16,0,11.564,34.426,1352.8,6.62
depth,d1,d7,21,545,d7,d7,0.0,19,5454454455433213336,8,0,0.086,0.104,7.5,1.0,8,0,17.683,36.719,1981.0,6.25
depth,d1,d7,22,7152,d1,d7,0.0,30,715246445455244122766662255677,13,0,0.084,0.117,7.2,1.0,13,0,12.679,30.35,1436.8,6.54
depth,d1,d7,22,7152,d7,d7,0.0,21,715246444556566374777,8,0,0.092,0.125,8.0,1.0,9,0,17.638,43.759,1966.4,5.67
depth,d1,d7,23,71,d1,d7,0.0,40,7144565545445432333571771112212227733666,19,0,0.076,0.117,6.2,1.0,19,0,15.092,38.419,1740.3,6.37
depth,d1,d7,23,71,d7,d1,1.0,32,71444445455551511117773333337722,15,0,0.065,0.101,5.8,1.0,15,0,18.694,56.199,2112.0,6.4
depth,d1,d7,24,5616,d1,d7,0.0,14,56164455324437,5,0,0.096,0.111,8.0,1.0,5,0,20.243,34.384,2271.0,5.8
depth,d1,d7,24,5616,d7,d1,1.0,32,56166554544445422252122166611133,14,0,0.072,0.137,6.1,1.0,14,0,15.106,59.827,1735.3,6.36
depth,d1,d7,25,4424,d1,d1,1.0,7,4424351,2,0,0.047,0.084,4.5,1.0,1,0,0.085,0.085,9.0,2.0
depth,d1,d7,25,4424,d7,d7,0.0,7,4424351,1,0,0.078,0.078,8.0,1.0,2,0,0.482,0.955,54.5,2.0
depth,d1,d7,26,6464,d1,d7,0.0,18,646444664463223331,7,0,0.096,0.147,7.4,1.0,7,0,26.207,44.994,2602.6,6.14
depth,d1,d7,26,6464,d7,d7,0.0,19,6464432343342376555,7,0,0.087,0.093,8.0,1.0,8,0,20.607,55.316,2313.0,5.5
depth,d1,d7,27,5354,d1,d7,0.0,28,5354443434453335552277772222,12,0,0.09,0.24,6.4,1.0,12,0,9.753,35.481,1035.5,6.5
depth,d1,d7,27,5354,d7,d7,0.0,29,53544334455345412151111332622,12,0,0.076,0.117,6.6,1.0,13,0,18.069,38.45,2095.5,6.38
depth,d1,d7,28,3576,d1,d7,0.0,24,357644344334346663727755,10,0,0.111,0.207,7.2,1.0,10,0,26.238,61.48,2450.3,6.4
depth,d1,d7,28,3576,d7,d7,0.0,11,35766554444,3,0,0.087,0.089,8.0,1.0,4,0,47.653,99.838,5412.8,5.5
depth,d1,d7,29,6474,d1,d7,0.0,20,64744444772222233335,8,0,0.095,0.141,7.2,1.0,8,0,40.135,75.664,4122.4,5.75
depth,d1,d7,29,6474,d7,d1,1.0,32,64744323433644766232226326777755,14,0,0.073,0.115,6.4,1.0,14,0,14.12,44.593,1579.1,6.36
depth,d1,d7,30,237,d1,d7,0.0,22,2373442443342256555666,9,0,0.122,0.319,8.0,1.0,10,0,20.691,67.132,2225.6,5.8
depth,d1,d7,30,237,d7,d7,0.0,13,2374433443221,5,0,0.089,0.109,8.0,1.0,5,0,21.91,32.211,2573.8,5.8
depth,d1,d7,31,112,d1,d7,0.0,22,1124244422442115665557,9,0,0.086,0.109,7.4,1.0,10,0,26.568,45.808,3167.6,6.4
depth,d1,d7,31,112,d7,d7,0.0,27,112445654455454353333113122,12,0,0.087,0.127,7.0,1.0,12,0,23.622,60.092,2366.3,6.33
depth,d1,d7,32,5475,d1,d7,0.0,18,547544544554332633,7,0,0.179,0.736,7.6,1.0,7,0,24.325,34.736,2730.6,6.14
depth,d1,d7,32,5475,d7,d7,0.0,27,547554544455433333777212322,11,0,0.082,0.123,6.6,1.0,12,0,13.014,34.18,1474.4,6.5
depth,d1,d7,33,323,d1,d7,0.0,16,3233445644553643,6,0,0.105,0.171,8.0,1.0,7,0,26.143,49.758,2999.6,5.57
depth,d1,d7,33,323,d7,d7,0.0,25,3234424433422543755563666,11,0,0.085,0.116,7.5,1.0,11,0,18.832,48.993,2071.9,5.91
depth,d1,d7,34,4457,d1,d1,1.0,7,4457326,2,0,0.046,0.083,4.5,1.0,1,0,0.077,0.077,9.0,2.0
depth,d1,d7,34,4457,d7,d7,0.0,7,4457326,1,0,0.116,0.116,8.0,1.0,2,0,0.401,0.79,43.0,2.0
depth,d1,d7,35,745,d1,d7,0.0,26,74544454557477656665663233,11,0,0.075,0.091,6.9,1.0,12,0,17.832,31.697,2072.2,6.5
depth,d1,d7,35,745,d7,d7,0.0,23,74544545445332133711222,10,0,0.107,0.184,7.4,1.0,10,0,18.18,37.036,1966.4,6.0
depth,d1,d7,36,1733,d1,d7,0.0,18,173342443445335455,7,0,0.082,0.086,7.9,1.0,7,0,17.292,30.044,2006.0,6.14
depth,d1,d7,36,1733,d7,d7,0.0,7,1733442,1,0,0.094,0.094,8.0,1.0,2,0,12.759,25.507,1314.5,4.0
depth,d1,d7,37,714,d1,d7,0.0,40,7144565545445432333571771112212227733666,18,0,0.079,0.131,6.1,1.0,19,0,16.471,44.207,1740.3,6.37
depth,d1,d7,37,714,d7,d1,1.0,32,71444445455551511117773333337722,15,0,0.064,0.094,5.8,1.0,14,0,16.668,54.789,1948.1,6.36
depth,d1,d7,38,6753,d1,d7,0.0,12,675355656644,4,0,0.088,0.092,8.0,1.0,4,0,23.212,42.495,2616.8,5.5
depth,d1,d7,38,6753,d7,d7,0.0,13,6753344534343,4,0,0.111,0.13,8.0,1.0,5,0,44.27,92.028,4203.8,5.8
depth,d1,d7,39,247,d1,d7,0.0,14,24744442233331,5,0,0.096,0.145,8.0,1.0,6,0,39.414,77.248,4241.0,5.67
depth,d1,d7,39,247,d7,d7,0.0,23,24744343442332223355525,10,0,0.087,0.099,7.2,1.0,10,0,18.662,42.937,2028.5,6.0
depth,d1,d7,40,4163,d1,d7,0.0,18,416344343446333555,7,0,0.102,0.198,7.4,1.0,7,0,19.092,35.02,2188.6,6.14
depth,d1,d7,40,4163,d7,d7,0.0,15,416344433364735,5,0,0.098,0.115,8.0,1.0,6,0,30.797,60.874,3371.7,5.67
depth,d1,d7,41,312,d1,d7,0.0,24,312444332122433424266755,10,0,0.081,0.115,7.5,1.0,11,0,21.206,47.535,2551.8,6.09
depth,d1,d7,41,312,d7,d7,0.0,27,312444434331411535555766666,12,0,0.088,0.121,7.4,1.0,12,0,21.595,68.444,2228.8,6.0
depth,d1,d7,42,7424,d1,d7,0.0,14,74244442233331,5,0,0.086,0.117,8.0,1.0,5,0,37.152,72.408,4179.8,5.4
depth,d1,d7,42,7424,d7,d7,0.0,23,74244343442332223355525,9,0,0.08,0.114,7.1,1.0,10,0,18.166,39.29,2028.5,6.0
depth,d1,d7,43,11,d1,d7,0.0,18,114432335644553637,8,0,0.092,0.128,8.0,1.0,8,0,21.087,42.814,2394.1,5.75
depth,d1,d7,43,11,d7,d7,0.0,11,11444343434,4,0,0.11,0.139,8.0,1.0,5,0,26.83,45.794,3029.4,5.8
depth,d1,d7,44,557,d1,d7,0.0,18,557444544554332633,7,0,0.111,0.222,7.6,1.0,8,0,24.458,34.415,2756.2,6.25
depth,d1,d7,44,557,d7,d7,0.0,27,557454544455433333777212322,12,0,0.101,0.145,6.8,1.0,12,0,15.534,35.038,1474.4,6.5
depth,d1,d7,45,57,d1,d7,0.0,34,5743445434435553573377111171712222,16,0,0.07,0.091,6.1,1.0,16,0,9.617,30.734,1069.6,6.25
depth,d1,d7,45,57,d7,d7,0.0,23,57434443433433555575666,10,0,0.082,0.095,7.0,1.0,11,0,22.69,41.164,2434.4,5.91
depth,d1,d7,46,21,d1,d7,0.0,24,214453445535333443565666,11,0,0.079,0.093,7.4,1.0,11,0,18.184,36.369,2017.2,5.91
depth,d1,d7,46,21,d7,d7,0.0,15,214442445332555,6,0,0.118,0.138,8.0,1.0,7,0,47.0,73.621,3788.1,6.14
depth,d1,d7,47,1753,d1,d7,0.0,22,1753445544353334435666,9,0,0.144,0.324,7.6,1.0,9,0,30.005,54.719,2228.4,5.67
depth,d1,d7,47,1753,d7,d7,0.0,19,1753344544355221221,7,0,0.104,0.122,8.0,1.0,8,0,23.543,58.297,2594.1,5.5
depth,d1,d7,48,7632,d1,d7,0.0,18,763244334434232225,7,0,0.084,0.087,8.0,1.0,7,0,26.494,42.725,3004.3,6.14
depth,d1,d7,48,7632,d7,d7,0.0,13,7632244334431,4,0,0.105,0.128,8.0,1.0,5,0,38.366,81.978,3679.4,5.8
depth,d1,d7,49,36,d1,d7,0.0,30,364244343344366623222626777755,14,0,0.078,0.168,6.5,1.0,14,0,13.164,35.868,1435.3,6.57
depth,d1,d7,49,36,d7,d7,0.0,27,364244434334336666622252255,12,0,0.083,0.12,6.5,1.0,13,0,20.201,44.235,2279.4,6.38
depth,d1,d8,0,35,d1,d8,0.0,18,354433443542355251,8,0,0.085,0.104,8.0,1.0,8,0,66.821,181.416,3708.9,6.12
depth,d1,d8,0,35,d8,d8,0.0,15,354445433554152,6,0,0.092,0.136,8.0,1.0,7,0,99.722,212.183,5077.1,6.29
depth,d1,d8,1,6712,d1,d8,0.0,32,67124444646635333555541511133222,14,0,0.098,0.228,7.3,1.0,14,0,74.755,235.842,3800.8,7.5
depth,d1,d8,1,6712,d8,d8,0.0,15,671224444214333,5,0,0.111,0.184,8.0,1.0,6,0,122.092,349.411,5875.7,5.5
depth,d1,d8,2,5547,d1,d1,1.0,33,554743445533345415171173367177122,15,0,0.095,0.178,6.3,1.0,14,0,81.119,207.206,3514.0,7.14
depth,d1,d8,2,5547,d8,d8,0.0,7,5547342,1,0,0.104,0.104,8.0,1.0,2,0,0.646,1.277,46.0,2.0
depth,d1,d8,3,5767,d1,d8,0.0,24,576743443456554433335566,10,0,0.13,0.226,7.3,1.0,10,0,73.347,193.686,3239.3,7.3
depth,d1,d8,3,5767,d8,d8,0.0,27,576743444343377433555552722,11,0,0.094,0.15,7.0,1.0,12,0,92.438,209.798,4118.8,7.42
depth,d1,d8,4,775,d1,d8,0.0,16,7754445455445233,6,0,0.125,0.161,7.7,1.0,7,0,123.457,191.224,5724.0,7.0
depth,d1,d8,4,775,d8,d8,0.0,39,775444455543333342122122325511777766666,18,0,0.091,0.249,6.3,1.0,18,0,62.715,215.473,3129.1,7.11
depth,d1,d8,5,215,d1,d8,0.0,22,2154445455244551223333,9,0,0.106,0.179,7.2,1.0,10,0,85.313,192.035,3596.2,7.3
depth,d1,d8,5,215,d8,d8,0.0,25,2154444545455221225112333,11,0,0.094,0.237,7.0,1.0,11,0,72.299,197.056,4071.7,7.0
depth,d1,d8,6,13,d1,d8,0.0,30,134444343311143352575576775522,14,0,0.089,0.144,6.9,1.0,14,0,98.438,256.641,4688.8,7.43
depth,d1,d8,6,13,d8,d8,0.0,17,13444343345553756,7,0,0.09,0.12,8.0,1.0,8,0,96.313,213.533,5157.2,6.5
depth,d1,d8,7,41,d1,d8,0.0,36,415344573434453337775557171111222222,17,0,0.562,4.212,6.0,1.0,17,0,49.998,226.649,2608.5,7.06
depth,d1,d8,7,41,d8,d8,0.0,11,41444433532,4,0,0.08,0.082,8.0,1.0,5,0,128.754,241.172,7039.2,5.6
depth,d1,d8,8,4632,d1,d8,0.0,32,46324434334433266622226677777755,14,0,0.068,0.095,5.9,1.0,14,0,36.915,118.367,2030.1,7.21
depth,d1,d8,8,4632,d8,d8,0.0,23,46324443334242255556633,9,0,0.1,0.128,7.4,1.0,10,0,83.368,201.844,4469.0,7.3
depth,d1,d8,9,333,d1,d8,0.0,26,33344444343355552255227722,11,0,0.087,0.196,6.4,1.0,12,0,68.609,191.182,3734.0,7.42
depth,d1,d8,9,333,d8,d8,0.0,27,333444434555554676675617733,12,0,0.431,4.188,7.2,1.0,12,0,84.726,169.361,4606.5,7.42
depth,d1,d8,10,656,d1,d8,0.0,16,6566554446354545,6,0,0.107,0.134,8.0,1.0,7,0,128.887,205.319,6886.4,7.0
depth,d1,d8,10,656,d8,d8,0.0,13,6564455324437,5,0,0.103,0.114,8.0,1.0,5,0,101.896,170.95,5310.0,6.6
depth,d1,d8,11,63,d1,d8,0.0,22,6344443433433562666655,10,0,0.092,0.153,7.0,1.0,10,0,77.679,161.913,4197.0,7.3
depth,d1,d8,11,63,d8,d8,0.0,13,6344434334557,5,0,0.095,0.105,8.0,1.0,6,0,86.883,213.861,4383.5,6.0
depth,d1,d8,12,55,d1,d8,0.0,22,5543443434436755335666,10,0,0.507,4.18,7.3,1.0,10,0,59.54,157.781,3399.8,6.5
depth,d1,d8,12,55,d8,d8,0.0,7,5544342,2,0,0.082,0.086,8.0,1.0,3,0,44.81,133.733,2531.7,4.0
depth,d1,d8,13,342,d1,d8,0.0,22,3424443433433656666655,9,0,0.088,0.137,6.9,1.0,10,0,87.989,219.272,5081.7,7.3
depth,d1,d8,13,342,d8,d8,0.0,23,34244343443556755335666,10,0,0.497,4.21,7.2,1.0,10,0,54.785,163.306,3166.4,6.5
depth,d1,d8,14,6653,d1,d8,0.0,16,6653474434344355,6,0,0.095,0.101,7.8,1.0,6,0,80.392,172.602,3893.0,6.83
depth,d1,d8,14,6653,d8,d8,0.0,7,6653447,1,0,0.082,0.082,8.0,1.0,2,0,73.207,146.402,2798.0,4.5
depth,d1,d8,15,76,d1,d8,0.0,24,764432344334346663775755,11,0,0.097,0.136,7.3,1.0,11,0,103.671,179.168,5475.2,7.36
depth,d1,d8,15,76,d8,d8,0.0,15,764446446633235,6,0,0.106,0.139,8.0,1.0,7,0,181.675,302.521,9112.9,6.29
depth,d1,d8,16,344,d1,d8,0.0,14,34443433443655,5,0,0.083,0.089,7.6,1.0,6,0,100.078,185.734,4893.3,6.83
depth,d1,d8,16,344,d8,d8,0.0,25,3444434334336266666222555,11,0,0.087,0.134,6.5,1.0,11,0,66.581,155.702,4008.4,7.27
depth,d1,d8,17,45,d1,d8,0.0,22,4544545445332133313222,10,0,0.088,0.127,7.3,1.0,10,0,57.6,156.978,3279.3,6.5
depth,d1,d8,17,45,d8,d8,0.0,33,454445455455633333327222772727766,15,0,0.632,4.159,5.9,1.0,16,0,58.172,152.23,2899.0,7.0
depth,d1,d8,18,4714,d1,d8,0.0,30,471432344334345655531711717222,13,0,0.094,0.178,7.0,1.0,13,0,48.053,128.043,2849.0,6.85
depth,d1,d8,18,4714,d8,d1,1.0,32,47144443433337377111117555555722,14,0,0.069,0.128,5.8,1.0,14,0,70.708,271.79,3696.6,7.14
depth,d1,d8,19,7775,d1,d8,0.0,30,777544445455764557373333322222,13,0,0.089,0.14,6.5,1.0,13,0,79.802,200.761,3769.0,6.77
depth,d1,d8,19,7775,d8,d8,0.0,19,7775444554554422153,7,0,0.1,0.196,7.7,1.0,8,0,111.738,230.25,4846.0,6.5
depth,d1,d8,20,453,d1,d8,0.0,18,453433443542355251,7,0,0.107,0.2,8.0,1.0,8,0,85.939,290.647,3708.9,6.12
depth,d1,d8,20,453,d8,d8,0.0,15,453445433554152,6,0,0.09,0.097,8.0,1.0,6,0,68.617,178.758,3659.8,6.0
depth,d1,d8,21,545,d1,d8,0.0,34,5454445544556233333322222166666111,15,0,0.074,0.122,5.7,1.0,16,0,48.876,160.069,2628.9,7.56
depth,d1,d8,21,545,d8,d8,0.0,19,5454454455433213336,8,0,0.091,0.151,7.5,1.0,8,0,69.222,142.55,3644.5,7.0
depth,d1,d8,22,7152,d1,d8,0.0,20,71524644545524472233,8,0,0.607,4.165,7.8,1.0,8,0,80.277,155.791,3750.0,7.12
depth,d1,d8,22,7152,d8,d8,0.0,21,715246444556566374777,8,0,0.128,0.324,8.0,1.0,9,0,70.715,181.221,3393.2,6.22
depth,d1,d8,23,71,d1,d8,0.0,28,7144565445543233347577373666,13,0,0.095,0.117,7.5,1.0,13,0,70.978,150.415,3903.6,6.85
depth,d1,d8,23,71,d8,d8,0.0,27,713444434331411262226676555,12,0,0.101,0.189,7.4,1.0,13,0,89.518,256.117,5029.5,6.85
depth,d1,d8,24,5616,d1,d8,0.0,14,56164455324437,5,0,0.931,4.199,8.0,1.0,5,0,89.908,151.964,4567.4,6.6
depth,d1,d8,24,5616,d8,d8,0.0,13,5616655444653,4,0,0.09,0.097,8.0,1.0,5,0,155.24,281.483,7758.8,6.6
depth,d1,d8,25,4424,d1,d1,1.0,7,4424351,2,0,0.058,0.101,4.5,1.0,1,0,0.091,0.091,9.0,2.0
depth,d1,d8,25,4424,d8,d8,0.0,7,4424351,1,0,0.117,0.117,8.0,1.0,2,0,0.483,0.956,54.5,2.0
depth,d1,d8,26,6464,d1,d8,0.0,14,64644466436251,5,0,0.091,0.101,8.0,1.0,5,0,71.384,187.731,4750.8,5.6
depth,d1,d8,26,6464,d8,d8,0.0,19,6464432343342376555,7,0,0.111,0.151,8.0,1.0,8,0,73.273,183.25,3753.1,6.0
depth,d1,d8,27,5354,d1,d8,0.0,28,5354443434453337227755512222,12,0,0.081,0.13,6.7,1.0,12,0,41.18,156.283,2068.7,7.0
depth,d1,d8,27,5354,d8,d8,0.0,11,53544343346,3,0,0.092,0.093,8.0,1.0,4,0,92.654,221.938,4295.2,6.25
depth,d1,d8,28,3576,d1,d8,0.0,34,3576443443343466637721222772266755,15,0,0.078,0.128,6.5,1.0,15,0,58.499,208.951,3128.3,6.93
depth,d1,d8,28,3576,d8,d8,0.0,19,3576333444455645366,7,0,0.098,0.103,8.0,1.0,8,0,151.828,384.153,8647.1,7.12
depth,d1,d8,29,6474,d1,d8,0.0,26,64744443233334222326666555,11,0,0.084,0.136,7.1,1.0,11,0,108.091,271.711,6018.5,6.64
depth,d1,d8,29,6474,d8,d1,1.0,34,6474432343364476366322222617177755,15,0,0.076,0.1,6.1,1.0,15,0,52.755,225.606,2903.0,7.2
depth,d1,d8,30,237,d1,d8,0.0,16,2374443434432625,6,0,0.082,0.087,7.7,1.0,7,0,107.275,295.086,5920.1,6.29
depth,d1,d8,30,237,d8,d8,0.0,13,2374433443221,5,0,0.098,0.101,8.0,1.0,5,0,88.113,143.9,5086.4,6.6
depth,d1,d8,31,112,d1,d8,0.0,16,1124224441211333,6,0,0.087,0.099,8.0,1.0,7,0,97.332,235.6,5146.6,5.86
depth,d1,d8,31,112,d8,d8,0.0,17,11244565544455647,7,0,0.094,0.156,8.0,1.0,7,0,87.238,155.881,5874.1,7.0
depth,d1,d8,32,5475,d1,d8,0.0,16,5475445445524331,6,0,0.109,0.151,7.8,1.0,6,0,78.663,178.776,4443.5,6.0
depth,d1,d8,32,5475,d8,draw,0.5,42,547544455445536313333211122222166666177777,19,0,0.063,0.157,5.1,1.0,19,0,34.567,186.014,2515.0,7.37
depth,d1,d8,33,323,d1,d8,0.0,22,3233445644535554453222,9,0,0.114,0.169,7.6,1.0,10,0,42.238,90.509,4372.9,6.4
depth,d1,d8,33,323,d8,d8,0.0,25,3234424433422543355565666,11,0,0.077,0.092,7.2,1.0,11,0,31.68,83.248,3478.2,6.55
depth,d1,d8,34,4457,d1,d1,1.0,7,4457326,2,0,0.082,0.148,4.5,1.0,1,0,0.181,0.181,9.0,2.0
depth,d1,d8,34,4457,d8,d8,0.0,7,4457326,1,0,0.134,0.134,8.0,1.0,2,0,0.694,1.37,43.0,2.0
depth,d1,d8,35,745,d1,d8,0.0,26,74544454557477656665663233,11,0,0.102,0.174,6.9,1.0,12,0,45.955,111.638,4398.8,7.42
depth,d1,d8,35,745,d8,d8,0.0,23,74544545445332133711222,10,0,0.17,0.784,7.4,1.0,10,0,34.074,79.192,3595.7,6.7
depth,d1,d8,36,1733,d1,d8,0.0,20,17334244344334565556,8,0,0.104,0.211,7.6,1.0,8,0,31.283,74.448,3540.0,6.12
depth,d1,d8,36,1733,d8,d8,0.0,7,1733442,1,0,0.086,0.086,8.0,1.0,2,0,23.79,47.567,2363.0,4.5
depth,d1,d8,37,714,d1,d8,0.0,28,7144565445543233347577373666,12,0,0.123,0.194,7.5,1.0,13,0,46.374,116.498,3903.6,6.85
depth,d1,d8,37,714,d8,d1,1.0,32,71444445455551511117772222227733,15,0,0.072,0.123,5.8,1.0,14,0,32.082,97.992,3637.1,7.14
depth,d1,d8,38,6753,d1,d8,0.0,12,675355656644,4,0,0.154,0.222,8.0,1.0,4,0,84.127,165.115,5412.8,6.25
depth,d1,d8,38,6753,d8,d8,0.0,13,6753344534343,4,0,0.097,0.102,8.0,1.0,5,0,77.682,170.519,8415.6,6.6
depth,d1,d8,39,247,d1,d8,0.0,24,247444447722622255555766,10,0,0.087,0.143,6.8,1.0,11,0,69.313,160.043,6552.1,7.09
depth,d1,d8,39,247,d8,d8,0.0,19,2474433344336455556,8,0,0.141,0.179,7.8,1.0,8,0,65.718,127.849,4924.5,6.12
depth,d1,d8,40,4163,d1,d8,0.0,26,41634434344367661336675555,11,0,0.119,0.146,6.9,1.0,11,0,37.753,108.71,3192.6,7.36
depth,d1,d8,40,4163,d8,d8,0.0,17,41634443433166715,6,0,0.093,0.107,8.0,1.0,7,0,59.379,132.53,6329.1,6.57
depth,d1,d8,41,312,d1,d8,0.0,18,312444343321443655,7,0,0.102,0.178,7.7,1.0,8,0,68.246,173.082,5724.9,7.12
depth,d1,d8,41,312,d8,d8,0.0,27,312444434331411535555766666,12,0,0.079,0.113,7.4,1.0,12,0,37.047,113.944,4179.1,6.67
depth,d1,d8,42,7424,d1,d8,0.0,24,742444447722622255555766,10,0,0.089,0.121,6.8,1.0,10,0,58.298,150.229,6277.0,7.0
depth,d1,d8,42,7424,d8,d8,0.0,19,7424433344336455556,7,0,0.098,0.135,7.7,1.0,8,0,48.547,104.68,4924.5,6.12
depth,d1,d8,43,11,d1,d8,0.0,20,11443233564453554353,9,0,0.116,0.316,8.0,1.0,9,0,54.466,116.528,5119.9,7.22
depth,d1,d8,43,11,d8,d8,0.0,11,11444343434,4,0,0.126,0.155,8.0,1.0,5,0,67.552,107.755,6012.8,6.6
depth,d1,d8,44,557,d1,d8,0.0,16,5574445445524331,6,0,0.1,0.143,7.8,1.0,7,0,48.982,84.938,4627.1,6.29
depth,d1,d8,44,557,d8,draw,0.5,42,557444455445536313333211122222166666177777,20,0,0.069,0.25,5.2,1.0,19,0,21.941,70.369,2515.0,7.37
depth,d1,d8,45,57,d1,d8,0.0,34,5743445434435553573377111171712222,16,0,0.08,0.134,6.1,1.0,16,0,17.478,63.159,1930.7,7.0
depth,d1,d8,45,57,d8,d8,0.0,23,57434443433433555575666,10,0,0.108,0.147,7.0,1.0,11,0,64.296,132.404,4794.2,6.64
depth,d1,d8,46,21,d1,d8,0.0,24,214453445535333443565666,11,0,0.089,0.102,7.4,1.0,11,0,36.351,82.736,3755.8,6.55
depth,d1,d8,46,21,d8,d8,0.0,23,21444244233323433221711,10,0,0.089,0.12,7.1,1.0,11,0,49.854,111.546,5502.8,7.36
depth,d1,d8,47,1753,d1,d8,0.0,22,1753445544353334435666,9,0,0.115,0.187,7.6,1.0,9,0,54.329,126.452,3801.6,6.22
depth,d1,d8,47,1753,d8,d8,0.0,13,1753344534343,4,0,0.117,0.153,8.0,1.0,5,0,77.835,211.902,6798.8,6.6
depth,d1,d8,48,7632,d1,d8,0.0,24,763244344334346663775755,10,0,0.108,0.25,7.2,1.0,10,0,57.055,130.957,5094.5,7.3
depth,d1,d8,48,7632,d8,d8,0.0,17,76323442443362245,6,0,0.092,0.101,8.0,1.0,7,0,51.914,180.453,5701.4,6.14
depth,d1,d8,49,36,d1,d8,0.0,32,36424434334433266622226677777755,15,0,0.091,0.188,6.1,1.0,15,0,24.956,86.814,2343.5,7.27
depth,d1,d8,49,36,d8,d8,0.0,23,36424443334242255556633,10,0,0.114,0.186,7.5,1.0,11,0,45.015,85.276,4650.2,7.36
depth,d2,d3,0,35,d2,d2,1.0,19,3544343345645367122,9,0,0.297,0.531,28.4,1.89,8,0,0.786,1.412,87.4,2.88
depth,d2,d3,0,35,d3,d3,0.0,27,355443454455645611111126332,12,0,0.247,0.362,26.8,2.0,13,0,0.805,1.388,92.1,2.85
depth,d2,d3,1,6712,d2,d2,1.0,25,6712444462245355531665331,11,0,0.272,0.5,28.5,1.91,10,0,1.048,2.279,111.1,2.9
depth,d2,d3,1,6712,d3,d2,1.0,26,67124444664336646777775555,11,0,0.286,0.435,31.5,1.91,11,0,1.002,1.514,110.7,2.91
depth,d2,d3,2,5547,d2,d2,1.0,7,5547326,2,0,0.183,0.357,18.0,1.5,1,0,0.08,0.08,9.0,2.0
depth,d2,d3,2,5547,d3,d3,0.0,7,5547326,1,0,0.1,0.1,9.0,2.0,2,0,0.482,0.951,46.0,2.0
depth,d2,d3,3,5767,d2,d3,0.0,32,57674344345655433545336611111122,14,0,0.217,0.351,22.2,2.0,14,0,0.539,1.116,60.3,2.86
depth,d2,d3,3,5767,d3,d2,1.0,40,5767434433565544633422232677661177111122,18,0,0.189,0.407,20.7,1.94,18,0,0.734,1.257,76.9,2.94
depth,d2,d3,4,775,d2,draw,0.5,42,775444444333333555557217772122221111666666,19,0,0.175,0.365,19.2,2.0,20,0,0.514,1.174,58.4,2.9
depth,d2,d3,4,775,d3,d2,1.0,34,7754444433333565554531111777211722,16,0,0.261,0.436,26.1,1.94,15,0,0.789,1.401,85.9,2.93
depth,d2,d3,5,215,d2,d3,0.0,36,215444542522455415112211777777663333,16,0,0.226,0.343,22.8,2.0,17,0,0.536,1.11,63.5,2.88
depth,d2,d3,5,215,d3,d3,0.0,25,2154444555454516226721333,11,0,0.297,0.511,27.3,2.0,11,0,0.872,1.185,86.9,2.82
depth,d2,d3,6,13,d2,d3,0.0,32,13443443343435171117772727656552,15,0,0.265,0.381,28.3,2.0,15,0,0.689,1.292,82.4,2.87
depth,d2,d3,6,13,d3,d2,1.0,8,13344526,3,0,0.173,0.282,19.7,1.67,3,0,0.658,1.007,84.3,2.67
depth,d2,d3,7,41,d2,d2,1.0,7,4154326,3,0,0.166,0.249,20.0,1.67,2,0,0.592,1.11,66.0,2.5
depth,d2,d3,7,41,d3,d3,0.0,9,414455326,3,0,0.222,0.338,25.3,2.0,4,0,0.759,1.38,81.0,2.5
depth,d2,d3,8,4632,d2,d2,1.0,35,46323443434436635555552211177711222,16,0,0.196,0.342,21.8,1.94,15,0,0.537,1.061,62.6,2.93
depth,d2,d3,8,4632,d3,d2,1.0,38,46324443334362436666222211111177777755,17,0,0.219,0.395,21.3,1.94,17,0,0.663,1.804,72.9,2.94
depth,d2,d3,9,333,d2,d3,0.0,24,333544445354553452361122,10,0,0.237,0.312,26.9,2.0,11,0,0.708,1.251,84.2,2.82
depth,d2,d3,9,333,d3,d3,0.0,37,3332242233257555535211171117777666644,17,0,0.233,0.479,26.5,2.0,17,0,0.637,1.367,75.4,2.88
depth,d2,d3,10,656,d2,d2,1.0,17,65644323433544537,7,0,0.22,0.372,22.9,1.86,7,0,0.722,1.201,81.6,2.86
depth,d2,d3,10,656,d3,d2,1.0,34,6564454456556323343364356177112222,16,0,0.219,0.46,22.7,1.94,15,0,0.732,1.477,77.7,2.93
depth,d2,d3,11,63,d2,d3,0.0,40,6344443334343622177722555557251277111166,19,0,0.199,0.434,21.1,2.0,19,0,0.571,1.398,66.8,2.89
depth,d2,d3,11,63,d3,d2,1.0,24,634443443375365545355667,11,0,0.278,0.471,27.3,1.91,11,0,0.888,1.766,93.1,2.91
depth,d2,d3,12,55,d2,d2,1.0,7,5544326,3,0,0.197,0.3,20.0,1.67,2,0,0.511,0.934,61.5,2.5
depth,d2,d3,12,55,d3,d3,0.0,7,5544326,2,0,0.181,0.276,19.0,2.0,3,0,0.482,0.81,61.3,2.33
depth,d2,d3,13,342,d2,d3,0.0,26,34244334343346227777225566,11,0,0.267,0.32,27.8,2.0,12,0,0.778,1.643,86.6,2.83
depth,d2,d3,13,342,d3,d2,1.0,30,342434434345356555351111117766,14,0,0.206,0.29,21.9,1.93,13,0,0.545,1.151,61.6,2.92
depth,d2,d3,14,6653,d2,d3,0.0,42,665347444433346356555736775611111122222277,19,0,0.227,0.476,22.5,2.0,19,0,0.624,1.565,63.1,2.89
depth,d2,d3,14,6653,d3,d3,0.0,35,66534744455533433543577212266661121,15,0,0.254,0.604,26.5,2.0,16,0,0.741,1.261,82.3,2.88
depth,d2,d3,15,76,d2,d2,1.0,11,76444422351,5,0,0.267,0.425,28.4,1.8,4,0,0.805,1.104,89.8,2.75
depth,d2,d3,15,76,d3,d3,0.0,17,76444664466426351,7,0,0.28,0.364,31.0,2.0,8,0,0.907,1.292,101.4,2.75
depth,d2,d3,16,344,d2,d3,0.0,22,3444344333431115555766,9,0,0.229,0.294,26.8,2.0,10,0,0.739,1.09,87.3,2.8
depth,d2,d3,16,344,d3,d2,1.0,30,344344433343555115556161117222,14,0,0.242,0.505,24.4,1.93,13,0,0.617,1.258,73.5,2.92
depth,d2,d3,17,45,d2,d2,1.0,35,45454454543532333536111111777777666,17,0,0.191,0.329,19.7,1.94,16,0,0.488,1.251,52.9,2.94
depth,d2,d3,17,45,d3,draw,0.5,42,454444455555332132333111117777666666772222,20,0,0.171,0.543,17.4,1.95,20,0,0.492,1.113,58.6,2.95
depth,d2,d3,18,4714,d2,d3,0.0,32,47143234334226463467367667177555,14,0,0.282,0.492,28.3,2.0,14,0,0.7,1.502,76.4,2.86
depth,d2,d3,18,4714,d3,d2,1.0,16,4714443256466535,6,0,0.211,0.36,21.2,1.83,6,0,0.968,1.629,107.3,2.83
depth,d2,d3,19,7775,d2,d2,1.0,29,77754454445554537323333277666,13,0,0.223,0.357,23.8,1.92,12,0,0.687,1.294,73.2,2.92
depth,d2,d3,19,7775,d3,d3,0.0,39,777534444343334327776666655611111155522,17,0,0.225,0.397,24.7,2.0,18,0,0.626,1.214,70.7,2.89
depth,d2,d3,20,453,d2,d2,1.0,19,4534343345645367122,8,0,0.256,0.453,28.4,1.88,8,0,0.761,1.386,87.4,2.88
depth,d2,d3,20,453,d3,d2,1.0,40,4534435336442135542365511111777777666622,19,0,0.196,0.578,18.6,1.95,18,0,0.594,1.101,65.8,2.94
depth,d2,d3,21,545,d2,d2,1.0,41,54544545445315161111262233333777777666622,19,0,0.192,0.356,18.9,1.95,19,0,0.533,1.086,58.1,2.95
depth,d2,d3,21,545,d3,d2,1.0,38,54545544454516311113333371666766777722,18,0,0.237,0.557,20.9,1.94,17,0,0.639,1.52,63.2,2.94
depth,d2,d3,22,7152,d2,d2,1.0,39,715246544455452224252313333317777711166,18,0,0.207,0.379,22.5,1.94,17,0,0.577,1.227,64.6,2.94
depth,d2,d3,22,7152,d3,draw,0.5,42,715246444655566222441515111226677733333377,19,0,0.196,0.38,21.2,1.95,19,0,0.689,2.073,73.8,2.95
depth,d2,d3,23,71,d2,d2,1.0,37,7144565455466242542152122111733666777,18,0,0.475,4.449,24.8,1.94,17,0,0.912,5.381,73.2,2.94
depth,d2,d3,23,71,d3,d2,1.0,16,7144445632422335,7,0,0.243,0.388,23.9,1.86,7,0,0.918,1.437,106.1,2.86
depth,d2,d3,24,5616,d2,d3,0.0,28,5616445565323365566337372442,12,0,0.273,0.44,27.3,2.0,12,0,0.824,1.393,88.5,2.83
depth,d2,d3,24,5616,d3,d2,1.0,18,561644323433544537,7,0,0.215,0.324,22.9,1.86,7,0,0.757,1.321,85.7,2.86
depth,d2,d3,25,4424,d2,d3,0.0,30,442445222413422555551117776633,13,0,0.235,0.391,25.2,2.0,13,0,0.671,1.562,76.2,2.85
depth,d2,d3,25,4424,d3,d3,0.0,7,4424351,1,0,0.105,0.105,9.0,2.0,2,0,0.44,0.871,54.5,2.0
depth,d2,d3,26,6464,d2,d3,0.0,14,64644443666251,5,0,0.342,0.496,27.2,2.0,5,0,1.097,1.827,88.0,2.6
depth,d2,d3,26,6464,d3,d2,1.0,10,6464434251,3,0,0.253,0.452,28.3,1.67,3,0,0.696,1.024,78.7,2.67
depth,d2,d3,27,5354,d2,d2,1.0,29,53544213443355443535671111766,13,0,0.227,0.338,24.7,1.92,12,0,0.653,1.101,73.0,2.92
depth,d2,d3,27,5354,d3,d3,0.0,17,53544343364463557,6,0,0.23,0.347,23.8,2.0,7,0,1.837,5.112,76.7,2.71
depth,d2,d3,28,3576,d2,d3,0.0,38,35764434433443366576566555211711112722,17,0,0.207,0.479,22.1,2.0,17,0,0.643,1.444,71.2,2.88
depth,d2,d3,28,3576,d3,d3,0.0,15,357665544333446,5,0,0.393,0.885,31.8,2.0,6,0,0.793,1.625,89.0,2.67
depth,d2,d3,29,6474,d2,d3,0.0,10,6474433251,3,0,0.295,0.476,24.7,2.0,3,0,0.687,1.22,77.0,2.33
depth,d2,d3,29,6474,d3,d2,1.0,14,64744443333251,5,0,0.319,0.488,31.6,1.8,5,0,0.916,1.243,101.8,2.8
depth,d2,d3,30,237,d2,d3,0.0,26,23733445654554447533665677,11,0,0.262,0.462,27.2,2.0,12,0,0.848,1.445,94.2,2.83
depth,d2,d3,30,237,d3,d3,0.0,37,2374434433456346663766777711222111155,17,0,0.214,0.357,23.4,2.0,17,0,0.634,1.672,71.5,2.88
depth,d2,d3,31,112,d2,d2,1.0,19,1124444434222225533,8,0,0.304,0.609,32.0,1.88,8,0,0.89,1.399,110.4,2.88
depth,d2,d3,31,112,d3,d3,0.0,27,112444422565554654566363333,12,0,0.29,0.495,30.2,2.0,12,0,0.96,1.455,103.2,2.83
depth,d2,d3,32,5475,d2,d2,1.0,39,547544545445532226222177777666661111133,18,0,0.175,0.458,18.0,1.94,17,0,0.498,0.969,55.4,2.94
depth,d2,d3,32,5475,d3,d2,1.0,40,5475445454453561611111777772223222666633,18,0,0.19,0.322,20.3,1.94,18,0,0.615,1.217,64.2,2.94
depth,d2,d3,33,323,d2,d2,1.0,15,323344443214655,6,0,0.224,0.314,26.0,1.83,6,0,0.978,1.619,103.7,2.83
depth,d2,d3,33,323,d3,d2,1.0,20,32334456443216245537,9,0,0.281,0.423,29.4,1.89,8,0,0.94,1.459,102.0,2.88
depth,d2,d3,34,4457,d2,d2,1.0,7,4457326,2,0,0.146,0.283,15.0,1.5,1,0,0.087,0.087,9.0,2.0
depth,d2,d3,34,4457,d3,d3,0.0,7,4457326,1,0,0.089,0.089,9.0,2.0,2,0,0.377,0.745,43.0,2.0
depth,d2,d3,35,745,d2,d3,0.0,34,7454445455545111717713233333167722,15,0,0.221,0.369,24.5,2.0,16,0,0.68,1.335,75.0,2.88
depth,d2,d3,35,745,d3,d3,0.0,27,745445454455772722251772333,12,0,0.254,0.398,25.2,2.0,12,0,0.78,1.152,82.4,2.83
depth,d2,d3,36,1733,d2,d3,0.0,32,17334244343443351511112777222552,14,0,0.229,0.389,23.8,2.0,14,0,0.543,0.954,61.9,2.86
depth,d2,d3,36,1733,d3,d3,0.0,29,17334256545544433522453736677,12,0,0.294,0.582,25.8,2.0,13,0,0.787,1.22,81.9,2.85
depth,d2,d3,37,714,d2,d2,1.0,37,7144565455466242542152122111733666777,17,0,0.247,0.533,24.6,1.94,17,0,0.706,1.638,73.2,2.94
depth,d2,d3,37,714,d3,d2,1.0,16,7144445632422335,7,0,0.245,0.477,23.9,1.86,6,0,0.944,1.413,106.3,2.83
depth,d2,d3,38,6753,d2,draw,0.5,42,675344545543243521224751221336631177177666,19,0,0.212,0.423,22.6,2.0,19,0,0.567,1.344,62.3,2.89
depth,d2,d3,38,6753,d3,d3,0.0,33,675355663633566537752222232111144,14,0,0.284,0.753,26.2,2.0,15,0,0.714,1.503,80.0,2.87
depth,d2,d3,39,247,d2,d2,1.0,15,247644453455326,6,0,0.248,0.373,25.5,1.83,6,0,1.033,1.39,114.2,2.83
depth,d2,d3,39,247,d3,d3,0.0,37,2473434433456346663766777711222111155,17,0,0.23,0.449,24.4,2.0,17,0,0.667,1.605,71.5,2.88
depth,d2,d3,40,4163,d2,d2,1.0,29,41634434344366613637677212221,13,0,0.208,0.313,22.6,1.92,12,0,0.709,1.05,81.5,2.92
depth,d2,d3,40,4163,d3,d3,0.0,37,4163445733565544633122241123666557777,16,0,0.209,0.4,21.9,2.0,17,0,0.801,1.201,89.5,2.88
depth,d2,d3,41,312,d2,draw,0.5,42,312544343345645367664137661177117755522222,19,0,0.214,0.455,23.1,2.0,20,0,0.624,1.34,67.0,2.9
depth,d2,d3,41,312,d3,d3,0.0,29,31244344334343512111766657552,13,0,0.256,0.471,27.8,2.0,13,0,0.756,1.199,89.4,2.85
depth,d2,d3,42,7424,d2,d2,1.0,39,742444224556333334552532521177777111166,18,0,0.208,0.461,23.4,1.94,17,0,0.667,1.322,75.6,2.94
depth,d2,d3,42,7424,d3,draw,0.5,42,742444433332132142553755552772717666666111,19,0,0.192,0.383,21.4,1.95,19,0,1.042,5.553,62.3,2.95
depth,d2,d3,43,11,d2,d3,0.0,20,11443234565445335637,9,0,0.264,0.456,28.1,2.0,9,0,0.666,1.06,76.1,2.78
depth,d2,d3,43,11,d3,d2,1.0,22,1144443256333645366577,10,0,0.288,0.449,29.4,1.9,10,0,0.953,1.598,102.9,2.9
depth,d2,d3,44,557,d2,d2,1.0,39,557444545445532226222177777666661111133,18,0,0.192,0.431,18.0,1.94,18,0,0.559,1.381,58.1,2.94
depth,d2,d3,44,557,d3,d2,1.0,40,5574445454453561611111777772223222666633,19,0,0.185,0.328,20.7,1.95,18,0,0.578,1.183,64.2,2.94
depth,d2,d3,45,57,d2,d2,1.0,7,5744326,3,0,0.19,0.299,19.7,1.67,2,0,0.783,1.445,88.0,2.5
depth,d2,d3,45,57,d3,d3,0.0,7,5744326,2,0,0.189,0.292,22.0,2.0,3,0,0.666,1.239,67.0,2.33
depth,d2,d3,46,21,d2,d2,1.0,39,214444254555542252121111366666677777733,19,0,0.195,0.432,21.2,1.95,18,0,0.597,1.497,69.6,2.94
depth,d2,d3,46,21,d3,d2,1.0,40,2144442253676246266432611111777775555533,19,0,0.226,0.579,23.4,1.95,19,0,0.633,1.299,74.2,2.95
depth,d2,d3,47,1753,d2,d2,1.0,39,175311333554454353562222221777771144466,18,0,0.262,0.398,26.4,1.94,17,0,0.755,1.466,85.7,2.94
depth,d2,d3,47,1753,d3,d3,0.0,41,17533737754444335452554311111776662266622,18,0,0.208,0.538,21.3,2.0,19,0,0.585,1.383,65.1,2.89
depth,d2,d3,48,7632,d2,d3,0.0,40,7632444433343214232227666766715577111155,18,0,0.205,0.351,21.0,2.0,18,0,0.614,1.177,67.3,2.89
depth,d2,d3,48,7632,d3,d2,1.0,28,7632332244442343345666661755,12,0,0.262,0.399,28.4,1.92,12,0,0.797,1.281,91.7,2.92
depth,d2,d3,49,36,d2,d2,1.0,7,3644251,3,0,0.198,0.331,23.7,1.67,2,0,0.774,1.462,75.0,2.5
depth,d2,d3,49,36,d3,d3,0.0,7,3644251,2,0,0.23,0.38,22.0,2.0,3,0,0.652,1.048,73.7,2.33
depth,d2,d4,0,35,d2,d4,0.0,34,3544334435554512241222523366661166,16,0,0.23,0.386,24.2,2.0,16,0,1.647,2.968,173.2,3.75
depth,d2,d4,0,35,d4,draw,0.5,42,355443454455467651666611121222221777333377,20,0,0.216,0.642,21.2,1.95,20,0,1.512,3.385,167.8,3.9
depth,d2,d4,1,6712,d2,d2,1.0,39,671244446635555333434211366161122777755,18,0,0.245,0.575,24.2,1.94,17,0,2.43,7.382,240.6,3.88
depth,d2,d4,1,6712,d4,d4,0.0,41,67124444664363233223422366111117775557755,18,0,0.223,0.467,22.6,2.0,19,0,2.21,7.992,191.8,3.79
depth,d2,d4,2,5547,d2,d2,1.0,7,5547326,2,0,0.176,0.341,18.0,1.5,1,0,0.162,0.162,9.0,2.0
depth,d2,d4,2,5547,d4,d4,0.0,7,5547326,1,0,0.083,0.083,9.0,2.0,2,0,0.439,0.868,46.0,2.0
depth,d2,d4,3,5767,d2,d4,0.0,20,57674344353433477566,8,0,0.273,0.34,25.2,2.0,8,0,1.748,3.636,175.4,3.5
depth,d2,d4,3,5767,d4,d2,1.0,40,5767434444335655633422232666771177112255,18,0,0.189,0.45,19.7,1.94,18,0,2.424,15.059,175.1,3.89
depth,d2,d4,4,775,d2,d4,0.0,18,775444444555525331,7,0,0.29,0.568,26.1,2.0,8,0,2.817,5.84,239.0,3.5
depth,d2,d4,4,775,d4,draw,0.5,42,775444445555457711111717333333666666222222,20,0,0.219,0.574,19.9,1.95,19,0,1.901,4.463,197.8,3.89
depth,d2,d4,5,215,d2,d4,0.0,36,215444542522455415112211777777663333,16,0,0.215,0.423,22.8,2.0,17,0,1.351,4.064,142.0,3.76
depth,d2,d4,5,215,d4,d4,0.0,25,2154444555454516672221333,11,0,0.27,0.412,26.9,2.0,11,0,1.965,2.809,213.3,3.64
depth,d2,d4,6,13,d2,d4,0.0,32,13443443343435111177772177665566,15,0,0.244,0.348,26.7,2.0,15,0,1.642,2.504,188.3,3.73
depth,d2,d4,6,13,d4,d4,0.0,35,13345443434433225255255711111777666,16,0,0.194,0.354,21.0,2.0,17,0,1.473,3.436,168.2,3.76
depth,d2,d4,7,41,d2,d2,1.0,35,41534453344557745571771711133322222,17,0,0.228,0.401,24.0,1.94,16,0,1.916,4.14,208.9,3.88
depth,d2,d4,7,41,d4,d4,0.0,7,4134526,2,0,0.187,0.296,22.0,2.0,3,0,1.311,3.208,162.3,2.67
depth,d2,d4,8,4632,d2,d2,1.0,39,463233442234644663322266777777111111555,18,0,0.189,0.369,19.4,1.94,17,0,1.298,3.464,134.5,3.88
depth,d2,d4,8,4632,d4,d2,1.0,38,46324433434334666222267767777211111155,17,0,0.209,0.4,19.9,1.94,17,0,1.294,3.515,139.1,3.88
depth,d2,d4,9,333,d2,d2,1.0,39,333544445355443535211611117777772222266,18,0,0.193,0.337,21.2,1.94,18,0,1.482,4.14,152.3,3.89
depth,d2,d4,9,333,d4,d2,1.0,32,33324442234443366666677777722255,15,0,0.206,0.336,23.3,1.93,14,0,1.246,2.961,143.4,3.86
depth,d2,d4,10,656,d2,d2,1.0,39,656655353633556361311111222222777777444,18,0,0.231,0.596,24.9,1.94,18,0,1.41,3.997,153.1,3.89
depth,d2,d4,10,656,d4,d4,0.0,25,6564455644554664265222333,11,0,0.263,0.416,27.7,2.0,11,0,2.091,3.913,212.7,3.64
depth,d2,d4,11,63,d2,d2,1.0,39,634444333746346366767277222221711111555,19,0,0.213,0.387,21.5,1.95,18,0,1.554,3.903,172.1,3.89
depth,d2,d4,11,63,d4,d4,0.0,21,633424434344336675555,9,0,0.246,0.334,24.7,2.0,10,0,1.967,3.586,226.4,3.6
depth,d2,d4,12,55,d2,d2,1.0,39,554344675454455666661111112272222777733,19,0,0.208,0.42,21.6,1.95,18,0,1.359,2.943,152.1,3.89
depth,d2,d4,12,55,d4,d4,0.0,7,5544326,2,0,0.161,0.243,19.0,2.0,3,0,0.952,2.179,114.7,2.67
depth,d2,d4,13,342,d2,d4,0.0,26,34244334343346227777225566,11,0,0.248,0.322,27.8,2.0,12,0,1.761,2.875,202.2,3.67
depth,d2,d4,13,342,d4,d2,1.0,32,34244332234443376667766622277755,15,0,0.219,0.353,23.6,1.93,14,0,1.384,3.046,162.4,3.86
depth,d2,d4,14,6653,d2,d4,0.0,22,6653474446643334337555,9,0,0.306,0.386,28.6,2.0,9,0,2.018,4.593,221.0,3.56
depth,d2,d4,14,6653,d4,d4,0.0,35,66534744455533433543577212266661121,15,0,0.268,0.462,26.5,2.0,16,0,1.691,2.986,184.1,3.75
depth,d2,d4,15,76,d2,d4,0.0,40,7644442333343214372255666662177727111155,19,0,0.245,0.561,22.2,2.0,19,0,1.781,4.13,180.7,3.79
depth,d2,d4,15,76,d4,d4,0.0,23,76644444465766677773355,10,0,0.296,0.578,28.8,2.0,11,0,2.027,3.725,238.5,3.64
depth,d2,d4,16,344,d2,d4,0.0,40,3444344334331112221112227777776666665555,18,0,0.223,0.442,19.8,2.0,19,0,1.36,2.909,143.7,3.79
depth,d2,d4,16,344,d4,d4,0.0,27,344344433343716666616777555,12,0,0.231,0.326,25.0,2.0,12,0,2.424,7.076,196.4,3.67
depth,d2,d4,17,45,d2,d2,1.0,33,454454455455122211222777711177333,16,0,0.202,0.352,21.4,1.94,15,0,1.635,3.105,183.6,3.87
depth,d2,d4,17,45,d4,d4,0.0,23,45444455554511111132233,10,0,0.253,0.344,26.4,2.0,11,0,2.142,3.809,250.8,3.64
depth,d2,d4,18,4714,d2,d4,0.0,22,4714323344364634671555,9,0,0.274,0.34,28.7,2.0,9,0,2.48,5.24,271.9,3.56
depth,d2,d4,18,4714,d4,d4,0.0,39,471444433333431171172775565555617666622,17,0,0.201,0.37,21.5,2.0,18,0,1.725,3.094,199.0,3.78
depth,d2,d4,19,7775,d2,d2,1.0,35,77754454455474371255222227111116666,16,0,0.231,0.436,23.9,1.94,15,0,1.932,4.648,188.6,3.87
depth,d2,d4,19,7775,d4,d4,0.0,19,7775444554554425331,7,0,0.269,0.377,27.3,2.0,8,0,2.064,3.379,223.6,3.5
depth,d2,d4,20,453,d2,d4,0.0,34,4534334435554512241222523366661166,15,0,0.225,0.402,23.9,2.0,16,0,1.488,2.901,173.2,3.75
depth,d2,d4,20,453,d4,d2,1.0,38,45344335544455351222131132227711777766,18,0,0.189,0.341,20.2,1.94,17,0,1.159,2.921,132.5,3.88
depth,d2,d4,21,545,d2,d4,0.0,36,545544454554222222171177171177336666,16,0,0.228,0.672,20.2,2.0,17,0,1.433,2.977,160.5,3.76
depth,d2,d4,21,545,d4,d4,0.0,39,545455444545161113222221127777666776633,18,0,0.198,0.385,20.2,2.0,18,0,1.253,2.688,137.2,3.78
depth,d2,d4,22,7152,d2,d4,0.0,38,71524655466445255244266211121167777733,17,0,0.217,0.381,20.9,2.0,17,0,2.534,17.833,155.8,3.76
depth,d2,d4,22,7152,d4,d2,1.0,38,71524644556765455441121221122666777733,17,0,0.184,0.32,18.2,1.94,17,0,1.339,3.529,147.9,3.88
depth,d2,d4,23,71,d2,d4,0.0,22,7144565544524254211333,10,0,0.31,0.489,29.3,2.0,10,0,2.675,6.392,267.2,3.6
depth,d2,d4,23,71,d4,d4,0.0,35,71444445555545771161171332277222233,16,0,0.24,0.456,23.8,2.0,17,0,2.179,5.972,223.9,3.76
depth,d2,d4,24,5616,d2,d4,0.0,40,5616445566323533532212112563627711777744,18,0,0.259,0.718,24.8,2.0,18,0,1.694,3.501,176.9,3.78
depth,d2,d4,24,5616,d4,d2,1.0,32,56164445566452554466222221111133,14,0,0.212,0.369,22.2,1.93,14,0,1.537,4.696,160.9,3.86
depth,d2,d4,25,4424,d2,d2,1.0,39,442443242252766664627717611111773333355,18,0,0.268,0.531,25.6,1.94,17,0,1.551,4.91,168.2,3.88
depth,d2,d4,25,4424,d4,d4,0.0,7,4424351,1,0,0.076,0.076,9.0,2.0,2,0,0.453,0.897,54.5,2.0
depth,d2,d4,26,6464,d2,d4,0.0,18,646446446466733251,7,0,0.27,0.39,25.7,2.0,7,0,2.384,3.886,256.0,3.43
depth,d2,d4,26,6464,d4,d2,1.0,32,64644366234244323323227776677755,14,0,0.208,0.397,20.6,1.93,14,0,1.844,5.608,192.6,3.86
depth,d2,d4,27,5354,d2,d2,1.0,35,53544214323443343557557171111777222,16,0,0.192,0.338,21.1,1.94,15,0,1.521,6.48,134.7,3.87
depth,d2,d4,27,5354,d4,d4,0.0,23,53544355443344353512222,9,0,0.262,0.522,27.1,2.0,10,0,2.06,3.374,236.1,3.6
depth,d2,d4,28,3576,d2,d2,1.0,41,35764433443344556555311116616617722222277,19,0,0.194,0.382,19.2,1.95,18,0,1.561,4.347,167.3,3.89
depth,d2,d4,28,3576,d4,d4,0.0,41,35765654444533447553773366661111112227722,18,0,0.211,0.51,21.9,2.0,19,0,1.46,4.563,162.4,3.79
depth,d2,d4,29,6474,d2,d4,0.0,12,647444433251,4,0,0.296,0.451,29.8,2.0,4,0,2.419,4.698,267.0,3.0
depth,d2,d4,29,6474,d4,d2,1.0,32,64744422224626646211167111777733,14,0,0.237,0.4,24.4,1.93,14,0,2.219,5.894,248.9,3.86
depth,d2,d4,30,237,d2,d2,1.0,35,23744564446423313733666222267177755,16,0,0.242,0.424,23.6,1.94,16,0,1.699,3.107,185.9,3.88
depth,d2,d4,30,237,d4,d4,0.0,37,2374434433456346663777662227711111155,17,0,0.221,0.333,24.3,2.0,17,0,1.379,2.901,161.3,3.76
depth,d2,d4,31,112,d2,d2,1.0,35,11244444342222211116766666777775533,16,0,0.235,0.5,24.2,1.94,16,0,1.524,3.914,173.2,3.88
depth,d2,d4,31,112,d4,d4,0.0,35,11244442256545545522233111177777733,16,0,0.233,0.36,24.9,2.0,16,0,1.621,3.747,187.5,3.75
depth,d2,d4,32,5475,d2,d2,1.0,39,547544545445532226222177777666661111133,18,0,0.203,0.556,18.0,1.94,17,0,1.185,2.685,123.2,3.88
depth,d2,d4,32,5475,d4,d2,1.0,34,5475444554455611112113333337777722,15,0,0.238,0.356,23.5,1.93,15,0,1.941,4.057,197.1,3.87
depth,d2,d4,33,323,d2,d4,0.0,38,32334444321624223436666617777277555555,17,0,0.219,0.343,23.5,2.0,18,0,1.517,3.848,173.7,3.78
depth,d2,d4,33,323,d4,draw,0.5,42,323332244444324377777722555555111111666666,20,0,0.181,0.495,19.1,1.95,19,0,1.531,3.336,172.4,3.89
depth,d2,d4,34,4457,d2,d2,1.0,7,4457326,2,0,0.153,0.296,15.0,1.5,1,0,0.09,0.09,9.0,2.0
depth,d2,d4,34,4457,d4,d4,0.0,7,4457326,1,0,0.127,0.127,9.0,2.0,2,0,0.386,0.763,43.0,2.0
depth,d2,d4,35,745,d2,d4,0.0,34,7454445455545111717716312333337722,15,0,0.243,0.362,25.1,2.0,16,0,1.515,2.874,165.6,3.75
depth,d2,d4,35,745,d4,d4,0.0,33,745445454455777511112222211267666,15,0,0.258,0.365,23.7,2.0,15,0,1.818,2.881,187.7,3.73
depth,d2,d4,36,1733,d2,d4,0.0,28,1733424434344335122222117555,12,0,0.27,0.373,26.7,2.0,12,0,2.35,11.462,167.3,3.67
depth,d2,d4,36,1733,d4,d2,1.0,38,17334256443434433627222266661111177555,17,0,0.219,0.58,19.4,1.94,17,0,1.861,4.484,170.9,3.88
depth,d2,d4,37,714,d2,d4,0.0,22,7144565544524254211333,9,0,0.295,0.423,29.3,2.0,10,0,2.483,4.754,267.2,3.6
depth,d2,d4,37,714,d4,d4,0.0,35,71444445555545771161171332277222233,16,0,0.25,0.437,23.8,2.0,16,0,2.028,3.819,221.0,3.75
depth,d2,d4,38,6753,d2,d4,0.0,32,67534454554324325466752277772666,14,0,0.256,0.467,25.6,2.0,14,0,1.722,3.436,177.2,3.71
depth,d2,d4,38,6753,d4,d2,1.0,38,67535566363356653775223222211111177744,17,0,0.224,0.5,22.0,1.94,17,0,1.578,3.948,164.2,3.88
depth,d2,d4,39,247,d2,d4,0.0,26,24744424422227776666677555,11,0,0.271,0.422,25.8,2.0,12,0,2.18,3.839,246.6,3.67
depth,d2,d4,39,247,d4,d4,0.0,37,2473434433456346663777662227711111155,17,0,0.28,0.49,25.4,2.0,17,0,1.544,3.048,161.3,3.76
depth,d2,d4,40,4163,d2,d2,1.0,33,416344343443671663367767711117222,15,0,0.226,0.336,22.3,1.93,14,0,1.619,3.498,175.7,3.86
depth,d2,d4,40,4163,d4,d2,1.0,40,4163444333435745322111711777766622226655,18,0,0.227,0.509,21.6,1.94,18,0,1.549,3.599,169.4,3.89
depth,d2,d4,41,312,d2,d2,1.0,39,312444443223332243777277711116666661555,18,0,0.193,0.36,21.2,1.94,18,0,1.966,5.305,234.3,3.89
depth,d2,d4,41,312,d4,d4,0.0,33,312443443343435111177771555557722,15,0,0.235,0.327,25.0,2.0,15,0,1.548,3.047,177.7,3.73
depth,d2,d4,42,7424,d2,d4,0.0,26,74244424422227776666677555,11,0,0.247,0.367,25.8,2.0,11,0,2.121,3.913,235.5,3.64
depth,d2,d4,42,7424,d4,d2,1.0,38,74244443333213212264266637766771111755,17,0,0.24,0.426,23.5,1.94,17,0,1.808,4.071,197.6,3.88
depth,d2,d4,43,11,d2,d4,0.0,20,11443234565445335637,9,0,0.263,0.353,28.1,2.0,9,0,1.342,2.506,156.7,3.56
depth,d2,d4,43,11,d4,d2,1.0,40,1144442333433435525555111666666177777722,19,0,0.197,0.56,20.1,1.95,19,0,1.34,3.166,164.6,3.89
depth,d2,d4,44,557,d2,d2,1.0,39,557444545445532226222177777666661111133,18,0,0.183,0.385,18.0,1.94,18,0,1.17,2.4,128.5,3.89
depth,d2,d4,44,557,d4,d2,1.0,34,5574444554455611112113333337777722,16,0,0.229,0.34,23.9,1.94,15,0,1.763,3.47,197.1,3.87
depth,d2,d4,45,57,d2,draw,0.5,42,574344335544433537775577111111222222666666,20,0,0.195,0.38,20.2,2.0,20,0,1.223,4.074,134.5,3.8
depth,d2,d4,45,57,d4,d4,0.0,7,5744326,2,0,0.207,0.326,22.0,2.0,3,0,1.019,2.331,121.0,2.67
depth,d2,d4,46,21,d2,d4,0.0,38,21444244242265555551111626666177777733,18,0,0.219,0.387,23.8,2.0,18,0,2.082,7.633,180.1,3.78
depth,d2,d4,46,21,d4,d2,1.0,16,2144444221425333,7,0,0.245,0.39,28.4,1.86,7,0,2.409,3.494,299.3,3.71
depth,d2,d4,47,1753,d2,d2,1.0,39,175315113344445534547577112222622337766,18,0,0.297,1.395,26.6,1.94,17,0,1.849,4.826,215.9,3.88
depth,d2,d4,47,1753,d4,d4,0.0,23,17533737755355134442422,9,0,0.294,0.512,31.4,2.0,10,0,2.602,4.889,288.9,3.6
depth,d2,d4,48,7632,d2,d2,1.0,39,763243443434433665666172777722221111155,18,0,0.185,0.341,18.2,1.94,17,0,1.248,2.804,135.3,3.88
depth,d2,d4,48,7632,d4,d2,1.0,38,76323362322132667737277665555551111144,17,0,0.228,0.543,23.5,1.94,17,0,2.211,5.188,246.4,3.88
depth,d2,d4,49,36,d2,d2,1.0,39,364233442234644663322266777777111111555,19,0,0.196,0.395,19.9,1.95,18,0,1.444,4.228,154.2,3.89
depth,d2,d4,49,36,d4,d4,0.0,7,3644251,2,0,0.192,0.295,22.0,2.0,3,0,1.27,2.971,143.7,2.67
depth,d2,d5,0,35,d2,draw,0.5,42,354433443552421433122221676666611177755577,20,0,0.208,0.424,20.0,2.0,20,0,3.09,8.125,339.4,4.7
depth,d2,d5,0,35,d5,d5,0.0,15,354443453554122,6,0,0.744,2.927,29.7,2.0,7,0,5.346,9.118,533.3,4.14
depth,d2,d5,1,6712,d2,d5,0.0,34,6712444466355434166611337331717755,15,0,0.303,0.466,29.6,2.0,15,0,5.417,12.598,540.9,4.6
depth,d2,d5,1,6712,d5,d5,0.0,41,67124444664363233223422311177667555117755,18,0,0.399,0.83,24.3,2.0,19,0,7.937,22.725,505.2,4.68
depth,d2,d5,2,5547,d2,d2,1.0,7,5547326,2,0,0.169,0.328,18.0,1.5,1,0,0.088,0.088,9.0,2.0
depth,d2,d5,2,5547,d5,d5,0.0,7,5547326,1,0,0.093,0.093,9.0,2.0,2,0,0.46,0.911,46.0,2.0
depth,d2,d5,3,5767,d2,d5,0.0,36,576743443456554455333377771111112222,16,0,0.23,0.426,20.6,2.0,16,0,2.594,9.083,257.6,4.62
depth,d2,d5,3,5767,d5,draw,0.5,42,576743443356554463776745663537222211112211,19,0,0.203,0.487,16.7,1.95,19,0,3.574,10.889,361.8,4.79
depth,d2,d5,4,775,d2,d5,0.0,40,7754444441333335623222227711111666667755,18,0,0.233,0.616,19.4,2.0,19,0,4.524,15.428,407.2,4.68
depth,d2,d5,4,775,d5,draw,0.5,42,775444442555524522227733336666663311111177,20,0,0.205,0.486,20.2,1.95,19,0,3.837,15.406,410.1,4.79
depth,d2,d5,5,215,d2,d5,0.0,38,21544454244522555122117177177733666333,17,0,0.199,0.351,20.2,2.0,18,0,2.483,7.017,283.9,4.67
depth,d2,d5,5,215,d5,d5,0.0,39,215444454555456111117777737222233233366,18,0,0.222,0.483,21.7,2.0,18,0,4.249,9.173,434.3,4.67
depth,d2,d5,6,13,d2,d5,0.0,28,1344344334343512721117656552,13,0,0.391,0.574,28.0,2.0,13,0,6.264,10.49,491.2,4.54
depth,d2,d5,6,13,d5,d5,0.0,15,134443433466755,6,0,0.272,0.353,26.7,2.0,7,0,4.901,10.198,578.0,4.14
depth,d2,d5,7,41,d2,d5,0.0,34,4153445434473551111551777333772222,16,0,0.323,0.661,22.7,2.0,16,0,5.225,14.956,365.8,4.62
depth,d2,d5,7,41,d5,d5,0.0,7,4154326,2,0,0.207,0.331,22.0,2.0,3,0,4.353,12.347,389.3,3.0
depth,d2,d5,8,4632,d2,d5,0.0,38,46323342236443344666677771771222111155,17,0,0.206,0.436,19.6,2.0,17,0,3.052,8.279,332.1,4.65
depth,d2,d5,8,4632,d5,d5,0.0,25,4632444342224266662657557,10,0,0.312,0.476,31.8,2.0,11,0,6.459,10.157,711.2,4.45
depth,d2,d5,9,333,d2,d5,0.0,24,333544445354553452361122,10,0,0.479,1.566,26.9,2.0,11,0,5.926,14.105,482.4,4.45
depth,d2,d5,9,333,d5,d5,0.0,23,33323345555534464421222,10,0,0.48,1.51,28.0,2.0,10,0,9.474,27.046,670.2,4.4
depth,d2,d5,10,656,d2,d2,1.0,39,656655353553333222222666111111777777444,18,0,0.2,0.584,20.1,1.94,18,0,2.882,10.001,318.1,4.17
depth,d2,d5,10,656,d5,d5,0.0,27,656445565323365536637312442,12,0,0.286,0.586,27.8,2.0,12,0,4.952,10.944,529.9,4.5
depth,d2,d5,11,63,d2,d5,0.0,18,634444345755655667,8,0,0.288,0.386,29.8,2.0,8,0,3.989,8.278,454.6,4.25
depth,d2,d5,11,63,d5,d2,1.0,28,6344434433366643222222667555,13,0,0.234,0.392,25.5,1.92,13,0,4.266,9.248,480.2,4.31
depth,d2,d5,12,55,d2,d5,0.0,20,55464454325445522333,9,0,0.262,0.389,27.0,2.0,9,0,3.957,7.373,398.8,4.33
depth,d2,d5,12,55,d5,d5,0.0,7,5544326,2,0,0.216,0.349,19.0,2.0,3,0,2.493,6.752,273.0,3.0
depth,d2,d5,13,342,d2,d5,0.0,18,342444253335476657,7,0,0.554,0.838,28.1,2.0,8,0,10.542,21.138,612.4,4.25
depth,d2,d5,13,342,d5,d2,1.0,32,34244342442233336662267766777755,15,0,0.212,0.36,23.2,1.93,14,0,2.707,7.655,316.8,4.71
depth,d2,d5,14,6653,d2,d5,0.0,20,66534744443336677555,8,0,0.291,0.366,29.0,2.0,8,0,5.296,9.889,556.1,4.25
depth,d2,d5,14,6653,d5,d5,0.0,41,66534744455543233343556776661111222221177,18,0,0.262,0.944,21.9,2.0,19,0,4.767,17.741,378.2,4.68
depth,d2,d5,15,76,d2,d5,0.0,32,76444423333434235522772267776655,15,0,0.288,0.538,27.1,2.0,15,0,4.306,8.232,485.8,4.6
depth,d2,d5,15,76,d5,d5,0.0,15,764446644633251,6,0,0.313,0.45,28.5,2.0,7,0,7.826,13.397,836.7,4.14
depth,d2,d5,16,344,d2,d2,1.0,37,3444344334331117777566666677111225555,17,0,0.192,0.358,20.6,1.94,17,0,3.765,8.428,410.9,4.76
depth,d2,d5,16,344,d5,d2,1.0,34,3443444333435551155561616666117222,16,0,0.217,0.35,22.7,1.94,15,0,3.234,7.362,365.5,4.6
depth,d2,d5,17,45,d2,d5,0.0,22,4544544455552231222333,10,0,0.231,0.332,24.1,2.0,10,0,3.92,8.528,451.1,4.4
depth,d2,d5,17,45,d5,d5,0.0,13,4544443333122,5,0,0.255,0.336,28.0,2.0,6,0,5.357,9.35,652.8,4.0
depth,d2,d5,18,4714,d2,d5,0.0,36,471432343342246534636655255517777766,16,0,0.25,0.373,25.9,2.0,16,0,3.242,10.149,351.1,4.62
depth,d2,d5,18,4714,d5,d5,0.0,11,47144466352,3,0,0.207,0.275,22.7,2.0,4,0,6.226,13.63,494.0,3.5
depth,d2,d5,19,7775,d2,d5,0.0,28,7775445444555452233372233111,12,0,0.256,0.436,25.4,2.0,12,0,3.67,8.696,406.0,4.42
depth,d2,d5,19,7775,d5,d5,0.0,41,77753444434343336627666767155221122255511,18,0,0.229,0.445,23.0,2.0,19,0,3.599,9.077,397.5,4.68
depth,d2,d5,20,453,d2,draw,0.5,42,453433443552421433122221676666611177755577,19,0,0.181,0.354,19.5,2.0,20,0,2.971,7.37,339.4,4.7
depth,d2,d5,20,453,d5,d5,0.0,15,453443453554122,6,0,0.292,0.494,29.7,2.0,6,0,3.854,7.855,439.3,4.0
depth,d2,d5,21,545,d2,d5,0.0,14,54554445425331,5,0,0.252,0.354,26.2,2.0,6,0,4.614,7.784,536.7,4.0
depth,d2,d5,21,545,d5,d5,0.0,33,545445454455361666111661172233322,15,0,0.286,0.797,23.1,2.0,15,0,4.502,11.528,426.7,4.6
depth,d2,d5,22,7152,d2,d2,1.0,39,715246544455445522222333333111177771766,18,0,0.2,0.394,21.3,1.94,17,0,3.333,9.966,369.8,4.76
depth,d2,d5,22,7152,d5,d5,0.0,17,71524644555442766,6,0,0.272,0.425,25.5,2.0,7,0,4.839,8.66,538.0,4.14
depth,d2,d5,23,71,d2,d5,0.0,42,714456545546642334533335766622222111117777,20,0,0.253,0.758,24.3,2.0,20,0,3.547,14.722,374.6,4.7
depth,d2,d5,23,71,d5,d5,0.0,11,71444422536,4,0,0.275,0.449,28.0,2.0,5,0,4.6,10.152,549.0,3.8
depth,d2,d5,24,5616,d2,d5,0.0,26,56164455653233655667333444,11,0,0.268,0.431,28.1,2.0,11,0,5.005,8.115,553.2,4.45
depth,d2,d5,24,5616,d5,d5,0.0,29,56163233336555252266526131441,12,0,0.369,0.976,31.2,2.0,13,0,8.652,17.984,845.5,4.54
depth,d2,d5,25,4424,d2,d5,0.0,34,4424432422527664663333632617777755,15,0,0.242,0.479,25.5,2.0,15,0,3.067,8.854,336.9,4.6
depth,d2,d5,25,4424,d5,d5,0.0,7,4424351,1,0,0.076,0.076,9.0,2.0,2,0,0.46,0.912,54.5,2.0
depth,d2,d5,26,6464,d2,d5,0.0,14,64644443666251,5,0,0.397,0.953,27.2,2.0,5,0,4.489,10.664,493.0,3.8
depth,d2,d5,26,6464,d5,d2,1.0,32,64644323423236443366672227777755,14,0,0.242,0.461,22.0,1.93,14,0,3.526,12.211,369.4,4.71
depth,d2,d5,27,5354,d2,d2,1.0,35,53544341243355443355611111777777666,16,0,0.307,0.584,20.4,1.94,15,0,3.465,10.125,255.5,4.4
depth,d2,d5,27,5354,d5,d5,0.0,41,53544355444336154536111113667222777776622,18,0,0.22,0.454,19.7,2.0,19,0,3.113,9.144,310.4,4.68
depth,d2,d5,28,3576,d2,d5,0.0,24,357644344334433277725522,10,0,0.327,0.487,29.4,2.0,10,0,6.406,12.791,627.5,4.4
depth,d2,d5,28,3576,d5,d5,0.0,19,3576335556466321244,7,0,0.31,0.51,31.3,2.0,8,0,7.819,16.696,798.0,4.25
depth,d2,d5,29,6474,d2,d5,0.0,12,647444433251,4,0,0.357,0.637,29.8,2.0,4,0,6.98,13.758,671.0,3.5
depth,d2,d5,29,6474,d5,d2,1.0,32,64744443233342322626673266777755,14,0,0.267,0.516,26.7,1.93,14,0,4.801,13.519,502.8,4.71
depth,d2,d5,30,237,d2,d2,1.0,35,23744433265532544433777772226666655,16,0,0.208,0.349,22.5,1.94,16,0,3.747,11.389,428.6,4.75
depth,d2,d5,30,237,d5,d5,0.0,27,237443344321624223436677555,12,0,0.27,0.392,27.0,2.0,12,0,5.551,10.981,546.8,4.5
depth,d2,d5,31,112,d2,d2,1.0,23,11244444342222266576533,10,0,0.285,0.554,29.8,1.9,10,0,5.487,11.119,598.1,4.6
depth,d2,d5,31,112,d5,d5,0.0,31,1124444244511555556631133333222,14,0,0.264,0.411,26.4,2.0,14,0,6.424,12.755,626.8,4.57
depth,d2,d5,32,5475,d2,d5,0.0,24,547544545445532222262333,10,0,0.28,0.635,24.1,2.0,10,0,4.45,7.798,443.7,4.4
depth,d2,d5,32,5475,d5,d2,1.0,26,54755444545542111117773322,11,0,0.357,0.575,25.4,1.91,11,0,6.877,14.99,473.2,4.64
depth,d2,d5,33,323,d2,d5,0.0,38,32334444364322242326666611117777771155,17,0,0.302,0.691,21.8,2.0,18,0,4.939,15.407,380.6,4.67
depth,d2,d5,33,323,d5,d5,0.0,15,323344443214655,6,0,0.722,2.339,32.7,2.0,6,0,7.392,23.096,550.7,4.0
depth,d2,d5,34,4457,d2,d2,1.0,7,4457326,2,0,0.141,0.273,15.0,1.5,1,0,0.086,0.086,9.0,2.0
depth,d2,d5,34,4457,d5,d5,0.0,7,4457326,1,0,0.081,0.081,9.0,2.0,2,0,0.433,0.856,43.0,2.0
depth,d2,d5,35,745,d2,d5,0.0,34,7454445455545111776113233371337722,15,0,0.313,0.881,25.0,2.0,16,0,4.172,7.603,423.5,4.62
depth,d2,d5,35,745,d5,d5,0.0,21,745445454455252212333,9,0,0.25,0.382,23.2,2.0,9,0,4.583,7.429,481.9,4.33
depth,d2,d5,36,1733,d2,d5,0.0,32,17334244343443351511112777222552,14,0,0.272,0.475,23.8,2.0,14,0,3.299,7.8,306.6,4.57
depth,d2,d5,36,1733,d5,d5,0.0,23,17334234223663622644555,9,0,0.34,0.724,33.3,2.0,10,0,6.571,9.805,639.7,4.4
depth,d2,d5,37,714,d2,d5,0.0,42,714456545546642334533335766622222111117777,19,0,0.248,0.682,24.1,2.0,20,0,3.402,10.846,374.6,4.7
depth,d2,d5,37,714,d5,d5,0.0,11,71444422536,4,0,0.252,0.385,28.0,2.0,4,0,4.574,10.717,508.0,3.5
depth,d2,d5,38,6753,d2,d5,0.0,34,6753445455432435212241522117771133,15,0,0.277,0.406,25.1,2.0,15,0,3.973,7.904,397.9,4.6
depth,d2,d5,38,6753,d5,d2,1.0,38,67534445355244533433526711777722221111,17,0,0.215,0.384,22.0,1.94,17,0,3.699,12.862,400.9,4.76
depth,d2,d5,39,247,d2,d5,0.0,34,2474442442262353555556273333777766,15,0,0.247,0.665,22.2,2.0,16,0,4.898,12.783,481.3,4.62
depth,d2,d5,39,247,d5,d5,0.0,27,247343344321624223436677555,12,0,0.305,0.544,28.5,2.0,12,0,5.683,12.711,546.8,4.5
depth,d2,d5,40,4163,d2,d5,0.0,24,416344343446571333661555,10,0,0.724,4.838,24.5,2.0,10,0,5.067,14.416,384.3,4.4
depth,d2,d5,40,4163,d5,d2,1.0,34,4163444343334131172777575551551722,15,0,0.257,0.451,25.7,1.93,15,0,5.2,13.51,482.2,4.73
depth,d2,d5,41,312,d2,d5,0.0,18,312442332336644755,7,0,0.334,0.699,30.3,2.0,8,0,7.91,18.723,682.8,4.25
depth,d2,d5,41,312,d5,d5,0.0,29,31244344334343512111177656552,13,0,0.267,0.447,26.3,2.0,13,0,4.325,7.366,457.8,4.54
depth,d2,d5,42,7424,d2,d5,0.0,34,7424442442262353555556273333777766,15,0,0.23,0.406,22.2,2.0,15,0,4.705,15.627,443.3,4.6
depth,d2,d5,42,7424,d5,d2,1.0,36,742444433332135521423777555522177666,16,0,0.246,0.466,25.2,1.94,16,0,4.123,11.313,439.3,4.62
depth,d2,d5,43,11,d2,d5,0.0,20,11443234565445335637,9,0,0.264,0.336,28.1,2.0,9,0,3.124,6.538,349.1,4.33
depth,d2,d5,43,11,d5,d5,0.0,37,1144444453333533555526666662277777722,17,0,0.233,0.489,21.4,2.0,18,0,3.66,9.788,403.9,4.67
depth,d2,d5,44,557,d2,d5,0.0,24,557444545445532222262333,10,0,0.233,0.357,24.1,2.0,11,0,4.202,7.153,445.9,4.45
depth,d2,d5,44,557,d5,d2,1.0,26,55745444545542111117773322,12,0,0.304,0.471,25.7,1.92,11,0,4.607,8.084,473.2,4.64
depth,d2,d5,45,57,d2,d5,0.0,36,574344345355435334751111117777226622,17,0,0.233,0.383,22.1,2.0,17,0,2.879,9.259,310.4,4.65
depth,d2,d5,45,57,d5,d5,0.0,7,5744326,2,0,0.212,0.312,22.0,2.0,3,0,2.998,8.14,268.3,3.0
depth,d2,d5,46,21,d2,d5,0.0,38,21444423325467546666221267111177773333,18,0,0.305,0.486,30.3,2.0,18,0,4.171,11.177,456.8,4.67
depth,d2,d5,46,21,d5,draw,0.5,42,214444532345533242233555766266611677777111,20,0,0.199,0.408,21.1,1.95,20,0,3.831,11.577,417.9,4.8
depth,d2,d5,47,1753,d2,d5,0.0,32,17531511334544436454331177755666,14,0,0.34,0.604,27.3,2.0,14,0,5.275,14.594,496.7,4.57
depth,d2,d5,47,1753,d5,d5,0.0,39,175337377544445533445531112771166666622,17,0,0.271,0.952,23.1,2.0,18,0,3.798,11.711,399.6,4.67
depth,d2,d5,48,7632,d2,d5,0.0,34,7632444433343423225577226777661555,15,0,0.234,0.42,23.7,2.0,15,0,4.386,8.737,477.5,4.6
depth,d2,d5,48,7632,d5,d5,0.0,27,763233322235626661715515144,11,0,0.4,0.611,39.4,2.0,12,0,7.721,15.305,849.6,4.5
depth,d2,d5,49,36,d2,d5,0.0,38,36423342236443344666677771771222111155,18,0,0.307,0.576,20.2,2.0,18,0,4.527,9.848,368.1,4.67
depth,d2,d5,49,36,d5,d5,0.0,7,3644251,2,0,0.192,0.298,22.0,2.0,3,0,2.665,7.162,324.3,3.0
depth,d2,d6,0,35,d2,d6,0.0,36,354433443555451224122523311266661166,17,0,0.275,0.617,23.3,2.0,17,0,8.564,26.296,757.5,5.47
depth,d2,d6,0,35,d6,d6,0.0,15,354443354554122,6,0,0.293,0.37,29.8,2.0,7,0,10.519,22.593,1187.1,4.86
depth,d2,d6,1,6712,d2,d6,0.0,26,67124444646635553554522233,11,0,0.302,0.43,30.0,2.0,11,0,9.657,22.589,1125.1,5.27
depth,d2,d6,1,6712,d6,d6,0.0,27,671234444332433423252266557,11,0,0.265,0.474,26.4,2.0,12,0,10.932,23.983,1246.9,5.33
depth,d2,d6,2,5547,d2,d2,1.0,7,5547326,2,0,0.164,0.319,18.0,1.5,1,0,0.08,0.08,9.0,2.0
depth,d2,d6,2,5547,d6,d6,0.0,7,5547326,1,0,0.082,0.082,9.0,2.0,2,0,0.413,0.818,46.0,2.0
depth,d2,d6,3,5767,d2,d6,0.0,32,57674344345655433545311166131122,14,0,0.251,0.363,24.2,2.0,14,0,6.362,14.849,715.6,5.36
depth,d2,d6,3,5767,d6,d6,0.0,33,576743444433566543353622262226155,14,0,0.251,0.425,22.4,2.0,15,0,8.676,24.522,960.3,5.4
depth,d2,d6,4,775,d2,d6,0.0,18,775444444555525331,7,0,0.296,0.498,26.1,2.0,8,0,12.993,34.687,1305.4,5.0
depth,d2,d6,4,775,d6,draw,0.5,42,775444444755555177222222713313333116166666,20,0,0.231,0.641,20.6,1.95,19,0,8.903,39.089,998.9,5.68
depth,d2,d6,5,215,d2,d6,0.0,40,2154445424452255522111777777116666663333,18,0,0.199,0.546,19.6,2.0,19,0,5.131,17.772,570.2,5.53
depth,d2,d6,5,215,d6,d2,1.0,34,2154444545465551222221136661616733,16,0,0.259,0.462,23.7,1.94,15,0,9.795,22.918,981.7,5.6
depth,d2,d6,6,13,d2,d6,0.0,32,13443443343435111177772177656556,15,0,0.283,0.472,26.7,2.0,15,0,8.199,17.851,889.5,5.4
depth,d2,d6,6,13,d6,d6,0.0,17,13444343344366755,7,0,0.396,0.509,25.4,2.0,8,0,14.853,33.315,1118.4,5.0
depth,d2,d6,7,41,d2,d2,1.0,39,415654445544551311112333337777772222266,19,0,0.349,2.019,20.6,1.95,18,0,8.883,25.115,726.1,5.67
depth,d2,d6,7,41,d6,d6,0.0,7,4154326,2,0,0.345,0.571,22.0,2.0,3,0,10.16,29.346,718.0,3.33
depth,d2,d6,8,4632,d2,d2,1.0,39,463234443344336666622522271777775555511,18,0,0.223,0.661,19.7,1.94,17,0,5.527,15.955,643.2,5.18
depth,d2,d6,8,4632,d6,d2,1.0,36,463244434222422777711171766655661133,16,0,0.268,0.477,26.1,1.94,16,0,10.174,21.792,1129.3,5.62
depth,d2,d6,9,333,d2,d2,1.0,39,333544445355443535211111617777772222266,18,0,0.193,0.357,21.7,1.94,18,0,6.119,17.034,720.8,5.67
depth,d2,d6,9,333,d6,d2,1.0,40,3332334544442143511117716666662222777755,19,0,0.258,0.81,22.0,1.95,18,0,8.644,25.427,945.4,5.67
depth,d2,d6,10,656,d2,d6,0.0,40,6566553536335163635111112722227277774444,18,0,0.258,0.672,25.4,2.0,19,0,7.325,22.614,809.1,5.53
depth,d2,d6,10,656,d6,d6,0.0,37,6564455653235536664444333111111777777,17,0,0.22,0.486,21.0,2.0,17,0,7.313,20.907,813.0,5.47
depth,d2,d6,11,63,d2,d6,0.0,18,634444345755655667,8,0,0.318,0.453,29.8,2.0,8,0,7.997,16.632,908.0,5.0
depth,d2,d6,11,63,d6,d2,1.0,34,6344434433364663111661117557777755,16,0,0.294,0.533,22.1,1.94,16,0,9.582,25.504,820.1,5.62
depth,d2,d6,12,55,d2,d6,0.0,20,55464454325445522333,9,0,0.267,0.381,27.0,2.0,9,0,6.41,11.867,714.7,5.0
depth,d2,d6,12,55,d6,d6,0.0,7,5544326,2,0,0.166,0.253,19.0,2.0,3,0,4.74,13.534,570.7,3.33
depth,d2,d6,13,342,d2,d2,1.0,31,3424442434332233522676666617555,14,0,0.235,0.401,24.5,1.93,14,0,7.17,30.215,848.4,4.86
depth,d2,d6,13,342,d6,d2,1.0,32,34244342323423246326667667777755,15,0,0.279,0.478,22.7,1.93,14,0,7.494,21.442,654.8,5.57
depth,d2,d6,14,6653,d2,d6,0.0,20,66534744443336677555,8,0,0.289,0.421,29.0,2.0,8,0,9.735,22.403,1080.0,4.88
depth,d2,d6,14,6653,d6,d6,0.0,35,66534744454455333335522222277666611,15,0,0.223,0.439,22.4,2.0,16,0,8.324,23.935,896.4,5.44
depth,d2,d6,15,76,d2,d6,0.0,40,7644442333321434372255666662127777111155,19,0,0.225,0.39,21.5,2.0,19,0,8.295,19.814,950.4,5.53
depth,d2,d6,15,76,d6,d6,0.0,15,764446446624351,6,0,0.309,0.416,31.0,2.0,7,0,14.352,21.807,1677.9,4.86
depth,d2,d6,16,344,d2,d6,0.0,36,344434433433111662226666111755577755,16,0,0.219,0.343,22.4,2.0,17,0,6.359,15.609,765.1,5.53
depth,d2,d6,16,344,d6,d2,1.0,38,34434443334355511555611117777767666622,18,0,0.2,0.312,21.7,1.94,17,0,5.16,12.265,623.2,5.65
depth,d2,d6,17,45,d2,d2,1.0,35,45445445545512221222111177777666733,17,0,0.206,0.365,21.6,1.94,16,0,6.535,17.898,761.6,5.62
depth,d2,d6,17,45,d6,draw,0.5,42,454444455555222333333277722117111166666677,20,0,0.191,0.344,18.2,1.95,20,0,6.168,18.35,707.9,5.7
depth,d2,d6,18,4714,d2,d2,1.0,35,47143233443643646316667177717115555,16,0,0.25,0.414,22.8,1.94,15,0,8.261,25.035,897.9,5.6
depth,d2,d6,18,4714,d6,d6,0.0,21,471444326565255433666,8,0,0.276,0.412,24.6,2.0,9,0,17.689,31.115,1904.7,5.11
depth,d2,d6,19,7775,d2,draw,0.5,42,777544544457554571111211333332237222666666,19,0,0.232,0.427,23.1,2.0,19,0,6.674,24.068,755.1,5.53
depth,d2,d6,19,7775,d6,d6,0.0,17,77754445455425331,6,0,0.296,0.393,27.2,2.0,7,0,12.424,24.297,1128.6,4.86
depth,d2,d6,20,453,d2,d6,0.0,36,453433443555451224122523311266661166,16,0,0.228,0.388,22.9,2.0,17,0,6.565,18.053,757.5,5.47
depth,d2,d6,20,453,d6,d6,0.0,15,453443354554122,6,0,0.403,0.617,29.8,2.0,6,0,13.039,30.984,922.0,4.67
depth,d2,d6,21,545,d2,d2,1.0,35,54544455445562112222266166163117333,16,0,0.263,0.51,21.7,1.94,16,0,9.309,22.054,790.8,5.5
depth,d2,d6,21,545,d6,d6,0.0,39,545445454455116331333361117777772226666,18,0,0.189,0.417,19.3,2.0,18,0,5.214,15.548,589.5,5.5
depth,d2,d6,22,7152,d2,d2,1.0,39,715246544455445522222333373377771111166,18,0,0.205,0.378,20.9,1.94,17,0,6.492,19.725,734.9,5.65
depth,d2,d6,22,7152,d6,d2,1.0,38,71524644464541555512222266617777611733,17,0,0.368,0.693,24.5,1.94,17,0,11.347,27.045,934.0,5.65
depth,d2,d6,23,71,d2,d2,1.0,33,714456554452452425722211171177733,16,0,0.264,0.484,24.8,1.94,15,0,9.182,24.538,1003.4,5.6
depth,d2,d6,23,71,d6,d6,0.0,21,714444562323633455222,9,0,0.327,0.505,28.0,2.0,10,0,24.681,47.307,1808.2,5.2
depth,d2,d6,24,5616,d2,d2,1.0,35,56164455653235536664444333111117722,16,0,0.211,0.399,21.2,1.94,15,0,7.466,15.694,847.2,5.6
depth,d2,d6,24,5616,d6,d2,1.0,38,56166553535563361677711331177722222244,17,0,0.233,0.436,23.2,1.94,17,0,8.29,30.926,951.7,5.65
depth,d2,d6,25,4424,d2,d6,0.0,34,4424432422527664663333632617777755,15,0,0.254,0.507,25.5,2.0,15,0,6.251,15.58,659.7,5.4
depth,d2,d6,25,4424,d6,d6,0.0,7,4424351,1,0,0.077,0.077,9.0,2.0,2,0,0.546,1.084,54.5,2.0
depth,d2,d6,26,6464,d2,d6,0.0,14,64644446636251,5,0,0.271,0.377,29.0,2.0,5,0,11.186,20.294,1316.2,4.4
depth,d2,d6,26,6464,d6,d2,1.0,32,64644323423236443366672227777755,14,0,0.226,0.44,22.0,1.93,14,0,6.744,24.335,755.9,5.57
depth,d2,d6,27,5354,d2,d6,0.0,30,535444343445512253533122711122,13,0,0.212,0.436,21.4,2.0,13,0,4.961,17.355,549.2,5.31
depth,d2,d6,27,5354,d6,d6,0.0,17,53544343364455637,6,0,0.205,0.327,21.0,2.0,7,0,6.859,13.491,767.4,4.71
depth,d2,d6,28,3576,d2,d2,1.0,37,3576443344342123543655622255621661777,17,0,0.216,0.379,21.7,1.94,16,0,6.645,20.277,728.4,5.25
depth,d2,d6,28,3576,d6,d6,0.0,19,3576566444434356557,7,0,0.311,0.466,31.9,2.0,8,0,16.202,41.816,1715.0,4.88
depth,d2,d6,29,6474,d2,d6,0.0,12,647444433251,4,0,0.32,0.47,29.8,2.0,4,0,11.145,25.5,1240.8,4.0
depth,d2,d6,29,6474,d6,d2,1.0,32,64744443233342323222666667777755,14,0,0.279,0.839,23.4,1.93,14,0,10.318,35.594,1054.8,5.57
depth,d2,d6,30,237,d2,d6,0.0,40,2376444433321434372255666662127777111155,18,0,0.293,0.763,21.2,2.0,19,0,9.832,25.565,969.5,5.53
depth,d2,d6,30,237,d6,d6,0.0,27,237443344321624223436677555,12,0,0.317,0.692,27.0,2.0,12,0,9.716,21.942,1018.2,5.25
depth,d2,d6,31,112,d2,d6,0.0,26,11244444342222266755515133,11,0,0.28,0.489,29.8,2.0,12,0,10.508,31.978,1131.0,5.33
depth,d2,d6,31,112,d6,draw,0.5,42,112444424431226622666611133555555333777777,20,0,0.213,0.418,22.7,1.95,19,0,9.417,25.352,1117.7,5.68
depth,d2,d6,32,5475,d2,d2,1.0,39,547544545445532226222177777666661111133,18,0,0.194,0.407,18.0,1.94,17,0,5.6,17.388,581.7,5.65
depth,d2,d6,32,5475,d6,d2,1.0,32,54755444545542111122272772117733,14,0,0.254,0.373,23.0,1.93,14,0,8.14,17.902,840.9,5.57
depth,d2,d6,33,323,d2,draw,0.5,42,323344443212262443326666611777177755555511,19,0,0.191,0.401,20.1,2.0,20,0,6.007,17.316,684.6,5.55
depth,d2,d6,33,323,d6,draw,0.5,42,323332244444432232777755555577111111666666,20,0,0.206,0.663,18.5,1.95,19,0,8.099,31.268,831.8,5.68
depth,d2,d6,34,4457,d2,d2,1.0,7,4457326,2,0,0.176,0.343,15.0,1.5,1,0,0.08,0.08,9.0,2.0
depth,d2,d6,34,4457,d6,d6,0.0,7,4457326,1,0,0.09,0.09,9.0,2.0,2,0,0.491,0.972,43.0,2.0
depth,d2,d6,35,745,d2,d6,0.0,36,745444545554511177673333133172172222,16,0,0.267,0.659,25.5,2.0,17,0,7.768,14.74,834.6,5.53
depth,d2,d6,35,745,d6,d6,0.0,21,745445454455777562666,9,0,0.277,0.413,25.3,2.0,9,0,10.155,16.708,1093.7,5.0
depth,d2,d6,36,1733,d2,d6,0.0,36,173342443434433515111555512777772222,16,0,0.216,0.357,21.1,2.0,16,0,4.577,8.961,513.2,5.44
depth,d2,d6,36,1733,d6,d2,1.0,40,1733424443433643766666771177111552222255,18,0,0.219,0.494,20.0,1.94,18,0,5.758,16.946,650.7,5.67
depth,d2,d6,37,714,d2,d2,1.0,33,714456554452452425722211171177733,15,0,0.246,0.403,24.5,1.93,15,0,9.37,24.992,1003.4,5.6
depth,d2,d6,37,714,d6,d6,0.0,21,714444562323633455222,9,0,0.279,0.465,28.0,2.0,9,0,16.221,29.079,1831.0,5.11
depth,d2,d6,38,6753,d2,d6,0.0,36,675344545543243254667522722777333666,16,0,0.237,0.425,23.1,2.0,16,0,6.077,15.891,677.5,5.44
depth,d2,d6,38,6753,d6,d6,0.0,25,6753553633536625672272744,10,0,0.364,0.64,32.7,2.0,11,0,23.289,46.096,2172.5,5.27
depth,d2,d6,39,247,d2,d6,0.0,30,247444244222267353365577515335,13,0,0.238,0.359,24.4,2.0,14,0,9.842,18.915,1067.5,5.43
depth,d2,d6,39,247,d6,d6,0.0,27,247343344321624223436677555,12,0,0.3,0.492,28.5,2.0,12,0,9.261,16.264,1018.2,5.25
depth,d2,d6,40,4163,d2,d2,1.0,33,416344364334636466371711117557557,15,0,0.234,0.495,22.7,1.93,14,0,8.031,20.79,890.2,5.57
depth,d2,d6,40,4163,d6,d6,0.0,33,416344434333413117727766666177555,14,0,0.324,1.061,25.4,2.0,15,0,9.285,19.967,986.2,5.47
depth,d2,d6,41,312,d2,d6,0.0,36,312544343345645634221366166111555222,16,0,0.257,0.437,23.1,2.0,17,0,7.75,17.415,740.6,5.47
depth,d2,d6,41,312,d6,d6,0.0,33,312443443343435111177755555717722,15,0,0.262,0.399,24.7,2.0,15,0,8.517,23.245,841.9,5.4
depth,d2,d6,42,7424,d2,d6,0.0,30,742444244222267353365577515335,13,0,0.322,0.602,24.4,2.0,13,0,12.159,33.28,998.6,5.38
depth,d2,d6,42,7424,d6,d2,1.0,36,742444432233533242235677677666671155,16,0,0.265,0.671,23.3,1.94,16,0,9.372,29.646,953.6,5.62
depth,d2,d6,43,11,d2,d6,0.0,22,1144323456544355325221,10,0,0.271,0.377,27.1,2.0,10,0,6.681,13.132,737.5,5.1
depth,d2,d6,43,11,d6,d6,0.0,17,11444432432333655,7,0,0.275,0.347,28.1,2.0,8,0,11.95,22.853,1419.6,5.0
depth,d2,d6,44,557,d2,d2,1.0,39,557444545445532226222177777666661111133,18,0,0.225,0.382,18.0,1.94,18,0,6.654,20.941,624.8,5.67
depth,d2,d6,44,557,d6,d2,1.0,32,55745444545542111122272772117733,15,0,0.366,1.337,23.4,1.93,14,0,9.795,19.59,840.9,5.57
depth,d2,d6,45,57,d2,d6,0.0,34,5743443453554353347111151177776622,16,0,0.335,0.579,22.4,2.0,16,0,9.099,25.831,614.4,5.44
depth,d2,d6,45,57,d6,d6,0.0,7,5744326,2,0,0.217,0.308,22.0,2.0,3,0,4.578,12.907,546.7,3.33
depth,d2,d6,46,21,d2,d6,0.0,40,2144442333322424676666673327771117115555,19,0,0.261,0.506,25.3,2.0,19,0,10.082,29.064,1098.7,5.53
depth,d2,d6,46,21,d6,d6,0.0,39,214444532333422347317112266667665557557,18,0,0.239,0.428,24.8,2.0,19,0,10.481,28.029,1112.9,5.53
depth,d2,d6,47,1753,d2,draw,0.5,42,175315113553344444435135177676666767222222,19,0,0.21,0.422,21.9,2.0,19,0,9.008,42.227,986.6,5.53
depth,d2,d6,47,1753,d6,d6,0.0,39,175337377533555344444451117211766666622,17,0,0.271,0.577,23.4,2.0,18,0,8.887,23.288,972.7,5.5
depth,d2,d6,48,7632,d2,d6,0.0,34,7632444433343423225577226777661555,15,0,0.227,0.38,23.7,2.0,15,0,8.045,17.39,927.1,5.47
depth,d2,d6,48,7632,d6,d6,0.0,23,76323332223562667755744,9,0,0.435,0.845,39.4,2.0,10,0,19.679,43.111,1885.8,5.2
depth,d2,d6,49,36,d2,d2,1.0,39,364234443344336666622522271777775555511,19,0,0.182,0.351,20.2,1.95,18,0,5.843,15.463,704.7,5.22
depth,d2,d6,49,36,d6,d6,0.0,7,3644251,2,0,0.193,0.299,22.0,2.0,3,0,4.853,13.731,597.0,3.33
depth,d2,d7,0,35,d2,d7,0.0,18,354433443552445251,8,0,0.309,0.401,29.1,2.0,8,0,20.045,47.648,2255.2,5.75
depth,d2,d7,0,35,d7,draw,0.5,42,355443545544476651111133331222272266667777,20,0,0.225,0.403,20.4,1.95,20,0,15.84,52.291,1682.2,6.55
depth,d2,d7,1,6712,d2,d7,0.0,26,67124444646635553554522233,11,0,0.347,0.74,30.0,2.0,11,0,23.294,58.706,2304.2,6.09
depth,d2,d7,1,6712,d7,d7,0.0,41,67124444436663233223422311177667555117755,18,0,0.335,1.038,23.9,2.0,19,0,28.815,79.246,2499.6,6.37
depth,d2,d7,2,5547,d2,d2,1.0,7,5547326,2,0,0.169,0.329,18.0,1.5,1,0,0.13,0.13,9.0,2.0
depth,d2,d7,2,5547,d7,d7,0.0,7,5547326,1,0,0.158,0.158,9.0,2.0,2,0,0.48,0.95,46.0,2.0
depth,d2,d7,3,5767,d2,d7,0.0,32,57674344345655433545336611111122,14,0,0.276,0.717,22.2,2.0,14,0,14.736,41.561,1293.4,6.14
depth,d2,d7,3,5767,d7,d7,0.0,21,576743444455554777366,8,0,0.31,0.437,31.2,2.0,9,0,23.923,56.83,2464.0,5.89
depth,d2,d7,4,775,d2,d7,0.0,18,775444444555525331,7,0,0.279,0.344,26.1,2.0,8,0,29.41,66.169,2961.2,5.75
depth,d2,d7,4,775,d7,draw,0.5,42,775444444755555112327773333361111666662222,20,0,0.233,0.557,21.6,1.95,19,0,19.346,87.413,1859.5,6.53
depth,d2,d7,5,215,d2,d7,0.0,40,2154445424452255512211777117776666663333,18,0,0.197,0.39,19.4,2.0,19,0,9.661,37.213,1111.5,6.37
depth,d2,d7,5,215,d7,d2,1.0,34,2154444545465551113133317733777722,16,0,0.266,0.503,25.0,1.94,15,0,22.971,54.352,2276.1,6.4
depth,d2,d7,6,13,d2,d7,0.0,28,1344344334343512721117656552,13,0,0.319,0.505,28.0,2.0,13,0,19.774,45.19,1966.7,6.08
depth,d2,d7,6,13,d7,d7,0.0,39,135445444553345571111167663332666777722,18,0,0.251,0.557,22.9,2.0,19,0,20.234,52.553,2126.0,6.37
depth,d2,d7,7,41,d2,d2,1.0,35,41534453344334767663626621111177755,17,0,0.239,0.425,25.0,1.94,16,0,15.279,42.109,1673.6,6.19
depth,d2,d7,7,41,d7,d7,0.0,9,414455326,3,0,0.23,0.339,25.3,2.0,4,0,29.865,62.521,3178.0,4.5
depth,d2,d7,8,4632,d2,d2,1.0,39,463234443344336666655555571771111177722,18,0,0.226,0.553,19.9,1.94,17,0,13.965,49.734,1372.4,6.47
depth,d2,d7,8,4632,d7,d7,0.0,25,4632444342224227776666555,10,0,0.336,0.609,30.2,2.0,11,0,30.605,59.241,2953.1,5.91
depth,d2,d7,9,333,d2,draw,0.5,42,333444434433666666515225555111222121777777,19,0,0.191,0.696,18.0,2.0,20,0,12.304,46.04,1434.9,6.4
depth,d2,d7,9,333,d7,d7,0.0,39,333233224225154555273577777666441441166,18,0,0.322,0.819,26.1,2.0,18,0,21.009,64.68,2156.1,6.33
depth,d2,d7,10,656,d2,d7,0.0,38,65665535355633616111331127772222777244,17,0,0.312,0.743,24.8,2.0,18,0,17.649,49.803,1626.4,6.33
depth,d2,d7,10,656,d7,d7,0.0,37,6564455653235563336362124424427277777,17,0,0.245,0.437,22.8,2.0,17,0,16.338,41.186,1789.9,6.29
depth,d2,d7,11,63,d2,d7,0.0,18,634444345755655667,8,0,0.335,0.572,29.8,2.0,8,0,18.027,40.533,1919.5,5.75
depth,d2,d7,11,63,d7,d2,1.0,38,63444344463336637557222555625622777711,18,0,0.216,0.4,20.7,1.94,18,0,15.273,46.865,1630.2,6.5
depth,d2,d7,12,55,d2,d7,0.0,38,55434467545445516111117667662277733322,18,0,0.248,0.405,23.9,2.0,18,0,17.759,45.266,1812.6,6.33
depth,d2,d7,12,55,d7,d7,0.0,7,5544326,2,0,0.26,0.398,19.0,2.0,3,0,12.875,37.669,1244.0,3.67
depth,d2,d7,13,342,d2,d7,0.0,26,34244422342422666766677555,11,0,0.316,0.646,30.8,2.0,12,0,26.401,55.603,2908.5,6.17
depth,d2,d7,13,342,d7,d2,1.0,32,34244342443233237227666666777755,15,0,0.234,0.458,21.3,1.93,14,0,11.694,34.397,1288.6,6.36
depth,d2,d7,14,6653,d2,d7,0.0,20,66534744443336677555,8,0,0.322,0.452,29.0,2.0,8,0,20.408,55.352,2156.4,5.5
depth,d2,d7,14,6653,d7,d7,0.0,31,6653474445446633333627767771122,13,0,0.279,0.61,26.2,2.0,14,0,23.206,46.005,2428.9,6.29
depth,d2,d7,15,76,d2,d7,0.0,22,7644442334343336677555,10,0,0.366,0.61,29.9,2.0,10,0,32.977,70.359,2794.6,5.8
depth,d2,d7,15,76,d7,d2,1.0,36,764446234436633746332767755711111155,17,0,0.25,0.406,26.1,1.94,17,0,21.576,62.455,2285.1,6.47
depth,d2,d7,16,344,d2,d7,0.0,34,3444344433336655555522111111777766,15,0,0.205,0.437,20.1,2.0,16,0,12.184,32.97,1290.6,6.25
depth,d2,d7,16,344,d7,d7,0.0,37,3443444333435551616115551172222227667,17,0,0.223,0.354,21.6,2.0,17,0,11.144,28.944,1288.9,6.29
depth,d2,d7,17,45,d2,d7,0.0,38,45445444555523322313223321777777661166,18,0,0.257,0.483,19.1,2.0,18,0,12.617,42.344,1199.0,6.33
depth,d2,d7,17,45,d7,d7,0.0,13,4544443333122,5,0,0.458,1.059,28.0,2.0,6,0,25.655,43.133,2853.5,5.33
depth,d2,d7,18,4714,d2,d7,0.0,42,471432334344345655531777767666622255111122,19,0,0.334,0.639,22.5,2.0,19,0,18.12,64.303,1480.5,6.37
depth,d2,d7,18,4714,d7,d2,1.0,32,47144443433333711117717755555522,14,0,0.236,0.424,23.6,1.93,14,0,17.233,58.091,1954.3,6.36
depth,d2,d7,19,7775,d2,d7,0.0,40,7775445444575545731111333313221766666622,18,0,0.243,0.387,24.9,2.0,18,0,12.939,35.798,1483.3,6.33
depth,d2,d7,19,7775,d7,d2,1.0,34,7775344443433343275555561111117722,15,0,0.273,0.724,26.1,1.93,15,0,19.581,45.808,2095.3,6.4
depth,d2,d7,20,453,d2,d7,0.0,18,453433443552445251,7,0,0.315,0.507,29.1,2.0,8,0,19.403,46.074,2255.2,5.75
depth,d2,d7,20,453,d7,d7,0.0,15,453443453554122,6,0,0.31,0.417,29.7,2.0,6,0,18.384,44.795,2038.7,5.33
depth,d2,d7,21,545,d2,d2,1.0,39,545444554455611111317333332777772222266,18,0,0.249,0.595,20.6,1.94,18,0,15.087,43.202,1596.8,6.5
depth,d2,d7,21,545,d7,d7,0.0,27,545445454455631131611666336,12,0,0.258,0.446,25.8,2.0,12,0,13.857,30.794,1533.2,6.17
depth,d2,d7,22,7152,d2,d2,1.0,39,715246544455445522222333333117777171166,18,0,0.23,0.505,21.4,1.94,17,0,13.384,47.116,1523.7,6.47
depth,d2,d7,22,7152,d7,d2,1.0,36,715246444665464621222111261755557733,16,0,0.298,0.581,26.7,1.94,16,0,23.79,57.721,2600.1,6.44
depth,d2,d7,23,71,d2,d7,0.0,42,714456554544543233357111121222266633777766,20,0,0.231,0.377,22.7,2.0,20,0,14.485,42.734,1577.2,6.4
depth,d2,d7,23,71,d7,d2,1.0,32,71444445455555177711117733333322,15,0,0.241,0.402,24.8,1.93,15,0,19.97,58.637,2189.9,6.4
depth,d2,d7,24,5616,d2,d7,0.0,26,56164455653235536667333444,11,0,0.263,0.376,27.5,2.0,11,0,21.925,46.792,2262.6,5.91
depth,d2,d7,24,5616,d7,d7,0.0,27,561665533433515533666222244,11,0,0.262,0.481,25.8,2.0,12,0,24.783,61.405,2801.8,6.17
depth,d2,d7,25,4424,d2,d7,0.0,34,4424432422547662663333632617777755,15,0,0.262,0.559,26.2,2.0,15,0,12.352,42.24,1375.1,6.2
depth,d2,d7,25,4424,d7,d7,0.0,7,4424351,1,0,0.081,0.081,9.0,2.0,2,0,0.524,1.039,54.5,2.0
depth,d2,d7,26,6464,d2,d7,0.0,14,64644446626351,5,0,0.37,0.745,29.8,2.0,5,0,29.481,56.69,3104.6,5.0
depth,d2,d7,26,6464,d7,d2,1.0,32,64644323424432322366362677777755,14,0,0.201,0.378,20.4,1.93,14,0,14.286,83.646,1367.4,5.43
depth,d2,d7,27,5354,d2,d7,0.0,34,5354443434455122535122332772777766,15,0,0.207,0.389,20.6,2.0,15,0,9.047,36.586,988.1,6.2
depth,d2,d7,27,5354,d7,draw,0.5,42,535443344553454125332161111666667722227777,19,0,0.174,0.37,17.7,1.95,19,0,12.803,37.712,1488.7,6.53
depth,d2,d7,28,3576,d2,d7,0.0,24,357644344334433277725522,10,0,0.32,0.522,29.4,2.0,10,0,24.21,41.817,2695.8,6.0
depth,d2,d7,28,3576,d7,d7,0.0,15,357665544344366,5,0,0.282,0.473,25.4,2.0,6,0,33.547,101.225,3715.2,5.0
depth,d2,d7,29,6474,d2,d7,0.0,18,647444447766636251,7,0,0.296,0.493,28.6,2.0,7,0,35.324,69.433,3961.1,5.57
depth,d2,d7,29,6474,d7,d7,0.0,41,64744416461311325575636554511262222777733,18,0,0.248,0.457,24.6,2.0,19,0,19.264,98.134,2155.5,6.16
depth,d2,d7,30,237,d2,d2,1.0,39,237335246322644444326636777677211111155,18,0,0.231,0.524,22.4,1.94,18,0,17.287,71.791,1986.3,6.5
depth,d2,d7,30,237,d7,d7,0.0,39,237443344321556544777331112222555117766,18,0,0.232,0.366,23.1,2.0,18,0,12.415,31.753,1444.8,6.33
depth,d2,d7,31,112,d2,d2,1.0,35,11244444342222266117555155517777733,16,0,0.317,0.578,24.9,1.94,16,0,18.169,61.726,1837.9,6.44
depth,d2,d7,31,112,d7,d7,0.0,31,1124444244511555556631133333222,14,0,0.253,0.358,26.4,2.0,14,0,23.774,49.505,2778.2,6.14
depth,d2,d7,32,5475,d2,d7,0.0,34,5475445454455326232222777773366666,15,0,0.233,0.52,21.9,2.0,15,0,12.742,39.604,1399.3,6.2
depth,d2,d7,32,5475,d7,d2,1.0,32,54755454445547111111222222777733,14,0,0.212,0.463,19.9,1.93,14,0,11.224,35.374,1246.0,6.36
depth,d2,d7,33,323,d2,draw,0.5,42,323344443216242234316666655527755577771111,19,0,0.227,0.6,22.2,2.0,20,0,13.519,45.206,1592.8,6.4
depth,d2,d7,33,323,d7,d7,0.0,21,323332422144445665535,9,0,0.309,0.689,29.9,2.0,9,0,20.555,51.458,2445.7,5.67
depth,d2,d7,34,4457,d2,d2,1.0,7,4457326,2,0,0.146,0.284,15.0,1.5,1,0,0.088,0.088,9.0,2.0
depth,d2,d7,34,4457,d7,d7,0.0,7,4457326,1,0,0.121,0.121,9.0,2.0,2,0,0.397,0.78,43.0,2.0
depth,d2,d7,35,745,d2,d7,0.0,30,745444545554537763332337771122,13,0,0.27,0.489,26.1,2.0,14,0,15.997,43.298,1734.6,6.29
depth,d2,d7,35,745,d7,d7,0.0,21,745445454455252212333,9,0,0.318,0.686,23.2,2.0,9,0,26.212,52.659,2150.6,5.67
depth,d2,d7,36,1733,d2,d7,0.0,32,17334244343443351511112777222552,14,0,0.241,0.331,23.8,2.0,14,0,9.525,17.996,1110.9,6.29
depth,d2,d7,36,1733,d7,d7,0.0,29,17334234223633666767722265445,12,0,0.314,0.752,28.9,2.0,13,0,30.781,58.924,2986.5,6.23
depth,d2,d7,37,714,d2,d7,0.0,42,714456554544543233357111121222266633777766,19,0,0.222,0.354,22.4,2.0,20,0,13.561,37.478,1577.2,6.4
depth,d2,d7,37,714,d7,d2,1.0,32,71444445455555177711117733333322,15,0,0.289,0.53,24.8,1.93,14,0,21.378,54.856,2031.6,6.36
depth,d2,d7,38,6753,d2,d7,0.0,34,6753445544645354571177717111333322,15,0,0.453,3.425,24.5,2.0,15,0,14.113,42.73,1377.1,6.2
depth,d2,d7,38,6753,d7,d7,0.0,23,67533633667336674444755,9,0,0.37,0.762,32.9,2.0,10,0,55.708,111.619,5477.3,6.0
depth,d2,d7,39,247,d2,d7,0.0,32,24744424422623535552556771177733,14,0,0.264,0.542,23.9,2.0,15,0,21.687,74.927,2088.7,6.2
depth,d2,d7,39,247,d7,d7,0.0,39,247343344321556544777331112222555117766,18,0,0.283,0.551,24.1,2.0,18,0,13.751,35.36,1444.8,6.33
depth,d2,d7,40,4163,d2,d7,0.0,22,4163443434465716677555,9,0,0.247,0.302,24.1,2.0,9,0,17.296,38.602,1839.3,5.89
depth,d2,d7,40,4163,d7,d7,0.0,17,41634443336475557,6,0,0.273,0.498,25.8,2.0,7,0,25.848,56.168,2902.6,5.29
depth,d2,d7,41,312,d2,d7,0.0,28,3124444432224226675557555333,12,0,0.269,0.474,25.9,2.0,13,0,26.995,67.633,3137.1,6.23
depth,d2,d7,41,312,d7,d7,0.0,29,31244344334343512111177656552,13,0,0.29,0.449,26.3,2.0,13,0,18.25,41.082,2061.5,6.08
depth,d2,d7,42,7424,d2,d7,0.0,32,74244424422623535552556771177733,14,0,0.247,0.418,23.9,2.0,14,0,17.515,44.487,1913.1,6.14
depth,d2,d7,42,7424,d7,d7,0.0,25,7424444322332423335256555,10,0,0.452,0.777,31.4,2.0,11,0,28.462,67.384,2771.1,5.91
depth,d2,d7,43,11,d2,d2,1.0,41,11443233443644335555556622171122217777766,20,0,0.224,0.421,22.1,1.95,19,0,13.543,34.919,1554.5,6.53
depth,d2,d7,43,11,d7,d7,0.0,17,11444444323333655,7,0,0.241,0.363,25.7,2.0,8,0,26.415,52.986,2828.4,5.75
depth,d2,d7,44,557,d2,d7,0.0,34,5574445454455326232222777773366666,15,0,0.213,0.395,21.9,2.0,16,0,13.339,30.572,1495.3,6.25
depth,d2,d7,44,557,d7,d2,1.0,32,55745454445547111111222222777733,15,0,0.212,0.355,20.5,1.93,14,0,12.122,33.852,1246.0,6.36
depth,d2,d7,45,57,d2,d7,0.0,34,5743443454435535373511117771176666,16,0,0.249,0.463,21.3,2.0,16,0,10.913,32.285,1083.1,6.25
depth,d2,d7,45,57,d7,d7,0.0,7,5744326,2,0,0.197,0.308,22.0,2.0,3,0,11.022,32.306,1303.7,3.67
depth,d2,d7,46,21,d2,d7,0.0,40,2144442453326754666622126717771117333355,19,0,0.342,0.786,28.9,2.0,19,0,16.979,73.769,1687.3,6.37
depth,d2,d7,46,21,d7,d7,0.0,19,2144445323452235311,8,0,0.291,0.565,27.5,2.0,9,0,32.597,84.45,3019.3,5.67
depth,d2,d7,47,1753,d2,d2,1.0,35,17531133331344454744266776666117755,16,0,0.274,0.529,26.2,1.94,15,0,23.44,87.572,2418.5,5.8
depth,d2,d7,47,1753,d7,d7,0.0,39,175337377544443354525543117111766666622,17,0,0.225,0.582,22.5,2.0,18,0,17.162,61.001,1765.9,6.33
depth,d2,d7,48,7632,d2,d7,0.0,32,76324444333434232255772261655556,14,0,0.256,0.362,24.9,2.0,14,0,20.127,41.441,2164.5,6.29
depth,d2,d7,48,7632,d7,d2,1.0,38,76322336332262446441414663777211117755,17,0,0.249,0.576,24.1,1.94,17,0,30.095,97.834,3092.3,6.47
depth,d2,d7,49,36,d2,d2,1.0,39,364234443344336666655555571771111177722,19,0,0.192,0.328,20.4,1.95,18,0,12.797,34.391,1488.7,6.5
depth,d2,d7,49,36,d7,d7,0.0,7,3644251,2,0,0.238,0.364,22.0,2.0,3,0,10.855,31.677,1312.7,3.67
depth,d2,d8,0,35,d2,d8,0.0,34,3544334435554512241222523366661166,16,0,0.269,0.528,24.2,2.0,16,0,32.979,83.78,3152.1,7.0
depth,d2,d8,0,35,d8,d8,0.0,15,354443453554122,6,0,0.358,0.488,29.7,2.0,7,0,59.347,192.499,4995.3,6.29
depth,d2,d8,1,6712,d2,d8,0.0,26,67124444646635553554522233,11,0,0.315,0.473,30.0,2.0,11,0,43.216,106.509,4299.4,6.91
depth,d2,d8,1,6712,d8,d8,0.0,15,671224444214333,5,0,0.566,0.958,28.4,2.0,6,0,75.844,191.698,5875.7,5.5
depth,d2,d8,2,5547,d2,d2,1.0,7,5547326,2,0,0.17,0.331,18.0,1.5,1,0,0.08,0.08,9.0,2.0
depth,d2,d8,2,5547,d8,d8,0.0,7,5547326,1,0,0.083,0.083,9.0,2.0,2,0,0.445,0.881,46.0,2.0
depth,d2,d8,3,5767,d2,d8,0.0,36,576743443456554455333377771111112222,16,0,0.349,0.702,20.6,2.0,16,0,28.04,102.256,2054.9,7.0
depth,d2,d8,3,5767,d8,d8,0.0,21,576743444455554777366,8,0,0.414,0.686,31.2,2.0,9,0,69.992,161.806,4830.4,6.67
depth,d2,d8,4,775,d2,d8,0.0,18,775444444555525331,7,0,0.31,0.477,26.1,2.0,8,0,57.597,123.714,5707.0,6.5
depth,d2,d8,4,775,d8,d2,1.0,34,7754444447555551777133333321116122,16,0,0.26,0.497,23.2,1.94,15,0,39.797,114.841,4334.8,7.2
depth,d2,d8,5,215,d2,d8,0.0,40,2154445424452255522111777777116666663333,18,0,0.193,0.34,19.6,2.0,19,0,18.11,67.028,2006.4,7.16
depth,d2,d8,5,215,d8,d8,0.0,23,21544445454655152221333,10,0,0.368,0.624,27.6,2.0,10,0,60.829,126.811,5308.7,6.5
depth,d2,d8,6,13,d2,d8,0.0,30,134434443334355515556611166777,14,0,0.241,0.357,24.2,2.0,14,0,27.021,64.202,2834.1,6.93
depth,d2,d8,6,13,d8,d8,0.0,17,13444343345555766,7,0,0.34,0.684,27.6,2.0,8,0,66.805,183.162,5155.4,6.5
depth,d2,d8,7,41,d2,d8,0.0,34,4153445734344551111333777551772222,16,0,0.307,0.485,23.9,2.0,16,0,42.43,160.439,3182.5,7.0
depth,d2,d8,7,41,d8,d8,0.0,13,4144424455637,5,0,0.276,0.399,30.2,2.0,6,0,94.584,244.002,8450.5,6.0
depth,d2,d8,8,4632,d2,d2,1.0,39,463234443344336666655555511111177777722,18,0,0.187,0.365,19.6,1.94,17,0,21.195,60.263,2585.1,7.29
depth,d2,d8,8,4632,d8,d2,1.0,36,463244433343423166666117221227777755,16,0,0.236,0.445,22.2,1.94,16,0,30.953,100.01,3185.0,7.25
depth,d2,d8,9,333,d2,d8,0.0,40,3334444434335555225571711122117777666666,18,0,0.178,0.267,18.2,2.0,19,0,20.678,88.174,2436.5,7.16
depth,d2,d8,9,333,d8,d2,1.0,40,3332334544442143511117712222666666777755,19,0,1.132,16.725,22.2,1.95,18,0,50.555,234.074,3740.6,7.33
depth,d2,d8,10,656,d2,d8,0.0,38,65665535355633616111331127772227277244,17,0,0.406,1.003,24.5,2.0,18,0,41.129,138.151,3036.3,7.17
depth,d2,d8,10,656,d8,d2,1.0,36,656445565323365536632222444432117711,17,0,0.326,0.813,23.5,1.94,16,0,43.018,126.874,3471.9,7.25
depth,d2,d8,11,63,d2,d8,0.0,18,634444345755655667,8,0,0.326,0.5,29.8,2.0,8,0,38.574,82.6,3943.6,6.5
depth,d2,d8,11,63,d8,d2,1.0,38,63444344334336755577766555116611117722,18,0,0.27,1.0,19.1,1.94,18,0,32.819,123.776,3121.1,7.33
depth,d2,d8,12,55,d2,d8,0.0,34,5543446754544556666611111123333222,16,0,0.258,0.441,24.2,2.0,16,0,34.899,110.92,3585.7,7.0
depth,d2,d8,12,55,d8,d8,0.0,7,5544326,2,0,0.264,0.413,19.0,2.0,3,0,27.777,82.344,2531.7,4.0
depth,d2,d8,13,342,d2,d2,1.0,31,3424442434332233522676666617555,14,0,0.239,0.446,24.5,1.93,14,0,29.197,117.139,2920.2,5.57
depth,d2,d8,13,342,d8,d2,1.0,32,34244342323423246326666677777755,15,0,0.29,0.625,22.5,1.93,14,0,29.722,92.697,2628.2,7.14
depth,d2,d8,14,6653,d2,d8,0.0,20,66534744443336677555,8,0,0.4,0.738,29.0,2.0,8,0,54.398,168.592,4188.6,6.12
depth,d2,d8,14,6653,d8,d8,0.0,31,6653474445446677663333327771122,13,0,0.27,0.451,25.9,2.0,14,0,38.917,96.959,4101.8,7.14
depth,d2,d8,15,76,d2,d2,1.0,35,76444423343334376666556111111777755,17,0,0.343,0.919,25.6,1.94,16,0,45.018,109.257,4281.8,7.25
depth,d2,d8,15,76,d8,d8,0.0,27,764446446632462222116111333,12,0,0.398,0.985,30.8,2.0,13,0,83.615,193.3,7793.8,6.85
depth,d2,d8,16,344,d2,d8,0.0,16,3444344433366755,6,0,0.298,0.416,25.2,2.0,7,0,44.142,97.401,3826.4,6.29
depth,d2,d8,16,344,d8,d8,0.0,29,34434443334355515515616166777,13,0,0.33,0.565,24.2,2.0,13,0,36.733,83.199,3030.5,6.85
depth,d2,d8,17,45,d2,d8,0.0,34,4544544554551222122211177177773333,16,0,0.245,0.503,21.7,2.0,16,0,37.099,136.599,3155.3,7.0
depth,d2,d8,17,45,d8,draw,0.5,42,454444455555332132333177772272176666662111,20,0,0.24,0.559,18.6,1.95,20,0,28.756,125.493,2491.8,7.4
depth,d2,d8,18,4714,d2,d2,1.0,35,47143234334224653466366226217777755,16,0,0.256,0.41,25.1,1.94,15,0,29.281,118.804,2935.4,7.2
depth,d2,d8,18,4714,d8,d2,1.0,32,47144443433333711117715555575722,14,0,0.316,0.529,23.7,1.93,14,0,41.705,110.962,3820.8,7.14
depth,d2,d8,19,7775,d2,d8,0.0,36,777544544557544531171111662227223233,16,0,0.269,0.419,25.6,2.0,16,0,44.292,200.844,4554.9,7.0
depth,d2,d8,19,7775,d8,d8,0.0,19,7775444554554425331,7,0,0.274,0.35,27.3,2.0,8,0,49.13,109.116,4844.0,6.5
depth,d2,d8,20,453,d2,d8,0.0,34,4534334435554512241222523366661166,15,0,0.283,0.65,23.9,2.0,16,0,31.28,81.832,3152.1,7.0
depth,d2,d8,20,453,d8,d8,0.0,15,453443453554122,6,0,0.289,0.393,29.7,2.0,6,0,31.167,84.748,3564.3,6.0
depth,d2,d8,21,545,d2,d2,1.0,39,545444554455621122222111333333177777766,18,0,0.214,0.441,20.8,1.94,18,0,29.49,103.4,3033.5,7.33
depth,d2,d8,21,545,d8,d8,0.0,23,54544545445563111132332,10,0,0.299,0.562,26.7,2.0,10,0,24.945,56.595,2891.7,6.7
depth,d2,d8,22,7152,d2,d8,0.0,20,71524654445542215333,8,0,0.391,0.683,29.4,2.0,8,0,43.529,123.953,3521.6,6.12
depth,d2,d8,22,7152,d8,d8,0.0,29,71524644464541555566622272777,12,0,0.352,0.718,29.2,2.0,13,0,48.668,127.324,4658.9,7.08
depth,d2,d8,23,71,d2,d8,0.0,42,714456545546642334533337522222666111117777,20,0,0.299,0.693,24.6,2.0,20,0,31.27,95.704,2972.7,7.2
depth,d2,d8,23,71,d8,d8,0.0,37,7134434443334136766677511117766222222,17,0,0.258,0.449,23.2,2.0,18,0,29.849,126.475,3228.3,7.11
depth,d2,d8,24,5616,d2,d8,0.0,26,56164455653233655667333444,11,0,0.305,0.429,28.1,2.0,11,0,41.999,88.922,4092.7,6.64
depth,d2,d8,24,5616,d8,d2,1.0,38,56166553535563362622332221711717177744,17,0,0.205,0.399,20.8,1.94,17,0,32.376,123.837,3651.6,6.59
depth,d2,d8,25,4424,d2,d8,0.0,34,4424432422547666663333327677217755,15,0,0.284,0.522,26.2,2.0,15,0,29.114,96.43,3078.0,6.93
depth,d2,d8,25,4424,d8,d8,0.0,7,4424351,1,0,0.118,0.118,9.0,2.0,2,0,0.453,0.894,54.5,2.0
depth,d2,d8,26,6464,d2,d8,0.0,14,64644446636251,5,0,0.283,0.382,29.0,2.0,5,0,52.369,102.389,6052.0,5.6
depth,d2,d8,26,6464,d8,d2,1.0,32,64644323424432663323226677777755,14,0,0.209,0.386,20.0,1.93,14,0,24.073,89.026,2748.5,7.14
depth,d2,d8,27,5354,d2,d8,0.0,34,5354443434455777222222533351177766,15,0,0.246,0.449,24.5,2.0,15,0,17.908,69.656,2043.9,6.93
depth,d2,d8,27,5354,d8,d8,0.0,17,53544343364455637,6,0,0.241,0.375,21.0,2.0,7,0,27.973,79.995,3025.7,5.71
depth,d2,d8,28,3576,d2,d8,0.0,32,35764434433443376667766122771221,14,0,0.29,0.631,25.2,2.0,14,0,39.465,113.936,3750.9,6.86
depth,d2,d8,28,3576,d8,d8,0.0,23,35763331566161144556442,9,0,0.33,0.507,34.0,2.0,10,0,83.966,209.265,8885.0,6.4
depth,d2,d8,29,6474,d2,d8,0.0,12,647444433251,4,0,0.399,0.846,29.8,2.0,4,0,70.662,145.498,7474.0,5.0
depth,d2,d8,29,6474,d8,d2,1.0,32,64744443233342322636622667777755,14,0,0.259,0.497,24.9,1.93,14,0,49.101,201.97,4917.1,7.14
depth,d2,d8,30,237,d2,d8,0.0,24,237444342446552225533326,10,0,0.344,0.582,25.0,2.0,11,0,41.966,143.93,4109.9,6.64
depth,d2,d8,30,237,d8,d8,0.0,35,23744334432155654477733155151117722,16,0,0.236,0.434,23.3,2.0,16,0,24.571,68.929,2857.3,7.0
depth,d2,d8,31,112,d2,d8,0.0,36,112444443422222111176777766655555633,16,0,0.26,0.433,26.0,2.0,17,0,32.729,151.986,3519.1,7.29
depth,d2,d8,31,112,d8,d8,0.0,29,11244442442221525555533111333,13,0,0.291,0.528,28.5,2.0,13,0,44.283,95.017,4862.2,6.85
depth,d2,d8,32,5475,d2,d8,0.0,24,547544545445532222262333,10,0,0.289,0.491,24.1,2.0,10,0,30.358,75.366,3082.5,6.4
depth,d2,d8,32,5475,d8,d2,1.0,34,5475444554455622322221111117777733,15,0,0.259,0.466,20.2,1.93,15,0,34.128,79.575,3573.9,7.2
depth,d2,d8,33,323,d2,d8,0.0,38,32334444321226244336266661117777771155,17,0,0.278,0.528,20.5,2.0,18,0,29.192,84.679,2956.9,7.11
depth,d2,d8,33,323,d8,d8,0.0,17,32333242216555644,7,0,0.358,0.648,31.9,2.0,7,0,63.732,147.179,5603.7,6.29
depth,d2,d8,34,4457,d2,d2,1.0,7,4457326,2,0,0.261,0.506,15.0,1.5,1,0,0.136,0.136,9.0,2.0
depth,d2,d8,34,4457,d8,d8,0.0,7,4457326,1,0,0.143,0.143,9.0,2.0,2,0,0.688,1.358,43.0,2.0
depth,d2,d8,35,745,d2,d8,0.0,34,7454445455545116377723331113317722,15,0,0.273,0.58,24.6,2.0,16,0,35.521,88.195,3622.2,7.0
depth,d2,d8,35,745,d8,d8,0.0,21,745445454455777562666,9,0,0.363,0.778,25.3,2.0,9,0,52.09,94.888,4234.4,6.33
depth,d2,d8,36,1733,d2,d8,0.0,34,1733424434344335151115555126662222,15,0,0.266,0.761,21.7,2.0,15,0,21.575,49.133,2017.7,6.93
depth,d2,d8,36,1733,d8,d2,1.0,38,17334244434336437666661111177772222255,17,0,0.205,0.33,20.0,1.94,17,0,24.756,80.783,2621.3,7.29
depth,d2,d8,37,714,d2,d8,0.0,42,714456545546642334533337522222666111117777,19,0,0.289,0.704,24.3,2.0,20,0,31.672,130.61,2972.7,7.2
depth,d2,d8,37,714,d8,d2,1.0,32,71444445455555177771111733333322,15,0,0.27,0.433,25.3,1.93,14,0,35.266,98.771,3899.1,7.14
depth,d2,d8,38,6753,d2,d8,0.0,36,675344545543243254667522722771171666,16,0,0.246,0.509,23.6,2.0,16,0,24.557,79.683,2521.2,7.0
depth,d2,d8,38,6753,d8,d2,1.0,38,67533633662555572222365623771111117744,17,0,0.278,0.755,25.8,1.94,17,0,67.194,193.219,7196.6,7.29
depth,d2,d8,39,247,d2,d8,0.0,32,24744424422553655325526711777733,14,0,0.251,0.432,23.7,2.0,15,0,33.849,83.336,3844.2,6.93
depth,d2,d8,39,247,d8,d8,0.0,35,24734334432155654477733155151117722,16,0,0.281,0.554,24.4,2.0,16,0,28.105,90.124,2857.3,7.0
depth,d2,d8,40,4163,d2,d8,0.0,32,41634434344367133777771111555566,14,0,0.264,0.41,24.3,2.0,14,0,26.142,87.141,2797.4,7.14
depth,d2,d8,40,4163,d8,d8,0.0,19,4163444343336675755,7,0,0.336,0.477,27.3,2.0,8,0,54.593,145.018,5436.6,6.12
depth,d2,d8,41,312,d2,d8,0.0,40,3124444433332114131177777766666655552255,18,0,0.228,0.561,22.8,2.0,19,0,35.591,119.108,3429.1,7.16
depth,d2,d8,41,312,d8,d8,0.0,33,312443443343437577715555115117722,15,0,0.282,0.601,25.9,2.0,15,0,33.006,77.693,3689.3,6.93
depth,d2,d8,42,7424,d2,d8,0.0,32,74244424422553655325526711777733,14,0,0.245,0.436,23.7,2.0,14,0,30.227,85.42,3454.3,6.86
depth,d2,d8,42,7424,d8,d8,0.0,25,7424444322332423335256555,10,0,0.412,1.176,31.4,2.0,11,0,49.904,130.312,5032.5,6.55
depth,d2,d8,43,11,d2,d8,0.0,18,114432334344354222,8,0,0.252,0.346,27.6,2.0,8,0,36.809,108.898,3624.4,6.12
depth,d2,d8,43,11,d8,d8,0.0,19,1144444423333363557,8,0,0.353,1.043,25.5,2.0,9,0,55.729,116.013,5599.1,6.67
depth,d2,d8,44,557,d2,d8,0.0,24,557444545445532222262333,10,0,0.277,0.56,24.1,2.0,11,0,34.64,68.098,3323.1,6.55
depth,d2,d8,44,557,d8,d2,1.0,34,5574444554455622322221111117777733,16,0,0.285,0.538,20.8,1.94,15,0,38.017,114.575,3573.9,7.2
depth,d2,d8,45,57,d2,d8,0.0,34,5743443454435535373511117771176666,16,0,0.246,0.529,21.3,2.0,16,0,23.07,98.467,1969.9,7.0
depth,d2,d8,45,57,d8,d8,0.0,7,5744326,2,0,0.228,0.328,22.0,2.0,3,0,22.164,65.641,2413.0,4.0
depth,d2,d8,46,21,d2,d2,1.0,39,214444254422255555121116666166377777733,19,0,0.211,0.398,20.3,1.95,18,0,33.298,127.815,3270.4,7.33
depth,d2,d8,46,21,d8,d8,0.0,37,2144442243234223366663315115575655611,17,0,0.247,0.407,26.4,2.0,18,0,43.558,140.94,4639.3,7.11
depth,d2,d8,47,1753,d2,d8,0.0,26,17531333551145442446673666,11,0,0.273,0.372,27.8,2.0,11,0,55.359,233.503,5584.0,6.55
depth,d2,d8,47,1753,d8,d8,0.0,41,17533737753355535121222262117166447666444,18,0,0.273,0.657,23.4,2.0,19,0,46.558,162.112,4621.1,7.16
depth,d2,d8,48,7632,d2,d8,0.0,38,76324444333432142327226661667777551155,17,0,0.242,0.52,21.8,2.0,17,0,31.451,111.086,3292.4,7.06
depth,d2,d8,48,7632,d8,d8,0.0,23,76323332223562667755744,9,0,0.379,0.527,39.4,2.0,10,0,95.134,222.526,9671.3,6.8
depth,d2,d8,49,36,d2,d2,1.0,39,364234443344336666655555511111177777722,19,0,0.209,0.593,20.1,1.95,18,0,24.868,61.408,2815.5,7.33
depth,d2,d8,49,36,d8,d8,0.0,7,3644251,2,0,0.371,0.539,22.0,2.0,3,0,26.585,78.205,2186.7,4.0
depth,d3,d4,0,35,d3,d4,0.0,20,35534444213354554122,9,0,0.922,1.173,105.3,2.89,9,0,2.011,4.162,230.1,3.56
depth,d3,d4,0,35,d4,d4,0.0,13,3554467354647,5,0,1.073,1.916,105.6,2.8,6,0,1.742,3.132,194.2,3.33
depth,d3,d4,1,6712,d3,d4,0.0,40,6712444466433664633355555537112222121177,18,0,0.669,1.601,73.5,2.94,18,0,1.976,6.267,197.1,3.78
depth,d3,d4,1,6712,d4,d4,0.0,39,671244446242264333662535533776211177755,17,0,1.785,3.417,94.3,2.94,18,0,4.278,8.449,218.2,3.78
depth,d3,d4,2,5547,d3,d3,1.0,7,5547326,2,0,0.453,0.897,46.0,2.0,1,0,0.09,0.09,9.0,2.0
depth,d3,d4,2,5547,d4,d4,0.0,7,5547326,1,0,0.094,0.094,9.0,2.0,2,0,1.126,2.242,46.0,2.0
depth,d3,d4,3,5767,d3,draw,0.5,42,576743443543546566545161117112223336722277,19,0,0.725,1.872,79.5,2.95,19,0,1.417,3.418,162.8,3.79
depth,d3,d4,3,5767,d4,draw,0.5,42,576743444433565565452222221177676633371111,19,0,0.459,1.137,51.3,2.89,19,0,1.475,3.555,162.8,3.89
depth,d3,d4,4,775,d3,d4,0.0,42,775444443333356554757537671122222211116666,19,0,0.877,3.465,66.6,2.95,20,0,2.145,10.271,170.8,3.8
depth,d3,d4,4,775,d4,d4,0.0,23,77544444555455737121233,10,0,1.061,1.533,98.9,2.9,10,0,2.199,4.007,232.9,3.6
depth,d3,d4,5,215,d3,d4,0.0,28,2154444155545452211232331331,12,0,0.889,1.563,99.9,2.92,13,0,1.996,4.093,209.1,3.69
depth,d3,d4,5,215,d4,d4,0.0,21,215444445555452222333,9,0,0.869,1.354,98.2,2.89,9,0,1.855,2.747,213.6,3.56
depth,d3,d4,6,13,d3,d4,0.0,8,13344526,3,0,0.701,1.087,84.3,2.67,3,0,0.988,2.183,124.3,2.67
depth,d3,d4,6,13,d4,d4,0.0,35,13345444341311433211777777555666656,16,0,0.723,1.372,80.2,2.94,17,0,1.623,3.084,188.9,3.76
depth,d3,d4,7,41,d3,draw,0.5,42,414453673543546566641511561122222233377777,20,0,0.737,1.813,76.5,2.95,20,0,1.658,4.283,178.9,3.8
depth,d3,d4,7,41,d4,d4,0.0,7,4134526,2,0,0.745,1.399,90.5,2.5,3,0,1.324,3.217,162.3,2.67
depth,d3,d4,8,4632,d3,d4,0.0,36,463244433343642166636777777111221122,16,0,0.734,1.436,79.0,2.94,16,0,1.607,3.807,176.7,3.75
depth,d3,d4,8,4632,d4,d3,1.0,38,46324433434334666676227777722211111155,17,0,0.558,1.336,58.3,2.88,17,0,1.252,3.689,133.2,3.88
depth,d3,d4,9,333,d3,d4,0.0,40,3335444421234232245555377771766665762611,18,0,0.708,1.44,78.0,2.94,19,0,1.666,3.363,187.9,3.79
depth,d3,d4,9,333,d4,d4,0.0,39,333544443356215441223555117777772212166,18,0,0.53,1.317,61.0,2.94,18,0,1.296,3.167,147.9,3.78
depth,d3,d4,10,656,d3,d4,0.0,22,6566554534214445563233,9,0,0.905,1.453,95.7,2.89,10,0,2.067,3.09,225.8,3.6
depth,d3,d4,10,656,d4,d4,0.0,17,65644323433544537,7,0,0.761,1.352,81.6,2.86,7,0,1.438,2.833,155.9,3.43
depth,d3,d4,11,63,d3,d4,0.0,28,6344446657565544553766211233,13,0,0.805,1.405,81.9,2.92,13,0,1.982,5.558,209.8,3.69
depth,d3,d4,11,63,d4,draw,0.5,42,633423444422323666432266777755555511111177,20,0,0.541,1.431,63.0,2.9,20,0,1.685,6.505,170.8,3.9
depth,d3,d4,12,55,d3,d4,0.0,34,5543674445465654566622222211111133,16,0,0.697,1.378,76.4,2.94,16,0,1.715,3.773,178.0,3.75
depth,d3,d4,12,55,d4,d4,0.0,7,5544326,2,0,0.498,0.916,61.5,2.5,3,0,0.896,2.049,114.7,2.67
depth,d3,d4,13,342,d3,d4,0.0,26,34243443434335655656626222,11,0,0.621,1.191,72.7,2.91,12,0,1.577,2.752,186.6,3.67
depth,d3,d4,13,342,d4,d3,1.0,38,34244334343346777772211171666662221155,18,0,0.635,1.374,68.8,2.89,17,0,1.482,3.039,165.4,3.88
depth,d3,d4,14,6653,d3,d4,0.0,42,665347444646642222363332553211115557777711,19,0,0.647,1.81,67.7,2.95,19,0,1.545,4.317,166.1,3.79
depth,d3,d4,14,6653,d4,draw,0.5,42,665347444465455563333566173111117777222222,19,0,0.579,1.866,57.5,2.89,19,0,1.426,3.54,154.4,3.89
depth,d3,d4,15,76,d3,d4,0.0,20,76444444233332123252,9,0,1.064,2.295,109.7,2.89,9,0,2.549,5.145,245.9,3.56
depth,d3,d4,15,76,d4,d4,0.0,17,76644353321442557,7,0,0.84,1.404,87.6,2.86,8,0,1.766,3.97,188.9,3.5
depth,d3,d4,16,344,d3,d4,0.0,40,3444433434222233555566666611117777117755,18,0,0.544,1.169,66.9,2.94,19,0,1.254,4.0,149.1,3.79
depth,d3,d4,16,344,d4,d4,0.0,13,3444453673655,5,0,0.925,1.24,108.2,2.8,5,0,1.745,3.978,209.4,3.2
depth,d3,d4,17,45,d3,draw,0.5,42,454445543533212122112363346757666562117777,20,0,0.742,1.46,80.5,2.95,20,0,1.406,3.462,169.9,3.8
depth,d3,d4,17,45,d4,d4,0.0,25,4545444554552112222211333,11,0,0.636,1.058,73.5,2.91,12,0,1.495,2.671,175.2,3.67
depth,d3,d4,18,4714,d3,d4,0.0,16,4714443256433526,6,0,1.107,1.758,117.3,2.83,6,0,1.677,3.756,184.5,3.33
depth,d3,d4,18,4714,d4,d4,0.0,31,4714444337334335725557557712211,13,0,0.799,1.734,84.8,2.92,14,0,1.811,3.261,197.9,3.71
depth,d3,d4,19,7775,d3,d4,0.0,18,777533545533543442,7,0,1.039,1.302,117.1,2.86,7,0,2.345,3.987,274.3,3.43
depth,d3,d4,19,7775,d4,d3,1.0,34,7775444454557545776332333311111122,15,0,1.184,5.129,67.9,2.87,15,0,1.615,3.875,184.3,3.87
depth,d3,d4,20,453,d3,d4,0.0,36,453444435555334335217722211177771122,16,0,0.701,1.25,71.8,2.94,17,0,1.642,4.222,177.4,3.76
depth,d3,d4,20,453,d4,d4,0.0,41,45344455534433335521122111167776676667722,19,0,0.588,1.185,62.5,2.95,19,0,1.58,4.741,152.7,3.79
depth,d3,d4,21,545,d3,d4,0.0,36,545554444332153343357772221117771122,16,0,0.629,1.081,67.6,2.94,17,0,1.501,3.885,155.4,3.76
depth,d3,d4,21,545,d4,d3,1.0,22,5454554445421222512333,10,0,0.772,1.139,75.8,2.8,9,0,1.835,2.795,205.8,3.78
depth,d3,d4,22,7152,d3,d3,1.0,25,7152464446555664542777333,11,0,1.685,6.042,93.1,2.82,10,0,2.661,7.29,209.0,3.8
depth,d3,d4,22,7152,d4,d4,0.0,25,7152464454676554425225333,10,0,0.9,1.69,77.1,2.9,11,0,2.049,4.223,198.1,3.64
depth,d3,d4,23,71,d3,d4,0.0,16,7144445632455326,7,0,1.693,5.199,115.6,2.86,7,0,1.929,4.907,220.6,3.43
depth,d3,d4,23,71,d4,d4,0.0,31,7144444551554553163331331176677,14,0,0.904,1.993,88.9,2.93,15,0,2.142,5.521,205.8,3.73
depth,d3,d4,24,5616,d3,d4,0.0,18,561644323433544537,7,0,0.964,2.446,85.7,2.86,7,0,1.52,3.904,158.7,3.43
depth,d3,d4,24,5616,d4,d4,0.0,31,5616444445566264252255262333331,13,0,0.865,1.544,87.3,2.92,14,0,1.734,4.131,180.1,3.71
depth,d3,d4,25,4424,d3,d3,1.0,7,4424351,2,0,0.464,0.92,54.5,2.0,1,0,0.077,0.077,9.0,2.0
depth,d3,d4,25,4424,d4,d4,0.0,7,4424351,1,0,0.075,0.075,9.0,2.0,2,0,0.444,0.879,54.5,2.0
depth,d3,d4,26,6464,d3,d3,1.0,23,64644644642222325533557,10,0,0.9,1.439,98.0,2.8,9,0,2.456,3.611,262.7,3.78
depth,d3,d4,26,6464,d4,d3,1.0,36,646444432333366422232626555155517711,16,0,0.718,1.511,78.3,2.88,16,0,1.848,4.679,208.1,3.88
depth,d3,d4,27,5354,d3,draw,0.5,42,535442143245343345535166661777711177662222,19,0,0.567,1.212,62.1,2.95,19,0,0.972,2.998,110.9,3.79
depth,d3,d4,27,5354,d4,d4,0.0,17,53544213443355222,6,0,0.764,1.262,83.5,2.83,7,0,1.635,2.964,190.0,3.43
depth,d3,d4,28,3576,d3,d4,0.0,28,3576635575442177344554477666,12,0,1.467,6.562,103.8,2.92,12,0,2.358,5.047,215.4,3.67
depth,d3,d4,28,3576,d4,d4,0.0,21,357656553365334444777,8,0,1.023,1.356,109.9,2.88,9,0,2.983,5.028,298.9,3.56
depth,d3,d4,29,6474,d3,d4,0.0,12,647444433251,4,0,1.526,2.269,101.8,2.75,4,0,4.095,7.694,267.0,3.0
depth,d3,d4,29,6474,d4,d3,1.0,38,64744324342226466672772333367171111155,17,0,1.195,7.737,81.4,2.88,17,0,2.208,6.611,206.5,3.88
depth,d3,d4,30,237,d3,d3,1.0,17,23744564442235311,7,0,1.29,2.129,87.0,2.71,7,0,3.523,5.108,239.0,3.71
depth,d3,d4,30,237,d4,d4,0.0,19,2373344565544635251,8,0,1.052,1.81,108.0,2.88,8,0,1.863,3.069,208.2,3.5
depth,d3,d4,31,112,d3,d4,0.0,38,11244444555554225212216771166666777733,17,0,0.631,1.593,71.8,2.94,18,0,1.597,3.913,185.1,3.78
depth,d3,d4,31,112,d4,draw,0.5,42,112444444222332333327577555755111166666677,20,0,0.616,1.318,74.0,2.9,19,0,1.579,5.121,191.1,3.89
depth,d3,d4,32,5475,d3,d4,0.0,32,54754454544533336351316277111222,14,0,0.666,1.186,70.6,2.93,14,0,1.365,2.263,154.9,3.71
depth,d3,d4,32,5475,d4,draw,0.5,42,547544455445536121111133322233227776666677,19,0,0.613,1.706,62.3,2.89,19,0,1.408,3.62,152.2,3.89
depth,d3,d4,33,323,d3,d4,0.0,20,32334456443455354552,8,0,0.988,1.332,112.8,2.88,9,0,2.183,4.473,213.0,3.56
depth,d3,d4,33,323,d4,d4,0.0,27,323332244626223753454446655,12,0,0.806,1.608,90.8,2.92,12,0,1.972,4.32,214.8,3.67
depth,d3,d4,34,4457,d3,d3,1.0,7,4457326,2,0,0.397,0.786,43.0,2.0,1,0,0.081,0.081,9.0,2.0
depth,d3,d4,34,4457,d4,d4,0.0,7,4457326,1,0,0.084,0.084,9.0,2.0,2,0,0.45,0.89,43.0,2.0
depth,d3,d4,35,745,d3,d4,0.0,36,745444353343347322177155551111667722,16,0,0.772,1.351,81.4,2.94,17,0,1.732,3.934,193.5,3.76
depth,d3,d4,35,745,d4,d3,1.0,36,745444545545521111222226117777733333,17,0,0.661,1.314,73.1,2.88,16,0,1.774,3.589,194.8,3.88
depth,d3,d4,36,1733,d3,d4,0.0,18,173342565534345446,7,0,0.992,1.831,98.3,2.86,7,0,1.682,3.199,175.1,3.43
depth,d3,d4,36,1733,d4,d3,1.0,22,1733425644343443362555,9,0,0.77,1.434,73.0,2.78,9,0,2.368,4.294,234.9,3.78
depth,d3,d4,37,714,d3,d4,0.0,16,7144445632455326,6,0,1.07,1.556,117.3,2.83,7,0,2.081,5.738,220.6,3.43
depth,d3,d4,37,714,d4,d4,0.0,31,7144444551554553163331331176677,14,0,1.242,2.096,88.9,2.93,14,0,2.831,6.113,201.1,3.71
depth,d3,d4,38,6753,d3,d4,0.0,40,6753556635336775533667111111224442227442,18,0,0.701,1.476,76.6,2.94,18,0,1.495,4.183,166.7,3.78
depth,d3,d4,38,6753,d4,d4,0.0,21,675353344214423344221,8,0,1.029,1.532,100.9,2.88,9,0,2.006,3.471,218.6,3.56
depth,d3,d4,39,247,d3,d4,0.0,38,24744444222272575555577671666661111133,17,0,0.942,1.989,67.1,2.94,18,0,2.25,6.196,164.9,3.78
depth,d3,d4,39,247,d4,d4,0.0,15,247644453433526,6,0,1.072,1.489,119.5,2.83,6,0,2.137,3.695,228.2,3.33
depth,d3,d4,40,4163,d3,draw,0.5,42,416344573543546566641511561122222233377777,19,0,0.729,1.73,73.1,2.95,19,0,1.592,6.009,161.9,3.79
depth,d3,d4,40,4163,d4,d4,0.0,27,416344443357565563314116222,11,0,0.879,1.27,86.5,2.91,12,0,2.157,3.188,221.1,3.67
depth,d3,d4,41,312,d3,d4,0.0,24,312444443223334232215111,10,0,0.949,1.404,106.9,2.9,11,0,2.686,5.768,298.5,3.64
depth,d3,d4,41,312,d4,d3,1.0,38,31253323525332551225616666677111777744,18,0,0.589,1.462,64.4,2.89,17,0,1.228,3.304,144.6,3.88
depth,d3,d4,42,7424,d3,d4,0.0,38,74244444222272575555577671666661111133,17,0,0.669,1.697,67.1,2.94,17,0,1.673,5.295,152.9,3.76
depth,d3,d4,42,7424,d4,d4,0.0,39,742444433563355552134512226666326111177,17,0,0.671,1.39,75.2,2.94,18,0,1.762,5.729,173.4,3.78
depth,d3,d4,43,11,d3,d4,0.0,22,1144443256333436453577,10,0,1.234,1.853,106.6,2.9,10,0,2.557,5.818,224.6,3.6
depth,d3,d4,43,11,d4,d4,0.0,17,11444423346333557,7,0,0.804,1.41,98.0,2.86,8,0,2.122,4.027,263.6,3.5
depth,d3,d4,44,557,d3,d4,0.0,32,55744454544533336351316277111222,14,0,0.635,1.175,70.6,2.93,15,0,1.402,2.356,159.1,3.73
depth,d3,d4,44,557,d4,draw,0.5,42,557444455445536121111133322233227776666677,20,0,0.764,2.147,64.4,2.9,19,0,1.751,4.49,152.2,3.89
depth,d3,d4,45,57,d3,draw,0.5,42,574344334353345545577766666622211222771111,20,0,0.536,1.427,58.1,2.95,20,0,1.21,4.254,130.6,3.8
depth,d3,d4,45,57,d4,d4,0.0,7,5744326,2,0,2.834,5.572,88.0,2.5,3,0,1.107,2.485,121.0,2.67
depth,d3,d4,46,21,d3,d4,0.0,16,2144424435325232,7,0,0.907,1.221,106.9,2.86,7,0,1.826,3.534,224.7,3.43
depth,d3,d4,46,21,d4,d4,0.0,35,21444443332334355177111617777222255,16,0,1.046,5.476,86.0,2.94,17,0,1.706,3.462,193.5,3.76
depth,d3,d4,47,1753,d3,d3,1.0,41,17533544445543354511676662223372227667711,19,0,0.691,1.407,76.4,2.89,18,0,1.71,4.029,194.1,3.89
depth,d3,d4,47,1753,d4,d4,0.0,19,1753331554443444222,7,0,1.036,1.725,116.4,2.86,8,0,2.772,5.728,305.4,3.5
depth,d3,d4,48,7632,d3,d4,0.0,22,7632332344444334566557,9,0,0.891,1.417,98.8,2.89,9,0,2.037,3.367,234.7,3.56
depth,d3,d4,48,7632,d4,d4,0.0,27,763232336223235556555662444,11,0,1.034,2.32,99.7,2.91,12,0,2.23,5.694,244.4,3.67
depth,d3,d4,49,36,d3,d4,0.0,36,364244433343642166636777777111221122,17,0,0.817,1.749,81.6,2.94,17,0,1.953,6.261,195.1,3.76
depth,d3,d4,49,36,d4,d4,0.0,7,3644251,2,0,0.678,1.264,75.0,2.5,3,0,1.309,2.789,143.7,2.67
depth,d3,d5,0,35,d3,d5,0.0,36,355544214453334343512212117577177722,17,0,0.738,1.571,79.2,2.94,17,0,3.844,10.383,425.3,4.65
depth,d3,d5,0,35,d5,d5,0.0,21,354444212543355422311,9,0,0.899,1.467,97.9,2.89,10,0,5.426,12.906,585.2,4.4
depth,d3,d5,1,6712,d3,d5,0.0,20,67124444664462532351,8,0,1.013,1.373,106.5,2.88,8,0,5.96,11.185,669.5,4.25
depth,d3,d5,1,6712,d5,draw,0.5,42,671244446242264333666727753553355521111177,19,0,0.788,1.932,86.7,2.89,19,0,4.721,11.817,499.9,4.79
depth,d3,d5,2,5547,d3,d3,1.0,7,5547326,2,0,0.423,0.837,46.0,2.0,1,0,0.09,0.09,9.0,2.0
depth,d3,d5,2,5547,d5,d5,0.0,7,5547326,1,0,0.302,0.302,9.0,2.0,2,0,0.418,0.827,46.0,2.0
depth,d3,d5,3,5767,d3,d5,0.0,32,57674344345655445511736767222766,14,0,0.734,1.048,75.4,2.93,14,0,3.088,8.24,334.3,4.57
depth,d3,d5,3,5767,d5,d3,1.0,40,5767434434565543435335177667167611221122,18,0,0.48,1.25,48.7,2.89,18,0,2.93,10.397,321.2,4.78
depth,d3,d5,4,775,d3,d5,0.0,26,77544444343333377771665655,11,0,0.896,1.371,98.9,2.91,12,0,4.597,10.078,508.7,4.5
depth,d3,d5,4,775,d5,d5,0.0,33,775444442247722322575555711111133,15,0,0.745,1.443,82.4,2.93,15,0,4.887,14.464,548.7,4.6
depth,d3,d5,5,215,d3,d5,0.0,40,2154444455542515222211777766667711333333,18,0,0.58,1.247,64.2,2.94,19,0,3.101,9.303,342.0,4.68
depth,d3,d5,5,215,d5,draw,0.5,42,215444445555451222223333336666661111777777,20,0,0.599,1.316,67.3,2.9,19,0,3.435,13.709,372.9,4.79
depth,d3,d5,6,13,d3,d5,0.0,8,13344526,3,0,0.692,1.022,84.3,2.67,3,0,2.265,6.12,279.7,3.0
depth,d3,d5,6,13,d5,draw,0.5,42,134444434633363555755577766622111222261177,20,0,0.509,1.181,59.8,2.9,20,0,2.92,9.206,348.6,4.8
depth,d3,d5,7,41,d3,d5,0.0,32,41445367345655445335131366111722,15,0,0.992,5.756,75.5,2.93,15,0,3.832,11.696,393.4,4.6
depth,d3,d5,7,41,d5,d5,0.0,7,4154326,2,0,0.557,1.032,66.0,2.5,3,0,3.544,10.005,389.3,3.0
depth,d3,d5,8,4632,d3,d3,1.0,39,463244433344323725577722755552111711166,18,0,0.651,1.569,72.2,2.89,17,0,3.511,9.194,401.5,4.76
depth,d3,d5,8,4632,d5,d5,0.0,23,46324442432422353533255,9,0,0.819,1.441,92.9,2.89,10,0,5.386,9.566,619.4,4.4
depth,d3,d5,9,333,d3,d5,0.0,38,33354444212343422312277775555757111166,17,0,0.733,1.45,81.5,2.94,18,0,3.748,7.823,441.7,4.67
depth,d3,d5,9,333,d5,d5,0.0,39,333544445354553452367777772222211111166,18,0,0.606,1.717,61.6,2.94,18,0,3.415,8.717,371.8,4.67
depth,d3,d5,10,656,d3,d5,0.0,32,65665545332133542663352262277744,14,0,0.854,1.4,93.4,2.93,15,0,4.639,9.075,513.7,4.6
depth,d3,d5,10,656,d5,d5,0.0,21,656443233566544754552,9,0,0.763,1.245,80.6,2.89,9,0,4.99,8.728,546.2,4.33
depth,d3,d5,11,63,d3,d5,0.0,40,6344446333574433555552222777722711111166,19,0,0.644,1.336,68.4,2.95,19,0,3.38,10.839,382.3,4.68
depth,d3,d5,11,63,d5,d3,1.0,38,63444457634535566456577333611111177722,18,0,0.72,1.739,72.2,2.89,18,0,4.998,25.438,463.9,4.78
depth,d3,d5,12,55,d3,d5,0.0,18,554632333554444251,8,0,0.984,1.425,103.0,2.88,8,0,6.36,18.156,616.1,4.25
depth,d3,d5,12,55,d5,d5,0.0,7,5544326,2,0,0.566,1.04,61.5,2.5,3,0,2.259,6.106,273.0,3.0
depth,d3,d5,13,342,d3,d5,0.0,16,3424344343463557,6,0,0.764,1.216,89.0,2.83,7,0,4.157,6.057,485.0,4.14
depth,d3,d5,13,342,d5,d5,0.0,29,34244342442553276335223776556,13,0,0.63,1.139,69.8,2.92,13,0,2.667,7.716,312.0,4.54
depth,d3,d5,14,6653,d3,d5,0.0,30,665347444465463333365627777557,13,0,0.874,1.474,96.0,2.92,13,0,4.684,10.544,516.9,4.54
depth,d3,d5,14,6653,d5,d3,1.0,42,665347444456662222422333355535611117777711,19,0,1.102,3.402,71.5,2.89,19,0,6.8,22.48,416.7,4.79
depth,d3,d5,15,76,d3,d5,0.0,20,76444444212226356537,9,0,1.122,1.642,119.0,2.89,9,0,5.686,10.936,631.3,4.33
depth,d3,d5,15,76,d5,d3,1.0,20,76444443433336663555,9,0,0.889,1.904,96.8,2.78,9,0,6.452,13.284,729.0,4.56
depth,d3,d5,16,344,d3,d3,1.0,19,3444453336766464555,8,0,0.987,1.698,104.4,2.75,8,0,7.229,11.934,734.6,4.5
depth,d3,d5,16,344,d5,d5,0.0,13,3444453673655,5,0,1.093,1.918,108.2,2.8,5,0,4.184,9.623,473.6,3.8
depth,d3,d5,17,45,d3,d3,1.0,41,45444445555335776663336766321122122211177,20,0,0.557,1.132,63.0,2.9,19,0,2.896,8.535,334.8,4.79
depth,d3,d5,17,45,d5,d5,0.0,15,454544455425331,6,0,0.68,1.087,78.0,2.83,7,0,4.278,7.678,455.9,4.14
depth,d3,d5,18,4714,d3,d5,0.0,16,4714443256466355,6,0,1.015,1.575,107.3,2.83,6,0,4.306,10.911,466.8,4.0
depth,d3,d5,18,4714,d5,d5,0.0,11,47144466352,3,0,0.857,1.418,82.0,2.67,4,0,4.652,10.901,494.0,3.5
depth,d3,d5,19,7775,d3,d3,1.0,41,77753354553533235611142211444417776666622,19,0,0.799,1.8,80.7,2.89,18,0,4.611,15.207,476.4,4.78
depth,d3,d5,19,7775,d5,d5,0.0,25,7775333444434562655676251,10,0,0.937,1.764,96.6,2.9,11,0,5.032,9.98,557.4,4.45
depth,d3,d5,20,453,d3,d3,1.0,29,45344443555636766465212522131,13,0,0.788,1.269,82.4,2.85,13,0,5.315,9.784,583.9,4.69
depth,d3,d5,20,453,d5,d5,0.0,21,453444212543355422311,9,0,0.894,1.312,97.9,2.89,9,0,4.703,8.469,528.3,4.33
depth,d3,d5,21,545,d3,draw,0.5,42,545554444332143333155112667227722666611777,19,0,0.564,1.135,63.2,2.95,20,0,3.105,8.854,356.4,4.7
depth,d3,d5,21,545,d5,d5,0.0,21,545445454453321532336,9,0,0.781,1.236,80.6,2.89,9,0,3.527,6.555,387.7,4.33
depth,d3,d5,22,7152,d3,d3,1.0,25,7152464446566554542777333,11,0,0.936,2.399,89.1,2.82,10,0,4.688,9.062,480.4,4.6
depth,d3,d5,22,7152,d5,d5,0.0,23,71524644546765544266577,9,0,0.714,1.412,73.9,2.89,10,0,4.744,8.984,506.7,4.4
depth,d3,d5,23,71,d3,d5,0.0,16,7144445632422335,7,0,0.954,1.443,106.1,2.86,7,0,4.63,10.592,497.0,4.14
depth,d3,d5,23,71,d5,d5,0.0,11,71444422536,4,0,0.891,1.232,97.0,2.75,5,0,5.336,10.832,549.0,3.8
depth,d3,d5,24,5616,d3,d5,0.0,18,561644323433544537,7,0,0.805,1.384,85.7,2.86,7,0,3.695,9.178,387.1,4.14
depth,d3,d5,24,5616,d5,d3,1.0,20,56163542453412114332,8,0,0.696,1.335,69.9,2.75,8,0,5.639,15.968,557.6,4.5
depth,d3,d5,25,4424,d3,d3,1.0,7,4424351,2,0,0.479,0.948,54.5,2.0,1,0,0.092,0.092,9.0,2.0
depth,d3,d5,25,4424,d5,d5,0.0,7,4424351,1,0,0.085,0.085,9.0,2.0,2,0,0.488,0.968,54.5,2.0
depth,d3,d5,26,6464,d3,d5,0.0,16,6464445343321251,6,0,0.922,1.41,99.3,2.83,6,0,6.384,12.44,658.8,4.0
depth,d3,d5,26,6464,d5,d3,1.0,40,6464444323334663222535551177577567226711,18,0,0.75,1.45,84.4,2.89,18,0,4.654,12.799,452.6,4.78
depth,d3,d5,27,5354,d3,d5,0.0,22,5354434124556441115232,9,0,0.893,1.386,98.8,2.89,9,0,3.875,6.536,424.0,4.33
depth,d3,d5,27,5354,d5,d5,0.0,17,53544213445533222,6,0,0.725,1.07,79.3,2.83,7,0,4.046,7.697,453.6,4.14
depth,d3,d5,28,3576,d3,d5,0.0,26,35766355754421773445574666,11,0,0.996,1.638,104.5,2.91,11,0,4.81,10.824,522.0,4.45
depth,d3,d5,28,3576,d5,d5,0.0,21,357633565363352541426,8,0,1.02,1.671,105.0,2.88,9,0,6.414,13.525,709.0,4.33
depth,d3,d5,29,6474,d3,d5,0.0,12,647444433251,4,0,0.894,1.23,101.8,2.75,4,0,6.0,12.851,671.0,3.5
depth,d3,d5,29,6474,d5,d5,0.0,29,64744324342242557777227633655,12,0,0.926,1.517,101.8,2.92,13,0,5.685,9.548,626.6,4.54
depth,d3,d5,30,237,d3,d3,1.0,25,2374444466226232233433555,11,0,0.93,1.647,100.5,2.82,11,0,6.636,22.165,630.5,4.64
depth,d3,d5,30,237,d5,d5,0.0,19,2373344565544635251,8,0,1.083,2.082,108.0,2.88,8,0,5.356,9.056,545.6,4.25
depth,d3,d5,31,112,d3,d5,0.0,36,112444445455555222212313311766666633,16,0,0.695,1.675,78.6,2.94,17,0,3.929,10.712,429.5,4.65
depth,d3,d5,31,112,d5,draw,0.5,42,112444444222256626636671133355555777113377,20,0,0.672,1.463,78.4,2.9,19,0,3.984,13.37,477.3,4.79
depth,d3,d5,32,5475,d3,d5,0.0,26,54754454544536531111733222,11,0,0.746,1.583,76.3,2.91,11,0,5.853,20.149,439.0,4.45
depth,d3,d5,32,5475,d5,d5,0.0,41,54755444545542111116666616777773322333322,18,0,0.616,1.404,60.4,2.94,19,0,3.161,7.382,335.7,4.68
depth,d3,d5,33,323,d3,d5,0.0,20,32334456443455354552,8,0,1.05,1.593,112.8,2.88,9,0,5.153,8.563,565.8,4.33
depth,d3,d5,33,323,d5,d5,0.0,15,323344443214655,6,0,1.093,1.772,103.7,2.83,6,0,5.314,12.553,550.7,4.0
depth,d3,d5,34,4457,d3,d3,1.0,7,4457326,2,0,0.428,0.847,43.0,2.0,1,0,0.082,0.082,9.0,2.0
depth,d3,d5,34,4457,d5,d5,0.0,7,4457326,1,0,0.085,0.085,9.0,2.0,2,0,0.44,0.871,43.0,2.0
depth,d3,d5,35,745,d3,d5,0.0,26,74544433543334737776721122,11,0,0.95,1.311,98.2,2.91,12,0,5.408,9.596,532.6,4.5
depth,d3,d5,35,745,d5,d5,0.0,21,745444433552155223351,9,0,0.963,1.32,99.8,2.89,9,0,5.432,9.563,582.6,4.33
depth,d3,d5,36,1733,d3,d5,0.0,18,173342565534345446,7,0,1.034,1.841,98.3,2.86,7,0,5.021,11.705,488.3,4.14
depth,d3,d5,36,1733,d5,d5,0.0,25,1733423423225663663225445,10,0,0.797,1.44,78.7,2.9,11,0,7.419,14.763,684.5,4.45
depth,d3,d5,37,714,d3,d5,0.0,16,7144445632422335,6,0,0.971,1.462,106.3,2.83,7,0,4.904,10.581,497.0,4.14
depth,d3,d5,37,714,d5,d5,0.0,11,71444422536,4,0,0.913,1.307,97.0,2.75,4,0,5.259,13.614,508.0,3.5
depth,d3,d5,38,6753,d3,d5,0.0,18,675355654444544667,7,0,1.848,2.933,118.0,2.86,7,0,9.139,17.942,581.3,4.14
depth,d3,d5,38,6753,d5,d3,1.0,38,67534444634535566456577333611111177722,17,0,0.74,1.402,74.9,2.88,17,0,4.268,13.572,460.2,4.76
depth,d3,d5,39,247,d3,d5,0.0,36,247444467422223366632661315553535511,16,0,1.024,2.984,91.4,2.94,17,0,6.104,13.975,548.5,4.65
depth,d3,d5,39,247,d5,d5,0.0,15,247644453466355,6,0,0.968,1.294,108.8,2.83,6,0,6.15,15.806,535.0,4.0
depth,d3,d5,40,4163,d3,d5,0.0,32,41634457345655445335131366111722,14,0,0.695,1.253,70.8,2.93,14,0,2.917,6.726,325.8,4.57
depth,d3,d5,40,4163,d5,d5,0.0,15,416344443375655,5,0,0.792,1.19,89.8,2.8,6,0,5.147,8.801,576.0,4.0
depth,d3,d5,41,312,d3,d5,0.0,26,31244233322372737772575445,11,0,0.842,1.478,96.8,2.91,12,0,7.409,17.927,742.8,4.5
depth,d3,d5,41,312,d5,d5,0.0,21,312544442543355422311,9,0,0.966,1.37,104.4,2.89,9,0,4.894,11.21,568.2,4.33
depth,d3,d5,42,7424,d3,d5,0.0,36,742444467422223366632661315553535511,16,0,0.822,1.453,91.4,2.94,16,0,4.736,11.154,517.1,4.62
depth,d3,d5,42,7424,d5,d5,0.0,39,742444433563352226765546656532321777711,17,0,0.738,1.333,74.5,2.94,18,0,3.588,11.161,375.6,4.67
depth,d3,d5,43,11,d3,d5,0.0,20,11444432563455533637,9,0,1.022,1.51,109.1,2.89,9,0,5.317,12.031,552.8,4.33
depth,d3,d5,43,11,d5,d5,0.0,15,114444455555233,6,0,1.018,1.419,106.3,2.83,7,0,6.045,10.025,626.1,4.14
depth,d3,d5,44,557,d3,d5,0.0,26,55744454544536531111733222,11,0,0.936,1.506,76.3,2.91,12,0,5.181,7.603,441.4,4.5
depth,d3,d5,44,557,d5,d5,0.0,41,55745444545542111116666616777773322333322,19,0,0.638,1.525,62.8,2.95,19,0,3.038,7.625,335.7,4.68
depth,d3,d5,45,57,d3,d5,0.0,22,5743443434435322226655,10,0,0.981,1.664,86.8,2.9,10,0,5.307,13.706,439.7,4.4
depth,d3,d5,45,57,d5,d5,0.0,7,5744326,2,0,0.729,1.364,88.0,2.5,3,0,2.256,6.001,268.3,3.0
depth,d3,d5,46,21,d3,d5,0.0,38,21444423324223553346365521111166665577,18,0,0.639,1.413,72.9,2.94,18,0,3.843,9.883,443.0,4.67
depth,d3,d5,46,21,d5,d5,0.0,23,21444453223467522655633,10,0,0.924,1.63,101.5,2.9,11,0,6.447,10.871,744.5,4.45
depth,d3,d5,47,1753,d3,d3,1.0,41,17533335144444115534666322727222655661177,19,0,0.775,2.242,79.2,2.89,18,0,4.319,13.457,451.6,4.78
depth,d3,d5,47,1753,d5,d5,0.0,29,17533335545542322221253111144,12,0,1.696,4.307,112.7,2.92,13,0,10.355,23.239,755.5,4.54
depth,d3,d5,48,7632,d3,d5,0.0,22,7632332344444334566557,9,0,1.156,3.426,98.8,2.89,9,0,5.151,9.822,580.1,4.33
depth,d3,d5,48,7632,d5,d5,0.0,19,7632323324224544556,7,0,0.745,1.313,82.3,2.86,8,0,5.498,10.427,633.5,4.25
depth,d3,d5,49,36,d3,d3,1.0,39,364244433344323725577722755552111711166,19,0,0.844,2.345,74.8,2.89,18,0,4.803,14.579,433.6,4.78
depth,d3,d5,49,36,d5,d5,0.0,7,3644251,2,0,0.625,1.162,75.0,2.5,3,0,4.932,13.939,324.3,3.0
depth,d3,d6,0,35,d3,d6,0.0,38,35534521334444221413367777676722266655,18,0,0.852,1.429,85.6,2.94,18,0,9.178,24.779,991.9,5.5
depth,d3,d6,0,35,d6,d6,0.0,39,354444433334555355211212222177611777766,18,0,0.675,1.59,68.4,2.94,19,0,8.461,31.048,872.1,5.53
depth,d3,d6,1,6712,d3,d6,0.0,26,67124444643555356654522233,11,0,1.001,1.74,99.5,2.91,11,0,11.275,23.695,1192.4,5.27
depth,d3,d6,1,6712,d6,d6,0.0,23,67123444424334332125111,9,0,0.876,1.563,94.3,2.89,10,0,12.304,29.806,1284.6,5.1
depth,d3,d6,2,5547,d3,d3,1.0,7,5547326,2,0,1.092,2.175,46.0,2.0,1,0,0.093,0.093,9.0,2.0
depth,d3,d6,2,5547,d6,d6,0.0,7,5547326,1,0,0.082,0.082,9.0,2.0,2,0,0.45,0.891,46.0,2.0
depth,d3,d6,3,5767,d3,d6,0.0,36,576743443456554353433511777722111122,16,0,0.645,1.231,62.8,2.94,16,0,5.586,16.93,546.6,5.44
depth,d3,d6,3,5767,d6,draw,0.5,42,576743444433566355433622256511622211117777,19,0,0.46,1.189,48.0,2.89,19,0,6.957,25.609,736.4,5.68
depth,d3,d6,4,775,d3,d6,0.0,42,775444443433333555666655166112221222717177,19,0,0.681,1.822,68.1,2.95,20,0,7.509,30.569,776.0,5.55
depth,d3,d6,4,775,d6,draw,0.5,42,775444444333333555557217772122226666661111,20,0,0.585,1.482,58.8,2.9,19,0,8.058,50.737,772.9,5.68
depth,d3,d6,5,215,d3,d6,0.0,40,2154444455542515222211777766667711333333,18,0,0.591,1.146,64.2,2.94,19,0,5.953,18.865,683.4,5.53
depth,d3,d6,5,215,d6,draw,0.5,42,215444444255555666666122221111333333777777,20,0,0.464,1.235,53.9,2.9,19,0,5.786,19.232,688.6,5.68
depth,d3,d6,6,13,d3,d6,0.0,8,13344526,3,0,0.787,1.182,84.3,2.67,3,0,4.538,12.66,561.3,3.33
depth,d3,d6,6,13,d6,d6,0.0,37,1344444346333677366667722222277555555,17,0,0.636,1.085,66.8,2.94,18,0,7.306,18.725,786.2,5.5
depth,d3,d6,7,41,d3,d6,0.0,32,41445367345655433545311131176622,15,0,0.772,1.199,84.6,2.93,15,0,7.499,24.237,867.8,5.47
depth,d3,d6,7,41,d6,d6,0.0,7,4154326,2,0,0.548,0.993,66.0,2.5,3,0,6.762,19.659,718.0,3.33
depth,d3,d6,8,4632,d3,d3,1.0,35,46324443334432366666222211177777755,16,0,0.667,1.475,71.7,2.88,15,0,7.519,21.805,793.5,5.6
depth,d3,d6,8,4632,d6,d6,0.0,23,46324442432422353533255,9,0,0.83,1.509,92.9,2.89,10,0,10.751,20.422,1221.6,5.1
depth,d3,d6,9,333,d3,d6,0.0,38,33354444212344335555577772222771111166,17,0,0.643,1.64,68.2,2.94,18,0,7.493,18.279,820.6,5.5
depth,d3,d6,9,333,d6,d3,1.0,36,333544445345534352777222511111177722,17,0,0.703,1.273,77.5,2.88,16,0,7.702,16.233,871.3,5.62
depth,d3,d6,10,656,d3,draw,0.5,42,656655444456366344551222222111117777773333,19,0,0.586,1.97,55.7,2.95,20,0,7.837,24.526,793.7,5.55
depth,d3,d6,10,656,d6,d6,0.0,17,65644323433544537,7,0,0.758,1.241,81.6,2.86,7,0,7.499,20.654,799.9,4.71
depth,d3,d6,11,63,d3,d6,0.0,26,63444466575655445531662233,12,0,0.812,1.262,87.5,2.92,12,0,9.754,25.45,1065.5,5.33
depth,d3,d6,11,63,d6,d6,0.0,13,6344443334557,5,0,0.889,1.491,101.8,2.8,6,0,11.58,21.48,1264.3,4.67
depth,d3,d6,12,55,d3,d6,0.0,34,5546323335534444453577777711111122,16,0,0.705,1.559,75.8,2.94,16,0,7.859,27.941,848.3,5.44
depth,d3,d6,12,55,d6,d6,0.0,7,5544326,2,0,0.538,0.987,61.5,2.5,3,0,4.619,13.051,570.7,3.33
depth,d3,d6,13,342,d3,d6,0.0,16,3424344343463557,6,0,0.74,1.212,89.0,2.83,7,0,7.48,12.323,924.6,4.86
depth,d3,d6,13,342,d6,d3,1.0,36,342443423112311223666666327777117744,17,0,0.618,1.188,71.9,2.88,16,0,5.844,16.714,683.3,5.62
depth,d3,d6,14,6653,d3,draw,0.5,42,665347444463335435556536611721122222117777,19,0,0.65,1.521,69.7,2.95,19,0,7.701,30.93,801.5,5.53
depth,d3,d6,14,6653,d6,draw,0.5,42,665347444465455563563333671111117777222222,19,0,0.515,1.381,56.4,2.89,19,0,6.903,23.786,798.6,5.68
depth,d3,d6,15,76,d3,draw,0.5,42,764444442333332362222577757766555656111111,20,0,0.764,2.343,72.8,2.95,20,0,9.259,45.199,969.1,5.55
depth,d3,d6,15,76,d6,d6,0.0,39,764444433333467662176613555555777111122,18,0,0.966,3.694,77.3,2.94,19,0,10.97,24.203,1093.2,5.53
depth,d3,d6,16,344,d3,d6,0.0,16,3444444333363557,6,0,1.292,2.21,84.3,2.83,7,0,14.654,24.562,1141.0,4.86
depth,d3,d6,16,344,d6,d6,0.0,13,3444453673655,5,0,1.511,2.032,108.2,2.8,5,0,14.397,38.567,1069.8,4.4
depth,d3,d6,17,45,d3,draw,0.5,42,454444455556332156233332276666711111777722,20,0,0.575,1.28,58.8,2.95,20,0,5.299,21.294,566.0,5.55
depth,d3,d6,17,45,d6,d6,0.0,23,45454445545521122233331,10,0,0.704,1.229,70.6,2.9,11,0,7.842,14.543,828.4,5.18
depth,d3,d6,18,4714,d3,d6,0.0,16,4714443256466355,6,0,0.989,1.577,107.3,2.83,6,0,8.897,18.552,909.7,4.5
depth,d3,d6,18,4714,d6,d6,0.0,39,471444326565246652452155213331113326677,17,0,0.77,2.44,69.9,2.94,18,0,11.83,33.567,1203.1,5.5
depth,d3,d6,19,7775,d3,d6,0.0,22,7775335544214433543122,9,0,1.003,1.337,106.8,2.89,9,0,13.258,23.081,1451.7,5.11
depth,d3,d6,19,7775,d6,d6,0.0,39,777544444455533233335577761122222111166,17,0,0.588,1.192,62.6,2.94,18,0,7.492,22.032,824.7,5.5
depth,d3,d6,20,453,d3,draw,0.5,42,453444452123223553345235277666771117666117,19,0,0.544,1.213,57.4,2.95,20,0,5.55,22.118,580.9,5.55
depth,d3,d6,20,453,d6,d6,0.0,39,453444433334555355211212222177611777766,18,0,0.605,1.558,68.4,2.94,18,0,6.819,17.956,766.2,5.5
depth,d3,d6,21,545,d3,d6,0.0,38,54545544445536333331666661111177777722,17,0,0.568,1.135,61.1,2.94,18,0,5.659,14.653,642.9,5.5
depth,d3,d6,21,545,d6,d6,0.0,21,545445454453321532336,9,0,0.894,1.847,80.6,2.89,9,0,7.927,16.091,727.8,5.0
depth,d3,d6,22,7152,d3,d6,0.0,34,7152464446555664524225223661111133,15,0,0.748,1.676,77.7,2.93,15,0,6.963,15.571,726.7,5.4
depth,d3,d6,22,7152,d6,d6,0.0,21,715246444645455667757,8,0,0.912,1.651,98.8,2.88,9,0,10.897,24.076,1177.8,5.11
depth,d3,d6,23,71,d3,d6,0.0,16,7144445632422335,7,0,0.978,1.509,106.1,2.86,7,0,8.973,16.428,979.6,4.71
depth,d3,d6,23,71,d6,d6,0.0,39,714444562323642236436733675557775522611,18,0,0.653,1.262,72.9,2.94,19,0,10.801,31.154,1180.5,5.53
depth,d3,d6,24,5616,d3,d6,0.0,18,561644323433544537,7,0,0.786,1.376,85.7,2.86,7,0,6.911,21.43,751.1,4.71
depth,d3,d6,24,5616,d6,d6,0.0,25,5616655444635455446633333,10,0,0.654,1.579,71.3,2.9,11,0,11.251,31.715,1280.1,5.27
depth,d3,d6,25,4424,d3,d3,1.0,7,4424351,2,0,0.456,0.903,54.5,2.0,1,0,0.085,0.085,9.0,2.0
depth,d3,d6,25,4424,d6,d6,0.0,7,4424351,1,0,0.085,0.085,9.0,2.0,2,0,0.449,0.889,54.5,2.0
depth,d3,d6,26,6464,d3,d6,0.0,36,646444545455665522221112277771117733,16,0,0.966,1.868,77.3,2.94,16,0,10.968,33.187,890.8,5.44
depth,d3,d6,26,6464,d6,d6,0.0,37,6464444323334663355552225656711111122,16,0,0.771,1.365,76.1,2.94,17,0,8.227,19.956,835.4,5.47
depth,d3,d6,27,5354,d3,d6,0.0,40,5354443422344522522333755777771166666611,18,0,0.573,1.712,57.6,2.94,18,0,5.127,25.297,538.9,5.5
depth,d3,d6,27,5354,d6,d6,0.0,17,53544213443355222,6,0,0.76,1.153,83.5,2.83,7,0,6.596,12.33,772.9,4.71
depth,d3,d6,28,3576,d3,d6,0.0,38,35766355736335566211111536122222777744,17,0,0.794,1.644,89.6,2.94,17,0,10.078,32.246,1140.4,5.47
depth,d3,d6,28,3576,d6,d6,0.0,23,35765664444342655733251,9,0,0.893,2.19,88.2,2.89,10,0,13.753,40.352,1495.2,5.1
depth,d3,d6,29,6474,d3,d6,0.0,12,647444433251,4,0,1.153,1.694,101.8,2.75,4,0,13.948,30.785,1240.8,4.0
depth,d3,d6,29,6474,d6,d3,1.0,38,64744324344332133222266766671171117755,17,0,0.636,1.604,65.9,2.88,17,0,7.179,20.545,785.4,5.65
depth,d3,d6,30,237,d3,d6,0.0,30,237644442433433372277666775555,13,0,0.857,1.751,91.8,2.92,14,0,10.603,28.444,1159.5,5.43
depth,d3,d6,30,237,d6,d6,0.0,19,2373344565544653552,8,0,1.012,1.475,104.6,2.88,8,0,10.238,19.241,1147.5,5.0
depth,d3,d6,31,112,d3,d6,0.0,38,11244444555554225212216666661177777733,17,0,0.629,1.602,70.9,2.94,18,0,8.062,25.351,945.2,5.5
depth,d3,d6,31,112,d6,draw,0.5,42,112444444222332333327577555755116666661177,20,0,0.748,2.345,75.1,2.9,19,0,10.652,48.813,1029.8,5.68
depth,d3,d6,32,5475,d3,draw,0.5,42,547544545445333363536777666111111622222277,19,0,0.573,1.453,56.9,2.95,19,0,5.337,14.988,597.8,5.53
depth,d3,d6,32,5475,d6,d3,1.0,38,54755444545542111122222677716666617733,17,0,0.624,1.368,65.5,2.88,17,0,6.966,15.748,758.5,5.65
depth,d3,d6,33,323,d3,d6,0.0,20,32334456443455345251,8,0,0.972,1.351,108.2,2.88,9,0,10.607,18.252,1222.9,5.11
depth,d3,d6,33,323,d6,d6,0.0,29,32333224462667562245444637557,13,0,0.984,2.137,108.8,2.92,13,0,11.464,25.165,1289.8,5.38
depth,d3,d6,34,4457,d3,d3,1.0,7,4457326,2,0,0.401,0.792,43.0,2.0,1,0,0.094,0.094,9.0,2.0
depth,d3,d6,34,4457,d6,d6,0.0,7,4457326,1,0,0.092,0.092,9.0,2.0,2,0,0.407,0.805,43.0,2.0
depth,d3,d6,35,745,d3,d6,0.0,24,745444353433747723367656,10,0,0.905,1.449,102.7,2.9,11,0,10.718,21.303,1193.0,5.27
depth,d3,d6,35,745,d6,d3,1.0,18,745444437122774335,8,0,0.793,1.253,87.4,2.75,7,0,10.657,26.59,1234.7,5.14
depth,d3,d6,36,1733,d3,d6,0.0,18,173342565534345446,7,0,0.944,1.735,98.3,2.86,7,0,8.409,20.143,938.0,4.71
depth,d3,d6,36,1733,d6,d6,0.0,33,173342444342322433225667666671111,14,0,0.654,1.351,71.0,2.93,15,0,7.217,24.557,719.6,5.47
depth,d3,d6,37,714,d3,d6,0.0,16,7144445632422335,6,0,1.091,1.811,106.3,2.83,7,0,8.609,15.593,979.6,4.71
depth,d3,d6,37,714,d6,d6,0.0,39,714444562323642236436733675557775522611,18,0,0.637,1.304,72.9,2.94,18,0,10.059,29.114,1157.1,5.5
depth,d3,d6,38,6753,d3,d6,0.0,18,675355654444544667,7,0,1.091,1.612,118.0,2.86,7,0,10.225,20.156,1112.6,4.86
depth,d3,d6,38,6753,d6,d6,0.0,29,67535334421442472231477221335,12,0,0.793,1.689,85.6,2.92,13,0,10.239,32.524,1159.2,5.38
depth,d3,d6,39,247,d3,d6,0.0,32,24744444222272555555333311777666,14,0,0.67,1.203,76.4,2.93,15,0,8.974,26.136,1053.9,5.4
depth,d3,d6,39,247,d6,d6,0.0,15,247644453466355,6,0,0.987,1.324,108.8,2.83,6,0,8.985,17.28,1049.3,4.5
depth,d3,d6,40,4163,d3,d6,0.0,32,41634457345655433545311131176622,14,0,0.719,1.174,80.6,2.93,14,0,6.065,13.355,702.8,5.43
depth,d3,d6,40,4163,d6,d6,0.0,15,416344443375655,5,0,0.817,1.408,89.8,2.8,6,0,9.205,19.476,1073.3,4.5
depth,d3,d6,41,312,d3,d6,0.0,18,312533234444344221,7,0,0.952,1.453,109.6,2.86,8,0,10.038,17.875,1195.4,5.0
depth,d3,d6,41,312,d6,d6,0.0,35,31253335552221144315234444527667667,16,0,0.884,1.446,99.3,2.94,16,0,13.335,28.5,1543.8,5.44
depth,d3,d6,42,7424,d3,d6,0.0,32,74244444222272555555333311777666,14,0,0.67,1.26,76.4,2.93,14,0,8.931,29.306,988.9,5.36
depth,d3,d6,42,7424,d6,d6,0.0,25,7424444323225553345733552,10,0,1.019,3.321,87.7,2.9,11,0,10.59,24.963,1090.2,5.27
depth,d3,d6,43,11,d3,d6,0.0,20,11444432563455533637,9,0,1.039,1.797,109.1,2.89,9,0,10.377,18.1,1130.0,5.11
depth,d3,d6,43,11,d6,d6,0.0,33,114444324326336631466222326555555,15,0,0.803,1.374,93.4,2.93,16,0,11.119,23.263,1298.1,5.5
depth,d3,d6,44,557,d3,draw,0.5,42,557444545445333363536777666111111622222277,19,0,0.509,1.177,56.9,2.95,20,0,5.979,23.763,635.8,5.55
depth,d3,d6,44,557,d6,d3,1.0,38,55745444545542111122222677716666617733,18,0,0.667,1.611,67.7,2.89,17,0,7.035,15.387,758.5,5.65
depth,d3,d6,45,57,d3,d6,0.0,34,5743443433544522225353522777117766,16,0,0.665,1.718,65.6,2.94,16,0,6.23,18.416,614.7,5.44
depth,d3,d6,45,57,d6,d6,0.0,7,5744326,2,0,0.774,1.457,88.0,2.5,3,0,4.495,12.739,546.7,3.33
depth,d3,d6,46,21,d3,d6,0.0,40,2144442333322424676666673327771117115555,19,0,0.729,1.462,81.2,2.95,19,0,9.557,28.441,1098.7,5.53
depth,d3,d6,46,21,d6,d6,0.0,29,21444453224333234367616677755,13,0,0.963,1.771,102.5,2.92,14,0,15.176,33.333,1503.8,5.43
depth,d3,d6,47,1753,d3,d6,0.0,34,1753333517553775531111772222442244,15,0,0.932,1.592,89.3,2.93,15,0,11.199,27.879,1196.6,5.4
depth,d3,d6,47,1753,d6,d6,0.0,37,1753333554554244214452133222777666667,16,0,0.747,1.481,83.4,2.94,17,0,9.989,27.178,1122.1,5.47
depth,d3,d6,48,7632,d3,d6,0.0,22,7632332344444334566557,9,0,0.877,1.263,98.8,2.89,9,0,10.19,18.784,1137.9,5.11
depth,d3,d6,48,7632,d6,d6,0.0,19,7632323324224544556,7,0,0.825,1.455,82.3,2.86,8,0,12.164,26.976,1325.0,5.0
depth,d3,d6,49,36,d3,d3,1.0,35,36424443334432366666222211177777755,17,0,0.667,1.42,74.7,2.88,16,0,7.341,20.14,853.2,5.62
depth,d3,d6,49,36,d6,d6,0.0,7,3644251,2,0,0.754,1.415,75.0,2.5,3,0,5.171,14.631,597.0,3.33
depth,d3,d7,0,35,d3,draw,0.5,42,355544214453312116467664652223313562177777,20,0,0.829,2.072,73.8,2.95,20,0,18.137,56.641,1737.8,6.4
depth,d3,d7,0,35,d7,d7,0.0,13,3554467354647,5,0,1.392,3.095,105.6,2.8,6,0,28.138,56.677,3003.5,5.33
depth,d3,d7,1,6712,d3,d3,1.0,35,67124444643556346676751115775571133,16,0,0.831,1.458,87.9,2.88,15,0,25.915,53.085,2611.1,6.4
depth,d3,d7,1,6712,d7,d7,0.0,39,671244444366632242552527766171555331133,17,0,0.943,1.592,84.3,2.94,18,0,27.13,67.496,2825.7,6.33
depth,d3,d7,2,5547,d3,d3,1.0,7,5547326,2,0,0.442,0.874,46.0,2.0,1,0,0.091,0.091,9.0,2.0
depth,d3,d7,2,5547,d7,d7,0.0,7,5547326,1,0,0.091,0.091,9.0,2.0,2,0,0.434,0.859,46.0,2.0
depth,d3,d7,3,5767,d3,d7,0.0,40,5767434434565543534335166777167622111122,18,0,0.529,1.08,56.1,2.94,18,0,8.847,37.675,950.1,6.33
depth,d3,d7,3,5767,d7,draw,0.5,42,576743444455554333533112777276162222111666,19,0,0.568,1.187,60.4,2.89,19,0,14.304,50.574,1608.6,6.53
depth,d3,d7,4,775,d3,d7,0.0,26,77544444343333377771665655,11,0,1.267,2.34,98.9,2.91,12,0,27.769,71.785,2356.8,6.17
depth,d3,d7,4,775,d7,draw,0.5,42,775444444333333555557217122121122166666677,20,0,0.613,1.785,61.5,2.9,19,0,15.179,76.983,1702.2,6.53
depth,d3,d7,5,215,d3,d7,0.0,40,2154444455542515222211777766667711333333,18,0,0.631,1.208,64.2,2.94,19,0,12.825,38.685,1325.1,6.37
depth,d3,d7,5,215,d7,draw,0.5,42,215444444255555666333331223611777722661177,20,0,0.525,1.419,57.9,2.9,19,0,14.028,59.859,1528.0,6.53
depth,d3,d7,6,13,d3,d7,0.0,22,1333534467554465544667,10,0,1.382,2.581,110.1,2.9,10,0,29.559,70.411,2846.4,6.0
depth,d3,d7,6,13,d7,d3,1.0,38,13555454434223344355377771772221211166,18,0,0.568,1.594,63.7,2.89,18,0,12.619,50.864,1466.7,6.5
depth,d3,d7,7,41,d3,draw,0.5,42,414456323545212335544257221113317666777766,20,0,0.679,1.814,68.0,2.95,20,0,12.728,65.834,1319.3,6.4
depth,d3,d7,7,41,d7,d7,0.0,9,414454326,3,0,1.546,2.333,103.0,2.67,4,0,31.784,63.8,3185.0,4.5
depth,d3,d7,8,4632,d3,d7,0.0,42,463244423422676643333622671177555555111177,19,0,0.734,1.654,75.9,2.95,19,0,15.436,44.752,1681.0,6.37
depth,d3,d7,8,4632,d7,d7,0.0,23,46324442432422353533255,9,0,0.832,1.459,92.9,2.89,10,0,22.474,44.941,2491.6,5.8
depth,d3,d7,9,333,d3,draw,0.5,42,333444434433556522222211175557777711166666,19,0,0.751,4.687,55.4,2.95,20,0,11.966,48.082,1370.1,6.4
depth,d3,d7,9,333,d7,d7,0.0,13,3335445444122,5,0,0.889,1.264,106.6,2.8,5,0,20.828,40.596,2313.8,5.0
depth,d3,d7,10,656,d3,d7,0.0,20,65665545342144425331,8,0,1.061,1.483,108.4,2.88,9,0,28.856,51.685,2922.0,5.89
depth,d3,d7,10,656,d7,d7,0.0,17,65644323433544537,7,0,0.871,1.971,81.6,2.86,7,0,17.34,51.513,1849.7,5.29
depth,d3,d7,11,63,d3,d7,0.0,22,6344446457365655756477,10,0,0.987,1.778,94.4,2.9,10,0,20.85,52.978,2263.2,6.0
depth,d3,d7,11,63,d7,d7,0.0,41,63444443666457555655677111111777333322222,19,0,0.725,2.128,60.9,2.95,20,0,23.815,96.48,1963.2,6.4
depth,d3,d7,12,55,d3,d7,0.0,36,554367444433355433266675751116611122,17,0,0.715,1.489,75.9,2.94,17,0,16.053,52.966,1703.5,6.29
depth,d3,d7,12,55,d7,d7,0.0,7,5544326,2,0,0.558,1.037,61.5,2.5,3,0,10.83,31.807,1244.0,3.67
depth,d3,d7,13,342,d3,d7,0.0,16,3424344343453657,6,0,0.95,1.772,94.0,2.83,7,0,22.372,43.719,2193.7,5.57
depth,d3,d7,13,342,d7,d3,1.0,20,34244342443231111232,9,0,0.764,2.049,75.8,2.78,8,0,18.02,40.725,1794.4,5.88
depth,d3,d7,14,6653,d3,d7,0.0,42,665347444465463333365627722222155517111177,19,0,0.679,1.557,72.8,2.95,19,0,15.958,55.918,1764.4,6.37
depth,d3,d7,14,6653,d7,draw,0.5,42,665347444465455563661511111722332222337777,19,0,0.703,1.84,58.8,2.89,19,0,19.024,67.638,1696.6,6.53
depth,d3,d7,15,76,d3,d7,0.0,42,764444442333332553557177666552222111117766,20,0,0.664,1.692,72.0,2.95,20,0,15.764,79.755,1629.1,6.4
depth,d3,d7,15,76,d7,d7,0.0,27,764444434333363555566667557,12,0,0.932,2.317,85.2,2.92,13,0,31.631,112.31,2495.5,6.23
depth,d3,d7,16,344,d3,d7,0.0,16,3444444333363557,6,0,0.731,0.958,84.3,2.83,7,0,19.211,39.384,2299.1,5.57
depth,d3,d7,16,344,d7,d7,0.0,19,3444454436755655667,8,0,0.766,1.114,87.4,2.88,8,0,19.907,62.951,2279.9,5.75
depth,d3,d7,17,45,d3,draw,0.5,42,454444455555313111717177772366323366662222,20,0,0.653,1.178,62.0,2.95,20,0,13.157,40.499,1329.3,6.4
depth,d3,d7,17,45,d7,d7,0.0,41,45454445543233521225777221333666111177766,19,0,0.605,1.157,66.5,2.95,20,0,13.783,33.072,1558.2,6.4
depth,d3,d7,18,4714,d3,d7,0.0,16,4714443256466355,6,0,1.173,2.167,107.3,2.83,6,0,18.836,52.345,1716.5,5.0
depth,d3,d7,18,4714,d7,d7,0.0,25,4714444343333375777665655,10,0,0.942,1.538,99.7,2.9,11,0,23.575,69.501,2394.9,6.09
depth,d3,d7,19,7775,d3,d3,1.0,37,7775335455335324222352777211611116446,17,0,0.832,2.011,90.5,2.88,16,0,22.424,57.098,2487.0,6.44
depth,d3,d7,19,7775,d7,d7,0.0,27,777533343445466557667454667,11,0,0.869,1.714,92.1,2.91,12,0,17.415,63.608,1827.7,6.17
depth,d3,d7,20,453,d3,draw,0.5,42,453444452124555533363362222666611111777777,19,0,0.619,1.993,57.4,2.95,20,0,11.788,45.437,1262.2,6.4
depth,d3,d7,20,453,d7,d7,0.0,39,453444555344551211776211223332321777766,18,0,0.644,1.14,70.2,2.94,18,0,18.15,45.198,2035.4,6.33
depth,d3,d7,21,545,d3,d7,0.0,30,545455444455336777711772111232,13,0,0.868,1.607,83.7,2.92,14,0,19.118,40.7,1816.5,6.29
depth,d3,d7,21,545,d7,d7,0.0,21,545445454453521323326,9,0,0.753,1.2,74.7,2.89,9,0,14.552,30.649,1512.2,5.67
depth,d3,d7,22,7152,d3,draw,0.5,42,715246444654662422661512715577527117333333,19,0,0.747,1.598,77.6,2.95,19,0,15.096,60.853,1616.6,6.37
depth,d3,d7,22,7152,d7,d7,0.0,23,71524644466544665357777,9,0,0.913,1.91,81.0,2.89,10,0,31.797,67.796,2820.3,5.8
depth,d3,d7,23,71,d3,d7,0.0,16,7144445632422335,7,0,1.039,1.681,106.1,2.86,7,0,18.975,44.106,1943.9,5.29
depth,d3,d7,23,71,d7,d7,0.0,39,714444454555533332235223226677767711166,18,0,0.738,1.733,73.2,2.94,19,0,17.462,64.399,1776.2,6.37
depth,d3,d7,24,5616,d3,d7,0.0,18,561644323433544537,7,0,1.126,2.099,85.7,2.86,7,0,19.163,61.12,1601.3,5.29
depth,d3,d7,24,5616,d7,d7,0.0,41,56166554565566222222111117777744733333344,18,0,0.606,1.492,62.2,2.94,19,0,17.747,69.365,1881.9,6.37
depth,d3,d7,25,4424,d3,d3,1.0,7,4424351,2,0,0.457,0.905,54.5,2.0,1,0,0.077,0.077,9.0,2.0
depth,d3,d7,25,4424,d7,d7,0.0,7,4424351,1,0,0.078,0.078,9.0,2.0,2,0,0.478,0.948,54.5,2.0
depth,d3,d7,26,6464,d3,d7,0.0,22,6464445654466535355633,9,0,0.81,1.485,86.7,2.89,9,0,26.46,69.948,2712.2,5.67
depth,d3,d7,26,6464,d7,d7,0.0,39,646444664315243335555536326222721111177,17,0,0.545,1.37,58.4,2.94,18,0,14.074,64.176,1543.1,6.33
depth,d3,d7,27,5354,d3,d7,0.0,36,535444342234433377777711222266666655,16,0,0.593,1.159,60.9,2.94,16,0,8.507,38.322,919.1,6.25
depth,d3,d7,27,5354,d7,d7,0.0,17,53544213445533222,6,0,0.736,1.035,79.3,2.83,7,0,14.937,35.795,1674.4,5.29
depth,d3,d7,28,3576,d3,d7,0.0,26,35766355754421773445574666,11,0,0.981,1.798,104.5,2.91,11,0,25.549,68.183,2616.0,5.91
depth,d3,d7,28,3576,d7,d7,0.0,11,35766444537,3,0,0.836,1.257,91.0,2.67,4,0,39.982,103.651,3809.0,4.5
depth,d3,d7,29,6474,d3,d7,0.0,20,64744444222273223351,8,0,1.084,1.857,109.8,2.88,8,0,40.601,85.562,4036.5,5.75
depth,d3,d7,29,6474,d7,d7,0.0,39,647443242342264662273763336777155555511,17,0,0.675,1.518,74.2,2.94,18,0,16.356,53.973,1918.3,6.33
depth,d3,d7,30,237,d3,d3,1.0,37,2373352463224317727377266666111115445,17,0,0.834,1.83,87.1,2.88,17,0,23.723,70.757,2627.5,6.47
depth,d3,d7,30,237,d7,d7,0.0,25,2373344565544621343342552,11,0,0.808,1.536,88.4,2.91,11,0,23.742,49.245,2727.2,6.09
depth,d3,d7,31,112,d3,d3,1.0,41,11244444555425225567316766263326111777733,19,0,0.59,1.603,68.2,2.89,19,0,16.999,59.755,1983.5,6.53
depth,d3,d7,31,112,d7,draw,0.5,42,112444444222253676255533333166611167557777,20,0,0.655,1.379,67.5,2.9,19,0,17.859,64.22,1789.4,6.53
depth,d3,d7,32,5475,d3,d7,0.0,24,547544545445365316666336,10,0,0.862,1.847,79.0,2.9,10,0,19.077,35.345,1954.8,6.0
depth,d3,d7,32,5475,d7,d3,1.0,38,54755453553214443233473122221111777766,17,0,0.464,1.305,46.9,2.88,17,0,10.028,48.814,1002.2,6.47
depth,d3,d7,33,323,d3,d7,0.0,20,32334456443455354552,8,0,1.199,1.632,112.8,2.88,9,0,32.042,66.291,3156.1,5.89
depth,d3,d7,33,323,d7,d7,0.0,19,3233324465454455637,8,0,0.723,1.071,82.9,2.88,8,0,20.706,51.909,2495.5,5.75
depth,d3,d7,34,4457,d3,d3,1.0,7,4457326,2,0,0.381,0.753,43.0,2.0,1,0,0.081,0.081,9.0,2.0
depth,d3,d7,34,4457,d7,d7,0.0,7,4457326,1,0,0.08,0.08,9.0,2.0,2,0,0.388,0.767,43.0,2.0
depth,d3,d7,35,745,d3,d7,0.0,34,7454443534337477263377111111555522,15,0,1.049,2.704,79.4,2.93,16,0,18.259,49.126,1609.6,6.25
depth,d3,d7,35,745,d7,d3,1.0,18,745444437122774335,8,0,1.025,1.926,87.4,2.75,7,0,26.09,55.828,2482.6,5.71
depth,d3,d7,36,1733,d3,d7,0.0,18,173342565535566444,7,0,1.833,2.964,112.1,2.86,7,0,32.131,88.1,2033.0,5.29
depth,d3,d7,36,1733,d7,d7,0.0,23,17334234232237277575445,9,0,1.768,7.772,90.8,2.89,10,0,38.679,89.13,3204.5,6.0
depth,d3,d7,37,714,d3,d7,0.0,16,7144445632422335,6,0,1.743,2.883,106.3,2.83,7,0,29.484,61.631,1943.9,5.29
depth,d3,d7,37,714,d7,d7,0.0,39,714444454555533332235223226677767711166,18,0,0.757,1.823,73.2,2.94,18,0,16.148,63.162,1630.1,6.33
depth,d3,d7,38,6753,d3,d7,0.0,18,675355654444544667,7,0,1.527,2.784,118.0,2.86,7,0,25.135,61.099,2274.1,5.57
depth,d3,d7,38,6753,d7,d7,0.0,19,6753363366774444755,7,0,1.443,2.077,116.3,2.86,8,0,59.789,106.937,5342.4,5.75
depth,d3,d7,39,247,d3,d7,0.0,22,2474444223622462535131,9,0,1.094,2.301,102.4,2.89,10,0,42.849,106.95,3930.1,5.8
depth,d3,d7,39,247,d7,d7,0.0,15,247644453466355,6,0,1.133,2.152,108.8,2.83,6,0,18.953,42.932,2034.3,5.0
depth,d3,d7,40,4163,d3,d3,1.0,35,41634457345655433451353611117777722,16,0,0.63,1.213,67.9,2.88,15,0,10.514,32.494,1194.9,6.4
depth,d3,d7,40,4163,d7,d7,0.0,15,416344447566355,5,0,0.739,1.215,82.2,2.8,6,0,24.252,55.693,2793.5,5.0
depth,d3,d7,41,312,d3,d7,0.0,42,312444443222666462333555556653211177777711,19,0,0.688,1.357,79.1,2.95,20,0,18.313,65.198,2197.1,6.4
depth,d3,d7,41,312,d7,d7,0.0,19,3125525522114444133,8,0,1.074,1.581,118.4,2.88,8,0,47.282,89.559,5307.8,5.75
depth,d3,d7,42,7424,d3,d7,0.0,22,7424444223622462535131,9,0,0.989,1.489,102.4,2.89,9,0,39.973,100.608,3861.6,5.67
depth,d3,d7,42,7424,d7,d7,0.0,37,7424444323223335665555437662652617711,16,0,0.774,1.604,82.8,2.94,17,0,15.401,56.083,1723.5,6.29
depth,d3,d7,43,11,d3,d7,0.0,20,11444432563455533637,9,0,1.02,1.515,109.1,2.89,9,0,25.421,57.626,2649.1,5.89
depth,d3,d7,43,11,d7,d7,0.0,15,114444455555233,6,0,0.912,1.295,106.3,2.83,7,0,26.912,47.035,3104.1,5.57
depth,d3,d7,44,557,d3,d7,0.0,24,557444545445365316666336,10,0,0.744,1.335,79.0,2.9,11,0,18.718,30.558,2044.0,6.09
depth,d3,d7,44,557,d7,d3,1.0,38,55745453553214443233473122221111777766,18,0,0.477,1.014,50.2,2.89,17,0,9.609,34.079,1002.2,6.47
depth,d3,d7,45,57,d3,d7,0.0,22,5743443434435322226655,10,0,0.862,1.254,86.8,2.9,10,0,16.395,43.008,1576.3,6.0
depth,d3,d7,45,57,d7,d7,0.0,7,5744326,2,0,0.838,1.587,88.0,2.5,3,0,13.093,38.546,1303.7,3.67
depth,d3,d7,46,21,d3,d7,0.0,26,21444424536762563655756477,12,0,0.902,1.401,98.3,2.92,12,0,23.402,64.389,2317.3,6.17
depth,d3,d7,46,21,d7,d3,1.0,40,2144445322436762452556653251667773337711,19,0,0.773,1.615,82.2,2.89,19,0,24.319,70.46,2503.8,6.53
depth,d3,d7,47,1753,d3,d7,0.0,24,175333334544441455225122,10,0,1.012,1.756,107.9,2.9,10,0,25.765,59.078,3008.3,6.0
depth,d3,d7,47,1753,d7,d7,0.0,25,1753333554553442446674666,10,0,1.012,1.803,93.2,2.9,11,0,29.513,75.538,3127.5,5.91
depth,d3,d7,48,7632,d3,d7,0.0,22,7632332344444334566557,9,0,0.939,1.399,98.8,2.89,9,0,24.583,47.766,2725.0,5.89
depth,d3,d7,48,7632,d7,d7,0.0,21,763223344441364421252,8,0,1.048,2.388,95.0,2.88,9,0,31.895,65.6,3331.9,5.67
depth,d3,d7,49,36,d3,d7,0.0,42,364244423422676643333622671177555555111177,20,0,0.75,2.151,78.3,2.95,20,0,15.272,45.114,1770.2,6.4
depth,d3,d7,49,36,d7,d7,0.0,7,3644251,2,0,0.632,1.177,75.0,2.5,3,0,12.445,36.516,1312.7,3.67
depth,d3,d8,0,35,d3,d8,0.0,34,3554443466544366366331111115557722,16,0,1.206,6.006,66.8,2.94,16,0,64.338,342.406,2828.4,7.0
depth,d3,d8,0,35,d8,d8,0.0,39,354444433334555355211212222177611777766,18,0,1.365,5.401,68.4,2.94,19,0,70.563,252.883,3495.2,7.16
depth,d3,d8,1,6712,d3,d8,0.0,26,67124444643555356654522233,11,0,2.811,5.476,99.5,2.91,11,0,88.758,220.991,4804.2,6.91
depth,d3,d8,1,6712,d8,d8,0.0,13,6712244354351,4,0,1.982,5.203,99.5,2.75,5,0,98.363,282.721,5413.0,5.6
depth,d3,d8,2,5547,d3,d3,1.0,7,5547326,2,0,0.463,0.917,46.0,2.0,1,0,0.093,0.093,9.0,2.0
depth,d3,d8,2,5547,d8,d8,0.0,7,5547326,1,0,0.138,0.138,9.0,2.0,2,0,0.436,0.862,46.0,2.0
depth,d3,d8,3,5767,d3,d8,0.0,36,576743443456554455117777221111333322,16,0,1.49,9.778,66.6,2.94,16,0,47.636,155.177,2372.6,7.0
depth,d3,d8,3,5767,d8,draw,0.5,42,576743444455554333533112211116666622227777,19,0,0.776,4.803,57.4,2.89,19,0,55.437,200.467,2971.3,7.37
depth,d3,d8,4,775,d3,d8,0.0,42,775444443333356554757531611211122222776666,19,0,1.997,5.975,69.3,2.95,20,0,73.034,273.223,3554.4,7.2
depth,d3,d8,4,775,d8,draw,0.5,42,775444444355555121322227211337776666336611,20,0,1.254,5.347,63.0,2.9,19,0,69.168,250.811,3341.7,7.37
depth,d3,d8,5,215,d3,d8,0.0,30,215444445455523522331113331122,13,0,2.448,8.832,85.1,2.92,14,0,77.691,178.256,3814.6,7.14
depth,d3,d8,5,215,d8,draw,0.5,42,215444444255555666666122221133333311777777,20,0,0.703,5.2,54.1,2.9,19,0,49.941,206.555,2642.9,7.37
depth,d3,d8,6,13,d3,d8,0.0,8,13344526,3,0,0.746,1.095,84.3,2.67,3,0,95.872,286.902,3168.3,4.0
depth,d3,d8,6,13,d8,d8,0.0,37,1344444346663361313222211221665557555,17,0,1.167,5.06,70.2,2.94,18,0,66.09,236.138,3591.6,7.11
depth,d3,d8,7,41,d3,d8,0.0,32,41445367345655433545311131176622,15,0,1.117,6.14,84.6,2.93,15,0,71.018,289.094,3182.9,7.13
depth,d3,d8,7,41,d8,d8,0.0,11,41444433526,4,0,1.934,5.225,110.8,2.75,5,0,127.486,241.16,7039.2,5.6
depth,d3,d8,8,4632,d3,d8,0.0,40,4632444433322666243355556611777777111155,18,0,1.408,5.335,82.5,2.94,18,0,72.611,260.435,3693.4,7.11
depth,d3,d8,8,4632,d8,d8,0.0,35,46324442434323355311122555521117766,15,0,2.168,6.284,72.0,2.93,16,0,65.602,276.154,3162.2,7.25
depth,d3,d8,9,333,d3,d8,0.0,40,3334444434222233555566666611117777117755,18,0,1.233,5.023,63.9,2.94,19,0,49.349,234.678,2584.1,7.16
depth,d3,d8,9,333,d8,d8,0.0,39,333544444334555355211212222177611777766,18,0,1.061,5.943,65.8,2.94,18,0,52.941,196.076,2879.9,7.11
depth,d3,d8,10,656,d3,d8,0.0,36,656655444635124554426222163121113333,16,0,0.619,1.317,65.9,2.94,17,0,63.495,245.961,3400.1,7.06
depth,d3,d8,10,656,d8,d8,0.0,17,65644323433544537,7,0,1.498,6.454,81.6,2.86,7,0,64.185,217.38,3227.9,5.71
depth,d3,d8,11,63,d3,d8,0.0,42,634444645733355566547775122332112221116677,20,0,1.578,6.491,86.2,2.95,20,0,72.139,214.13,3342.1,7.2
depth,d3,d8,11,63,d8,d8,0.0,39,634444433334755553557772222221111117766,18,0,1.685,6.465,64.2,2.94,19,0,78.509,372.179,3282.7,7.16
depth,d3,d8,12,55,d3,d8,0.0,34,5543674444333553453527777711111122,16,0,1.729,5.15,78.4,2.94,16,0,66.024,234.762,3414.0,7.0
depth,d3,d8,12,55,d8,d8,0.0,7,5544326,2,0,0.53,0.966,61.5,2.5,3,0,44.278,132.12,2531.7,4.0
depth,d3,d8,13,342,d3,d8,0.0,16,3424344343463557,6,0,2.221,5.342,89.0,2.83,7,0,71.212,119.468,3857.6,6.29
depth,d3,d8,13,342,d8,d3,1.0,36,342443423112311223773727776666661144,17,0,1.543,6.943,69.8,2.88,16,0,55.338,210.507,2585.9,7.25
depth,d3,d8,14,6653,d3,d3,1.0,35,66534744446435665335335561177111222,16,0,2.343,8.397,76.6,2.88,15,0,79.241,299.797,3686.3,7.2
depth,d3,d8,14,6653,d8,d8,0.0,33,665347444465455536333511673122221,14,0,2.112,5.709,86.6,2.93,15,0,88.41,225.943,4331.1,7.0
depth,d3,d8,15,76,d3,d3,1.0,39,764444442333332222267366667751717111155,19,0,1.739,5.871,79.5,2.89,18,0,85.91,310.725,3979.7,7.33
depth,d3,d8,15,76,d8,d8,0.0,35,76444443436633622232322665511557557,16,0,1.265,5.566,82.6,2.94,17,0,102.224,367.74,4585.1,7.24
depth,d3,d8,16,344,d3,d8,0.0,16,3444444333363557,6,0,1.532,4.912,84.3,2.83,7,0,83.753,166.587,4351.7,6.29
depth,d3,d8,16,344,d8,d8,0.0,13,3444453673655,5,0,1.842,5.677,108.2,2.8,5,0,91.728,260.588,4714.4,5.6
depth,d3,d8,17,45,d3,draw,0.5,42,454444455556332156233233666261111177772277,20,0,1.407,8.746,57.7,2.95,20,0,48.563,232.84,2246.9,7.2
depth,d3,d8,17,45,d8,d8,0.0,23,45454445545521122233331,10,0,1.105,4.729,70.6,2.9,11,0,67.521,134.587,3567.2,6.64
depth,d3,d8,18,4714,d3,d8,0.0,16,4714443256466355,6,0,2.827,5.736,107.3,2.83,6,0,78.742,172.804,3730.5,5.5
depth,d3,d8,18,4714,d8,d8,0.0,37,4714444343333375555556666667722222211,16,0,1.265,10.725,69.6,2.94,17,0,70.432,272.676,3236.2,7.06
depth,d3,d8,19,7775,d3,d8,0.0,26,77753353354553732152772421,11,0,3.806,9.82,107.1,2.91,11,0,126.999,274.182,6812.4,6.82
depth,d3,d8,19,7775,d8,d8,0.0,39,777544444455533233335577762222211111166,17,0,1.119,5.967,61.5,2.94,18,0,70.245,234.79,3329.4,7.11
depth,d3,d8,20,453,d3,draw,0.5,42,453444452123223553345235266677771117666117,19,0,0.896,5.563,57.8,2.95,20,0,51.954,212.645,2134.8,7.2
depth,d3,d8,20,453,d8,d8,0.0,39,453444433334555355211212222177611777766,18,0,1.689,9.47,68.4,2.94,18,0,66.699,218.951,2934.8,7.11
depth,d3,d8,21,545,d3,d8,0.0,38,54545544445536333331666661111177777722,17,0,1.568,5.48,61.1,2.94,18,0,46.032,163.009,2525.8,7.11
depth,d3,d8,21,545,d8,d8,0.0,21,545445454453321532336,9,0,2.247,5.42,80.6,2.89,9,0,62.528,180.149,2891.2,6.33
depth,d3,d8,22,7152,d3,d8,0.0,34,7152464446555664524225232116611133,15,0,1.873,5.996,78.7,2.93,15,0,65.757,178.64,3004.5,6.93
depth,d3,d8,22,7152,d8,d8,0.0,37,7152464446454565533153333677777111122,16,0,0.96,4.642,71.0,2.94,17,0,65.47,263.892,3130.3,7.06
depth,d3,d8,23,71,d3,d8,0.0,16,7144445632422335,7,0,0.986,1.543,106.1,2.86,7,0,91.27,200.628,4319.3,5.86
depth,d3,d8,23,71,d8,d8,0.0,31,7134444345335242773322212555666,14,0,2.929,9.461,84.4,2.93,15,0,103.308,309.025,4653.7,6.93
depth,d3,d8,24,5616,d3,d8,0.0,18,561644323433544537,7,0,2.002,5.533,85.7,2.86,7,0,57.072,204.448,2976.7,5.71
depth,d3,d8,24,5616,d8,d8,0.0,25,5616655444635455446633333,10,0,0.919,2.603,71.3,2.9,11,0,108.995,320.917,4664.2,6.91
depth,d3,d8,25,4424,d3,d3,1.0,7,4424351,2,0,0.464,0.919,54.5,2.0,1,0,0.084,0.084,9.0,2.0
depth,d3,d8,25,4424,d8,d8,0.0,7,4424351,1,0,0.08,0.08,9.0,2.0,2,0,0.463,0.916,54.5,2.0
depth,d3,d8,26,6464,d3,d8,0.0,36,646444545455665522221112277771117733,16,0,1.426,5.098,77.3,2.94,16,0,49.304,222.771,2849.2,6.75
depth,d3,d8,26,6464,d8,d8,0.0,37,6464446643243332133222662777717755555,16,0,1.621,5.029,66.9,2.94,17,0,54.309,191.488,3200.8,7.06
depth,d3,d8,27,5354,d3,d8,0.0,30,535444342234452252255777111331,13,0,0.899,5.009,69.0,2.92,13,0,38.661,137.67,2253.5,7.08
depth,d3,d8,27,5354,d8,d8,0.0,17,53544213445533222,6,0,0.701,0.982,79.3,2.83,7,0,42.659,115.721,2514.9,5.71
depth,d3,d8,28,3576,d3,d8,0.0,30,357663557363355662151362111242,13,0,2.625,6.066,100.6,2.92,13,0,115.671,388.545,5710.8,7.08
depth,d3,d8,28,3576,d8,d8,0.0,19,3576333665644553244,7,0,3.628,7.121,119.7,2.86,8,0,182.754,437.519,8938.0,6.0
depth,d3,d8,29,6474,d3,d8,0.0,12,647444433251,4,0,2.957,5.357,101.8,2.75,4,0,129.608,259.481,7474.0,5.0
depth,d3,d8,29,6474,d8,d3,1.0,38,64744324433343666366222555555117777722,17,0,2.106,5.349,75.0,2.88,17,0,64.75,208.93,3802.2,7.29
depth,d3,d8,30,237,d3,d8,0.0,36,237444446622642233335555535672111111,16,0,1.302,4.905,90.0,2.94,17,0,77.752,288.914,4287.2,7.12
depth,d3,d8,30,237,d8,d8,0.0,19,2373344565544635251,8,0,2.068,5.854,108.0,2.88,8,0,103.366,176.482,5407.6,6.5
depth,d3,d8,31,112,d3,d8,0.0,38,11244444555422551156672211277676667733,17,0,1.702,5.914,78.4,2.94,18,0,78.0,331.601,4044.8,7.11
depth,d3,d8,31,112,d8,d3,1.0,40,1124444442225225537553577711666666117733,19,0,1.1,5.922,69.2,2.89,18,0,73.02,269.9,3832.6,7.22
depth,d3,d8,32,5475,d3,d8,0.0,40,5475445454453333635361177766662222227711,18,0,0.998,4.775,57.4,2.94,18,0,41.479,137.01,2182.1,7.11
depth,d3,d8,32,5475,d8,draw,0.5,42,547544455445536121113113322233227776666677,19,0,1.376,5.718,61.5,2.89,19,0,60.994,164.825,3040.2,7.37
depth,d3,d8,33,323,d3,d8,0.0,28,3233445644321434532522255667,12,0,2.028,8.574,80.6,2.92,13,0,110.087,293.098,4681.9,6.77
depth,d3,d8,33,323,d8,d8,0.0,19,3233324465454455637,8,0,1.876,5.239,82.9,2.88,8,0,98.983,310.508,4304.0,6.5
depth,d3,d8,34,4457,d3,d3,1.0,7,4457326,2,0,0.39,0.764,43.0,2.0,1,0,0.136,0.136,9.0,2.0
depth,d3,d8,34,4457,d8,d8,0.0,7,4457326,1,0,0.082,0.082,9.0,2.0,2,0,0.406,0.804,43.0,2.0
depth,d3,d8,35,745,d3,d8,0.0,22,7454443445337331311222,9,0,1.689,5.869,101.4,2.89,10,0,124.781,250.68,4724.8,6.7
depth,d3,d8,35,745,d8,d8,0.0,25,7454444355533212122114326,11,0,2.402,5.716,110.0,2.91,11,0,111.992,273.405,4831.5,6.91
depth,d3,d8,36,1733,d3,d8,0.0,18,173342565534345446,7,0,1.765,5.844,98.3,2.86,7,0,105.573,366.286,3869.1,5.86
depth,d3,d8,36,1733,d8,d8,0.0,23,17334244434223346563557,9,0,3.132,5.691,87.3,2.89,10,0,73.478,166.503,3971.3,6.8
depth,d3,d8,37,714,d3,d8,0.0,16,7144445632422335,6,0,2.427,5.633,106.3,2.83,7,0,82.33,160.599,4319.3,5.86
depth,d3,d8,37,714,d8,d8,0.0,29,71444445455553513332222226331,13,0,1.143,5.06,88.2,2.92,13,0,80.753,260.85,4063.3,7.08
depth,d3,d8,38,6753,d3,d8,0.0,18,675355654444544667,7,0,1.742,5.41,118.0,2.86,7,0,89.927,195.687,4412.7,6.29
depth,d3,d8,38,6753,d8,d8,0.0,21,675336336625555422444,8,0,3.765,13.972,122.5,2.88,9,0,216.323,444.082,11000.6,6.33
depth,d3,d8,39,247,d3,d8,0.0,32,24744444222272555555333311777666,14,0,0.977,5.051,76.4,2.93,15,0,87.391,282.584,4774.8,6.93
depth,d3,d8,39,247,d8,d8,0.0,15,247644453466355,6,0,4.601,10.783,108.8,2.83,6,0,97.369,206.901,4542.5,5.5
depth,d3,d8,40,4163,d3,d8,0.0,32,41634457345655433545311131176622,14,0,1.948,5.306,80.6,2.93,14,0,44.807,152.55,2569.7,7.07
depth,d3,d8,40,4163,d8,d8,0.0,15,416344447566355,5,0,0.755,1.284,82.2,2.8,6,0,78.507,264.005,4692.7,5.33
depth,d3,d8,41,312,d3,d8,0.0,16,3124444433213121,6,0,0.84,1.28,102.5,2.83,7,0,119.669,229.478,6813.6,6.29
depth,d3,d8,41,312,d8,d8,0.0,21,312552552263333466444,9,0,2.111,5.734,122.1,2.89,9,0,213.328,392.96,10994.7,6.33
depth,d3,d8,42,7424,d3,d8,0.0,32,74244444222272555555333311777666,14,0,1.325,5.369,76.4,2.93,14,0,87.501,294.96,4451.4,6.86
depth,d3,d8,42,7424,d8,d8,0.0,23,74244443232255353555332,9,0,1.704,5.46,81.4,2.89,10,0,80.053,237.706,4071.3,6.5
depth,d3,d8,43,11,d3,d8,0.0,38,11444432563455546335232356777777111122,18,0,1.128,5.513,75.8,2.94,18,0,56.938,178.491,3121.9,7.11
depth,d3,d8,43,11,d8,d8,0.0,15,114444455555233,6,0,2.696,5.54,106.3,2.83,7,0,132.153,258.525,6224.3,6.29
depth,d3,d8,44,557,d3,d8,0.0,40,5574445454453333635361177766662222227711,18,0,0.806,4.707,57.4,2.94,19,0,48.176,129.54,2368.7,7.16
depth,d3,d8,44,557,d8,draw,0.5,42,557444455445536121113113322233227776666677,20,0,2.055,9.112,63.7,2.9,19,0,58.862,185.396,3040.2,7.37
depth,d3,d8,45,57,d3,d8,0.0,22,5743443434435322226655,10,0,1.643,5.509,86.8,2.9,10,0,58.474,164.942,2886.0,6.7
depth,d3,d8,45,57,d8,d8,0.0,7,5744326,2,0,0.735,1.381,88.0,2.5,3,0,39.043,116.381,2413.0,4.0
depth,d3,d8,46,21,d3,d3,1.0,39,214444254452552255263333111331717777766,19,0,1.709,5.357,69.6,2.89,18,0,75.013,345.756,3876.7,7.33
depth,d3,d8,46,21,d8,d8,0.0,33,214444254542552151165623377723333,15,0,2.103,6.6,97.9,2.93,16,0,84.097,230.11,4562.3,7.25
depth,d3,d8,47,1753,d3,d8,0.0,34,1753333517553775531111772222442244,15,0,1.98,5.605,89.3,2.93,15,0,103.49,294.092,5322.4,7.0
depth,d3,d8,47,1753,d8,d8,0.0,37,1753333554554244214452133222617777766,16,0,1.55,5.732,81.4,2.94,17,0,96.29,333.003,5034.9,7.06
depth,d3,d8,48,7632,d3,d8,0.0,30,763233234444433455617766667755,13,0,1.263,5.031,93.4,2.92,13,0,87.802,198.55,4280.7,7.08
depth,d3,d8,48,7632,d8,d8,0.0,19,7632323324224544556,7,0,0.761,1.314,82.3,2.86,8,0,115.067,408.64,5921.8,6.5
depth,d3,d8,49,36,d3,d8,0.0,40,3642444433322666243355556611777777111155,19,0,1.559,5.802,84.6,2.95,19,0,73.804,257.277,3853.4,7.16
depth,d3,d8,49,36,d8,d8,0.0,7,3644251,2,0,0.921,1.76,75.0,2.5,3,0,40.143,119.44,2186.7,4.0
depth,d4,d5,0,35,d4,d4,1.0,41,35554444534612635216322243235666111177777,20,0,1.605,3.812,185.7,3.8,19,0,3.903,9.89,453.4,4.79
depth,d4,d5,0,35,d5,d4,1.0,40,3544442122422333345555377771566666267711,19,0,1.713,3.843,194.3,3.79,19,0,4.343,11.86,490.7,4.79
depth,d4,d5,1,6712,d4,d5,0.0,26,67124444664462222311315133,11,0,2.531,3.972,278.7,3.82,11,0,5.807,12.376,632.9,4.45
depth,d4,d5,1,6712,d5,d5,0.0,37,6712444466436223114122626775551177557,16,0,2.242,6.343,239.2,3.88,17,0,4.71,12.354,515.3,4.65
depth,d4,d5,2,5547,d4,d4,1.0,7,5547326,2,0,0.445,0.88,46.0,2.0,1,0,0.09,0.09,9.0,2.0
depth,d4,d5,2,5547,d5,d5,0.0,7,5547326,1,0,0.088,0.088,9.0,2.0,2,0,0.462,0.914,46.0,2.0
depth,d4,d5,3,5767,d4,d5,0.0,42,576743444435333554755773666667111111222222,19,0,1.768,5.013,201.7,3.89,19,0,3.364,10.628,377.7,4.68
depth,d4,d5,3,5767,d5,d5,0.0,31,5767434435435465664655711116222,13,0,2.02,3.405,217.2,3.85,14,0,5.206,10.955,562.9,4.57
depth,d4,d5,4,775,d4,d5,0.0,38,77544444555455773333111111666633222222,17,0,2.45,5.866,198.3,3.88,18,0,5.135,13.776,427.4,4.67
depth,d4,d5,4,775,d5,d4,1.0,36,775444442422355566665226333257111777,17,0,1.629,4.521,180.8,3.76,16,0,4.524,14.71,497.3,4.75
depth,d4,d5,5,215,d4,draw,0.5,42,215444445554525322333323277771111177666666,19,0,1.677,5.987,149.8,3.89,20,0,3.039,9.243,341.8,4.7
depth,d4,d5,5,215,d5,d5,0.0,21,215444414114222255333,9,0,2.351,3.826,274.0,3.78,9,0,4.318,7.476,509.6,4.33
depth,d4,d5,6,13,d4,d5,0.0,32,13345444341143133211772225552666,15,0,2.271,4.48,243.9,3.87,15,0,5.623,12.481,556.8,4.6
depth,d4,d5,6,13,d5,d4,1.0,32,13444443433367663611555575511122,15,0,2.078,3.871,190.7,3.73,15,0,5.244,12.196,489.5,4.73
depth,d4,d5,7,41,d4,d5,0.0,40,4135444334343322511551551166777766227722,19,0,1.754,4.134,183.7,3.89,19,0,3.87,12.155,361.2,4.68
depth,d4,d5,7,41,d5,d5,0.0,23,41535335355326462122244,10,0,4.032,7.166,296.8,3.8,11,0,8.778,13.742,660.4,4.45
depth,d4,d5,8,4632,d4,d4,1.0,21,463244342334423322111,9,0,1.879,3.416,202.2,3.56,8,0,5.518,12.465,476.4,4.5
depth,d4,d5,8,4632,d5,draw,0.5,42,463244434462222636633326711111177555555777,19,0,2.435,6.963,164.9,3.79,19,0,6.216,18.385,413.8,4.79
depth,d4,d5,9,333,d4,d5,0.0,24,333544443533544512225666,10,0,1.965,4.308,192.6,3.8,11,0,3.433,8.598,386.4,4.45
depth,d4,d5,9,333,d5,d5,0.0,39,333544445355441253352221622111177777766,18,0,1.479,4.467,156.9,3.89,18,0,3.799,9.826,404.8,4.67
depth,d4,d5,10,656,d4,d5,0.0,40,6566444445545521222562276611111777333333,18,0,2.493,8.067,186.8,3.89,19,0,5.546,17.117,403.2,4.68
depth,d4,d5,10,656,d5,d4,1.0,36,656664432555563332313526222771111144,17,0,2.264,4.509,239.5,3.76,16,0,5.297,14.675,566.2,4.75
depth,d4,d5,11,63,d4,d4,1.0,23,63342344434334227762555,11,0,2.497,7.919,226.5,3.64,10,0,5.508,11.278,539.2,4.6
depth,d4,d5,11,63,d5,d4,1.0,34,6344445766466345555511133337611122,16,0,2.665,6.93,189.6,3.75,16,0,7.422,18.914,513.6,4.75
depth,d4,d5,12,55,d4,d5,0.0,34,5546324454333215522445332277777666,16,0,1.595,4.159,143.6,3.88,16,0,4.587,11.127,380.9,4.62
depth,d4,d5,12,55,d5,d5,0.0,39,554334445533447635352166617771111667722,18,0,2.175,5.877,173.9,3.89,19,0,5.245,12.807,419.6,4.68
depth,d4,d5,13,342,d4,d4,1.0,37,3424443433453357677166666711111772255,17,0,1.549,3.077,171.4,3.76,17,0,3.422,8.504,381.5,4.76
depth,d4,d5,13,342,d5,d4,1.0,32,34244342442323337227776666667755,15,0,1.287,2.674,147.9,3.73,14,0,2.559,7.823,306.5,4.71
depth,d4,d5,14,6653,d4,draw,0.5,42,665347444465463333365627772722755522111111,19,0,1.553,3.675,161.0,3.89,19,0,3.474,11.724,373.6,4.68
depth,d4,d5,14,6653,d5,d5,0.0,37,6653474446466465577111133332551123222,16,0,2.068,4.503,217.7,3.88,17,0,4.336,9.67,445.9,4.65
depth,d4,d5,15,76,d4,d5,0.0,40,7663444444333332222626662111177711775555,19,0,1.715,3.905,176.2,3.89,19,0,3.787,12.021,369.4,4.68
depth,d4,d5,15,76,d5,d5,0.0,39,764444446333336636561721112211772227755,18,0,2.036,4.636,190.8,3.89,19,0,4.986,13.388,499.4,4.68
depth,d4,d5,16,344,d4,d4,1.0,35,34444533367644663673776527725522552,16,0,1.829,4.347,202.9,3.75,16,0,4.632,11.285,483.3,4.75
depth,d4,d5,16,344,d5,d5,0.0,39,344443433433275777677666665555511111122,18,0,2.27,4.938,171.8,3.89,18,0,4.307,10.403,350.6,4.67
depth,d4,d5,17,45,d4,d4,1.0,29,45444455543521322522213333111,14,0,1.647,3.711,189.7,3.71,13,0,3.352,8.342,374.8,4.69
depth,d4,d5,17,45,d5,d5,0.0,21,454445455435531232322,9,0,2.012,3.663,228.9,3.78,10,0,4.006,8.496,458.7,4.4
depth,d4,d5,18,4714,d4,d4,1.0,39,471444473234333376665577556556167111122,18,0,2.204,5.642,211.0,3.78,17,0,4.163,12.211,419.0,4.76
depth,d4,d5,18,4714,d5,d4,1.0,16,4714446346374555,6,0,2.37,4.018,263.7,3.33,6,0,7.789,18.151,766.5,4.33
depth,d4,d5,19,7775,d4,d5,0.0,34,7775444454557455633133111211337722,15,0,2.183,4.407,212.3,3.87,15,0,4.215,8.467,437.2,4.6
depth,d4,d5,19,7775,d5,d4,1.0,38,77753335553544444222435371111222117766,17,0,1.881,4.655,211.6,3.76,17,0,4.281,12.942,490.9,4.76
depth,d4,d5,20,453,d4,d4,1.0,41,45344455534612635216322243235666111177777,19,0,1.615,3.845,185.6,3.79,19,0,4.519,16.572,449.3,4.79
depth,d4,d5,20,453,d5,d4,1.0,40,4534442122422333345555377771566666267711,19,0,1.751,4.013,194.3,3.79,18,0,4.391,15.655,457.1,4.78
depth,d4,d5,21,545,d4,d5,0.0,38,54554445421554222212777766666677111133,17,0,1.36,3.248,142.9,3.88,18,0,3.301,9.251,341.6,4.67
depth,d4,d5,21,545,d5,d5,0.0,39,545554444332153343357772227776666662211,18,0,1.31,3.119,143.3,3.89,18,0,2.801,7.007,307.7,4.67
depth,d4,d5,22,7152,d4,d4,1.0,35,71524644566442224366212333337677755,16,0,1.98,5.201,203.6,3.75,15,0,4.726,9.941,497.5,4.73
depth,d4,d5,22,7152,d5,d5,0.0,25,7152464456455664542777333,10,0,2.362,3.948,222.7,3.8,11,0,4.811,12.225,443.3,4.45
depth,d4,d5,23,71,d4,d4,1.0,39,714444415654555512223311332332721777766,19,0,1.941,4.428,211.2,3.79,18,0,4.252,16.498,425.3,4.78
depth,d4,d5,23,71,d5,d4,1.0,38,71444423224345332335551777155111227766,18,0,1.929,4.998,225.3,3.78,18,0,4.41,10.171,527.5,4.78
depth,d4,d5,24,5616,d4,d5,0.0,32,56164444455664525566222221111133,14,0,1.515,3.955,162.6,3.86,14,0,3.529,9.49,383.6,4.57
depth,d4,d5,24,5616,d5,draw,0.5,42,561634444555333443355111112222227766667777,19,0,1.218,3.564,134.6,3.79,19,0,3.369,11.624,385.8,4.79
depth,d4,d5,25,4424,d4,d4,1.0,7,4424351,2,0,0.458,0.907,54.5,2.0,1,0,0.076,0.076,9.0,2.0
depth,d4,d5,25,4424,d5,d5,0.0,7,4424351,1,0,0.076,0.076,9.0,2.0,2,0,0.451,0.892,54.5,2.0
depth,d4,d5,26,6464,d4,d4,1.0,39,646444432333342223662626511111177777755,18,0,1.532,3.997,173.8,3.78,17,0,3.31,9.997,367.5,4.76
depth,d4,d5,26,6464,d5,d5,0.0,21,646446443346633373555,8,0,2.381,3.51,276.9,3.75,9,0,5.632,11.521,596.7,4.33
depth,d4,d5,27,5354,d4,d4,1.0,17,53544355412434222,7,0,1.805,3.507,192.3,3.43,6,0,4.378,8.459,444.8,4.33
depth,d4,d5,27,5354,d5,d5,0.0,41,53544214424455322355777733322111116677666,18,0,1.261,3.938,133.6,3.89,19,0,2.557,6.632,280.4,4.68
depth,d4,d5,28,3576,d4,d5,0.0,38,35765535637553332126617711662212127744,17,0,2.171,5.12,230.5,3.88,17,0,4.627,12.032,495.4,4.65
depth,d4,d5,28,3576,d5,d5,0.0,19,3576335553433621442,7,0,2.721,5.965,299.0,3.71,8,0,7.09,15.157,792.1,4.25
depth,d4,d5,29,6474,d4,d5,0.0,30,647444241226624612217567631335,13,0,3.391,5.744,358.2,3.85,13,0,8.937,21.239,896.8,4.54
depth,d4,d5,29,6474,d5,d4,1.0,32,64744443233342322626663267777755,14,0,2.061,4.575,217.6,3.71,14,0,4.538,11.705,490.0,4.71
depth,d4,d5,30,237,d4,draw,0.5,42,237444444655565355233331777111227212666617,19,0,1.36,4.637,149.2,3.89,20,0,3.374,11.208,381.6,4.7
depth,d4,d5,30,237,d5,d5,0.0,15,237445644464355,6,0,2.565,3.417,282.0,3.67,6,0,4.943,11.586,542.0,4.0
depth,d4,d5,31,112,d4,d5,0.0,42,112444444222353676566533553352662117777711,19,0,1.845,6.661,193.9,3.89,20,0,4.57,12.763,466.9,4.7
depth,d4,d5,31,112,d5,d4,1.0,40,1124444442222633266576655655511777117733,19,0,1.753,4.074,202.7,3.79,18,0,4.31,13.591,499.2,4.78
depth,d4,d5,32,5475,d4,draw,0.5,42,547544455445536121111132222233733666667777,19,0,1.656,3.996,162.0,3.89,19,0,3.784,10.353,378.8,4.68
depth,d4,d5,32,5475,d5,d4,1.0,38,54755444545542111111777222626626667733,17,0,1.617,4.546,154.8,3.76,17,0,3.604,12.036,362.5,4.76
depth,d4,d5,33,323,d4,d5,0.0,38,32333552565576223352211777661166117744,17,0,2.253,4.586,236.2,3.88,18,0,5.46,15.182,544.1,4.67
depth,d4,d5,33,323,d5,d4,1.0,38,32334444321642234663266655555521111177,18,0,1.792,5.179,181.2,3.78,17,0,3.889,11.666,405.6,4.76
depth,d4,d5,34,4457,d4,d4,1.0,7,4457326,2,0,0.434,0.859,43.0,2.0,1,0,0.088,0.088,9.0,2.0
depth,d4,d5,34,4457,d5,d5,0.0,7,4457326,1,0,0.082,0.082,9.0,2.0,2,0,0.473,0.937,43.0,2.0
depth,d4,d5,35,745,d4,d5,0.0,34,7454445455455136111771177722222233,15,0,1.896,3.844,193.0,3.87,16,0,3.955,8.122,417.4,4.62
depth,d4,d5,35,745,d5,d4,1.0,24,745444455554572222212333,11,0,2.196,3.775,234.0,3.64,10,0,5.039,8.959,562.3,4.6
depth,d4,d5,36,1733,d4,d5,0.0,22,1733425644343443362555,9,0,2.25,4.666,234.9,3.78,9,0,3.167,5.629,332.6,4.33
depth,d4,d5,36,1733,d5,d5,0.0,25,1733423426672773226644555,10,0,2.366,4.792,249.8,3.8,11,0,5.978,9.964,631.2,4.45
depth,d4,d5,37,714,d4,d4,1.0,39,714444415654555512223311332332721777766,18,0,1.865,4.398,207.8,3.78,18,0,3.949,8.268,425.3,4.78
depth,d4,d5,37,714,d5,d4,1.0,38,71444423224345332335551777155111227766,18,0,2.022,5.618,225.3,3.78,17,0,4.891,11.247,516.6,4.76
depth,d4,d5,38,6753,d4,d5,0.0,38,67535565355636337212266372227771111144,17,0,1.719,4.264,157.0,3.88,17,0,3.712,10.831,378.8,4.65
depth,d4,d5,38,6753,d5,d5,0.0,33,675344453675455434333157777122211,14,0,1.599,3.86,167.7,3.86,15,0,3.738,15.151,373.5,4.6
depth,d4,d5,39,247,d4,d5,0.0,34,2474444655567662552456221116211133,15,0,2.087,5.511,202.9,3.87,16,0,5.256,15.981,496.0,4.62
depth,d4,d5,39,247,d5,d4,1.0,24,247444442222277776735566,11,0,3.523,6.802,250.5,3.64,10,0,9.014,22.124,643.2,4.6
depth,d4,d5,40,4163,d4,d4,1.0,39,416344443357565561222466525633117213777,18,0,2.106,5.977,210.6,3.78,17,0,4.06,12.747,425.4,4.76
depth,d4,d5,40,4163,d5,d5,0.0,29,41634446643333664357516755577,12,0,2.288,4.48,244.7,3.83,13,0,5.542,11.035,590.8,4.54
depth,d4,d5,41,312,d4,d4,1.0,39,312442444121142556765522556661167777733,18,0,2.104,5.191,171.5,3.78,18,0,5.131,20.634,390.1,4.78
depth,d4,d5,41,312,d5,d4,1.0,32,31244444233322243326767666671555,15,0,1.97,5.404,213.8,3.73,14,0,4.245,9.562,478.4,4.71
depth,d4,d5,42,7424,d4,d5,0.0,34,7424444655567662552456221116211133,15,0,3.555,8.947,202.9,3.87,15,0,8.208,20.166,458.9,4.6
depth,d4,d5,42,7424,d5,d4,1.0,24,742444442222277776735566,10,0,2.131,3.426,238.6,3.6,10,0,6.886,19.188,643.2,4.6
depth,d4,d5,43,11,d4,d5,0.0,38,11444423346337243366666772212217775555,18,0,2.165,7.186,200.6,3.89,18,0,3.95,11.178,405.9,4.67
depth,d4,d5,43,11,d5,d5,0.0,39,114444433334676355555536161661127777722,18,0,2.013,6.989,183.8,3.89,19,0,5.075,19.479,436.8,4.68
depth,d4,d5,44,557,d4,draw,0.5,42,557444455445536121111132222233733666667777,19,0,1.615,4.715,162.0,3.89,20,0,3.805,11.021,383.3,4.7
depth,d4,d5,44,557,d5,d4,1.0,38,55745444545542111111777222626626667733,18,0,1.494,2.893,158.3,3.78,17,0,3.441,8.614,362.5,4.76
depth,d4,d5,45,57,d4,d5,0.0,42,574344455435533433577766666622227117112211,20,0,1.497,3.829,166.9,3.9,20,0,3.383,8.267,371.0,4.7
depth,d4,d5,45,57,d5,draw,0.5,42,574353354445255447217733361111166666772222,20,0,1.584,4.08,168.6,3.8,20,0,3.124,8.556,335.4,4.8
depth,d4,d5,46,21,d4,d5,0.0,40,2144444333233435575556666656177711117722,19,0,1.495,3.079,174.3,3.89,19,0,3.413,8.857,401.9,4.68
depth,d4,d5,46,21,d5,d5,0.0,17,21444253343324555,7,0,2.309,3.818,270.6,3.71,8,0,5.524,8.635,636.1,4.25
depth,d4,d5,47,1753,d4,d5,0.0,40,1753331133414455445453511777776666662222,18,0,1.982,9.069,197.2,3.89,18,0,3.948,15.638,392.1,4.67
depth,d4,d5,47,1753,d5,d5,0.0,23,17533553444544747333666,9,0,3.106,4.492,330.1,3.78,10,0,6.896,13.251,740.8,4.4
depth,d4,d5,48,7632,d4,d5,0.0,34,7632336332744626622717444461732755,15,0,2.825,4.368,296.9,3.87,15,0,6.061,11.203,620.9,4.6
depth,d4,d5,48,7632,d5,d4,1.0,38,76323332223162616675375755552611117744,17,0,2.334,5.595,234.9,3.76,17,0,6.83,15.998,708.3,4.76
depth,d4,d5,49,36,d4,d4,1.0,21,364244342334423322111,10,0,2.805,6.002,215.3,3.6,9,0,6.227,13.368,532.3,4.56
depth,d4,d5,49,36,d5,draw,0.5,42,364244434462222636633326711111177555555777,20,0,1.623,4.241,181.2,3.8,20,0,3.872,10.07,436.9,4.8
depth,d4,d6,0,35,d4,draw,0.5,42,355345332144444155311536666662222211777777,20,0,1.66,4.543,171.7,3.9,20,0,8.512,25.701,904.1,5.55
depth,d4,d6,0,35,d6,d4,1.0,38,35444443333555541222223511211177777766,18,0,1.509,5.408,160.6,3.78,18,0,7.136,22.698,829.3,5.67
depth,d4,d6,1,6712,d4,d6,0.0,40,6712444464533663354363622272271711117755,18,0,1.804,4.014,197.6,3.89,18,0,7.913,23.389,885.1,5.5
depth,d4,d6,1,6712,d6,d4,1.0,38,67123526225533365312656652111317777744,17,0,2.079,5.255,224.2,3.76,17,0,13.223,33.018,1395.2,5.65
depth,d4,d6,2,5547,d4,d4,1.0,7,5547326,2,0,0.447,0.883,46.0,2.0,1,0,0.087,0.087,9.0,2.0
depth,d4,d6,2,5547,d6,d6,0.0,7,5547326,1,0,0.08,0.08,9.0,2.0,2,0,0.42,0.83,46.0,2.0
depth,d4,d6,3,5767,d4,draw,0.5,42,576743444555343545113337777666661122222211,19,0,1.437,4.307,154.6,3.89,19,0,5.776,22.249,621.2,5.53
depth,d4,d6,3,5767,d6,d6,0.0,31,5767434444377533354553511122221,13,0,1.782,3.318,181.4,3.85,14,0,9.254,25.395,984.4,5.36
depth,d4,d6,4,775,d4,draw,0.5,42,775444445554557173222233377332211111666666,19,0,1.586,4.384,172.2,3.89,20,0,7.948,24.583,848.1,5.55
depth,d4,d6,4,775,d6,draw,0.5,42,775444444555255333333722722211177111666666,20,0,1.494,4.756,138.4,3.8,19,0,7.77,38.297,731.6,5.68
depth,d4,d6,5,215,d4,d6,0.0,24,215444445554525221112333,10,0,2.598,5.085,240.9,3.8,11,0,11.692,33.271,1112.3,5.18
depth,d4,d6,5,215,d6,d6,0.0,21,215444414114222255333,9,0,2.788,7.171,274.0,3.78,9,0,8.537,15.801,1022.0,5.0
depth,d4,d6,6,13,d4,draw,0.5,42,133453444534543535111751177766677666222222,20,0,1.72,3.683,159.2,3.9,20,0,7.119,16.769,697.2,5.55
depth,d4,d6,6,13,d6,d4,1.0,40,1344444343336766163121662227221155555577,19,0,1.467,3.554,154.7,3.79,19,0,7.358,16.821,810.6,5.68
depth,d4,d6,7,41,d4,d6,0.0,42,413544433354345525351177777712222211666666,20,0,1.747,5.437,159.5,3.9,20,0,7.219,27.064,645.5,5.55
depth,d4,d6,7,41,d6,d6,0.0,27,415344455654554633331122221,12,0,2.355,5.737,247.2,3.83,13,0,10.814,22.777,1200.8,5.31
depth,d4,d6,8,4632,d4,d6,0.0,40,4632443423344236325555552266661111117777,18,0,1.264,3.359,134.2,3.89,18,0,4.821,18.942,517.4,5.5
depth,d4,d6,8,4632,d6,d4,1.0,34,4632444344626662233336775221777755,15,0,1.801,3.962,201.3,3.73,15,0,9.079,21.17,1000.6,5.6
depth,d4,d6,9,333,d4,d6,0.0,24,333544443533544512225666,10,0,1.656,3.135,192.6,3.8,11,0,6.631,18.563,758.9,5.18
depth,d4,d6,9,333,d6,d4,1.0,36,333544445345534357777775212221111122,17,0,1.582,2.962,171.1,3.76,16,0,8.409,17.446,857.9,5.62
depth,d4,d6,10,656,d4,d4,1.0,37,6566444444565555661211111777777222333,17,0,1.763,4.953,189.2,3.76,17,0,8.472,26.436,945.0,5.65
depth,d4,d6,10,656,d6,draw,0.5,42,656655562665544444422222111111333333777777,20,0,1.232,4.708,129.3,3.8,19,0,6.328,27.841,683.9,5.68
depth,d4,d6,11,63,d4,d6,0.0,28,6334244444333326662262772555,13,0,2.318,5.17,239.9,3.85,13,0,8.855,20.971,1008.4,5.31
depth,d4,d6,11,63,d6,d4,1.0,32,63444433374643377166667717111155,15,0,1.74,3.962,187.9,3.73,15,0,9.256,22.537,1037.6,5.6
depth,d4,d6,12,55,d4,d6,0.0,34,5546324454333214422332267766667557,16,0,1.312,3.02,146.8,3.88,16,0,6.322,14.736,700.6,5.44
depth,d4,d6,12,55,d6,d4,1.0,34,5543444567544556266662222211111133,16,0,1.717,3.785,184.8,3.75,16,0,9.541,24.932,1020.6,5.62
depth,d4,d6,13,342,d4,d4,1.0,35,34244434334336776666617117111557755,16,0,1.883,7.204,179.3,3.75,16,0,8.594,18.396,954.4,5.62
depth,d4,d6,13,342,d6,d4,1.0,32,34244342343224236326667667777755,15,0,1.341,2.816,157.1,3.73,14,0,5.484,15.732,650.2,5.57
depth,d4,d6,14,6653,d4,d6,0.0,40,6653474444633354223365572222111177667755,18,0,1.688,3.625,179.9,3.89,18,0,8.08,24.917,876.4,5.5
depth,d4,d6,14,6653,d6,d6,0.0,39,665347444646642262222111111555557777733,17,0,1.648,4.362,167.5,3.88,18,0,6.45,19.971,709.6,5.5
depth,d4,d6,15,76,d4,d4,1.0,39,766443554455664455661111222222117777733,19,0,1.826,9.981,166.3,3.79,18,0,7.363,22.008,801.7,5.67
depth,d4,d6,15,76,d6,draw,0.5,42,764444442333321222233677116676617117555555,20,0,1.601,4.714,177.7,3.8,20,0,9.821,33.557,1073.3,5.7
depth,d4,d6,16,344,d4,draw,0.5,42,344444333343777111117775555551666666222222,19,0,1.455,3.357,170.2,3.89,20,0,6.848,20.426,810.0,5.55
depth,d4,d6,16,344,d6,d4,1.0,42,344443343433551555517777767666661122222211,20,0,1.142,3.578,136.2,3.8,19,0,5.301,15.561,647.6,5.68
depth,d4,d6,17,45,d4,draw,0.5,42,454444555545133333131111777777666666222222,20,0,1.287,4.173,146.1,3.9,20,0,5.07,16.71,586.4,5.55
depth,d4,d6,17,45,d6,d6,0.0,39,454445455455361221222211117777666766733,18,0,1.691,5.114,156.2,3.89,19,0,7.343,24.58,687.1,5.53
depth,d4,d6,18,4714,d4,draw,0.5,42,471444443235333355555111177176662222276667,19,0,1.223,3.092,139.3,3.89,19,0,5.484,23.178,606.6,5.53
depth,d4,d6,18,4714,d6,d4,1.0,40,4714443265646655534122222556611117777733,18,0,1.674,5.468,161.8,3.78,18,0,11.088,31.943,1206.1,5.67
depth,d4,d6,19,7775,d4,d4,1.0,35,77754444545574556222222111331117733,16,0,1.85,3.842,198.3,3.75,15,0,7.514,17.676,811.4,5.6
depth,d4,d6,19,7775,d6,d6,0.0,37,7775444445554551117771166662212232233,16,0,1.733,3.758,182.4,3.88,17,0,8.565,29.694,895.0,5.47
depth,d4,d6,20,453,d4,d6,0.0,42,453444555345334335212226666616117777117722,19,0,1.624,3.522,152.3,3.89,20,0,7.923,24.088,780.1,5.55
depth,d4,d6,20,453,d6,d4,1.0,38,45344443333555541222223511211177777766,18,0,1.693,6.896,160.6,3.78,17,0,7.973,32.889,714.7,5.65
depth,d4,d6,21,545,d4,d4,1.0,33,545455444455621122222661166631333,15,0,1.686,3.268,185.6,3.73,15,0,8.203,21.795,863.3,5.6
depth,d4,d6,21,545,d6,d4,1.0,36,545554444332153343352221117777171722,17,0,1.403,2.841,159.5,3.76,16,0,5.838,14.898,672.1,5.62
depth,d4,d6,22,7152,d4,d6,0.0,40,7152464455676454452122562266111177773333,18,0,1.625,6.158,158.7,3.89,18,0,5.275,15.791,572.9,5.5
depth,d4,d6,22,7152,d6,d6,0.0,31,7152464446454665555777222212333,13,0,2.064,4.215,204.9,3.85,14,0,10.034,23.125,1131.8,5.36
depth,d4,d6,23,71,d4,d4,1.0,39,714444445653555533333111711222222777766,19,0,1.99,7.045,155.5,3.79,18,0,9.24,30.428,741.3,5.67
depth,d4,d6,23,71,d6,d4,1.0,40,7144445623242233354766666332277771111155,19,0,1.682,5.169,169.3,3.79,19,0,11.907,40.786,1218.2,5.68
depth,d4,d6,24,5616,d4,d6,0.0,32,56164444455554656266222221111133,14,0,1.537,3.506,167.1,3.86,14,0,6.965,18.824,799.4,5.36
depth,d4,d6,24,5616,d6,d4,1.0,40,5616644444456555566122222211331177777733,18,0,1.402,3.217,158.8,3.78,18,0,8.398,31.215,950.8,5.67
depth,d4,d6,25,4424,d4,d4,1.0,7,4424351,2,0,0.464,0.918,54.5,2.0,1,0,0.101,0.101,9.0,2.0
depth,d4,d6,25,4424,d6,d6,0.0,7,4424351,1,0,0.084,0.084,9.0,2.0,2,0,0.448,0.886,54.5,2.0
depth,d4,d6,26,6464,d4,d6,0.0,32,64644446632222433333266277777755,14,0,1.897,4.251,211.0,3.86,14,0,10.344,39.958,970.6,5.36
depth,d4,d6,26,6464,d6,d6,0.0,33,646446443346333367761111577711755,14,0,1.695,3.608,191.0,3.86,15,0,8.523,23.83,982.1,5.4
depth,d4,d6,27,5354,d4,d6,0.0,30,535444343445512253533122711122,13,0,1.286,2.596,143.3,3.85,13,0,4.869,17.059,549.2,5.31
depth,d4,d6,27,5354,d6,draw,0.5,42,535442143245343355435117777122277266666611,19,0,1.028,2.923,122.4,3.79,19,0,5.191,14.136,596.7,5.68
depth,d4,d6,28,3576,d4,d6,0.0,38,35765533657635566762222233777211111144,17,0,2.129,6.774,223.9,3.88,17,0,8.75,25.26,973.4,5.47
depth,d4,d6,28,3576,d6,d6,0.0,21,357653535567716647444,8,0,3.225,7.517,321.1,3.75,9,0,19.656,40.329,1982.1,5.0
depth,d4,d6,29,6474,d4,d4,1.0,39,647444241222161174676652525555611377733,18,0,2.347,5.19,263.9,3.78,17,0,14.159,53.879,1499.2,5.65
depth,d4,d6,29,6474,d6,d4,1.0,32,64744443233342323226277776666755,14,0,2.483,7.02,200.6,3.71,14,0,13.994,56.768,1100.6,5.57
depth,d4,d6,30,237,d4,d6,0.0,22,2376552522355633643444,9,0,3.219,5.62,313.2,3.78,10,0,16.62,29.305,1824.4,5.1
depth,d4,d6,30,237,d6,d6,0.0,15,237445644464355,6,0,2.567,3.274,282.0,3.67,6,0,8.94,20.0,963.3,4.5
depth,d4,d6,31,112,d4,d6,0.0,36,112444444222322333336666661177777755,16,0,1.812,5.201,202.2,3.88,17,0,9.859,29.296,1093.2,5.47
depth,d4,d6,31,112,d6,d4,1.0,38,11244444422232333332717775665566667755,18,0,1.659,4.21,196.8,3.78,17,0,10.152,33.84,1177.2,5.65
depth,d4,d6,32,5475,d4,d6,0.0,34,5475444554455611112113333337777722,15,0,2.118,3.74,197.1,3.87,15,0,10.772,25.305,1045.7,5.4
depth,d4,d6,32,5475,d6,d4,1.0,32,54755444545542111122272772117733,14,0,1.607,2.721,173.1,3.71,14,0,7.356,15.419,840.9,5.57
depth,d4,d6,33,323,d4,draw,0.5,42,323336255744444565543365666222271111117777,19,0,1.246,3.741,139.3,3.89,20,0,6.943,27.803,812.1,5.55
depth,d4,d6,33,323,d6,d4,1.0,40,3233322244565255353521667617776611117744,19,0,1.345,3.289,159.8,3.79,18,0,7.68,21.159,912.3,5.67
depth,d4,d6,34,4457,d4,d4,1.0,7,4457326,2,0,0.42,0.83,43.0,2.0,1,0,0.092,0.092,9.0,2.0
depth,d4,d6,34,4457,d6,d6,0.0,7,4457326,1,0,0.09,0.09,9.0,2.0,2,0,0.388,0.766,43.0,2.0
depth,d4,d6,35,745,d4,d6,0.0,34,7454445455455136111771177722222233,15,0,1.752,3.446,193.0,3.87,16,0,7.603,17.286,854.4,5.44
depth,d4,d6,35,745,d6,d4,1.0,34,7454444555431333357666635166111222,16,0,1.616,3.374,186.0,3.75,15,0,7.933,18.127,928.7,5.6
depth,d4,d6,36,1733,d4,d6,0.0,22,1733425644343443362555,9,0,2.075,3.895,234.9,3.78,9,0,5.661,10.305,640.6,5.0
depth,d4,d6,36,1733,d6,d4,1.0,38,17334244434336437226676611761177221255,17,0,1.544,3.267,173.5,3.76,17,0,6.588,16.989,774.4,5.65
depth,d4,d6,37,714,d4,d4,1.0,39,714444445653555533333111711222222777766,18,0,1.316,3.292,149.1,3.78,18,0,6.586,22.99,741.3,5.67
depth,d4,d6,37,714,d6,d4,1.0,40,7144445623242233354766666332277771111155,19,0,1.532,3.823,169.3,3.79,18,0,10.345,29.921,1196.8,5.67
depth,d4,d6,38,6753,d4,d4,1.0,37,6753556536336557721222332626777111444,17,0,2.213,7.791,211.9,3.76,16,0,10.029,31.346,948.4,5.62
depth,d4,d6,38,6753,d6,d6,0.0,31,6753553633536566224735612222144,13,0,2.258,4.029,250.1,3.85,14,0,15.864,32.027,1776.1,5.36
depth,d4,d6,39,247,d4,d4,1.0,39,247444442222267353573755557733311111166,18,0,1.779,6.499,172.3,3.78,18,0,8.665,30.356,927.8,5.67
depth,d4,d6,39,247,d6,d4,1.0,34,2474444422222777666633776633331155,16,0,1.976,4.72,209.8,3.75,15,0,11.625,37.012,1108.8,5.6
depth,d4,d6,40,4163,d4,d4,1.0,17,41634441756114355,7,0,2.1,3.789,242.9,3.43,6,0,10.452,32.04,1215.8,5.0
depth,d4,d6,40,4163,d6,d6,0.0,39,416344464645613331166555335512177777722,17,0,1.67,4.472,185.4,3.88,18,0,7.545,25.181,866.2,5.5
depth,d4,d6,41,312,d4,draw,0.5,42,312533235253352112557777277111664446644466,19,0,1.725,4.921,175.7,3.89,20,0,9.643,34.425,876.3,5.55
depth,d4,d6,41,312,d6,d4,1.0,38,31244444433336763166661177777222221155,18,0,2.088,5.351,188.3,3.78,17,0,8.318,20.866,871.1,5.65
depth,d4,d6,42,7424,d4,d4,1.0,39,742444442222267353573755557733311111166,18,0,1.633,4.509,172.3,3.78,17,0,8.202,27.512,866.9,5.65
depth,d4,d6,42,7424,d6,d4,1.0,34,7424444422222777666633776633331155,15,0,1.78,3.546,199.1,3.73,15,0,9.711,25.412,1108.8,5.6
depth,d4,d6,43,11,d4,d6,0.0,20,11444423346746673555,9,0,3.337,6.198,313.8,3.78,9,0,11.185,21.025,1183.8,5.0
depth,d4,d6,43,11,d6,d6,0.0,39,114444324233355642223131152166666555777,18,0,1.356,3.313,159.0,3.89,19,0,7.8,22.817,927.7,5.53
depth,d4,d6,44,557,d4,d6,0.0,34,5574444554455611112113333337777722,15,0,2.099,4.206,197.1,3.87,16,0,11.257,24.239,1065.1,5.44
depth,d4,d6,44,557,d6,d4,1.0,32,55745444545542111122272772117733,15,0,2.228,8.975,176.1,3.73,14,0,9.041,20.945,840.9,5.57
depth,d4,d6,45,57,d4,d6,0.0,42,574344455534543363357611111177662222226677,20,0,1.471,3.453,162.3,3.9,20,0,6.105,17.969,684.0,5.55
depth,d4,d6,45,57,d6,d6,0.0,35,57434445445533333552662226662267711,16,0,2.008,4.862,195.2,3.88,17,0,8.57,18.824,910.1,5.47
depth,d4,d6,46,21,d4,d4,1.0,35,21444443343333767771111177666565555,17,0,1.988,3.862,225.6,3.76,16,0,9.199,19.737,1046.8,5.62
depth,d4,d6,46,21,d6,d6,0.0,17,21444253343324555,7,0,3.159,6.036,270.6,3.71,8,0,10.936,20.856,1167.0,4.88
depth,d4,d6,47,1753,d4,draw,0.5,42,175333131131555444444137775577666622222266,19,0,1.977,6.062,207.9,3.89,19,0,9.649,34.205,1018.6,5.53
depth,d4,d6,47,1753,d6,d6,0.0,23,17533535335544424244522,9,0,2.17,4.667,220.2,3.78,10,0,15.497,41.183,1448.7,5.1
depth,d4,d6,48,7632,d4,d6,0.0,38,76323362312235265566771355567711121744,17,0,2.641,9.695,248.0,3.88,17,0,13.354,46.038,1317.9,5.47
depth,d4,d6,48,7632,d6,d4,1.0,38,76323332223126656156521113555167777744,17,0,2.47,5.304,244.8,3.76,17,0,13.401,34.548,1345.0,5.65
depth,d4,d6,49,36,d4,d6,0.0,40,3642443423344236325555552266661111117777,19,0,1.512,5.132,144.6,3.89,19,0,5.142,16.28,582.3,5.53
depth,d4,d6,49,36,d6,d4,1.0,34,3642444344626662233336775221777755,16,0,1.918,4.164,219.3,3.75,16,0,9.044,19.478,1043.9,5.62
depth,d4,d7,0,35,d4,d4,1.0,41,35554444534433335521111112277666776667722,20,0,1.411,3.053,159.2,3.8,19,0,14.842,56.814,1714.2,6.53
depth,d4,d7,0,35,d7,draw,0.5,42,355344344221343345555161161177666622227777,20,0,1.331,4.76,153.7,3.8,20,0,14.234,52.579,1629.5,6.55
depth,d4,d7,1,6712,d4,d4,1.0,31,6712444464533455555233266633111,14,0,1.917,4.08,190.6,3.71,13,0,18.454,53.8,1917.3,6.31
depth,d4,d7,1,6712,d7,d4,1.0,20,67124444461647113555,8,0,2.564,5.498,277.6,3.5,8,0,36.137,64.369,3917.8,5.88
depth,d4,d7,2,5547,d4,d4,1.0,7,5547326,2,0,0.453,0.896,46.0,2.0,1,0,0.088,0.088,9.0,2.0
depth,d4,d7,2,5547,d7,d7,0.0,7,5547326,1,0,0.082,0.082,9.0,2.0,2,0,0.43,0.851,46.0,2.0
depth,d4,d7,3,5767,d4,d7,0.0,42,576743444435333554755773666667111111222222,19,0,1.948,5.172,201.7,3.89,19,0,14.94,56.62,1588.8,6.37
depth,d4,d7,3,5767,d7,d7,0.0,23,57674344445773335524366,9,0,2.494,5.603,214.8,3.78,10,0,26.328,80.314,2331.4,5.8
depth,d4,d7,4,775,d4,d7,0.0,40,7754444455545571712112333322336677661221,18,0,1.703,4.045,181.4,3.89,19,0,18.574,65.545,2066.6,6.37
depth,d4,d7,4,775,d7,d4,1.0,38,77544444455552125771666226112266117733,18,0,1.73,4.538,180.7,3.78,17,0,16.436,71.712,1824.8,6.41
depth,d4,d7,5,215,d4,draw,0.5,42,215444445554525322333323211111777777666666,19,0,1.306,2.987,148.5,3.89,20,0,11.805,39.435,1362.0,6.4
depth,d4,d7,5,215,d7,d7,0.0,21,215444414114552555333,9,0,2.194,3.817,249.0,3.78,9,0,21.223,38.54,2430.8,5.67
depth,d4,d7,6,13,d4,draw,0.5,42,133353533554444447551177711122277222666666,20,0,2.0,5.232,146.6,3.9,20,0,16.837,63.424,1393.6,6.4
depth,d4,d7,6,13,d7,d7,0.0,41,13555333514444445513366611177772222226677,19,0,2.349,14.84,218.0,3.89,20,0,15.413,53.824,1699.5,6.4
depth,d4,d7,7,41,d4,d7,0.0,42,413544433354355455311666612222221177776677,20,0,1.576,3.892,159.7,3.9,20,0,14.23,50.39,1394.0,6.4
depth,d4,d7,7,41,d7,d7,0.0,25,4144534556453567451333222,11,0,2.535,5.567,276.2,3.82,12,0,27.35,58.02,2976.8,6.0
depth,d4,d7,8,4632,d4,d7,0.0,34,4632443424462266227667333377117755,15,0,1.491,3.13,168.0,3.87,15,0,11.502,29.901,1294.3,6.2
depth,d4,d7,8,4632,d7,d7,0.0,35,46324443446222263663337261117777755,15,0,1.858,4.08,205.9,3.87,16,0,19.412,47.935,2119.2,6.25
depth,d4,d7,9,333,d4,d4,1.0,41,33344443443366556661265222221177771117755,19,0,1.404,2.84,149.1,3.79,19,0,14.219,44.343,1572.4,6.47
depth,d4,d7,9,333,d7,draw,0.5,42,333544544221343345555161161177666622227777,20,0,1.19,4.875,137.9,3.8,19,0,11.419,40.249,1306.8,6.53
depth,d4,d7,10,656,d4,d7,0.0,40,6566444446643333212332256711177112277755,18,0,2.18,5.206,209.9,3.89,19,0,21.274,77.088,2015.1,6.37
depth,d4,d7,10,656,d7,d7,0.0,21,656636336555543433444,9,0,3.273,4.541,340.9,3.78,9,0,35.106,70.86,3598.0,5.67
depth,d4,d7,11,63,d4,draw,0.5,42,633424444433332222216666655111117777555577,20,0,1.797,5.446,168.4,3.9,20,0,14.561,44.964,1517.2,6.4
depth,d4,d7,11,63,d7,draw,0.5,42,634444436664575556556222222111111733337777,20,0,1.371,4.754,147.8,3.8,20,0,18.591,84.467,1952.8,6.55
depth,d4,d7,12,55,d4,d7,0.0,26,55436744445534356676766777,12,0,2.07,3.699,225.6,3.83,12,0,18.657,45.702,2091.8,6.0
depth,d4,d7,12,55,d7,draw,0.5,42,554354344667545543333122171111222266667777,20,0,1.451,5.372,148.4,3.8,20,0,15.16,49.008,1553.0,6.55
depth,d4,d7,13,342,d4,d4,1.0,39,342444343343375111111772222277766666655,18,0,1.514,2.853,167.4,3.78,18,0,16.906,42.79,1938.6,6.5
depth,d4,d7,13,342,d7,d4,1.0,32,34244342443323237777776622666655,15,0,1.278,2.834,145.9,3.73,14,0,11.184,30.359,1333.8,6.36
depth,d4,d7,14,6653,d4,d7,0.0,42,665347444465463333365627722212271555111177,19,0,1.457,3.284,164.3,3.89,19,0,15.897,52.604,1767.1,6.37
depth,d4,d7,14,6653,d7,d7,0.0,29,66534744464664655771113333222,12,0,2.302,4.279,253.8,3.83,13,0,20.117,42.437,2210.6,6.08
depth,d4,d7,15,76,d4,d4,1.0,39,766344444433322222666625337177111117755,19,0,1.857,3.669,195.5,3.79,18,0,18.657,54.953,1919.9,6.5
depth,d4,d7,15,76,d7,d4,1.0,38,76444444322222233666677673331111117755,18,0,1.678,4.539,193.7,3.78,18,0,20.89,62.608,2422.4,6.5
depth,d4,d7,16,344,d4,d7,0.0,38,34444434333676663777661111112222227755,17,0,1.671,4.639,165.1,3.88,18,0,14.334,39.381,1436.3,6.33
depth,d4,d7,16,344,d7,d7,0.0,29,34444343343327777566666652555,13,0,2.331,3.606,234.5,3.85,13,0,17.696,35.755,1950.3,6.08
depth,d4,d7,17,45,d4,d7,0.0,34,4544445433215573757775333711666666,16,0,2.057,6.806,208.9,3.88,16,0,19.779,68.176,1754.0,6.25
depth,d4,d7,17,45,d7,d7,0.0,25,4544454554351212252311331,11,0,2.144,3.698,229.6,3.82,12,0,19.924,46.91,2097.3,6.0
depth,d4,d7,18,4714,d4,d7,0.0,20,47144442146667113555,8,0,3.038,4.251,325.2,3.75,8,0,27.952,65.938,3032.0,5.5
depth,d4,d7,18,4714,d7,d7,0.0,29,47144447433336633665715622555,12,0,2.521,3.743,247.2,3.83,13,0,26.31,56.32,2727.9,6.08
depth,d4,d7,19,7775,d4,d4,1.0,35,77754444545574556337722222211111133,16,0,1.741,4.187,182.8,3.75,15,0,15.501,48.943,1709.2,6.4
depth,d4,d7,19,7775,d7,d4,1.0,38,77753335553544444222435371111222117766,17,0,2.344,5.161,211.6,3.76,17,0,19.428,50.971,2006.4,6.47
depth,d4,d7,20,453,d4,d7,0.0,36,453444542122243221671777116676661733,16,0,2.117,3.903,206.1,3.88,17,0,16.642,45.441,1776.8,6.29
depth,d4,d7,20,453,d7,d4,1.0,36,453444555345433636766115111137777722,17,0,1.848,5.419,187.9,3.76,16,0,17.915,72.33,1705.4,6.44
depth,d4,d7,21,545,d4,d7,0.0,40,5454554444556111211366663622222177337733,18,0,1.651,3.388,162.9,3.89,19,0,16.445,39.434,1637.7,6.37
depth,d4,d7,21,545,d7,draw,0.5,42,545544454554222222666336611167111777333377,20,0,1.377,4.301,146.2,3.8,19,0,12.817,55.404,1216.3,6.53
depth,d4,d7,22,7152,d4,d7,0.0,40,7152464454676445552122562266111177773333,18,0,1.794,6.29,161.3,3.89,18,0,12.962,52.739,1148.9,6.33
depth,d4,d7,22,7152,d7,d4,1.0,36,715246444665464621222726111133777733,16,0,2.117,8.385,200.0,3.75,16,0,25.126,55.198,2772.1,6.44
depth,d4,d7,23,71,d4,d7,0.0,20,71444446742221775333,9,0,2.963,4.937,322.6,3.78,9,0,28.133,69.992,3010.9,5.67
depth,d4,d7,23,71,d7,d7,0.0,29,71444441455552255223173262333,13,0,2.672,5.263,253.8,3.85,14,0,28.922,69.482,2826.4,6.14
depth,d4,d7,24,5616,d4,d4,1.0,41,56164444455665546523336122222111177733377,19,0,1.384,4.614,139.4,3.79,18,0,14.485,46.351,1496.9,6.5
depth,d4,d7,24,5616,d7,draw,0.5,42,561664444466435555315611711777773333222222,19,0,1.318,3.261,145.1,3.79,19,0,18.897,103.528,1847.5,6.53
depth,d4,d7,25,4424,d4,d4,1.0,7,4424351,2,0,0.497,0.986,54.5,2.0,1,0,0.077,0.077,9.0,2.0
depth,d4,d7,25,4424,d7,d7,0.0,7,4424351,1,0,0.08,0.08,9.0,2.0,2,0,0.456,0.903,54.5,2.0
depth,d4,d7,26,6464,d4,draw,0.5,42,646444466234622222611111177775555333353577,19,0,1.471,4.177,164.4,3.89,19,0,15.664,55.812,1788.4,6.37
depth,d4,d7,26,6464,d7,d4,1.0,38,64644644645622555552722726777711111133,17,0,1.479,3.489,163.8,3.76,17,0,18.082,62.927,1949.1,6.47
depth,d4,d7,27,5354,d4,d7,0.0,30,535444343445512253512273311122,13,0,1.335,2.518,150.8,3.85,13,0,9.445,32.921,1111.8,6.08
depth,d4,d7,27,5354,d7,d7,0.0,27,535442144244223555522771666,11,0,1.832,3.575,203.1,3.82,12,0,17.514,33.389,1970.5,6.0
depth,d4,d7,28,3576,d4,d7,0.0,38,35765535637553366632262222771111117744,17,0,1.905,4.756,206.8,3.88,17,0,18.423,54.618,1932.0,6.29
depth,d4,d7,28,3576,d7,d7,0.0,25,3576633233442441443655556,10,0,3.392,7.056,317.8,3.8,11,0,47.291,134.279,4513.1,5.91
depth,d4,d7,29,6474,d4,d4,1.0,33,647444241222161174667732521633355,15,0,3.209,5.407,342.8,3.73,14,0,32.989,78.754,3530.2,6.36
depth,d4,d7,29,6474,d7,d4,1.0,34,6474441343221232233646663276777755,15,0,2.028,4.808,224.3,3.73,15,0,21.765,98.089,2477.7,6.4
depth,d4,d7,30,237,d4,d4,1.0,41,23733545444364562122243231111166667777755,19,0,1.361,2.999,146.4,3.79,19,0,16.388,73.715,1807.5,6.53
depth,d4,d7,30,237,d7,d7,0.0,15,237445644464355,6,0,2.543,3.184,282.0,3.67,6,0,17.848,45.991,2016.0,5.0
depth,d4,d7,31,112,d4,d4,1.0,33,112444444112522255555121377777733,15,0,2.07,9.322,213.3,3.73,15,0,25.651,109.288,2571.3,6.4
depth,d4,d7,31,112,d7,d4,1.0,40,1124444442222655556766626113155317777733,19,0,2.03,4.833,211.5,3.79,18,0,19.739,63.533,2129.9,6.5
depth,d4,d7,32,5475,d4,d7,0.0,30,547544455446537357721111117733,13,0,1.775,3.732,200.9,3.85,13,0,19.825,44.411,2204.3,6.08
depth,d4,d7,32,5475,d7,d4,1.0,32,54755454445547111111222222777733,14,0,1.232,2.901,137.0,3.71,14,0,10.905,33.446,1246.0,6.36
depth,d4,d7,33,323,d4,draw,0.5,42,323333224446242443211117766776661155555577,19,0,1.428,3.14,169.8,3.89,20,0,15.525,58.731,1824.0,6.4
depth,d4,d7,33,323,d7,d7,0.0,23,32333244654544565774666,10,0,1.986,3.111,229.5,3.8,10,0,18.598,51.687,2146.3,5.8
depth,d4,d7,34,4457,d4,d4,1.0,7,4457326,2,0,0.409,0.809,43.0,2.0,1,0,0.117,0.117,9.0,2.0
depth,d4,d7,34,4457,d7,d7,0.0,7,4457326,1,0,0.081,0.081,9.0,2.0,2,0,0.413,0.816,43.0,2.0
depth,d4,d7,35,745,d4,d7,0.0,32,74544454554553712277122227676666,14,0,1.887,3.65,205.1,3.86,15,0,15.056,37.298,1723.7,6.2
depth,d4,d7,35,745,d7,d4,1.0,28,7454444555431357513333111222,13,0,1.937,3.725,211.3,3.69,12,0,20.68,52.697,2284.2,6.25
depth,d4,d7,36,1733,d4,d7,0.0,20,17334256443436334555,8,0,2.312,3.912,243.6,3.75,8,0,11.612,20.662,1280.0,5.5
depth,d4,d7,36,1733,d7,d7,0.0,21,173342342636266744411,8,0,2.304,4.238,242.6,3.75,9,0,23.088,56.083,2415.6,5.67
depth,d4,d7,37,714,d4,d7,0.0,20,71444446742221775333,8,0,2.951,5.233,329.0,3.75,9,0,27.256,66.348,3010.9,5.67
depth,d4,d7,37,714,d7,d7,0.0,29,71444441455552255223173262333,13,0,2.719,4.411,253.8,3.85,13,0,31.229,78.995,2704.9,6.08
depth,d4,d7,38,6753,d4,d4,1.0,37,6753556535563367721222332626777111444,17,0,1.917,3.739,203.0,3.76,16,0,18.993,44.85,1986.1,6.44
depth,d4,d7,38,6753,d7,d7,0.0,21,675335534447677452666,8,0,2.538,5.458,240.5,3.75,9,0,29.264,85.138,3030.7,5.67
depth,d4,d7,39,247,d4,d7,0.0,18,247444422323224331,7,0,2.404,4.311,262.6,3.71,8,0,30.418,73.967,3442.2,5.5
depth,d4,d7,39,247,d7,d4,1.0,34,2474444422222777763337336636661155,16,0,2.171,6.021,215.1,3.75,15,0,23.971,71.892,2454.6,6.4
depth,d4,d7,40,4163,d4,d7,0.0,42,416344443657335664136365555777111177222222,19,0,1.493,3.627,162.6,3.89,19,0,15.466,71.603,1660.2,6.37
depth,d4,d7,40,4163,d7,d7,0.0,39,416344464661453331163325555516177777722,17,0,1.752,4.626,197.4,3.88,18,0,18.642,56.17,2109.4,6.33
depth,d4,d7,41,312,d4,d7,0.0,38,31244433212243342426766613111776677755,17,0,1.58,3.277,183.9,3.88,18,0,14.674,47.643,1754.0,6.33
depth,d4,d7,41,312,d7,d4,1.0,36,312444443223433676663262261117777755,17,0,1.822,5.458,220.1,3.76,16,0,19.507,50.188,2227.9,6.44
depth,d4,d7,42,7424,d4,d7,0.0,18,742444422323224331,7,0,2.276,3.771,262.6,3.71,7,0,29.287,71.716,3284.4,5.29
depth,d4,d7,42,7424,d7,d4,1.0,34,7424444422222777763337336636661155,15,0,1.92,3.852,204.9,3.73,15,0,22.753,72.841,2454.6,6.4
depth,d4,d7,43,11,d4,d7,0.0,20,11444423346746673555,9,0,3.28,4.999,313.8,3.78,9,0,27.987,68.894,2619.0,5.67
depth,d4,d7,43,11,d7,d7,0.0,35,11444443333455337627677111177666655,16,0,2.245,7.491,197.3,3.88,17,0,26.005,78.935,2269.1,6.29
depth,d4,d7,44,557,d4,d7,0.0,30,557444455446537357721111117733,13,0,1.833,3.831,200.9,3.85,14,0,20.138,44.871,2256.6,6.14
depth,d4,d7,44,557,d7,d4,1.0,32,55745454445547111111222222777733,15,0,1.29,2.987,142.4,3.73,14,0,11.277,33.492,1246.0,6.36
depth,d4,d7,45,57,d4,d7,0.0,42,574344455534533433577222276666667711112211,20,0,1.463,3.706,154.7,3.9,20,0,14.811,55.978,1422.0,6.4
depth,d4,d7,45,57,d7,d4,1.0,34,5743444544333335577556721111117722,16,0,2.015,3.951,197.8,3.75,16,0,17.053,42.598,1881.2,6.44
depth,d4,d7,46,21,d4,d7,0.0,14,21444442214333,6,0,2.739,4.586,299.8,3.67,6,0,25.635,53.317,2740.2,5.0
depth,d4,d7,46,21,d7,d7,0.0,19,2144424453325155766,8,0,2.128,3.709,251.8,3.75,9,0,27.425,47.731,3030.6,5.67
depth,d4,d7,47,1753,d4,d7,0.0,36,175333131135545562422366661562221744,16,0,2.54,5.965,280.5,3.88,16,0,24.935,67.047,2852.5,6.25
depth,d4,d7,47,1753,d7,d4,1.0,38,17533544353352577135222221111744447766,17,0,1.836,4.039,204.8,3.76,17,0,23.734,74.037,2692.7,6.47
depth,d4,d7,48,7632,d4,d7,0.0,40,7632336332762226236657515555777111114444,18,0,2.602,7.442,220.8,3.89,18,0,24.078,60.869,2413.6,6.33
depth,d4,d7,48,7632,d7,d4,1.0,36,763223323633256566771612275555771144,16,0,2.818,6.291,221.5,3.75,16,0,34.54,70.442,2931.4,6.44
depth,d4,d7,49,36,d4,d7,0.0,34,3642443424462266227667333377117755,16,0,1.896,5.319,178.3,3.88,16,0,15.094,55.279,1429.9,6.25
depth,d4,d7,49,36,d7,d7,0.0,35,36424443446222263663337261117777755,16,0,2.26,5.437,223.6,3.88,17,0,21.917,50.866,2220.5,6.29
depth,d4,d8,0,35,d4,d8,0.0,38,35544434544331337557117175771166666622,18,0,2.656,8.199,142.4,3.89,18,0,48.625,297.011,2465.3,7.11
depth,d4,d8,0,35,d8,d4,1.0,32,35444443333543555151111177777722,15,0,3.461,7.894,180.8,3.73,15,0,70.685,239.17,3668.5,7.2
depth,d4,d8,1,6712,d4,d8,0.0,36,671244446453345555566633313671111722,16,0,2.915,13.926,185.6,3.88,16,0,62.549,218.634,3166.1,7.0
depth,d4,d8,1,6712,d8,d4,1.0,38,67122635225533365365265132671771171744,17,0,3.149,8.778,222.8,3.76,17,0,117.487,328.399,6477.6,7.29
depth,d4,d8,2,5547,d4,d4,1.0,7,5547326,2,0,0.604,1.196,46.0,2.0,1,0,0.128,0.128,9.0,2.0
depth,d4,d8,2,5547,d8,d8,0.0,7,5547326,1,0,0.114,0.114,9.0,2.0,2,0,0.613,1.176,46.0,2.0
depth,d4,d8,3,5767,d4,d8,0.0,42,576743444435333554755377671111666611222222,19,0,3.696,9.221,188.2,3.89,19,0,48.785,184.634,2763.1,7.16
depth,d4,d8,3,5767,d8,d8,0.0,23,57674344445773335524366,9,0,4.721,7.355,214.8,3.78,10,0,76.31,192.137,4344.1,6.4
depth,d4,d8,4,775,d4,d8,0.0,38,77544444545552125221112211776666667733,17,0,2.601,8.042,146.0,3.88,18,0,54.117,280.256,2780.3,7.11
depth,d4,d8,4,775,d8,d4,1.0,38,77544444455552125771222211666666117733,18,0,2.665,12.539,167.9,3.78,17,0,61.985,232.614,3180.5,7.29
depth,d4,d8,5,215,d4,d8,0.0,38,21544444545552352233111333777777666666,17,0,3.481,9.05,165.5,3.88,18,0,58.034,184.905,2999.2,7.11
depth,d4,d8,5,215,d8,d8,0.0,21,215444414114222255333,9,0,4.162,7.771,274.0,3.78,9,0,83.026,167.912,4450.0,6.33
depth,d4,d8,6,13,d4,d4,1.0,39,133454443344323555556111117766666777722,19,0,2.795,7.47,157.8,3.79,18,0,68.915,187.182,3692.1,7.33
depth,d4,d8,6,13,d8,d8,0.0,33,134444434333136761667776612117755,15,0,4.195,6.749,196.9,3.87,16,0,65.504,205.845,3656.2,7.0
depth,d4,d8,7,41,d4,d8,0.0,42,413544443333555453511111777777222266666622,20,0,2.228,8.435,152.6,3.9,20,0,49.356,199.199,2624.3,7.2
depth,d4,d8,7,41,d8,d8,0.0,29,41444647422122227766663113555,13,0,3.86,8.61,248.1,3.85,14,0,132.397,373.35,6433.5,6.86
depth,d4,d8,8,4632,d4,d8,0.0,40,4632443423344232365555575766111111226677,18,0,2.495,13.782,136.4,3.89,18,0,36.433,143.915,1706.0,7.11
depth,d4,d8,8,4632,d8,d4,1.0,38,46324443334343216166662222111177777755,17,0,3.517,12.029,158.3,3.76,17,0,54.039,205.555,2906.3,7.29
depth,d4,d8,9,333,d4,d8,0.0,40,3334444434335515575516677766111177222222,18,0,2.481,9.25,130.6,3.89,19,0,52.439,253.51,2770.2,7.16
depth,d4,d8,9,333,d8,d4,1.0,32,33354444433543555151111177777722,15,0,2.246,6.439,164.1,3.73,14,0,54.047,225.674,2889.9,7.14
depth,d4,d8,10,656,d4,d8,0.0,36,656644444665555452222226111113317733,16,0,4.558,11.112,224.5,3.88,17,0,74.071,233.223,4088.6,7.06
depth,d4,d8,10,656,d8,d8,0.0,35,65666443254443355465353361111722122,16,0,3.834,9.467,212.6,3.88,16,0,74.031,389.617,4052.0,7.06
depth,d4,d8,11,63,d4,d8,0.0,26,63342444443336666367172555,12,0,3.61,8.331,245.4,3.83,12,0,78.703,178.483,3970.0,6.75
depth,d4,d8,11,63,d8,d8,0.0,31,6344444333347555535577722721722,14,0,3.946,10.347,187.5,3.86,15,0,77.356,232.514,4080.3,7.0
depth,d4,d8,12,55,d4,draw,0.5,42,554367444455334533357272222211667776661111,20,0,3.489,8.599,177.7,3.9,20,0,59.008,193.82,3298.3,7.2
depth,d4,d8,12,55,d8,d4,1.0,34,5543444554674556166661111122222233,16,0,3.407,10.799,179.0,3.75,16,0,77.14,213.842,4215.8,7.25
depth,d4,d8,13,342,d4,d8,0.0,22,3424443433433676672555,9,0,5.761,11.848,240.0,3.78,10,0,87.946,191.211,4934.6,6.5
depth,d4,d8,13,342,d8,d4,1.0,32,34244342343224236326666677777755,15,0,2.97,6.757,155.0,3.73,14,0,47.66,165.567,2719.2,7.14
depth,d4,d8,14,6653,d4,d8,0.0,40,6653474444645633553353567611112222227711,18,0,3.283,8.095,166.0,3.89,18,0,70.687,331.178,3118.7,7.11
depth,d4,d8,14,6653,d8,d8,0.0,39,665347444646642262222111111555557777733,17,0,3.283,8.554,167.5,3.88,18,0,51.317,155.943,2644.4,7.11
depth,d4,d8,15,76,d4,d8,0.0,42,766244444426622623263333311117775555551177,20,0,3.158,9.084,186.7,3.9,20,0,73.685,321.335,4119.8,7.2
depth,d4,d8,15,76,d8,d8,0.0,31,7644444463666633337317727755555,14,0,3.268,8.672,217.3,3.86,15,0,108.781,298.133,5484.0,6.93
depth,d4,d8,16,344,d4,d8,0.0,38,34444434333676663776671111117722222255,17,0,3.405,7.266,160.6,3.88,18,0,49.237,165.986,2470.3,7.11
depth,d4,d8,16,344,d8,d8,0.0,35,34444343343366666267777771115151155,16,0,3.567,13.033,181.2,3.88,16,0,57.484,196.109,3110.2,7.0
depth,d4,d8,17,45,d4,d8,0.0,42,454444555431352222333352217777117766666611,20,0,2.838,7.947,161.0,3.9,20,0,52.78,194.88,2855.9,7.2
depth,d4,d8,17,45,d8,d4,1.0,34,4544454554556333323377117711117722,16,0,3.082,7.053,172.7,3.75,16,0,53.69,149.743,2967.0,7.25
depth,d4,d8,18,4714,d4,d8,0.0,22,4714444432363336673555,9,0,4.806,8.506,246.0,3.78,9,0,102.96,359.454,5071.0,6.33
depth,d4,d8,18,4714,d8,d8,0.0,37,4714444743333663663166777522711222255,16,0,3.076,8.025,195.4,3.88,17,0,70.19,241.124,3971.1,7.06
depth,d4,d8,19,7775,d4,d8,0.0,30,777544445455764557731113333222,13,0,4.157,7.701,222.2,3.85,13,0,69.564,202.885,3824.4,6.85
depth,d4,d8,19,7775,d8,d8,0.0,29,77754444454555266125221633331,12,0,4.233,7.244,205.5,3.83,13,0,66.688,219.8,3779.2,6.85
depth,d4,d8,20,453,d4,d4,1.0,39,453444542125532233435735777666622667711,18,0,3.205,10.738,158.1,3.78,18,0,49.453,197.282,2823.4,7.33
depth,d4,d8,20,453,d8,d4,1.0,32,45344443333543555151111177777722,15,0,3.107,7.644,180.8,3.73,14,0,49.411,183.061,2960.5,7.14
depth,d4,d8,21,545,d4,d4,1.0,37,5454554444556211222221111337777776336,17,0,3.376,7.509,169.6,3.76,17,0,60.8,178.914,3159.0,7.29
depth,d4,d8,21,545,d8,d4,1.0,38,54554445455411122221112277776666667733,18,0,3.101,6.992,139.7,3.78,17,0,38.316,136.925,2259.4,7.29
depth,d4,d8,22,7152,d4,d8,0.0,34,7152464454676446261611115555222233,15,0,3.26,12.053,174.8,3.87,15,0,45.495,109.365,2533.8,6.93
depth,d4,d8,22,7152,d8,d8,0.0,31,7152464446454665555777222212333,13,0,3.926,10.682,204.9,3.85,14,0,69.248,257.172,3663.1,6.5
depth,d4,d8,23,71,d4,d8,0.0,22,7144444456525552215333,10,0,4.617,9.528,247.4,3.8,10,0,99.449,259.375,5374.1,6.5
depth,d4,d8,23,71,d8,d4,1.0,32,71355335534444434351115117777722,15,0,4.086,8.869,223.1,3.73,15,0,147.576,382.251,7429.9,7.2
depth,d4,d8,24,5616,d4,d8,0.0,32,56164444455554656266222122111133,14,0,2.391,7.682,168.1,3.86,14,0,57.7,187.836,3021.7,6.86
depth,d4,d8,24,5616,d8,draw,0.5,42,561664444466435555315633331111772222227777,19,0,2.638,7.659,146.7,3.79,19,0,62.635,239.104,3267.2,7.37
depth,d4,d8,25,4424,d4,d4,1.0,7,4424351,2,0,0.568,1.127,54.5,2.0,1,0,0.086,0.086,9.0,2.0
depth,d4,d8,25,4424,d8,d8,0.0,7,4424351,1,0,0.084,0.084,9.0,2.0,2,0,0.465,0.92,54.5,2.0
depth,d4,d8,26,6464,d4,d8,0.0,32,64644446632222433332663277777755,14,0,4.854,12.246,216.1,3.86,14,0,72.643,213.389,4010.7,6.86
depth,d4,d8,26,6464,d8,d8,0.0,25,6464464464565555252233133,10,0,4.575,8.019,230.1,3.8,11,0,92.403,250.905,4912.7,6.64
depth,d4,d8,27,5354,d4,d8,0.0,34,5354443434455755133111377711772222,15,0,2.668,6.578,142.7,3.87,15,0,32.249,145.004,1760.9,6.93
depth,d4,d8,27,5354,d8,draw,0.5,42,535442144244553223755227773377311166666611,19,0,2.831,10.369,122.6,3.79,19,0,34.884,110.785,1999.3,7.37
depth,d4,d8,28,3576,d4,d8,0.0,38,35765353653276637753675222226711111144,17,0,3.85,11.239,235.1,3.88,17,0,132.235,435.512,6333.8,7.06
depth,d4,d8,28,3576,d8,d4,1.0,38,35763332522265565663513617722711171744,17,0,4.841,10.072,223.1,3.76,17,0,119.647,383.757,6167.2,7.29
depth,d4,d8,29,6474,d4,d8,0.0,32,64744424141676666122222111777733,14,0,4.636,13.89,232.0,3.86,14,0,110.664,334.051,5774.6,6.93
depth,d4,d8,29,6474,d8,d4,1.0,32,64744443233342322632766726677755,14,0,3.733,8.089,210.4,3.71,14,0,95.629,434.666,5017.2,7.14
depth,d4,d8,30,237,d4,d8,0.0,40,2374444442555553225221777111117766666633,18,0,3.395,12.116,164.6,3.89,19,0,74.841,363.198,3768.7,7.16
depth,d4,d8,30,237,d8,d8,0.0,15,237445644464355,6,0,6.257,12.902,282.0,3.67,6,0,78.868,182.14,3923.0,5.5
depth,d4,d8,31,112,d4,d8,0.0,36,112444444222322333336666661177777755,16,0,3.222,9.296,202.2,3.88,17,0,86.913,306.579,4521.8,7.06
depth,d4,d8,31,112,d8,d4,1.0,36,112444444222555255257366667667131333,17,0,3.867,8.009,188.9,3.76,16,0,86.725,354.015,4413.1,7.25
depth,d4,d8,32,5475,d4,d8,0.0,38,54754444554215522222777111116666667733,17,0,2.594,7.916,150.7,3.88,17,0,49.339,166.808,2332.9,7.06
depth,d4,d8,32,5475,d8,d4,1.0,34,5475444554455161311333331127777722,15,0,3.923,10.815,193.9,3.73,15,0,79.37,147.558,4136.6,7.2
depth,d4,d8,33,323,d4,d4,1.0,39,323335564444243435557151111177722272766,18,0,5.305,21.279,197.1,3.78,18,0,77.545,347.868,4172.7,7.33
depth,d4,d8,33,323,d8,d8,0.0,23,32333244654544565774666,10,0,4.208,12.258,229.5,3.8,10,0,73.597,279.891,3593.1,6.4
depth,d4,d8,34,4457,d4,d4,1.0,7,4457326,2,0,0.4,0.791,43.0,2.0,1,0,0.089,0.089,9.0,2.0
depth,d4,d8,34,4457,d8,d8,0.0,7,4457326,1,0,0.089,0.089,9.0,2.0,2,0,0.375,0.739,43.0,2.0
depth,d4,d8,35,745,d4,d8,0.0,36,745444545545577677173133333222111122,16,0,4.247,11.787,172.0,3.88,17,0,68.215,219.858,3390.5,7.06
depth,d4,d8,35,745,d8,d4,1.0,32,74544445554313573333111151777666,15,0,4.029,10.75,199.1,3.73,14,0,76.846,208.714,4255.1,7.14
depth,d4,d8,36,1733,d4,d8,0.0,20,17334256443436334555,8,0,5.95,15.374,243.6,3.75,8,0,53.574,114.375,2381.0,6.0
depth,d4,d8,36,1733,d8,d8,0.0,33,173342444343364372266766227267755,14,0,3.799,7.545,186.6,3.86,15,0,63.912,160.992,3160.5,6.93
depth,d4,d8,37,714,d4,d8,0.0,22,7144444456525552215333,9,0,5.797,10.616,244.8,3.78,10,0,127.996,408.48,5374.1,6.5
depth,d4,d8,37,714,d8,d8,0.0,37,7144444145555225225722111366177666633,17,0,4.169,11.329,203.6,3.88,17,0,76.47,285.975,3948.9,7.06
depth,d4,d8,38,6753,d4,d8,0.0,40,6753556535573376612336621171112222447744,18,0,3.055,13.025,192.4,3.89,18,0,71.123,196.494,3611.3,7.11
depth,d4,d8,38,6753,d8,draw,0.5,42,675335535444421433554116113127662222667777,19,0,2.611,7.841,170.4,3.79,19,0,77.831,339.815,4265.3,7.37
depth,d4,d8,39,247,d4,d4,1.0,39,247444442222255633553355331177711171766,18,0,4.065,16.598,165.3,3.78,18,0,70.406,274.254,4001.2,7.33
depth,d4,d8,39,247,d8,d4,1.0,34,2474444422226266666711115555551133,16,0,2.739,7.611,189.4,3.75,15,0,82.778,314.268,4487.0,7.2
depth,d4,d8,40,4163,d4,d4,1.0,39,416344463344316365532222116612217777557,18,0,3.878,13.167,195.7,3.78,17,0,78.398,337.266,4344.9,7.29
depth,d4,d8,40,4163,d8,draw,0.5,42,416344464633314663365722227777112215555517,19,0,3.617,8.807,156.1,3.79,19,0,80.732,273.096,3792.8,7.37
depth,d4,d8,41,312,d4,d8,0.0,36,312444342122441271277711666666775533,16,0,4.315,7.564,195.6,3.88,17,0,71.192,227.255,3735.5,7.06
depth,d4,d8,41,312,d8,draw,0.5,42,312444444373333766666651115555511777722222,20,0,4.845,28.112,196.4,3.8,19,0,85.119,331.457,4140.6,7.37
depth,d4,d8,42,7424,d4,d4,1.0,39,742444442222255633553355331177711171766,18,0,3.735,15.242,165.3,3.78,17,0,92.605,461.568,3689.3,7.29
depth,d4,d8,42,7424,d8,d4,1.0,34,7424444422226266666711115555551133,15,0,4.221,21.024,177.4,3.73,15,0,95.695,394.662,4487.0,7.2
depth,d4,d8,43,11,d4,d8,0.0,20,11444423346746673555,9,0,6.853,9.228,313.8,3.78,9,0,107.389,183.599,5021.7,6.33
depth,d4,d8,43,11,d8,d8,0.0,27,114444433334336766266655555,12,0,4.133,7.878,234.9,3.83,13,0,88.985,197.534,5008.6,6.77
depth,d4,d8,44,557,d4,d8,0.0,38,55744444554215522222777111116666667733,17,0,2.912,7.492,150.7,3.88,18,0,48.506,147.019,2521.6,7.11
depth,d4,d8,44,557,d8,d4,1.0,34,5574444554455161311333331127777722,16,0,4.315,9.918,195.4,3.75,15,0,82.502,168.518,4136.6,7.2
depth,d4,d8,45,57,d4,d8,0.0,42,574344445555333433511777111177666666222222,20,0,3.232,13.845,152.4,3.9,20,0,56.22,216.638,2640.8,7.2
depth,d4,d8,45,57,d8,d4,1.0,34,5743444544333335575775111126117722,16,0,3.115,12.53,204.2,3.75,16,0,70.803,157.199,3868.3,7.25
depth,d4,d8,46,21,d4,d8,0.0,14,21444442214333,6,0,3.244,7.478,299.8,3.67,6,0,84.55,181.51,4810.3,5.5
depth,d4,d8,46,21,d8,d8,0.0,23,21444244242253337663555,10,0,5.505,8.909,251.2,3.8,11,0,96.87,201.211,4897.9,6.55
depth,d4,d8,47,1753,d4,d8,0.0,32,17533313113444544543557715177722,14,0,4.351,21.155,230.9,3.86,14,0,82.628,253.559,3915.4,6.86
depth,d4,d8,47,1753,d8,d8,0.0,23,17533535335544424244522,9,0,4.397,8.762,220.2,3.78,10,0,134.506,353.177,6821.4,6.4
depth,d4,d8,48,7632,d4,d8,0.0,24,763233633274444224774111,10,0,6.076,14.443,295.7,3.8,10,0,114.482,248.17,5754.5,6.4
depth,d4,d8,48,7632,d8,d4,1.0,38,76323332223126656156521155315617777744,17,0,4.501,11.95,242.7,3.76,17,0,133.229,412.916,6355.1,7.29
depth,d4,d8,49,36,d4,d8,0.0,40,3642443423344232365555575766111111226677,19,0,3.616,10.834,146.7,3.89,19,0,42.553,159.946,1970.5,7.16
depth,d4,d8,49,36,d8,d4,1.0,38,36424443334343216166662222111177777755,18,0,4.317,13.328,176.7,3.78,18,0,61.08,204.582,3103.8,7.33
depth,d5,d6,0,35,d5,d6,0.0,34,3544442122422543333377155552777766,16,0,4.867,13.524,512.9,4.75,16,0,9.018,26.063,981.8,5.44
depth,d5,d6,0,35,d6,d6,0.0,39,354444433334555355211212222677111777766,18,0,3.436,9.237,401.5,4.78,19,0,7.352,22.823,863.5,5.53
depth,d5,d6,1,6712,d5,d6,0.0,42,671244446453432226625572113335371117667755,19,0,5.299,10.831,541.4,4.79,19,0,9.789,23.928,1056.1,5.53
depth,d5,d6,1,6712,d6,d5,1.0,38,67123444442124332233637266667755775555,17,0,3.248,10.704,369.4,4.65,17,0,8.297,23.605,939.1,5.65
depth,d5,d6,2,5547,d5,d5,1.0,7,5547326,2,0,1.007,1.997,46.0,2.0,1,0,0.192,0.192,9.0,2.0
depth,d5,d6,2,5547,d6,d6,0.0,7,5547326,1,0,0.095,0.095,9.0,2.0,2,0,0.423,0.837,46.0,2.0
depth,d5,d6,3,5767,d5,d6,0.0,36,576743443456554343533511772211117222,16,0,3.623,11.813,369.4,4.75,16,0,5.179,15.562,551.5,5.44
depth,d5,d6,3,5767,d6,d6,0.0,29,57674344443533433777511122221,12,0,5.35,10.655,555.3,4.67,13,0,12.361,24.189,1286.7,5.31
depth,d5,d6,4,775,d5,d5,1.0,39,775444442242222555377551776666661111133,18,0,3.724,14.477,420.8,4.67,18,0,7.771,23.235,865.1,5.67
depth,d5,d6,4,775,d6,draw,0.5,42,775444444153233355523322751117226666661177,20,0,3.255,9.882,339.4,4.7,19,0,7.723,34.412,854.9,5.68
depth,d5,d6,5,215,d5,d6,0.0,42,215444445554322235333352211177776666667711,19,0,3.392,7.236,387.1,4.79,20,0,6.18,17.975,708.9,5.55
depth,d5,d6,5,215,d6,draw,0.5,42,215444444155555222221133333366666611777777,20,0,3.18,8.898,379.6,4.7,19,0,7.191,19.43,820.8,5.68
depth,d5,d6,6,13,d5,d6,0.0,26,13444443413331311166666555,12,0,4.294,8.936,482.3,4.67,12,0,9.016,19.11,955.8,5.25
depth,d5,d6,6,13,d6,d5,1.0,40,1344444343336766163121662227221155555577,19,0,3.184,8.478,343.6,4.68,19,0,7.203,16.045,810.6,5.68
depth,d5,d6,7,41,d5,d5,1.0,25,4156445245545224266532333,12,0,7.038,11.436,707.6,4.5,11,0,15.218,30.16,1478.3,5.45
depth,d5,d6,7,41,d6,d6,0.0,35,41534445575455463161112333317777722,16,0,4.266,10.502,457.3,4.75,17,0,8.48,20.649,972.5,5.47
depth,d5,d6,8,4632,d5,d5,1.0,39,463244434463337773766667751111222221155,18,0,3.847,11.171,419.8,4.67,17,0,8.205,27.132,934.9,5.65
depth,d5,d6,8,4632,d6,d5,1.0,40,4632444342242522511111166666777733337755,18,0,3.403,13.038,389.6,4.67,18,0,7.509,20.262,846.9,5.67
depth,d5,d6,9,333,d5,d5,1.0,39,333544445355441253352222621111177777766,18,0,3.49,8.518,395.3,4.67,18,0,6.638,17.194,757.3,5.67
depth,d5,d6,9,333,d6,d5,1.0,30,333544445345534352722257777722,14,0,4.322,8.473,491.6,4.57,13,0,8.666,16.581,991.6,5.54
depth,d5,d6,10,656,d5,d5,1.0,41,65666443255556323222444433356121177777711,19,0,4.656,14.831,503.4,4.68,19,0,11.176,38.407,1069.2,5.68
depth,d5,d6,10,656,d6,d6,0.0,29,65665553233352263562244362444,13,0,6.045,11.448,687.4,4.69,13,0,11.492,24.342,1328.8,5.31
depth,d5,d6,11,63,d5,d6,0.0,34,6344445766466345555511133337611122,16,0,4.532,12.059,513.6,4.75,16,0,8.318,28.209,943.9,5.44
depth,d5,d6,11,63,d6,d5,1.0,34,6344443475523355473535111177117722,16,0,3.319,8.329,374.4,4.62,16,0,9.428,23.128,1030.1,5.62
depth,d5,d6,12,55,d5,d5,1.0,27,554632543335653626225663444,13,0,6.56,12.534,631.6,4.54,12,0,14.494,36.028,1463.9,5.5
depth,d5,d6,12,55,d6,draw,0.5,42,554644443255364552222332336666711711117777,20,0,2.541,9.948,280.4,4.7,20,0,5.406,17.64,600.6,5.7
depth,d5,d6,13,342,d5,d6,0.0,22,3424442443223336375655,9,0,4.666,8.615,531.2,4.56,10,0,10.234,30.919,1155.5,5.1
depth,d5,d6,13,342,d6,d6,0.0,39,342444455553743335377576112222211117766,18,0,5.366,16.34,447.3,4.78,18,0,11.625,42.566,910.7,5.5
depth,d5,d6,14,6653,d5,d6,0.0,34,6653474444566554551111112222226633,15,0,3.831,9.896,407.3,4.73,15,0,7.175,22.868,777.3,5.4
depth,d5,d6,14,6653,d6,d6,0.0,37,6653474444654665553333536211711117722,16,0,4.262,10.236,469.1,4.75,17,0,9.121,25.404,1001.1,5.47
depth,d5,d6,15,76,d5,draw,0.5,42,764444446665333333625522225525611111177777,20,0,4.576,13.027,515.5,4.8,20,0,9.6,34.899,1111.7,5.55
depth,d5,d6,15,76,d6,d6,0.0,27,764444442122262266355636335,12,0,5.071,10.847,574.7,4.67,13,0,12.889,26.613,1471.5,5.31
depth,d5,d6,16,344,d5,d6,0.0,42,344444543333355555661771122221221166667777,19,0,3.253,9.311,376.1,4.79,20,0,6.357,21.157,714.8,5.55
depth,d5,d6,16,344,d6,d6,0.0,39,344445333676443366565755756711111122222,18,0,3.611,11.122,414.6,4.78,18,0,7.494,24.357,855.3,5.5
depth,d5,d6,17,45,d5,d6,0.0,42,454444345331332266555366665111112277777722,20,0,4.712,13.729,413.2,4.8,20,0,8.545,30.889,746.1,5.55
depth,d5,d6,17,45,d6,draw,0.5,42,454444455553353363362227771111122266661777,20,0,2.849,8.519,323.1,4.7,20,0,5.765,19.291,656.4,5.7
depth,d5,d6,18,4714,d5,d5,1.0,33,471444634361416663333611122755557,15,0,4.596,12.663,456.8,4.6,14,0,9.082,19.069,879.2,5.57
depth,d5,d6,18,4714,d6,d6,0.0,39,471444326566452422556552121111777667733,17,0,4.898,21.385,454.1,4.76,18,0,11.532,31.7,1217.9,5.5
depth,d5,d6,19,7775,d5,draw,0.5,42,777533344444435555351322222126666766111177,19,0,4.257,11.662,464.1,4.79,19,0,7.895,29.431,868.7,5.53
depth,d5,d6,19,7775,d6,d6,0.0,31,7775444443433333775571555666666,13,0,4.643,10.511,515.3,4.69,14,0,8.885,24.348,958.8,5.36
depth,d5,d6,20,453,d5,d6,0.0,34,4534442122422543333377155552777766,15,0,4.589,14.008,473.9,4.73,16,0,9.506,26.648,981.8,5.44
depth,d5,d6,20,453,d6,d6,0.0,39,453444433334555355211212222677111777766,18,0,3.513,9.061,401.5,4.78,18,0,6.547,17.584,757.1,5.5
depth,d5,d6,21,545,d5,draw,0.5,42,545444455453321577661126666112222177333377,19,0,3.672,11.376,338.7,4.79,20,0,8.469,25.404,724.1,5.55
depth,d5,d6,21,545,d6,draw,0.5,42,545554444332143333551116167276666222217777,20,0,2.937,9.022,328.5,4.7,19,0,5.554,15.147,632.5,5.68
depth,d5,d6,22,7152,d5,d5,1.0,35,71524644555447543335733137711121222,16,0,4.239,9.394,463.4,4.62,15,0,8.136,18.659,892.9,5.6
depth,d5,d6,22,7152,d6,draw,0.5,42,715246444644566555135123333311166777222277,19,0,3.999,16.524,295.3,4.68,19,0,8.905,30.574,702.4,5.68
depth,d5,d6,23,71,d5,d5,1.0,37,7144442545274722255552177117166633333,18,0,3.813,11.329,438.2,4.67,17,0,7.571,21.298,878.8,5.65
depth,d5,d6,23,71,d6,d6,0.0,37,7144445623224364663323367612211117755,17,0,5.264,11.642,501.6,4.76,18,0,13.324,32.058,1292.2,5.5
depth,d5,d6,24,5616,d5,draw,0.5,42,561634444466543355655111711622223323277777,19,0,4.202,11.337,487.8,4.79,19,0,7.18,21.442,828.2,5.53
depth,d5,d6,24,5616,d6,d5,1.0,38,56166363353633161125555112222277777744,17,0,3.614,11.163,416.2,4.65,17,0,8.603,33.565,981.8,5.65
depth,d5,d6,25,4424,d5,d5,1.0,7,4424351,2,0,0.786,1.557,54.5,2.0,1,0,0.177,0.177,9.0,2.0
depth,d5,d6,25,4424,d6,d6,0.0,7,4424351,1,0,0.136,0.136,9.0,2.0,2,0,0.856,1.698,54.5,2.0
depth,d5,d6,26,6464,d5,d6,0.0,20,64644446632222131535,8,0,9.433,27.637,659.4,4.5,8,0,16.585,38.791,1394.0,4.88
depth,d5,d6,26,6464,d6,d5,1.0,38,64644443233342366221111232661177777755,17,0,4.459,14.579,419.2,4.65,17,0,8.079,22.922,801.4,5.65
depth,d5,d6,27,5354,d5,draw,0.5,42,535444455443353123352167677111176666772222,19,0,3.388,12.454,355.5,4.79,19,0,5.827,22.101,607.5,5.53
depth,d5,d6,27,5354,d6,d6,0.0,17,53544341243355222,6,0,5.237,11.165,411.7,4.33,7,0,9.423,18.509,764.9,4.71
depth,d5,d6,28,3576,d5,d5,1.0,19,3576335553433546242,8,0,8.204,18.975,786.4,4.25,7,0,17.448,36.667,1576.4,5.14
depth,d5,d6,28,3576,d6,draw,0.5,42,357655354433531222221135216666674444117777,19,0,5.182,15.034,517.3,4.68,19,0,16.716,44.351,1462.6,5.68
depth,d5,d6,29,6474,d5,d6,0.0,28,6474444323334362223777662555,12,0,5.244,11.701,569.4,4.67,12,0,10.751,24.627,1125.2,5.25
depth,d5,d6,29,6474,d6,d5,1.0,40,6474444323334555355235622221111777117766,18,0,3.887,14.108,394.9,4.67,18,0,8.294,37.795,879.4,5.67
depth,d5,d6,30,237,d5,d6,0.0,20,23764444433343362555,8,0,6.945,12.402,698.2,4.5,9,0,13.48,23.982,1345.1,5.0
depth,d5,d6,30,237,d6,d6,0.0,27,237444447656356262522335777,12,0,8.25,16.564,775.2,4.67,12,0,13.469,46.843,1342.8,5.25
depth,d5,d6,31,112,d5,draw,0.5,42,112444444222223733333655555577761111666677,19,0,4.664,13.873,490.2,4.79,20,0,10.664,31.935,1068.8,5.55
depth,d5,d6,31,112,d6,draw,0.5,42,112444444222355555526332611113336666777777,20,0,4.459,15.064,448.8,4.7,19,0,9.572,35.695,1033.5,5.68
depth,d5,d6,32,5475,d5,d6,0.0,34,5475554444545266167662622221111133,15,0,3.425,8.004,364.5,4.73,15,0,6.509,16.571,698.3,5.4
depth,d5,d6,32,5475,d6,d5,1.0,38,54755444545542111122266622716776617733,17,0,3.409,7.891,363.8,4.65,17,0,6.811,16.828,725.8,5.65
depth,d5,d6,33,323,d5,d6,0.0,38,32334444321226442336666621115555551177,17,0,4.003,10.668,408.0,4.76,18,0,7.495,19.095,791.2,5.5
depth,d5,d6,33,323,d6,draw,0.5,42,323335522266553554444443666611111177227777,20,0,3.915,10.857,441.0,4.7,19,0,8.727,29.83,977.5,5.68
depth,d5,d6,34,4457,d5,d5,1.0,7,4457326,2,0,0.417,0.825,43.0,2.0,1,0,0.092,0.092,9.0,2.0
depth,d5,d6,34,4457,d6,d6,0.0,7,4457326,1,0,0.089,0.089,9.0,2.0,2,0,0.395,0.781,43.0,2.0
depth,d5,d6,35,745,d5,d6,0.0,22,7454444555545722212333,9,0,5.752,12.459,587.3,4.56,10,0,11.982,22.344,1242.0,5.1
depth,d5,d6,35,745,d6,d6,0.0,39,745444437533221334555356777117122221166,18,0,4.097,10.781,435.5,4.78,18,0,8.479,31.529,862.1,5.5
depth,d5,d6,36,1733,d5,d6,0.0,40,1733423265444433435777767111112222666655,18,0,4.556,10.302,426.8,4.78,18,0,8.165,30.59,731.8,5.5
depth,d5,d6,36,1733,d6,d5,1.0,40,1733424443433554736666661112211222777755,18,0,2.727,8.177,288.9,4.67,18,0,5.634,17.63,618.9,5.67
depth,d5,d6,37,714,d5,d5,1.0,37,7144442545274722255552177117166633333,17,0,3.908,11.98,422.0,4.65,17,0,8.288,21.61,878.8,5.65
depth,d5,d6,37,714,d6,d6,0.0,37,7144445623224364663323367612211117755,17,0,4.718,11.404,501.6,4.76,17,0,11.914,30.669,1273.9,5.47
depth,d5,d6,38,6753,d5,d6,0.0,34,6753444466466345555511133337611122,15,0,4.747,13.1,512.8,4.73,15,0,8.753,29.249,955.5,5.4
depth,d5,d6,38,6753,d6,d5,1.0,42,675355363352123654444464531117772222667711,19,0,4.516,14.646,490.9,4.68,19,0,11.409,33.398,1247.6,5.68
depth,d5,d6,39,247,d5,d6,0.0,38,24744444222226557776665556561111117733,17,0,4.238,12.637,438.0,4.76,18,0,9.731,31.799,944.1,5.5
depth,d5,d6,39,247,d6,d6,0.0,39,247444467433333322222777711555555111166,18,0,4.434,12.206,474.2,4.78,18,0,9.004,26.454,981.1,5.5
depth,d5,d6,40,4163,d5,d5,1.0,21,416344413116343324222,9,0,5.892,11.329,611.6,4.33,8,0,17.112,33.666,1841.2,5.25
depth,d5,d6,40,4163,d6,d6,0.0,15,416344443375655,5,0,5.287,12.408,589.4,4.2,6,0,9.637,20.92,1073.3,4.5
depth,d5,d6,41,312,d5,d6,0.0,34,3125444422422543333377155552777766,15,0,4.584,14.072,497.9,4.73,16,0,9.472,35.119,992.1,5.44
depth,d5,d6,41,312,d6,d6,0.0,39,312442444121142556765522551166777667733,18,0,3.784,10.172,388.9,4.78,18,0,7.934,28.253,794.9,5.5
depth,d5,d6,42,7424,d5,d6,0.0,38,74244444222226557776665556561111117733,17,0,3.808,10.744,438.0,4.76,17,0,8.011,29.142,884.1,5.47
depth,d5,d6,42,7424,d6,d6,0.0,39,742444467433333322222777711555555111166,17,0,4.056,10.907,440.2,4.76,18,0,9.149,26.723,981.1,5.5
depth,d5,d6,43,11,d5,d5,1.0,39,114444433456311263335556666551177777722,19,0,3.724,8.911,411.6,4.68,18,0,9.807,30.653,1061.2,5.67
depth,d5,d6,43,11,d6,draw,0.5,42,114444324326336421226626655555335111777777,20,0,3.421,11.597,397.1,4.7,20,0,9.666,30.642,1006.4,5.7
depth,d5,d6,44,557,d5,d6,0.0,34,5574554444545266167662622221111133,15,0,3.881,14.237,364.5,4.73,16,0,6.999,18.569,739.5,5.44
depth,d5,d6,44,557,d6,d5,1.0,38,55745444545542111122266622716776617733,18,0,4.037,8.518,369.6,4.67,17,0,7.602,15.871,725.8,5.65
depth,d5,d6,45,57,d5,d5,1.0,37,5743544455454563272222213313311777766,18,0,3.893,8.19,419.1,4.67,17,0,7.202,18.302,794.4,5.65
depth,d5,d6,45,57,d6,d6,0.0,41,57434445475534336536735117776666222222111,19,0,5.613,14.927,407.6,4.79,20,0,9.983,33.621,746.0,5.55
depth,d5,d6,46,21,d5,draw,0.5,42,214444532345533243355576622266661177777111,20,0,3.693,11.927,420.7,4.8,20,0,7.642,29.301,860.2,5.55
depth,d5,d6,46,21,d6,d6,0.0,39,214444532243345355255367131221117777766,18,0,4.945,13.698,506.3,4.78,19,0,11.34,30.408,1158.2,5.53
depth,d5,d6,47,1753,d5,d6,0.0,40,1753333555351344744411415221666666777722,18,0,5.311,12.495,556.1,4.78,18,0,9.378,26.772,998.9,5.5
depth,d5,d6,47,1753,d6,d5,1.0,36,175333355544444545366661131117777722,16,0,4.857,10.068,527.7,4.62,16,0,11.69,28.515,1274.9,5.62
depth,d5,d6,48,7632,d5,d5,1.0,39,763233322236244416614443266751111777755,18,0,5.278,15.526,594.2,4.67,17,0,12.251,37.463,1384.2,5.65
depth,d5,d6,48,7632,d6,d6,0.0,37,7632333664422614244134223661117551555,16,0,5.041,13.399,560.8,4.75,17,0,10.905,27.285,1231.8,5.47
depth,d5,d6,49,36,d5,d5,1.0,39,364244434463337773766667751111222221155,19,0,3.987,9.418,443.8,4.68,18,0,8.519,26.851,980.2,5.67
depth,d5,d6,49,36,d6,d5,1.0,40,3642444342242522511111166666777733337755,19,0,4.471,13.865,420.7,4.68,19,0,9.333,36.739,891.4,5.68
depth,d5,d7,0,35,d5,d7,0.0,38,35444421244533333155556222126666611177,18,0,3.601,8.999,417.7,4.78,18,0,13.362,51.269,1561.4,6.33
depth,d5,d7,0,35,d7,d7,0.0,35,35553344453644435352121777777222266,16,0,3.581,11.779,391.1,4.75,17,0,21.048,66.525,2168.3,6.29
depth,d5,d7,1,6712,d5,d7,0.0,36,671244446453432222552571551111777733,16,0,4.725,10.232,518.8,4.75,16,0,18.534,48.971,1964.2,6.25
depth,d5,d7,1,6712,d7,d7,0.0,25,6712444444666222533633111,10,0,6.696,12.126,636.8,4.6,11,0,42.749,106.459,3223.1,5.91
depth,d5,d7,2,5547,d5,d5,1.0,7,5547326,2,0,0.458,0.903,46.0,2.0,1,0,0.109,0.109,9.0,2.0
depth,d5,d7,2,5547,d7,d7,0.0,7,5547326,1,0,0.081,0.081,9.0,2.0,2,0,0.423,0.836,46.0,2.0
depth,d5,d7,3,5767,d5,d7,0.0,40,5767434434565543435335166777167611221122,18,0,2.982,10.471,321.2,4.78,18,0,8.602,36.059,931.5,6.33
depth,d5,d7,3,5767,d7,draw,0.5,42,576743444453334331152255511622226666117777,19,0,3.646,10.859,373.5,4.68,19,0,18.648,70.337,1807.7,6.53
depth,d5,d7,4,775,d5,d7,0.0,40,7754444424223555666655263336771111221133,18,0,3.63,14.353,407.1,4.78,19,0,13.487,65.533,1535.5,6.37
depth,d5,d7,4,775,d7,d5,1.0,40,7754444441333335623271222276771166661155,19,0,3.694,10.372,400.2,4.68,18,0,18.654,82.234,2005.9,6.5
depth,d5,d7,5,215,d5,d7,0.0,42,215444445554353233335122221177776666667711,19,0,2.733,7.33,324.9,4.79,20,0,10.162,37.501,1155.8,6.4
depth,d5,d7,5,215,d7,draw,0.5,42,215444444155551511272227777266663336633317,20,0,3.502,8.721,409.1,4.7,19,0,16.183,57.146,1880.0,6.53
depth,d5,d7,6,13,d5,d5,1.0,39,134444434225333322227777776655555666611,19,0,3.406,11.874,368.6,4.68,18,0,14.125,60.139,1446.7,6.5
depth,d5,d7,6,13,d7,d5,1.0,34,1355554333676614446474117335622252,16,0,5.279,13.566,597.5,4.62,16,0,21.268,56.773,2371.5,6.44
depth,d5,d7,7,41,d5,d5,1.0,37,4153545531446744551171127766666772332,18,0,4.15,8.77,473.2,4.67,17,0,16.883,58.544,1888.6,6.47
depth,d5,d7,7,41,d7,d7,0.0,27,414453455745341556612221233,12,0,5.752,9.844,614.8,4.67,13,0,26.555,58.254,2772.8,6.08
depth,d5,d7,8,4632,d5,d5,1.0,41,46324442442325526556337775526766131137711,19,0,3.785,9.556,438.4,4.68,18,0,14.015,45.974,1611.6,6.5
depth,d5,d7,8,4632,d7,d7,0.0,35,46324443422425522111111666333553566,15,0,4.532,13.449,482.5,4.73,16,0,18.206,45.007,1928.9,6.25
depth,d5,d7,9,333,d5,d7,0.0,38,33343544434473517111777272226666662255,17,0,4.312,10.949,453.4,4.76,18,0,18.854,57.361,1852.8,6.33
depth,d5,d7,9,333,d7,d7,0.0,37,3335445441434135511535622222277777766,17,0,4.633,18.656,426.4,4.76,17,0,14.455,42.238,1513.1,6.29
depth,d5,d7,10,656,d5,draw,0.5,42,656665553321222544472776563233311444171177,19,0,6.562,14.802,729.7,4.79,20,0,26.86,86.433,3023.9,6.4
depth,d5,d7,10,656,d7,d7,0.0,37,6566345444344662161111177777555572233,17,0,4.698,10.578,463.2,4.76,17,0,20.655,65.694,2125.8,6.29
depth,d5,d7,11,63,d5,d7,0.0,38,63444457644355555733332666762222277711,18,0,4.011,10.79,411.9,4.78,18,0,14.642,62.78,1477.1,6.33
depth,d5,d7,11,63,d7,d7,0.0,41,63444443643333575555522227221116666777711,19,0,3.113,8.399,350.0,4.79,20,0,15.881,55.133,1679.0,6.4
depth,d5,d7,12,55,d5,d5,1.0,35,55433556336523352622662267771177744,17,0,4.562,11.732,478.1,4.65,16,0,20.471,79.962,2221.1,6.44
depth,d5,d7,12,55,d7,d5,1.0,36,554655324434244522252677661111133366,17,0,3.037,9.405,309.6,4.65,17,0,13.851,44.213,1474.0,6.47
depth,d5,d7,13,342,d5,d7,0.0,30,342444223442552211617766633355,13,0,4.434,9.976,504.6,4.69,14,0,20.733,54.872,2364.4,6.14
depth,d5,d7,13,342,d7,d7,0.0,39,342444255553624676423332235566611111177,18,0,4.132,10.383,430.4,4.78,18,0,16.131,58.748,1691.8,6.33
depth,d5,d7,14,6653,d5,d7,0.0,34,6653474444566422222626111115555133,15,0,4.985,15.174,482.2,4.73,15,0,17.989,52.978,1919.4,6.2
depth,d5,d7,14,6653,d7,draw,0.5,42,665347444465466565523335337777722222111111,19,0,3.161,10.194,349.8,4.68,19,0,15.162,51.276,1670.6,6.53
depth,d5,d7,15,76,d5,d5,1.0,33,764444446333322222666625777555537,16,0,6.226,17.186,589.3,4.62,15,0,25.895,77.45,2620.7,6.4
depth,d5,d7,15,76,d7,d7,0.0,41,76444444322223226666675551111575571137733,19,0,4.93,11.454,544.5,4.79,20,0,24.758,69.162,2687.3,6.4
depth,d5,d7,16,344,d5,draw,0.5,42,344444543333355556561221122122116666777777,19,0,3.124,9.206,353.0,4.79,20,0,13.718,49.266,1444.9,6.4
depth,d5,d7,16,344,d7,d7,0.0,29,34444544355676575577666763333,13,0,3.702,14.908,384.5,4.69,13,0,17.064,72.165,1745.1,6.08
depth,d5,d7,17,45,d5,d5,1.0,35,45444434533133252371177767711616556,17,0,4.922,9.561,528.7,4.65,16,0,19.149,47.1,1947.2,6.44
depth,d5,d7,17,45,d7,d7,0.0,29,45444433313433527772776222255,13,0,4.398,8.753,494.9,4.69,14,0,21.976,46.216,2372.6,6.14
depth,d5,d7,18,4714,d5,d7,0.0,16,4714446346374555,6,0,7.01,12.472,766.5,4.33,6,0,20.61,46.715,2296.7,5.0
depth,d5,d7,18,4714,d7,d7,0.0,27,471444474333333666657552556,11,0,5.149,8.172,571.7,4.64,12,0,23.788,57.243,2623.4,6.0
depth,d5,d7,19,7775,d5,d5,1.0,35,77753335553433557222772226666444446,16,0,5.095,26.256,424.6,4.62,15,0,23.742,99.452,2128.8,6.4
depth,d5,d7,19,7775,d7,d7,0.0,37,7775333354555324222357171221167116446,16,0,5.865,11.02,551.8,4.75,17,0,28.698,62.896,2807.2,6.29
depth,d5,d7,20,453,d5,d7,0.0,38,45344421244533333155556222126666611177,17,0,3.684,10.204,377.8,4.76,18,0,15.136,57.346,1561.4,6.33
depth,d5,d7,20,453,d7,d5,1.0,40,4534445553463676641216515112617777733322,19,0,5.387,13.799,468.7,4.68,18,0,20.794,54.286,2020.8,6.5
depth,d5,d7,21,545,d5,d7,0.0,40,5454444555435312333211232266771211777766,18,0,4.085,16.735,339.8,4.78,19,0,18.661,77.031,1372.2,6.37
depth,d5,d7,21,545,d7,d5,1.0,38,54554445421554222212777766666611117733,18,0,3.468,8.483,342.4,4.67,17,0,10.851,41.84,1091.8,6.47
depth,d5,d7,22,7152,d5,d7,0.0,40,7152464454676445555233366613331111777722,18,0,5.418,20.448,358.9,4.78,18,0,13.798,47.151,1092.5,6.33
depth,d5,d7,22,7152,d7,d7,0.0,23,71524644466544637377755,9,0,5.184,11.428,550.7,4.56,10,0,26.76,57.04,2879.6,5.8
depth,d5,d7,23,71,d5,d7,0.0,16,7144442542514333,7,0,9.11,17.583,774.7,4.43,7,0,32.162,65.303,2492.3,5.29
depth,d5,d7,23,71,d7,d7,0.0,27,714444414555555222231332336,12,0,5.589,10.937,584.7,4.67,13,0,28.211,75.743,2766.7,6.08
depth,d5,d7,24,5616,d5,d7,0.0,32,56163342345552166223315566372444,14,0,5.554,16.784,578.1,4.71,14,0,21.782,45.248,2438.8,6.14
depth,d5,d7,24,5616,d7,d7,0.0,31,5616633333664455525351776111144,13,0,8.308,32.212,690.4,4.69,14,0,39.415,150.897,3304.1,6.14
depth,d5,d7,25,4424,d5,d5,1.0,7,4424351,2,0,0.463,0.917,54.5,2.0,1,0,0.122,0.122,9.0,2.0
depth,d5,d7,25,4424,d7,d7,0.0,7,4424351,1,0,0.085,0.085,9.0,2.0,2,0,0.458,0.906,54.5,2.0
depth,d5,d7,26,6464,d5,d7,0.0,24,646444466234622222131535,10,0,6.767,10.843,578.3,4.6,10,0,37.164,87.256,3111.8,5.8
depth,d5,d7,26,6464,d7,d5,1.0,22,6464446644222223233555,9,0,6.877,14.822,578.3,4.33,9,0,33.031,76.838,3039.6,6.0
depth,d5,d7,27,5354,d5,draw,0.5,42,535444443355455122222213331177171777666666,19,0,3.056,8.163,342.4,4.79,19,0,8.578,33.991,971.4,6.37
depth,d5,d7,27,5354,d7,draw,0.5,42,535443344342124331711777667665555722226611,19,0,3.909,15.74,311.7,4.68,19,0,15.775,53.043,1382.1,6.53
depth,d5,d7,28,3576,d5,d5,1.0,19,3576335553433546242,8,0,12.5,30.734,786.4,4.25,7,0,33.695,87.528,2968.7,5.71
depth,d5,d7,28,3576,d7,d7,0.0,35,35766334444734336646622171711117755,15,0,4.088,14.879,432.4,4.73,16,0,28.117,160.266,2564.4,6.25
depth,d5,d7,29,6474,d5,d7,0.0,20,64744444222223131535,8,0,9.17,18.489,784.4,4.5,8,0,43.288,99.195,3551.0,5.5
depth,d5,d7,29,6474,d7,d5,1.0,40,6474441243553335343221761777112275552166,18,0,5.434,14.083,552.6,4.67,18,0,25.593,98.858,2616.3,6.5
depth,d5,d7,30,237,d5,d5,1.0,39,237335454434334466677666575551111117722,18,0,5.27,25.052,393.8,4.67,18,0,24.114,142.788,2132.8,6.5
depth,d5,d7,30,237,d7,d7,0.0,25,2374444422224565565535133,11,0,6.59,12.746,617.5,4.64,11,0,27.724,74.522,2621.6,5.91
depth,d5,d7,31,112,d5,d7,0.0,40,1124444441361576355555176666122272277733,18,0,4.349,13.314,467.4,4.78,19,0,20.967,66.687,2284.6,6.37
depth,d5,d7,31,112,d7,draw,0.5,42,112444444222265626635663333555351177777711,20,0,3.997,11.626,421.5,4.7,19,0,16.537,68.923,1738.7,6.53
depth,d5,d7,32,5475,d5,d7,0.0,24,547554445455421117773666,10,0,5.9,12.191,496.2,4.6,10,0,22.211,47.967,1926.6,5.8
depth,d5,d7,32,5475,d7,draw,0.5,42,547554535534444122227333232111117766666677,19,0,3.114,8.471,272.8,4.68,19,0,11.895,41.262,1072.3,6.53
depth,d5,d7,33,323,d5,draw,0.5,42,323344443216422243636266651111177775555577,19,0,3.481,10.153,372.5,4.79,20,0,16.588,47.317,1767.5,6.4
depth,d5,d7,33,323,d7,d7,0.0,31,3233355245312422563155727777744,14,0,7.588,29.082,567.7,4.71,14,0,20.464,54.844,2122.3,6.14
depth,d5,d7,34,4457,d5,d5,1.0,7,4457326,2,0,0.453,0.889,43.0,2.0,1,0,0.193,0.193,9.0,2.0
depth,d5,d7,34,4457,d7,d7,0.0,7,4457326,1,0,0.082,0.082,9.0,2.0,2,0,0.389,0.769,43.0,2.0
depth,d5,d7,35,745,d5,d7,0.0,36,745444433313433572277717556611551122,16,0,5.191,10.51,459.4,4.75,17,0,24.181,53.139,2105.9,6.29
depth,d5,d7,35,745,d7,d5,1.0,36,745444437533134337722171115555661722,17,0,6.936,22.5,579.2,4.65,16,0,29.815,82.21,2325.3,6.44
depth,d5,d7,36,1733,d5,d5,1.0,37,1733423423225666366227377677111144144,17,0,6.15,18.501,548.8,4.65,16,0,18.427,54.479,1649.5,6.44
depth,d5,d7,36,1733,d7,d7,0.0,37,1733423423223375722711177666666115445,16,0,4.444,10.932,391.3,4.75,17,0,22.057,66.69,2057.1,6.29
depth,d5,d7,37,714,d5,d7,0.0,16,7144442542514333,6,0,8.379,12.881,785.0,4.33,7,0,31.53,67.093,2492.3,5.29
depth,d5,d7,37,714,d7,d7,0.0,27,714444414555555222231332336,12,0,6.558,13.283,584.7,4.67,12,0,30.301,92.044,2630.1,6.0
depth,d5,d7,38,6753,d5,d7,0.0,38,67534444644355555733332666762222277711,17,0,3.778,13.066,405.2,4.76,17,0,14.385,66.418,1505.1,6.29
depth,d5,d7,38,6753,d7,d7,0.0,21,675335543355232744411,8,0,7.725,11.77,770.4,4.5,9,0,52.321,106.322,4739.6,5.67
depth,d5,d7,39,247,d5,d7,0.0,16,2474444243233556,6,0,5.496,11.611,623.3,4.33,7,0,27.908,70.744,3037.0,5.29
depth,d5,d7,39,247,d7,draw,0.5,42,247444462255624333333176611111662772555757,20,0,5.281,14.69,485.9,4.7,19,0,21.965,75.783,2115.3,6.53
depth,d5,d7,40,4163,d5,d5,1.0,35,41634444363357567463357716677122122,16,0,4.708,9.955,472.4,4.62,15,0,19.244,71.907,2028.7,6.4
depth,d5,d7,40,4163,d7,d7,0.0,15,416344447564355,5,0,5.997,14.008,550.2,4.2,6,0,26.782,59.063,2789.8,5.0
depth,d5,d7,41,312,d5,d7,0.0,18,312444442231554335,7,0,6.314,12.8,619.4,4.43,8,0,25.622,69.116,2764.6,5.5
depth,d5,d7,41,312,d7,d5,1.0,36,312442444121142566226671575771667733,17,0,5.153,15.999,470.4,4.65,16,0,22.408,82.02,1992.4,6.44
depth,d5,d7,42,7424,d5,d7,0.0,16,7424444243233556,6,0,6.389,12.627,623.3,4.33,6,0,27.607,66.271,2785.3,5.0
depth,d5,d7,42,7424,d7,draw,0.5,42,742444462255624333333176611111662772555757,19,0,4.148,11.491,456.1,4.68,19,0,18.707,62.493,2115.3,6.53
depth,d5,d7,43,11,d5,d5,1.0,39,114444422465555676662222116311755777733,19,0,5.26,20.658,480.3,4.68,18,0,27.738,124.9,2713.0,6.5
depth,d5,d7,43,11,d7,draw,0.5,42,114444443233363355652265552221171766617777,20,0,2.92,8.535,347.2,4.7,20,0,16.284,47.503,1902.0,6.55
depth,d5,d7,44,557,d5,d7,0.0,24,557454445455421117773666,10,0,5.193,8.817,496.2,4.6,11,0,19.527,34.084,2018.4,5.91
depth,d5,d7,44,557,d7,draw,0.5,42,557454535534444122227333232111117766666677,20,0,2.668,8.243,282.6,4.7,19,0,9.949,36.565,1072.3,6.53
depth,d5,d7,45,57,d5,d5,1.0,39,574354445544553613333111112272222777766,19,0,3.451,8.121,394.9,4.68,18,0,14.308,34.956,1675.2,6.5
depth,d5,d7,45,57,d7,d7,0.0,39,574344454755343365367351176666222222111,18,0,5.001,13.911,448.5,4.78,19,0,19.872,52.678,1739.9,6.37
depth,d5,d7,46,21,d5,d5,1.0,33,214444532432675422121777111776556,16,0,5.403,11.105,612.6,4.62,15,0,19.061,61.69,2161.1,6.4
depth,d5,d7,46,21,d7,d5,1.0,40,2144445322436766654227277661111155557733,19,0,5.437,12.923,581.7,4.68,19,0,27.447,74.575,2816.3,6.53
depth,d5,d7,47,1753,d5,d5,1.0,25,1753333311135555472775442,11,0,8.524,15.798,712.1,4.45,10,0,36.424,88.429,3372.2,6.1
depth,d5,d7,47,1753,d7,d5,1.0,40,1753333555355734411777172222666116622644,18,0,5.408,14.797,536.0,4.67,18,0,25.216,74.265,2798.3,6.5
depth,d5,d7,48,7632,d5,d7,0.0,40,7632333222344666241231667577757114414155,18,0,5.853,15.304,664.8,4.78,18,0,29.154,71.841,3318.6,6.33
depth,d5,d7,48,7632,d7,d7,0.0,41,76322263432332766763625554444411711117557,18,0,4.886,12.28,542.2,4.78,19,0,25.573,87.731,2695.3,6.37
depth,d5,d7,49,36,d5,d5,1.0,41,36424442442325526556337775526766131137711,20,0,4.144,10.452,460.2,4.7,19,0,15.581,50.6,1709.1,6.53
depth,d5,d7,49,36,d7,d7,0.0,35,36424443422425522111111666333553566,16,0,4.719,12.981,513.6,4.75,17,0,18.729,44.131,2041.4,6.29
depth,d5,d8,0,35,d5,d8,0.0,32,35444421244223555552216676166633,15,0,9.049,19.38,546.7,4.73,15,0,78.016,193.751,3907.7,7.0
depth,d5,d8,0,35,d8,d8,0.0,39,354444433334555355211212222611771777766,18,0,7.435,22.331,401.2,4.78,19,0,70.749,291.683,3466.9,7.16
depth,d5,d8,1,6712,d5,d8,0.0,40,6712444464534322266257266555751111177733,18,0,11.085,32.193,500.2,4.78,18,0,82.938,231.61,4052.9,7.11
depth,d5,d8,1,6712,d8,d8,0.0,15,671224444414333,5,0,14.652,29.319,848.2,4.2,6,0,129.521,427.608,5845.5,5.5
depth,d5,d8,2,5547,d5,d5,1.0,7,5547326,2,0,0.439,0.864,46.0,2.0,1,0,0.082,0.082,9.0,2.0
depth,d5,d8,2,5547,d8,d8,0.0,7,5547326,1,0,0.081,0.081,9.0,2.0,2,0,0.547,0.899,46.0,2.0
depth,d5,d8,3,5767,d5,d8,0.0,36,576743443456554455111111772233337722,16,0,9.677,32.004,454.6,4.75,16,0,50.84,206.332,2371.9,7.0
depth,d5,d8,3,5767,d8,draw,0.5,42,576743444453334331155552211666662222117777,19,0,7.648,24.698,373.7,4.68,19,0,68.626,203.17,3620.2,7.37
depth,d5,d8,4,775,d5,d5,1.0,31,7754444424255252665537722771331,14,0,10.357,30.628,513.7,4.57,14,0,66.115,245.367,3984.6,7.14
depth,d5,d8,4,775,d8,draw,0.5,42,775444444122222233733337555556166666111177,20,0,9.365,29.263,488.6,4.7,19,0,93.471,274.772,4749.0,7.37
depth,d5,d8,5,215,d5,d8,0.0,42,215444445433352333555122221661777667667711,19,0,5.123,14.105,348.1,4.79,20,0,43.559,173.896,2471.2,7.2
depth,d5,d8,5,215,d8,draw,0.5,42,215444444155555222223333336666661111777777,20,0,8.403,31.912,396.6,4.7,19,0,57.177,233.304,3133.0,7.37
depth,d5,d8,6,13,d5,d8,0.0,34,1344444345333355557756611111777722,16,0,8.572,34.3,462.4,4.75,16,0,59.802,145.799,3219.7,7.0
depth,d5,d8,6,13,d8,d8,0.0,27,134444434333136762667176555,12,0,8.213,15.786,493.2,4.67,13,0,76.778,205.9,4088.2,6.85
depth,d5,d8,7,41,d5,d5,1.0,35,41535455363335666352111661177777744,17,0,10.054,26.463,551.1,4.65,16,0,87.92,257.457,4445.1,7.25
depth,d5,d8,7,41,d8,d8,0.0,15,414444323356526,6,0,13.605,24.65,686.7,4.33,7,0,111.746,254.983,6042.4,5.86
depth,d5,d8,8,4632,d5,d5,1.0,35,46324444333226245322366661177777755,16,0,8.052,21.855,425.2,4.62,15,0,68.51,265.246,3642.7,7.2
depth,d5,d8,8,4632,d8,d8,0.0,35,46324443334432377766222266671117755,15,0,7.736,17.598,413.3,4.73,16,0,65.016,206.308,3198.6,7.0
depth,d5,d8,9,333,d5,d8,0.0,32,33343433444466666622222277777755,14,0,4.947,15.077,286.6,4.71,15,0,45.23,205.4,2589.7,6.93
depth,d5,d8,9,333,d8,d8,0.0,39,333544444334555355211212222611771777766,18,0,7.414,30.622,388.8,4.78,18,0,60.445,273.285,2850.1,7.11
depth,d5,d8,10,656,d5,d8,0.0,32,65666554432556333343252211612444,14,0,11.83,30.888,561.0,4.71,15,0,93.9,244.459,4758.7,6.93
depth,d5,d8,10,656,d8,draw,0.5,42,656664444455554233333561316112222211777777,20,0,6.186,28.141,324.4,4.7,19,0,53.289,399.517,2816.7,7.37
depth,d5,d8,11,63,d5,d8,0.0,32,63444457644665333336672212722255,15,0,11.641,28.554,543.1,4.73,15,0,73.567,218.692,3802.2,7.0
depth,d5,d8,11,63,d8,d8,0.0,39,634444433334755555375222222111111777766,18,0,6.386,16.696,387.4,4.78,19,0,64.216,212.272,3509.8,7.16
depth,d5,d8,12,55,d5,d5,1.0,39,554334445534335435261111116666677777722,19,0,6.072,16.38,371.8,4.68,18,0,54.514,254.527,3056.6,7.33
depth,d5,d8,12,55,d8,d8,0.0,37,5546554446443235572332323722771117766,17,0,5.694,16.92,331.2,4.76,18,0,49.232,197.524,2733.5,7.11
depth,d5,d8,13,342,d5,d8,0.0,22,3424442443223337356655,9,0,10.295,20.338,525.0,4.56,10,0,99.189,279.083,5149.2,6.5
depth,d5,d8,13,342,d8,draw,0.5,42,342444455553667646653333562222277111111777,20,0,6.21,17.623,352.8,4.7,19,0,54.568,243.686,2905.2,7.37
depth,d5,d8,14,6653,d5,d8,0.0,34,6653474444566422222625555611111133,15,0,11.703,24.307,469.1,4.73,15,0,76.829,234.966,3285.5,6.93
depth,d5,d8,14,6653,d8,draw,0.5,42,665347444465466555563333321177722222111177,19,0,8.569,40.667,382.5,4.68,19,0,74.936,221.306,3240.9,7.37
depth,d5,d8,15,76,d5,d5,1.0,39,764444446333336635655555262222211111177,19,0,10.63,44.787,467.5,4.68,18,0,81.867,339.31,3690.2,7.33
depth,d5,d8,15,76,d8,d8,0.0,27,764444446366663335777555537,12,0,10.709,23.916,568.6,4.67,13,0,129.184,373.027,6056.5,6.77
depth,d5,d8,16,344,d5,d5,1.0,41,34444453335325214322261176621666117777755,19,0,8.535,24.393,408.1,4.68,19,0,70.849,360.761,3361.9,7.37
depth,d5,d8,16,344,d8,d5,1.0,34,3444453345355426773355111111777722,16,0,9.11,29.681,464.9,4.62,15,0,64.419,260.333,3436.3,7.2
depth,d5,d8,17,45,d5,draw,0.5,42,454444355533212122112425665166663331777777,20,0,7.826,22.337,440.2,4.8,20,0,59.431,224.036,2969.2,7.2
depth,d5,d8,17,45,d8,draw,0.5,42,454444455553357771133337222211721721666666,20,0,6.831,23.393,327.5,4.7,20,0,49.082,209.634,2483.8,7.4
depth,d5,d8,18,4714,d5,d8,0.0,16,4714446346374555,6,0,14.995,24.448,766.5,4.33,6,0,67.705,135.476,3830.0,5.5
depth,d5,d8,18,4714,d8,d8,0.0,27,471444474333333666656572555,11,0,10.924,20.233,550.0,4.64,12,0,96.327,214.304,4880.1,6.75
depth,d5,d8,19,7775,d5,d8,0.0,38,77753333441225445245243573522111117766,17,0,8.196,23.035,471.8,4.76,17,0,80.243,339.448,4062.9,7.06
depth,d5,d8,19,7775,d8,d5,1.0,40,7775444443555346365752222221111333117766,18,0,8.456,27.506,370.6,4.67,18,0,72.149,268.139,3302.5,7.33
depth,d5,d8,20,453,d5,d8,0.0,32,45344421244223555552216676166633,14,0,9.175,23.206,507.4,4.71,15,0,74.041,182.48,3907.7,7.0
depth,d5,d8,20,453,d8,d8,0.0,39,453444433334555355211212222611771777766,18,0,7.628,22.177,401.2,4.78,18,0,54.49,182.678,2905.0,7.11
depth,d5,d8,21,545,d5,d5,1.0,37,5454444455556233777777666661111112332,17,0,6.53,20.217,331.8,4.65,17,0,52.233,160.819,2632.1,7.29
depth,d5,d8,21,545,d8,d5,1.0,38,54554445421554222212666666777711117733,18,0,7.102,20.326,326.8,4.67,17,0,39.853,153.359,1910.0,7.29
depth,d5,d8,22,7152,d5,d8,0.0,36,715246445467644626161111772222337733,16,0,7.538,21.224,407.1,4.75,16,0,46.35,139.828,2444.1,7.0
depth,d5,d8,22,7152,d8,d8,0.0,23,71524644464465637377755,9,0,10.244,21.529,506.2,4.56,10,0,99.899,301.613,4863.7,6.5
depth,d5,d8,23,71,d5,d8,0.0,16,7144442542514333,7,0,15.998,47.728,774.7,4.43,7,0,83.064,156.86,4524.4,5.86
depth,d5,d8,23,71,d8,draw,0.5,42,713444444323333555555716766666771112222217,20,0,7.43,17.345,384.6,4.7,20,0,61.331,279.639,3200.7,7.4
depth,d5,d8,24,5616,d5,d8,0.0,38,56163342345442166434662211227777117733,17,0,6.454,17.752,384.1,4.76,17,0,55.981,218.139,2718.7,7.06
depth,d5,d8,24,5616,d8,d8,0.0,39,561663633536331611121777777222244444255,17,0,7.177,24.384,423.5,4.76,18,0,69.098,333.696,3730.3,7.11
depth,d5,d8,25,4424,d5,d5,1.0,7,4424351,2,0,0.482,0.955,54.5,2.0,1,0,0.084,0.084,9.0,2.0
depth,d5,d8,25,4424,d8,d8,0.0,7,4424351,1,0,0.082,0.082,9.0,2.0,2,0,0.459,0.909,54.5,2.0
depth,d5,d8,26,6464,d5,d8,0.0,20,64644446632222131535,8,0,11.082,21.487,659.4,4.5,8,0,108.715,208.898,5883.9,6.12
depth,d5,d8,26,6464,d8,d8,0.0,25,6464446644333333665755557,10,0,9.36,21.772,499.8,4.6,11,0,87.331,210.964,4879.5,6.64
depth,d5,d8,27,5354,d5,draw,0.5,42,535444455443353313516666667111177722222277,19,0,6.814,22.765,348.8,4.79,19,0,49.453,292.75,2369.6,7.16
depth,d5,d8,27,5354,d8,d8,0.0,17,53544341245534222,6,0,7.467,10.755,457.3,4.33,7,0,55.44,162.051,3140.0,5.71
depth,d5,d8,28,3576,d5,draw,0.5,42,357633555232223525311666644444426111177777,19,0,12.982,42.895,623.9,4.79,19,0,94.186,267.03,4878.4,7.16
depth,d5,d8,28,3576,d8,d8,0.0,35,35763553356351566311112677714467744,15,0,15.027,32.507,661.3,4.73,16,0,132.886,394.271,7084.6,7.0
depth,d5,d8,29,6474,d5,d8,0.0,28,6474444323334362223777662555,12,0,10.562,28.162,569.4,4.67,12,0,98.787,314.398,5148.8,6.75
depth,d5,d8,29,6474,d8,d5,1.0,40,6474444323334555355235622221111711777766,18,0,6.699,25.862,394.1,4.67,18,0,70.438,437.105,3624.2,7.33
depth,d5,d8,30,237,d5,draw,0.5,42,237444443243236336666611117555555222117777,19,0,8.797,32.643,438.1,4.79,20,0,70.623,316.638,3974.3,7.2
depth,d5,d8,30,237,d8,draw,0.5,42,237444444655565355233331777111222727666611,20,0,8.177,33.591,377.4,4.7,19,0,51.75,255.66,2873.4,7.37
depth,d5,d8,31,112,d5,draw,0.5,42,112444444222223173333555555317777766666611,19,0,9.792,24.226,551.9,4.79,20,0,87.963,272.136,4729.7,7.2
depth,d5,d8,31,112,d8,d5,1.0,40,1124444442225555535223717771116666667733,19,0,9.78,35.479,447.9,4.68,18,0,77.52,304.966,4088.7,7.33
depth,d5,d8,32,5475,d5,d8,0.0,20,54755444545547773666,8,0,7.997,19.504,494.0,4.5,8,0,56.255,114.154,3189.9,6.12
depth,d5,d8,32,5475,d8,draw,0.5,42,547544455445536121113332222233166666177777,19,0,7.56,30.638,382.1,4.68,19,0,62.521,189.412,3114.9,7.37
depth,d5,d8,33,323,d5,d8,0.0,38,32334444321226442336666621115555551177,17,0,8.363,30.898,408.0,4.76,18,0,65.188,192.621,3321.2,7.11
depth,d5,d8,33,323,d8,d8,0.0,23,32333552452424454455232,10,0,14.633,35.416,583.8,4.6,10,0,90.701,208.574,4548.4,6.5
depth,d5,d8,34,4457,d5,d5,1.0,7,4457326,2,0,0.42,0.83,43.0,2.0,1,0,0.083,0.083,9.0,2.0
depth,d5,d8,34,4457,d8,d8,0.0,7,4457326,1,0,0.079,0.079,9.0,2.0,2,0,0.392,0.775,43.0,2.0
depth,d5,d8,35,745,d5,d8,0.0,34,7454444333134332275557715751711122,15,0,9.392,25.392,493.5,4.73,16,0,77.34,275.098,4115.3,7.0
depth,d5,d8,35,745,d8,d8,0.0,35,74544443555332121222467112775333666,16,0,8.741,17.051,464.4,4.75,16,0,71.227,237.255,3779.6,7.0
depth,d5,d8,36,1733,d5,d8,0.0,40,1733423265444433435777772222166666111155,18,0,7.953,16.907,418.1,4.78,18,0,61.777,198.228,3037.4,7.11
depth,d5,d8,36,1733,d8,d5,1.0,40,1733424443433554736666661112211222777755,18,0,4.647,15.066,288.9,4.67,18,0,47.168,229.813,2322.2,7.33
depth,d5,d8,37,714,d5,d8,0.0,16,7144442542514333,6,0,14.921,23.924,785.0,4.33,7,0,80.313,156.207,4524.4,5.86
depth,d5,d8,37,714,d8,d8,0.0,27,714444414555555222232312333,12,0,9.882,21.141,562.8,4.67,12,0,87.606,206.233,4900.3,6.75
depth,d5,d8,38,6753,d5,d8,0.0,32,67534444644665333336672212722255,14,0,9.868,32.231,544.3,4.71,14,0,70.309,187.166,3798.6,6.93
depth,d5,d8,38,6753,d8,d8,0.0,35,67533554334444364212612222665573777,15,0,11.734,24.46,482.4,4.73,16,0,100.596,328.166,5083.1,7.0
depth,d5,d8,39,247,d5,d8,0.0,40,2474444422222556333333155557716666677711,18,0,9.026,26.707,422.4,4.78,19,0,78.439,273.577,3891.6,7.16
depth,d5,d8,39,247,d8,d5,1.0,38,24744446333342322111123266666117777755,18,0,10.991,31.884,495.4,4.67,17,0,79.42,263.057,3848.2,7.29
depth,d5,d8,40,4163,d5,d5,1.0,29,41634446643334576366537155777,13,0,12.417,25.372,560.1,4.54,12,0,112.696,413.854,5350.2,7.0
depth,d5,d8,40,4163,d8,d8,0.0,15,416344447564355,5,0,12.356,28.145,550.2,4.2,6,0,100.949,263.669,4689.0,5.33
depth,d5,d8,41,312,d5,d8,0.0,30,312444442333222436723676676555,13,0,9.982,23.813,537.7,4.69,14,0,96.523,289.329,4902.2,6.86
depth,d5,d8,41,312,d8,d8,0.0,35,31244244412114255676555252117777733,16,0,8.307,27.088,443.9,4.75,16,0,63.237,250.347,3205.7,7.0
depth,d5,d8,42,7424,d5,d8,0.0,40,7424444422222556333333155557716666677711,18,0,7.973,19.823,422.4,4.78,18,0,68.411,289.847,3591.0,7.11
depth,d5,d8,42,7424,d8,d5,1.0,38,74244446333342322111123266666117777755,17,0,7.949,18.43,462.6,4.65,17,0,73.96,256.156,3848.2,7.29
depth,d5,d8,43,11,d5,d8,0.0,34,1144444456555256766652222211611333,16,0,9.003,22.958,452.4,4.75,16,0,77.187,310.147,3988.1,7.06
depth,d5,d8,43,11,d8,d5,1.0,40,1144444423333367613666611217555555777722,19,0,6.92,30.096,357.0,4.68,19,0,64.605,202.453,3387.9,7.37
depth,d5,d8,44,557,d5,d8,0.0,20,55745444545547773666,8,0,9.811,17.129,494.0,4.5,9,0,62.351,121.101,3472.0,6.33
depth,d5,d8,44,557,d8,draw,0.5,42,557444455445536121113332222233166666177777,20,0,7.835,26.245,386.4,4.7,19,0,53.506,144.981,3114.9,7.37
depth,d5,d8,45,57,d5,d5,1.0,39,574354445544553336331172112222211777766,19,0,7.362,19.624,408.6,4.68,18,0,47.24,121.726,2722.7,7.33
depth,d5,d8,45,57,d8,d8,0.0,33,574344454755343365367351171622221,15,0,9.852,21.44,517.9,4.73,16,0,69.649,158.732,3758.6,7.06
depth,d5,d8,46,21,d5,d8,0.0,40,2144445323426764555525766117221117773333,19,0,12.279,26.857,548.1,4.79,19,0,79.964,335.75,3751.6,7.16
depth,d5,d8,46,21,d8,d5,1.0,36,214444234342333235522167666667777755,17,0,9.137,31.164,424.1,4.65,17,0,97.899,310.686,4339.9,7.29
depth,d5,d8,47,1753,d5,d8,0.0,40,1753333555351344744411415221666666777722,18,0,10.421,28.287,556.1,4.78,18,0,93.529,340.706,4631.8,7.11
depth,d5,d8,47,1753,d8,d5,1.0,36,175333355544444545366661131117777722,16,0,10.115,20.823,527.7,4.62,16,0,114.966,359.26,6047.9,7.25
depth,d5,d8,48,7632,d5,d8,0.0,38,76323332223266636526117777755555111144,17,0,12.283,32.665,627.5,4.76,17,0,111.855,359.93,5665.8,7.06
depth,d5,d8,48,7632,d8,d5,1.0,40,7632333623622232666777577111115555514444,18,0,8.761,25.089,478.2,4.67,18,0,103.013,371.559,5441.7,7.33
depth,d5,d8,49,36,d5,d5,1.0,35,36424444333226245322366661177777755,17,0,8.054,21.581,451.7,4.65,16,0,70.987,240.222,3835.8,7.25
depth,d5,d8,49,36,d8,d8,0.0,35,36424443334432377766222266671117755,16,0,9.275,23.376,448.7,4.75,17,0,64.328,182.367,3390.5,7.06
depth,d6,d7,0,35,d6,draw,0.5,42,354444455545533312222666622711176611337777,20,0,7.173,29.887,803.5,5.7,20,0,14.07,51.549,1578.3,6.4
depth,d6,d7,0,35,d7,draw,0.5,42,355345334441545453366661112221122277776677,20,0,8.509,44.627,814.4,5.55,20,0,18.432,79.038,1689.7,6.55
depth,d6,d7,1,6712,d6,d6,1.0,37,6712344443324334256773117755555222766,17,0,10.164,24.021,1122.1,5.47,16,0,17.729,53.618,1920.4,6.44
depth,d6,d7,1,6712,d7,d6,1.0,18,671244444617114555,7,0,17.328,43.641,1569.0,4.71,7,0,38.216,82.476,3741.1,5.71
depth,d6,d7,2,5547,d6,d6,1.0,7,5547326,2,0,0.428,0.847,46.0,2.0,1,0,0.083,0.083,9.0,2.0
depth,d6,d7,2,5547,d7,d7,0.0,7,5547326,1,0,0.083,0.083,9.0,2.0,2,0,0.459,0.909,46.0,2.0
depth,d6,d7,3,5767,d6,draw,0.5,42,576743444435334337711666577555222222661111,19,0,9.043,25.535,961.9,5.68,19,0,15.283,51.604,1608.3,6.37
depth,d6,d7,3,5767,d7,d7,0.0,39,576743444547755455111111222222333337766,17,0,8.31,23.782,900.6,5.65,18,0,16.199,52.212,1764.4,6.33
depth,d6,d7,4,775,d6,draw,0.5,42,775444444555255332222213313311176666661777,19,0,7.159,33.883,802.9,5.68,20,0,14.651,68.996,1615.7,6.4
depth,d6,d7,4,775,d7,d6,1.0,30,775444444555521257716662233331,14,0,9.779,26.472,999.4,5.36,13,0,19.728,70.376,2189.7,6.31
depth,d6,d7,5,215,d6,draw,0.5,42,215444444255555322232336766666111711337777,19,0,6.489,20.061,757.8,5.68,20,0,13.14,43.148,1517.2,6.4
depth,d6,d7,5,215,d7,d6,1.0,34,2154444441555515126226262311666733,16,0,9.228,21.217,974.3,5.44,15,0,20.494,58.425,2169.1,6.4
depth,d6,d7,6,13,d6,d6,1.0,39,134444434225333322227777775555566666611,19,0,6.342,18.147,703.2,5.53,18,0,12.599,33.444,1451.0,6.5
depth,d6,d7,6,13,d7,d6,1.0,34,1353333554556466175631176644144122,16,0,11.227,32.595,1310.0,5.44,16,0,22.51,67.774,2616.2,6.44
depth,d6,d7,7,41,d6,draw,0.5,42,415344445733551411755113337722722766666622,20,0,8.188,20.996,946.6,5.7,20,0,14.728,56.556,1666.5,6.4
depth,d6,d7,7,41,d7,d7,0.0,15,414453447664355,6,0,12.505,24.79,1464.5,5.0,7,0,28.568,54.776,3334.9,5.29
depth,d6,d7,8,4632,d6,d6,1.0,33,463244424423252256663366133117755,15,0,7.947,19.651,934.1,5.4,14,0,15.711,47.988,1728.9,6.36
depth,d6,d7,8,4632,d7,d6,1.0,40,4632444344633366573566111177122222177755,18,0,7.857,27.602,841.4,5.5,18,0,15.473,42.308,1698.6,6.5
depth,d6,d7,9,333,d6,draw,0.5,42,333444434433666666155555517777112222212177,19,0,6.482,23.423,735.9,5.68,20,0,13.998,86.117,1444.2,6.4
depth,d6,d7,9,333,d7,d7,0.0,35,33354454414423253322221616665556611,16,0,8.909,29.672,905.3,5.62,16,0,17.619,39.903,1982.2,6.25
depth,d6,d7,10,656,d6,d7,0.0,34,6566555625622244311445114412261733,15,0,12.464,25.557,1396.6,5.6,16,0,26.511,74.476,2798.1,6.25
depth,d6,d7,10,656,d7,d6,1.0,38,65663633635332555526222211111177777744,18,0,10.301,41.433,938.1,5.5,17,0,21.813,76.698,2073.2,6.47
depth,d6,d7,11,63,d6,d7,0.0,34,6344443475523355453357111111777722,16,0,10.965,36.158,984.7,5.62,16,0,18.954,102.664,1461.6,6.25
depth,d6,d7,11,63,d7,d7,0.0,37,6344444365334663355555667111122222211,17,0,8.192,26.044,883.4,5.65,18,0,15.94,57.316,1775.2,6.33
depth,d6,d7,12,55,d6,draw,0.5,42,554344456754455622222662133333166111177777,20,0,9.995,27.895,899.3,5.7,20,0,17.789,52.186,1687.6,6.4
depth,d6,d7,12,55,d7,d6,1.0,38,55465446654445533311133321122222666177,18,0,7.614,28.876,801.2,5.5,18,0,13.573,47.055,1446.5,6.5
depth,d6,d7,13,342,d6,d7,0.0,40,3424444555537336236222234567666571177711,18,0,8.061,24.265,784.9,5.67,19,0,18.921,68.365,1755.8,6.37
depth,d6,d7,13,342,d7,d6,1.0,36,342444243453353312277111677655656667,17,0,9.6,29.004,1017.4,5.47,16,0,18.984,57.906,2093.4,6.44
depth,d6,d7,14,6653,d6,draw,0.5,42,665347444465466555353337111136117722222277,19,0,9.3,25.48,1006.6,5.68,19,0,18.537,64.535,1950.5,6.37
depth,d6,d7,14,6653,d7,draw,0.5,42,665347444463334533225556665111111777222277,19,0,9.071,35.478,814.5,5.53,19,0,18.463,55.506,1653.8,6.53
depth,d6,d7,15,76,d6,d7,0.0,40,7644444423333325536666671111777755551122,19,0,10.795,33.718,951.6,5.68,19,0,17.406,75.498,1704.6,6.37
depth,d6,d7,15,76,d7,d6,1.0,38,76444444322222233666667333111111777755,18,0,13.428,41.697,1084.8,5.5,18,0,29.347,84.162,2410.8,6.5
depth,d6,d7,16,344,d6,d7,0.0,38,34444443333676312222661117772266117755,17,0,9.995,19.752,1058.1,5.65,18,0,16.518,40.065,1800.3,6.33
depth,d6,d7,16,344,d7,d6,1.0,38,34444443333676312111666677722222117755,18,0,7.374,27.437,775.4,5.5,17,0,16.66,60.011,1792.1,6.47
depth,d6,d7,17,45,d6,d6,1.0,35,45444445555527312122117271266177733,17,0,10.86,32.983,919.0,5.47,16,0,26.946,109.433,1718.6,6.44
depth,d6,d7,17,45,d7,d7,0.0,15,454444341225331,6,0,11.925,27.685,1100.0,5.0,7,0,26.579,58.065,2530.4,5.29
depth,d6,d7,18,4714,d6,d7,0.0,40,4714443265652556445533133377111177666722,18,0,12.025,32.358,1230.7,5.67,18,0,19.327,76.442,1975.3,6.33
depth,d6,d7,18,4714,d7,d7,0.0,39,471444443235555533335171171666666177722,17,0,6.198,23.605,660.1,5.65,18,0,17.571,60.992,1727.8,6.33
depth,d6,d7,19,7775,d6,d6,1.0,41,77754444445552556633333322677722211111166,19,0,8.432,31.343,839.3,5.53,18,0,18.387,65.844,1820.9,6.5
depth,d6,d7,19,7775,d7,d6,1.0,32,77753334344545545473111135117722,14,0,12.037,45.148,934.2,5.36,14,0,23.224,78.102,1841.6,6.36
depth,d6,d7,20,453,d6,draw,0.5,42,453444455545533312222666622711176611337777,19,0,5.857,20.061,699.6,5.68,20,0,13.291,46.749,1578.3,6.4
depth,d6,d7,20,453,d7,d6,1.0,36,453444555345433636766115137111777722,17,0,10.392,20.727,919.5,5.47,16,0,18.406,45.939,1682.0,6.44
depth,d6,d7,21,545,d6,d7,0.0,38,54544455445516666661112122222177777733,17,0,7.113,18.511,743.8,5.65,18,0,13.878,38.969,1434.1,6.33
depth,d6,d7,21,545,d7,d7,0.0,37,5454445544623355777766666117711112332,17,0,7.998,25.419,788.4,5.65,17,0,15.414,40.235,1552.4,6.29
depth,d6,d7,22,7152,d6,draw,0.5,42,715246444644555665135213333322226611177777,19,0,7.647,32.348,728.4,5.68,19,0,16.294,107.902,1309.5,6.37
depth,d6,d7,22,7152,d7,d6,1.0,36,715246444665464621222726111133777733,16,0,9.609,29.706,1011.6,5.44,16,0,26.713,57.675,2772.1,6.44
depth,d6,d7,23,71,d6,d7,0.0,40,7144445623236332443355755511777711222166,19,0,12.852,56.925,1210.0,5.68,19,0,22.106,97.023,2061.6,6.37
depth,d6,d7,23,71,d7,d7,0.0,35,71444444355111556355777222222117733,16,0,11.591,25.453,1152.1,5.62,17,0,25.502,82.152,2466.5,6.29
depth,d6,d7,24,5616,d6,d7,0.0,38,56166555444454462333333522222661111177,17,0,8.789,31.355,973.4,5.65,17,0,16.157,86.724,1714.8,6.29
depth,d6,d7,24,5616,d7,d7,0.0,19,5616662444442435331,7,0,17.465,36.488,1880.9,5.14,8,0,30.907,61.333,3125.6,5.5
depth,d6,d7,25,4424,d6,d6,1.0,7,4424351,2,0,0.607,1.205,54.5,2.0,1,0,0.088,0.088,9.0,2.0
depth,d6,d7,25,4424,d7,d7,0.0,7,4424351,1,0,0.092,0.092,9.0,2.0,2,0,0.641,1.273,54.5,2.0
depth,d6,d7,26,6464,d6,d7,0.0,38,64644446623422263233261111335555117755,17,0,11.592,33.903,1164.2,5.65,17,0,23.089,82.884,2289.5,6.29
depth,d6,d7,26,6464,d7,d7,0.0,39,646444664313514335555353667222222111177,17,0,7.993,24.349,718.1,5.65,18,0,17.105,71.618,1586.2,6.33
depth,d6,d7,27,5354,d6,draw,0.5,42,535444443355455122222233311111777766666677,19,0,6.058,17.312,680.6,5.68,19,0,8.762,36.351,959.3,6.37
depth,d6,d7,27,5354,d7,draw,0.5,42,535444455443353123352167677111176666222277,19,0,5.175,17.72,607.6,5.53,19,0,12.79,43.762,1460.0,6.53
depth,d6,d7,28,3576,d6,d6,1.0,35,35765535443353122223521277711117744,16,0,14.365,41.198,1504.5,5.44,15,0,22.507,55.683,2447.2,6.4
depth,d6,d7,28,3576,d7,d7,0.0,37,3576633644122323223266677711111775445,16,0,11.131,34.337,1177.0,5.62,17,0,30.133,100.664,3177.1,6.29
depth,d6,d7,29,6474,d6,d7,0.0,26,64744444222223266673773555,11,0,14.724,38.861,1584.7,5.45,11,0,28.32,74.308,2996.1,5.91
depth,d6,d7,29,6474,d7,d6,1.0,36,647444144333325537666362611122122155,16,0,9.607,30.193,1009.0,5.44,16,0,20.058,95.715,2239.4,6.44
depth,d6,d7,30,237,d6,d6,1.0,41,23733545443444335555222226667111111777766,19,0,6.41,19.203,695.7,5.53,19,0,15.588,77.655,1733.8,6.53
depth,d6,d7,30,237,d7,d6,1.0,30,237644444333436232277777226555,14,0,12.897,26.752,1142.4,5.36,13,0,23.065,61.626,2349.6,6.31
depth,d6,d7,31,112,d6,draw,0.5,42,112444444136665113322236336655555221777777,19,0,18.233,89.327,995.7,5.68,20,0,27.155,132.264,1857.1,6.4
depth,d6,d7,31,112,d7,draw,0.5,42,112444444222223733333655555577761166661177,20,0,14.487,52.3,1072.0,5.55,19,0,36.104,183.251,2134.4,6.53
depth,d6,d7,32,5475,d6,d7,0.0,32,54755444545542111722212772117733,14,0,10.084,33.461,862.1,5.57,14,0,18.839,65.546,1763.1,6.14
depth,d6,d7,32,5475,d7,draw,0.5,42,547555444466633343332552217776661112221177,19,0,7.789,17.508,867.6,5.53,19,0,15.958,40.77,1764.4,6.53
depth,d6,d7,33,323,d6,d7,0.0,38,32333322262666444444366277777111171155,17,0,12.451,31.433,1215.2,5.65,18,0,25.018,67.366,2670.0,6.33
depth,d6,d7,33,323,d7,d6,1.0,40,3233362557445444365543751111116666777722,19,0,10.084,43.037,802.9,5.53,18,0,17.906,85.153,1466.3,6.5
depth,d6,d7,34,4457,d6,d6,1.0,7,4457326,2,0,0.382,0.755,43.0,2.0,1,0,0.127,0.127,9.0,2.0
depth,d6,d7,34,4457,d7,d7,0.0,7,4457326,1,0,0.125,0.125,9.0,2.0,2,0,0.428,0.843,43.0,2.0
depth,d6,d7,35,745,d6,d7,0.0,18,745444437377433122,7,0,17.523,28.024,1780.9,5.14,8,0,25.111,52.668,2452.6,5.5
depth,d6,d7,35,745,d7,d6,1.0,30,745444455545731333331511771222,14,0,9.79,23.945,1065.6,5.36,13,0,20.772,52.855,2219.5,6.31
depth,d6,d7,36,1733,d6,d6,1.0,33,173342444343355473666666122222111,15,0,8.922,30.654,734.9,5.4,14,0,15.445,31.007,1360.5,6.36
depth,d6,d7,36,1733,d7,d6,1.0,40,1733423244564434335611111777662222667755,18,0,7.054,34.378,583.4,5.5,18,0,16.76,62.215,1532.2,6.5
depth,d6,d7,37,714,d6,d7,0.0,40,7144445623236332443355755511777711222166,18,0,12.671,36.55,1188.2,5.67,19,0,22.534,78.399,2061.6,6.37
depth,d6,d7,37,714,d7,d7,0.0,35,71444444355111556355777222222117733,16,0,13.024,32.444,1152.1,5.62,16,0,24.678,60.902,2345.2,6.25
depth,d6,d7,38,6753,d6,d6,1.0,31,6753553535536667621772612344411,14,0,12.963,37.161,1215.6,5.36,13,0,27.314,67.346,2508.8,6.31
depth,d6,d7,38,6753,d7,d6,1.0,40,6753336635554453453444266622227211111177,18,0,9.819,27.767,1088.6,5.5,18,0,25.324,132.851,2470.8,6.5
depth,d6,d7,39,247,d6,d7,0.0,26,24744442236242626673773555,11,0,15.359,36.212,1505.1,5.45,12,0,32.644,77.797,3481.8,6.0
depth,d6,d7,39,247,d7,d6,1.0,38,24744444222226557776555666561111117733,18,0,9.572,28.749,982.6,5.5,17,0,19.445,66.703,2094.9,6.47
depth,d6,d7,40,4163,d6,draw,0.5,42,416344443633574536136665555777772222221111,19,0,7.869,28.817,832.2,5.68,19,0,16.317,70.001,1714.5,6.37
depth,d6,d7,40,4163,d7,d7,0.0,33,416344416117664433776611333277755,14,0,15.286,47.858,1407.5,5.57,15,0,26.954,74.379,2801.1,6.2
depth,d6,d7,41,312,d6,d7,0.0,38,31244444433336763222661117772266117755,17,0,10.446,23.628,1119.5,5.65,18,0,22.667,76.251,2370.6,6.33
depth,d6,d7,41,312,d7,d7,0.0,23,31255334553676532345442,10,0,16.936,30.357,1747.5,5.4,10,0,38.096,114.108,3560.1,5.8
depth,d6,d7,42,7424,d6,d7,0.0,26,74244442236242626673773555,11,0,15.941,46.41,1505.1,5.45,11,0,37.104,83.214,3384.9,5.91
depth,d6,d7,42,7424,d7,d6,1.0,38,74244444222226557776555666561111117733,17,0,9.295,30.802,924.9,5.47,17,0,21.733,96.286,2094.9,6.47
depth,d6,d7,43,11,d6,d6,1.0,37,1144443245245555333633522277266111166,18,0,10.856,40.346,998.5,5.5,17,0,21.838,97.536,2015.4,6.47
depth,d6,d7,43,11,d7,d7,0.0,39,114444433456311213331565555666677777722,18,0,9.68,28.014,1045.4,5.67,19,0,17.918,48.404,1949.3,6.37
depth,d6,d7,44,557,d6,d7,0.0,32,55745444545542111722212772117733,14,0,10.941,35.875,862.1,5.57,15,0,22.436,54.815,1841.3,6.2
depth,d6,d7,44,557,d7,draw,0.5,42,557455444466633343332552217776661112221177,20,0,8.297,18.907,892.0,5.55,19,0,16.912,42.329,1764.4,6.53
depth,d6,d7,45,57,d6,d7,0.0,32,57434445455436557277111171172332,15,0,10.386,23.878,1112.7,5.6,15,0,19.482,55.415,2193.7,6.2
depth,d6,d7,45,57,d7,d7,0.0,33,574344454364333523211117177666222,15,0,11.568,48.67,982.2,5.6,16,0,22.729,85.731,2085.9,6.25
depth,d6,d7,46,21,d6,d6,1.0,39,214444532422333542336761111255665566177,19,0,10.176,27.449,1059.5,5.53,18,0,15.997,59.507,1760.9,6.5
depth,d6,d7,46,21,d7,d7,0.0,19,2144445323452235311,8,0,10.883,24.949,1242.9,5.25,9,0,26.838,49.42,3019.3,5.67
depth,d6,d7,47,1753,d6,draw,0.5,42,175333334555544344745721267222277666661111,19,0,9.743,29.943,1093.8,5.68,19,0,19.21,60.578,2090.0,6.37
depth,d6,d7,47,1753,d7,d6,1.0,38,17533335553553171171176666222222667744,17,0,11.084,26.919,1043.8,5.47,17,0,34.649,138.311,2957.1,6.47
depth,d6,d7,48,7632,d6,d6,1.0,37,7632333222344666654414423265111117557,17,0,12.776,34.321,1413.0,5.47,16,0,29.572,78.032,3185.0,6.44
depth,d6,d7,48,7632,d7,d6,1.0,40,7632226343233273276664444467775511111155,18,0,10.86,34.392,1246.4,5.5,18,0,22.644,71.819,2594.6,6.5
depth,d6,d7,49,36,d6,d6,1.0,33,364244424423252256663366133117755,16,0,8.799,21.116,981.5,5.44,15,0,17.226,54.378,1844.6,6.4
depth,d6,d7,49,36,d7,d6,1.0,40,3642444344633366573566111177122222177755,19,0,8.267,27.072,889.3,5.53,19,0,15.952,41.606,1811.3,6.53
depth,d6,d8,0,35,d6,d6,1.0,39,354444455543333512222325277776666667711,19,0,16.779,99.203,746.3,5.53,18,0,56.171,218.294,2680.1,7.33
depth,d6,d8,0,35,d8,d6,1.0,32,35444445554353533131111177777722,15,0,16.513,55.572,850.0,5.4,15,0,74.929,258.968,3921.9,7.2
depth,d6,d8,1,6712,d6,d6,1.0,39,671234444332433423252267177166667711155,18,0,16.509,43.618,895.4,5.5,17,0,55.858,192.699,3096.2,7.29
depth,d6,d8,1,6712,d8,d6,1.0,34,6712234444426242276665776717111333,15,0,30.804,72.667,1051.0,5.4,15,0,131.275,326.264,4984.8,7.2
depth,d6,d8,2,5547,d6,d6,1.0,7,5547326,2,0,0.44,0.87,46.0,2.0,1,0,0.091,0.091,9.0,2.0
depth,d6,d8,2,5547,d8,d8,0.0,7,5547326,1,0,0.09,0.09,9.0,2.0,2,0,0.431,0.853,46.0,2.0
depth,d6,d8,3,5767,d6,draw,0.5,42,576743444435334775555336666611222222111177,19,0,23.034,81.577,822.4,5.68,19,0,80.188,284.107,2713.0,7.16
depth,d6,d8,3,5767,d8,d6,1.0,34,5767434445477554557733333211111122,15,0,28.637,78.18,864.1,5.4,15,0,111.872,373.382,3486.3,7.2
depth,d6,d8,4,775,d6,draw,0.5,42,775444444555255333333222221777711111666666,19,0,24.175,124.826,734.2,5.68,20,0,91.754,458.046,2806.1,7.2
depth,d6,d8,4,775,d8,d6,1.0,38,77544444455552125771222211666666117733,18,0,23.771,133.582,813.8,5.5,17,0,101.158,396.928,3180.5,7.29
depth,d6,d8,5,215,d6,d6,1.0,33,215444444255555222213777711117733,15,0,22.958,68.016,821.7,5.4,15,0,97.926,291.199,3343.4,7.2
depth,d6,d8,5,215,d8,draw,0.5,42,215444444155555222223333336666661111777777,20,0,13.976,39.741,763.0,5.55,19,0,56.668,205.556,3133.0,7.37
depth,d6,d8,6,13,d6,d8,0.0,32,13444443453333555551177111777722,15,0,15.084,32.745,885.9,5.6,15,0,60.257,144.676,3199.1,6.93
depth,d6,d8,6,13,d8,d8,0.0,39,134444434133313111766666677752255222555,18,0,14.087,38.912,738.9,5.67,19,0,55.641,243.758,2831.3,7.16
depth,d6,d8,7,41,d6,draw,0.5,42,415344433433463522671111177777556665562222,20,0,19.3,46.307,1013.1,5.7,20,0,75.888,257.695,3711.8,7.2
depth,d6,d8,7,41,d8,d6,1.0,40,4144443533343315551177227755226666166122,19,0,18.156,64.427,970.2,5.53,19,0,72.482,278.576,3865.8,7.37
depth,d6,d8,8,4632,d6,draw,0.5,42,463244443332264233666655555577772211111177,19,0,19.234,73.96,860.4,5.68,19,0,63.709,229.939,3302.2,7.16
depth,d6,d8,8,4632,d8,d8,0.0,35,46324443334432366666222211177777755,15,0,16.303,55.042,793.5,5.6,16,0,55.945,193.804,2888.7,7.0
depth,d6,d8,9,333,d6,d8,0.0,40,3334444434335515575561676611117722227722,18,0,12.984,51.193,679.2,5.67,19,0,52.572,198.132,2754.9,7.16
depth,d6,d8,9,333,d8,d8,0.0,39,333544444334535555211611116666677777722,18,0,11.476,32.483,706.3,5.67,18,0,47.155,229.927,2510.1,7.11
depth,d6,d8,10,656,d6,draw,0.5,42,656655562444444552266222111111333333777777,19,0,21.268,86.834,747.1,5.68,20,0,74.516,329.431,2864.7,7.2
depth,d6,d8,10,656,d8,d8,0.0,37,6566644325444335546335356222221777711,17,0,30.57,87.661,1067.6,5.65,17,0,106.816,460.557,4018.5,7.06
depth,d6,d8,11,63,d6,d6,1.0,39,634444347555524533357677731111166661722,19,0,24.419,70.724,843.7,5.53,18,0,84.043,240.71,2888.6,7.33
depth,d6,d8,11,63,d8,d8,0.0,39,634444433334755553557111171127222227766,18,0,21.866,61.525,782.8,5.67,19,0,98.47,345.363,3372.0,7.16
depth,d6,d8,12,55,d6,draw,0.5,42,554344456754455333331111116666677777222222,20,0,22.264,75.411,827.6,5.7,20,0,85.993,300.782,3017.2,7.2
depth,d6,d8,12,55,d8,d6,1.0,32,55465446654445533333321221111122,15,0,21.435,151.797,834.3,5.4,15,0,63.194,307.286,2914.3,7.2
depth,d6,d8,13,342,d6,d8,0.0,34,3424444333343755222555725772117766,15,0,17.624,47.759,932.1,5.6,16,0,73.509,246.705,4049.6,7.0
depth,d6,d8,13,342,d8,d6,1.0,34,3424444333222433225755555717717766,16,0,17.709,43.474,933.2,5.44,15,0,92.851,294.053,4884.3,7.2
depth,d6,d8,14,6653,d6,d8,0.0,40,6653474444645633335553561111672222227711,18,0,18.426,60.733,878.8,5.67,18,0,64.889,301.27,3129.8,7.11
depth,d6,d8,14,6653,d8,draw,0.5,42,665347444463334533111555665671112222227777,19,0,18.52,68.831,852.3,5.53,19,0,62.08,188.368,3020.2,7.37
depth,d6,d8,15,76,d6,draw,0.5,42,764444442333332222367666625111155555117777,20,0,19.472,58.692,1002.8,5.7,20,0,68.792,276.676,3685.3,7.2
depth,d6,d8,15,76,d8,d8,0.0,41,76444444666565611155515331133332222227777,19,0,23.273,74.16,1175.6,5.68,20,0,92.38,281.428,4818.1,7.2
depth,d6,d8,16,344,d6,d8,0.0,38,34444443333676312166661172222211777755,17,0,15.107,38.077,813.2,5.65,18,0,50.066,169.967,2651.5,7.11
depth,d6,d8,16,344,d8,draw,0.5,42,344444333343666666555555222222111111777777,20,0,13.878,48.297,738.3,5.55,19,0,48.123,204.56,2809.4,7.37
depth,d6,d8,17,45,d6,d8,0.0,36,454444455556676652222221166111177733,17,0,15.92,43.13,827.2,5.65,17,0,58.948,177.722,3187.0,7.06
depth,d6,d8,17,45,d8,draw,0.5,42,454444455556223132533332226771176666111777,20,0,14.921,48.391,670.8,5.55,20,0,51.468,179.569,2676.8,7.4
depth,d6,d8,18,4714,d6,d8,0.0,36,471444326565246655455122266211117777,16,0,24.02,62.028,1275.9,5.62,16,0,71.63,294.352,3478.1,7.0
depth,d6,d8,18,4714,d8,d6,1.0,38,47144444233333316667766776721221221155,17,0,15.879,49.265,859.7,5.47,17,0,72.963,213.405,3800.4,7.29
depth,d6,d8,19,7775,d6,d8,0.0,32,77754444455545533333371111117722,14,0,16.797,42.564,917.2,5.57,14,0,68.21,216.806,2996.1,6.86
depth,d6,d8,19,7775,d8,d6,1.0,38,77754444454555212522111133333322177766,17,0,14.64,71.567,699.4,5.47,17,0,57.056,192.485,2991.5,7.29
depth,d6,d8,20,453,d6,d6,1.0,39,453444455543333512222325277776666667711,18,0,13.959,61.134,633.4,5.5,18,0,51.556,177.498,2680.1,7.33
depth,d6,d8,20,453,d8,d6,1.0,32,45344445554353533131111177777722,15,0,14.182,46.79,850.0,5.4,14,0,74.288,303.898,3231.9,7.14
depth,d6,d8,21,545,d6,d6,1.0,37,5454445544551666616612122211227773333,17,0,17.612,42.083,751.8,5.47,17,0,63.64,175.811,2893.8,7.29
depth,d6,d8,21,545,d8,d6,1.0,38,54544455445536333331666661111177777722,18,0,12.045,32.043,638.7,5.5,17,0,52.823,160.398,2761.1,7.29
depth,d6,d8,22,7152,d6,d8,0.0,22,7152464446454556635333,9,0,30.327,87.26,1206.2,5.33,9,0,98.861,284.714,3986.6,6.22
depth,d6,d8,22,7152,d8,d8,0.0,33,715246444645456555122222666111133,14,0,22.221,48.946,912.3,5.57,15,0,90.885,322.312,3588.1,6.93
depth,d6,d8,23,71,d6,d6,1.0,37,7144445623236422334337662266111117755,18,0,28.758,109.793,1186.8,5.5,17,0,92.348,341.538,3704.9,7.29
depth,d6,d8,23,71,d8,d6,1.0,32,71355553334444434351115717177722,15,0,23.928,76.683,1229.5,5.4,15,0,133.874,375.787,6937.9,7.2
depth,d6,d8,24,5616,d6,d6,1.0,39,561666233335555344444456111367777117722,18,0,23.74,82.751,1276.3,5.5,17,0,106.975,341.456,5684.4,7.29
depth,d6,d8,24,5616,d8,draw,0.5,42,561666555333544444435111332222226611777777,19,0,18.378,70.124,985.4,5.53,19,0,85.381,331.69,4531.3,7.37
depth,d6,d8,25,4424,d6,d6,1.0,7,4424351,2,0,0.461,0.913,54.5,2.0,1,0,0.081,0.081,9.0,2.0
depth,d6,d8,25,4424,d8,d8,0.0,7,4424351,1,0,0.075,0.075,9.0,2.0,2,0,0.457,0.906,54.5,2.0
depth,d6,d8,26,6464,d6,d8,0.0,32,64644446632222433332663277777755,14,0,18.817,57.217,1057.4,5.57,14,0,76.233,212.109,4010.7,6.86
depth,d6,d8,26,6464,d8,d6,1.0,28,6464446643223313133465116555,12,0,18.032,38.027,988.0,5.25,12,0,79.32,198.785,4407.5,7.0
depth,d6,d8,27,5354,d6,draw,0.5,42,535444455443353313511111667766667722222277,19,0,12.282,48.105,672.3,5.68,19,0,42.215,155.207,2378.3,7.16
depth,d6,d8,27,5354,d8,d8,0.0,29,53544445453334335522277777722,12,0,11.755,32.602,645.2,5.5,13,0,41.132,137.145,2354.8,6.77
depth,d6,d8,28,3576,d6,d8,0.0,38,35765353556263326622736511777712211144,17,0,24.722,80.618,1258.2,5.65,17,0,86.526,277.541,4502.6,7.06
depth,d6,d8,28,3576,d8,d8,0.0,23,35763332555266566223444,9,0,40.006,103.56,1805.7,5.33,10,0,180.126,425.114,9365.6,6.4
depth,d6,d8,29,6474,d6,d8,0.0,30,647444432333436222377777255552,13,0,23.84,70.981,1215.6,5.54,13,0,92.857,280.09,4803.2,6.77
depth,d6,d8,29,6474,d8,d6,1.0,30,647444432333436222377777255552,13,0,20.575,52.06,1072.5,5.31,13,0,102.945,480.336,5061.8,7.08
depth,d6,d8,30,237,d6,draw,0.5,42,237444447455555253336663222666132111117777,19,0,15.315,73.55,855.1,5.68,20,0,68.815,311.153,3540.2,7.2
depth,d6,d8,30,237,d8,d6,1.0,38,23764444432226433327327777666611111155,18,0,18.875,53.675,956.3,5.5,17,0,83.944,246.08,4068.9,7.29
depth,d6,d8,31,112,d6,d8,0.0,38,11244444422232327773331735655666667755,17,0,24.643,62.525,1201.1,5.65,18,0,97.371,317.222,4830.8,7.11
depth,d6,d8,31,112,d8,d6,1.0,36,112444444222555255257366667667131333,17,0,20.948,60.19,1034.0,5.47,16,0,94.13,311.964,4413.1,7.25
depth,d6,d8,32,5475,d6,d8,0.0,32,54755444545547222222111111777666,14,0,12.89,35.496,663.8,5.57,14,0,55.183,223.917,2292.1,6.86
depth,d6,d8,32,5475,d8,d6,1.0,34,5475444554455622322221111117777733,15,0,16.149,52.653,859.1,5.4,15,0,65.589,176.112,3573.9,7.2
depth,d6,d8,33,323,d6,d8,0.0,38,32333556252273652673776266771155111144,17,0,19.142,48.1,1035.9,5.65,18,0,83.515,377.817,4519.1,7.11
depth,d6,d8,33,323,d8,d8,0.0,23,32333625765552232663444,10,0,31.063,62.456,1751.1,5.4,10,0,104.807,241.569,5890.8,6.4
depth,d6,d8,34,4457,d6,d6,1.0,7,4457326,2,0,0.424,0.838,43.0,2.0,1,0,0.082,0.082,9.0,2.0
depth,d6,d8,34,4457,d8,d8,0.0,7,4457326,1,0,0.079,0.079,9.0,2.0,2,0,0.388,0.767,43.0,2.0
depth,d6,d8,35,745,d6,d8,0.0,18,745444437377433122,7,0,34.114,66.805,1780.9,5.14,8,0,80.041,216.064,4502.2,6.0
depth,d6,d8,35,745,d8,d6,1.0,26,74544445554557111111333222,12,0,20.99,41.11,1169.2,5.25,11,0,124.139,312.322,5701.1,6.91
depth,d6,d8,36,1733,d6,d8,0.0,40,1733424443433554736666661112211222777755,18,0,13.309,50.044,618.9,5.67,18,0,40.242,128.188,1950.0,7.11
depth,d6,d8,36,1733,d8,d8,0.0,25,1733424443433465676632555,10,0,14.982,30.981,796.3,5.4,11,0,67.105,167.043,3524.6,6.55
depth,d6,d8,37,714,d6,d6,1.0,37,7144445623236422334337662266111117755,17,0,22.226,79.555,1162.4,5.47,17,0,70.364,218.64,3704.9,7.29
depth,d6,d8,37,714,d8,d8,0.0,35,71444444655555517117777222223321133,16,0,18.508,63.026,976.9,5.62,16,0,71.47,210.617,3812.9,7.0
depth,d6,d8,38,6753,d6,d8,0.0,40,6753553533563315161164662422277722117744,18,0,21.407,65.289,1176.2,5.67,18,0,74.397,229.347,3728.2,7.11
depth,d6,d8,38,6753,d8,d8,0.0,17,67533355653553444,6,0,24.972,71.63,1188.0,5.0,7,0,122.192,369.516,6357.9,5.71
depth,d6,d8,39,247,d6,d8,0.0,40,2474444422222556333333555566666771177711,18,0,17.924,55.561,859.1,5.67,19,0,70.365,289.875,3702.5,7.16
depth,d6,d8,39,247,d8,d6,1.0,34,2474444422226266666711115555551133,16,0,19.533,57.804,1033.8,5.44,15,0,88.483,266.288,4487.0,7.2
depth,d6,d8,40,4163,d6,d6,1.0,33,416344464533314366536655557111222,15,0,21.577,50.083,1213.0,5.4,14,0,113.103,373.073,5757.4,7.14
depth,d6,d8,40,4163,d8,d8,0.0,19,4163444131165754222,7,0,38.565,74.665,1932.3,5.14,8,0,104.669,280.005,5383.0,6.0
depth,d6,d8,41,312,d6,d8,0.0,38,31244444433336736676676712222211117755,17,0,15.432,40.899,894.2,5.65,18,0,71.612,238.106,3826.8,7.11
depth,d6,d8,41,312,d8,d6,1.0,40,3125533455444452425313322277776666667711,19,0,15.848,63.016,900.9,5.53,18,0,79.196,324.663,4194.7,7.33
depth,d6,d8,42,7424,d6,d8,0.0,40,7424444422222556333333555566666771177711,18,0,16.254,62.822,859.1,5.67,18,0,61.465,284.722,3391.3,7.11
depth,d6,d8,42,7424,d8,d6,1.0,34,7424444422226266666711115555551133,15,0,19.664,63.02,971.9,5.4,15,0,91.027,261.86,4487.0,7.2
depth,d6,d8,43,11,d6,d8,0.0,34,1144443243243332322676666772677755,16,0,23.803,138.141,1048.8,5.62,16,0,86.042,259.856,4259.7,7.0
depth,d6,d8,43,11,d8,d8,0.0,37,1144444334333326676666751122212217755,17,0,22.132,84.903,988.4,5.65,18,0,86.273,213.413,4199.0,7.11
depth,d6,d8,44,557,d6,d8,0.0,32,55745444545547222222111111777666,14,0,15.011,40.041,663.8,5.57,15,0,59.546,165.851,2521.2,6.93
depth,d6,d8,44,557,d8,d6,1.0,34,5574444554455622322221111117777733,16,0,16.454,51.919,890.2,5.44,15,0,71.586,188.652,3573.9,7.2
depth,d6,d8,45,57,d6,draw,0.5,42,574344445555433353371116111666662222227777,20,0,17.401,54.736,776.1,5.7,20,0,55.436,198.267,2840.8,7.2
depth,d6,d8,45,57,d8,d8,0.0,35,57434445433364355531522117771117722,16,0,17.579,48.132,903.5,5.62,17,0,73.029,175.484,3663.7,7.06
depth,d6,d8,46,21,d6,d6,1.0,39,214444532333422433226761666617771117755,19,0,17.166,44.514,1010.3,5.53,18,0,77.46,257.816,3900.6,7.33
depth,d6,d8,46,21,d8,draw,0.5,42,214444234433325533676666612221115555177777,20,0,21.32,68.232,797.9,5.55,20,0,111.455,326.243,3983.3,7.4
depth,d6,d8,47,1753,d6,d8,0.0,32,17533335554444454537773111117722,14,0,43.698,94.604,1361.0,5.57,14,0,155.398,477.559,5190.7,6.86
depth,d6,d8,47,1753,d8,d6,1.0,32,17533335554444454537773111117722,14,0,24.954,74.066,1122.4,5.36,14,0,165.66,515.235,6629.7,7.14
depth,d6,d8,48,7632,d6,d8,0.0,40,7632333222326663526657555151777711441144,18,0,32.968,104.697,1314.4,5.67,18,0,128.518,509.636,5334.0,7.11
depth,d6,d8,48,7632,d8,d6,1.0,40,7632333222366261134456555765521111777744,18,0,27.634,79.061,1387.1,5.5,18,0,121.55,350.839,6331.3,7.33
depth,d6,d8,49,36,d6,draw,0.5,42,364244443332264233666655555577772211111177,20,0,20.219,74.365,902.0,5.7,20,0,83.131,345.618,3473.7,7.2
depth,d6,d8,49,36,d8,d8,0.0,35,36424443334432366666222211177777755,16,0,17.02,39.828,853.2,5.62,17,0,59.637,200.2,3098.9,7.06
depth,d7,d8,0,35,d7,draw,0.5,42,355444454533437331111777222266666556221177,20,0,30.685,118.888,1620.2,6.55,20,0,49.393,276.444,2704.0,7.2
depth,d7,d8,0,35,d8,d8,0.0,37,3544444555455333366663122222266777711,17,0,29.025,94.608,1622.0,6.47,18,0,60.083,244.805,3296.6,7.11
depth,d7,d8,1,6712,d7,d8,0.0,18,671244444617114555,7,0,66.972,122.45,3741.1,5.71,7,0,89.72,191.112,4904.7,5.71
depth,d7,d8,1,6712,d8,d8,0.0,17,67122444471774333,6,0,71.938,148.798,3861.5,5.5,7,0,99.458,276.508,5616.1,5.71
depth,d7,d8,2,5547,d7,d7,1.0,7,5547326,2,0,0.432,0.855,46.0,2.0,1,0,0.082,0.082,9.0,2.0
depth,d7,d8,2,5547,d8,d8,0.0,7,5547326,1,0,0.083,0.083,9.0,2.0,2,0,0.439,0.868,46.0,2.0
depth,d7,d8,3,5767,d7,draw,0.5,42,576743444453334335555111221622226666117777,19,0,38.443,162.514,1765.9,6.53,19,0,57.542,199.554,2873.2,7.16
depth,d7,d8,3,5767,d8,d7,1.0,40,5767434444533433312211111555567766667722,18,0,39.67,178.646,1712.7,6.33,18,0,78.592,259.35,3742.2,7.33
depth,d7,d8,4,775,d7,d8,0.0,38,77544444455552152222211766666161133333,17,0,33.764,174.92,1727.1,6.47,18,0,62.097,279.825,3196.1,7.11
depth,d7,d8,4,775,d8,draw,0.5,42,775444444555521253333733712266666622111177,20,0,36.516,158.741,1614.1,6.4,19,0,64.653,263.261,2847.4,7.37
depth,d7,d8,5,215,d7,d7,1.0,39,215444444255555222213766666677711117733,18,0,32.57,127.393,1522.1,6.33,18,0,58.204,205.742,2849.7,7.33
depth,d7,d8,5,215,d8,draw,0.5,42,215444444255555322233321666666111133777777,20,0,30.853,114.761,1578.3,6.4,19,0,59.968,215.12,3076.3,7.37
depth,d7,d8,6,13,d7,draw,0.5,42,135333344444456555531111166666772222227777,20,0,32.086,162.144,1660.5,6.55,20,0,71.785,420.336,3378.9,7.2
depth,d7,d8,6,13,d8,d8,0.0,37,1344444342253333222277775555566666611,17,0,28.823,80.453,1548.2,6.47,18,0,58.731,229.107,3066.4,7.11
depth,d7,d8,7,41,d7,d8,0.0,40,4144534334763346325266667111112222777755,19,0,43.3,144.295,2065.6,6.53,19,0,76.346,264.483,3671.1,7.16
depth,d7,d8,7,41,d8,draw,0.5,42,414444353555451563677722277733322266661111,20,0,43.254,178.477,1828.2,6.4,20,0,75.976,246.18,3773.2,7.4
depth,d7,d8,8,4632,d7,draw,0.5,42,463244443332264266336655555511772211117777,19,0,39.812,109.694,1922.2,6.53,19,0,69.97,272.74,3380.2,7.16
depth,d7,d8,8,4632,d8,d8,0.0,35,46324442443323366636611777771111755,15,0,33.0,120.858,1601.9,6.4,16,0,63.399,194.977,3044.6,7.0
depth,d7,d8,9,333,d7,d8,0.0,40,3334444434331575155755666622772211117722,18,0,33.364,142.445,1468.7,6.5,19,0,60.43,243.13,2765.0,7.16
depth,d7,d8,9,333,d8,d8,0.0,31,3334444344336666661515511117557,14,0,37.447,95.686,2022.9,6.36,14,0,66.219,174.32,3566.3,6.86
depth,d7,d8,10,656,d7,draw,0.5,42,656633354412223363222665555111117777444477,19,0,47.087,137.403,2381.4,6.53,20,0,93.274,424.056,4727.4,7.2
depth,d7,d8,10,656,d8,draw,0.5,42,656665553331564444443332225222677111117777,20,0,41.704,144.533,2107.4,6.4,19,0,89.214,409.637,4480.6,7.37
depth,d7,d8,11,63,d7,draw,0.5,42,634444436433335755575522266661112221117777,20,0,31.453,116.509,1649.7,6.55,20,0,53.06,247.338,2514.7,7.2
depth,d7,d8,11,63,d8,d8,0.0,39,634444433334755555375222222111111777766,18,0,32.472,94.921,1663.3,6.5,19,0,69.827,221.993,3509.8,7.16
depth,d7,d8,12,55,d7,d8,0.0,34,5543543576665665444463333111111722,16,0,43.398,117.752,2109.5,6.44,16,0,61.155,206.827,3243.2,7.0
depth,d7,d8,12,55,d8,d7,1.0,38,55434445546745561166166122222233117733,18,0,38.579,98.749,1990.1,6.33,18,0,87.311,246.407,4417.6,7.33
depth,d7,d8,13,342,d7,d8,0.0,34,3424442434533533122616556611551122,15,0,36.454,111.455,2062.4,6.4,16,0,73.082,275.489,3774.0,7.0
depth,d7,d8,13,342,d8,d8,0.0,41,34244445555366743333556777776662211111122,19,0,37.991,159.447,1632.9,6.53,19,0,58.528,243.628,2881.3,7.16
depth,d7,d8,14,6653,d7,d8,0.0,40,6653474444645633222532336657771111227755,18,0,45.344,96.477,2288.1,6.5,18,0,72.58,249.766,3521.3,7.11
depth,d7,d8,14,6653,d8,draw,0.5,42,665347444465466555563333321172222211117777,19,0,37.981,142.378,1764.5,6.37,19,0,69.685,218.411,3233.3,7.37
depth,d7,d8,15,76,d7,d8,0.0,38,76444444322222233666633637111111777755,18,0,50.601,187.955,2451.1,6.5,18,0,83.894,291.279,4373.3,7.11
depth,d7,d8,15,76,d8,d8,0.0,39,764444446366633333617222772272751111155,18,0,47.196,211.824,1992.8,6.5,19,0,98.636,319.918,4412.7,7.16
depth,d7,d8,16,344,d7,d8,0.0,38,34444443333676312111666672227722117755,17,0,40.582,140.686,1797.5,6.47,18,0,57.21,158.552,2678.8,7.11
depth,d7,d8,16,344,d8,d7,1.0,38,34444434333676366777117722222266111155,18,0,29.727,126.924,1358.8,6.33,17,0,50.48,185.385,2716.9,7.29
depth,d7,d8,17,45,d7,d7,1.0,33,454444355533212122242566577777733,16,0,44.445,193.846,1913.5,6.25,15,0,76.513,359.921,3486.2,7.2
depth,d7,d8,17,45,d8,draw,0.5,42,454444455555313177771171172333322222666666,20,0,25.955,90.518,1307.1,6.4,20,0,49.181,175.461,2620.6,7.4
depth,d7,d8,18,4714,d7,d8,0.0,42,471444443236333676663615222221155555117777,19,0,38.314,136.218,1940.4,6.53,19,0,62.337,295.266,3207.5,7.16
depth,d7,d8,18,4714,d8,d8,0.0,37,4714444241231115222255555177766666633,16,0,55.92,212.015,2546.1,6.44,17,0,99.463,260.941,4821.4,7.06
depth,d7,d8,19,7775,d7,d7,1.0,39,777533335455544444353726666661111117722,18,0,37.322,125.738,2112.7,6.33,17,0,78.574,327.767,4147.1,7.29
depth,d7,d8,19,7775,d8,draw,0.5,42,777544444455525522222333167111336666631177,19,0,45.638,135.054,2020.1,6.37,19,0,76.814,228.834,3677.3,7.37
depth,d7,d8,20,453,d7,d7,1.0,35,45344454333621243317777712222111755,16,0,35.291,121.993,1715.8,6.25,16,0,66.888,227.342,3329.1,7.25
depth,d7,d8,20,453,d8,d8,0.0,37,4534444555455333366663122222266777711,17,0,29.642,93.264,1622.0,6.47,17,0,58.312,229.593,2691.6,7.06
depth,d7,d8,21,545,d7,d7,1.0,37,5454445544653352666777766771111112332,17,0,38.279,101.094,1513.6,6.29,17,0,61.54,206.305,2951.2,7.29
depth,d7,d8,21,545,d8,d8,0.0,39,545444554455336733332777772222211111166,18,0,22.734,77.634,1140.6,6.5,18,0,50.253,178.195,2494.5,7.11
depth,d7,d8,22,7152,d7,d8,0.0,36,715246444665464621222267111133777733,16,0,57.754,141.672,2641.0,6.44,16,0,85.261,278.396,4006.1,7.0
depth,d7,d8,22,7152,d8,d7,1.0,40,7152464446446563777731667222225555111133,18,0,33.724,134.383,1502.3,6.33,18,0,71.133,249.685,3363.9,7.33
depth,d7,d8,23,71,d7,d7,1.0,37,7144444435561255557222226667766771133,18,0,60.45,170.296,2527.7,6.33,17,0,113.833,420.68,4961.8,7.29
depth,d7,d8,23,71,d8,d8,0.0,31,7133454444743353253111177222666,14,0,52.035,170.242,2514.4,6.36,15,0,100.224,275.048,4889.6,6.93
depth,d7,d8,24,5616,d7,d7,1.0,41,56166623333555531531166117777772244242244,19,0,58.067,202.379,2815.0,6.37,18,0,114.607,368.575,5679.2,7.33
depth,d7,d8,24,5616,d8,d7,1.0,40,5616655565326622333353221271117717774444,18,0,35.022,158.512,1932.1,6.33,18,0,75.822,232.75,3954.9,7.33
depth,d7,d8,25,4424,d7,d7,1.0,7,4424351,2,0,0.458,0.907,54.5,2.0,1,0,0.079,0.079,9.0,2.0
depth,d7,d8,25,4424,d8,d8,0.0,7,4424351,1,0,0.08,0.08,9.0,2.0,2,0,0.474,0.94,54.5,2.0
depth,d7,d8,26,6464,d7,d7,1.0,39,646444664313541222222633677117133177755,18,0,33.223,135.712,1825.6,6.33,17,0,59.318,202.04,3079.1,7.29
depth,d7,d8,26,6464,d8,draw,0.5,42,646444664433333366511255555221122121777777,19,0,25.415,133.423,1184.9,6.37,19,0,57.473,267.568,2973.3,7.37
depth,d7,d8,27,5354,d7,draw,0.5,42,535444455443353335116666667777111122222277,19,0,23.642,89.761,1390.8,6.53,19,0,42.766,209.277,2178.1,7.16
depth,d7,d8,27,5354,d8,draw,0.5,42,535444443355455122221113337722666666117777,19,0,23.777,103.873,1070.3,6.37,19,0,50.461,171.913,2448.2,7.37
depth,d7,d8,28,3576,d7,d7,1.0,33,357663334412226236231271115555444,15,0,81.157,258.189,3788.4,6.2,14,0,141.362,499.894,6295.2,7.14
depth,d7,d8,28,3576,d8,d7,1.0,36,357633336555566312152722662211117744,16,0,64.42,174.992,3098.7,6.25,16,0,148.438,522.585,7108.8,7.25
depth,d7,d8,29,6474,d7,d8,0.0,34,6474441343221233342362277776666755,15,0,50.905,210.95,2557.0,6.4,15,0,109.18,474.818,4788.3,6.93
depth,d7,d8,29,6474,d8,d7,1.0,26,64744444222223266673773555,11,0,62.734,139.325,2996.1,5.91,11,0,147.765,439.684,7114.2,6.91
depth,d7,d8,30,237,d7,d8,0.0,42,237444442224333323271111117766666655557755,19,0,30.564,166.965,1639.7,6.53,20,0,57.892,294.844,2969.2,7.2
depth,d7,d8,30,237,d8,d8,0.0,41,23733545444364562122243231666611117777755,19,0,32.75,134.673,1771.3,6.53,19,0,47.818,197.124,2478.5,7.16
depth,d7,d8,31,112,d7,draw,0.5,42,112444444222223133333667555555711166667777,19,0,41.501,133.707,2222.4,6.53,20,0,80.474,278.622,4259.2,7.2
depth,d7,d8,31,112,d8,draw,0.5,42,112444444155555512222333263337766666117777,20,0,40.461,180.939,2175.4,6.4,19,0,80.366,305.629,4256.3,7.37
depth,d7,d8,32,5475,d7,d8,0.0,32,54755455444457333337731171111722,14,0,30.002,71.653,1538.7,6.36,14,0,54.219,150.536,2711.3,6.86
depth,d7,d8,32,5475,d8,d7,1.0,32,54754445544653321115111777772332,14,0,45.136,139.442,2182.7,6.14,14,0,78.383,242.924,4114.7,7.14
depth,d7,d8,33,323,d7,d8,0.0,36,323335562537444464456637556611111122,16,0,34.249,141.292,1730.6,6.44,17,0,76.693,416.027,3857.8,7.06
depth,d7,d8,33,323,d8,d8,0.0,15,323333436555442,6,0,62.83,134.012,2933.0,5.5,6,0,91.315,261.973,4251.2,5.33
depth,d7,d8,34,4457,d7,d7,1.0,7,4457326,2,0,0.422,0.834,43.0,2.0,1,0,0.086,0.086,9.0,2.0
depth,d7,d8,34,4457,d8,d8,0.0,7,4457326,1,0,0.086,0.086,9.0,2.0,2,0,0.409,0.809,43.0,2.0
depth,d7,d8,35,745,d7,d8,0.0,22,7454444373155757554666,9,0,50.89,101.244,2872.8,6.0,10,0,86.691,203.2,4992.5,6.4
depth,d7,d8,35,745,d8,draw,0.5,42,745444435553321212224117273666665533611777,20,0,34.433,83.206,1799.0,6.4,19,0,74.081,285.958,3622.6,7.37
depth,d7,d8,36,1733,d7,draw,0.5,42,173342324456435443355551222276666611117777,19,0,24.969,103.5,1335.1,6.53,19,0,41.402,169.671,2104.7,7.16
depth,d7,d8,36,1733,d8,d8,0.0,33,173342444343355473666666122222111,14,0,29.052,72.213,1360.5,6.36,15,0,68.94,203.981,2763.4,6.93
depth,d7,d8,37,714,d7,d7,1.0,37,7144444435561255557222226667766771133,17,0,48.666,174.767,2417.2,6.29,17,0,95.87,288.453,4961.8,7.29
depth,d7,d8,37,714,d8,d8,0.0,37,7144444641636665655115333222253235211,17,0,41.798,151.959,2202.4,6.47,17,0,82.027,235.035,3991.4,7.06
depth,d7,d8,38,6753,d7,d8,0.0,42,675333654444443313266661222117555511777722,19,0,41.312,134.703,2201.9,6.53,19,0,88.982,408.577,4250.7,7.16
depth,d7,d8,38,6753,d8,d7,1.0,38,67533633662322225555635112767711117744,17,0,76.718,332.119,3239.6,6.29,17,0,172.497,495.846,7213.2,7.29
depth,d7,d8,39,247,d7,d8,0.0,40,2474444422222556333333666655556711777711,18,0,43.426,189.98,2040.7,6.5,19,0,79.344,352.119,3919.5,7.16
depth,d7,d8,39,247,d8,d7,1.0,26,24744442236242626673773555,12,0,66.39,160.212,3481.8,6.0,11,0,136.655,314.023,6144.4,6.91
depth,d7,d8,40,4163,d7,d7,1.0,41,41634446453331645336661122222255551177777,19,0,53.782,200.343,2361.9,6.37,18,0,95.709,387.652,4682.4,7.33
depth,d7,d8,40,4163,d8,d8,0.0,15,416344447564355,5,0,64.953,230.627,2503.2,5.2,6,0,95.638,295.042,4689.0,5.33
depth,d7,d8,41,312,d7,draw,0.5,42,312444443333422322777755555517111266666617,19,0,38.534,117.261,2096.3,6.53,20,0,78.392,319.809,4145.1,7.2
depth,d7,d8,41,312,d8,draw,0.5,42,312444444375133337765655666556771112222217,20,0,48.202,157.342,2331.3,6.4,19,0,90.394,275.602,4386.3,7.37
depth,d7,d8,42,7424,d7,d8,0.0,40,7424444422222556333333666655556711777711,18,0,40.748,169.34,2040.7,6.5,18,0,79.507,365.48,3620.4,7.11
depth,d7,d8,42,7424,d8,d7,1.0,26,74244442236242626673773555,11,0,68.68,183.322,3384.9,5.91,11,0,139.06,383.077,6144.4,6.91
depth,d7,d8,43,11,d7,draw,0.5,42,114444443233363355666665722722255511117777,20,0,45.062,194.925,1981.8,6.55,20,0,93.534,445.112,3497.5,7.2
depth,d7,d8,43,11,d8,d8,0.0,31,1144444224221156626632665115533,14,0,68.653,195.119,3335.4,6.36,15,0,120.931,263.094,5969.4,6.93
depth,d7,d8,44,557,d7,d8,0.0,32,55745455444457333337731171111722,14,0,32.882,85.788,1538.7,6.36,15,0,63.716,188.543,2912.5,6.93
depth,d7,d8,44,557,d8,d7,1.0,32,55744445544653321115111777772332,15,0,56.967,140.659,2232.9,6.2,14,0,94.734,282.572,4114.7,7.14
depth,d7,d8,45,57,d7,draw,0.5,42,574344445555433335711132122222666666117777,20,0,37.077,126.333,1806.9,6.55,20,0,68.058,259.29,2982.0,7.2
depth,d7,d8,45,57,d8,d8,0.0,33,574344454554655131777277333321122,15,0,48.001,145.107,2388.9,6.4,16,0,104.92,258.511,4680.7,7.0
depth,d7,d8,46,21,d7,d8,0.0,40,2144445323426764555533322352766166777711,19,0,50.66,143.949,2335.1,6.53,19,0,70.19,266.043,3422.5,7.16
depth,d7,d8,46,21,d8,d8,0.0,35,21444424532233354233676155665526611,16,0,38.008,96.65,1881.5,6.44,17,0,99.55,357.359,4655.4,7.06
depth,d7,d8,47,1753,d7,d8,0.0,38,17533335553553171171176666222222667744,17,0,67.041,230.929,2957.1,6.47,17,0,96.077,282.351,4495.8,7.06
depth,d7,d8,47,1753,d8,d8,0.0,41,17533333455554435776666166277711112222244,18,0,60.006,163.628,2274.8,6.5,19,0,117.083,373.182,4561.6,7.16
depth,d7,d8,48,7632,d7,d7,1.0,41,76322263432333266726671571177155551514444,19,0,74.729,276.214,2500.2,6.37,18,0,168.367,668.091,5940.1,7.33
depth,d7,d8,48,7632,d8,draw,0.5,42,763233322234461444436666511111755555227777,19,0,53.383,205.36,2381.9,6.37,19,0,133.254,628.222,5735.9,7.37
depth,d7,d8,49,36,d7,draw,0.5,42,364244443332264266336655555511772211117777,20,0,35.18,94.73,2018.1,6.55,20,0,63.347,230.552,3547.8,7.2
depth,d7,d8,49,36,d8,d8,0.0,35,36424442443323366636611777771111755,16,0,31.364,98.24,1718.4,6.44,17,0,60.124,197.479,3245.6,7.06
slider,L1,random,0,35,L1,L1,1.0,15,357237474343774,7,3,0.057,0.078,6.2,1.0,6,6,0.0,0.0,0.0,0.0
slider,L1,random,0,35,random,L1,1.0,18,354674644373632473,8,2,0.067,0.105,6.8,1.0,8,8,0.0,0.0,0.0,0.0
slider,L1,random,1,6712,L1,L1,1.0,13,6712466745424,5,1,0.056,0.073,6.2,1.0,4,4,0.0,0.0,0.0,0.0
slider,L1,random,1,6712,random,L1,1.0,20,67126734161134345664,8,2,0.066,0.106,6.8,1.0,8,8,0.0,0.0,0.0,0.0
slider,L1,random,2,5547,L1,L1,1.0,13,5547436647174,5,2,0.081,0.153,5.7,1.0,4,4,0.0,0.0,0.0,0.0
slider,L1,random,2,5547,random,random,0.0,13,5547212144413,4,3,0.124,0.124,8.0,1.0,5,5,0.0,0.0,0.0,0.0
slider,L1,random,3,5767,L1,L1,1.0,27,576764473146433435237466625,12,8,0.101,0.235,6.2,1.0,11,11,0.0,0.0,0.0,0.0
slider,L1,random,3,5767,random,L1,1.0,18,576743744323427135,7,3,0.113,0.195,6.2,1.0,7,7,0.0,0.0,0.0,0.0
slider,L1,random,4,775,L1,L1,1.0,11,77554117716,4,3,0.076,0.076,8.0,1.0,4,4,0.0,0.0,0.0,0.0
slider,L1,random,4,775,random,L1,1.0,40,7754265174125445164232342762333535176766,19,9,0.081,0.209,7.2,1.0,18,18,0.0,0.0,0.0,0.0
slider,L1,random,5,215,L1,L1,1.0,21,215461424235444153756,9,5,0.071,0.079,7.8,1.0,9,9,0.0,0.0,0.0,0.0
slider,L1,random,5,215,random,random,0.0,21,215464414566645455637,9,4,0.072,0.076,7.8,1.0,9,9,0.0,0.0,0.0,0.0
slider,L1,random,6,13,L1,L1,1.0,13,1346414276334,6,3,0.053,0.075,5.7,1.0,5,5,0.0,0.0,0.0,0.0
slider,L1,random,6,13,random,random,0.0,21,131137654554434453452,9,5,0.085,0.123,8.0,1.0,10,10,0.0,0.0,0.0,0.0
slider,L1,random,7,41,L1,L1,1.0,7,4126543,3,3,0.0,0.0,0.0,0.0,2,2,0.0,0.0,0.0,0.0
slider,L1,random,7,41,random,L1,1.0,12,413571541322,5,4,0.112,0.112,8.0,1.0,5,5,0.0,0.0,0.0,0.0
slider,L1,random,8,4632,L1,L1,1.0,9,463243474,3,1,0.045,0.08,4.5,1.0,2,2,0.0,0.0,0.0,0.0
slider,L1,random,8,4632,random,L1,1.0,22,4632617524713447274352,9,6,0.076,0.079,8.0,1.0,9,9,0.0,0.0,0.0,0.0
slider,L1,random,9,333,L1,L1,1.0,17,33344172674142734,7,5,0.074,0.08,8.0,1.0,7,7,0.0,0.0,0.0,0.0
slider,L1,random,9,333,random,L1,1.0,14,33363466147122,6,3,0.056,0.074,5.7,1.0,5,5,0.0,0.0,0.0,0.0
slider,L1,random,10,656,L1,L1,1.0,11,65644151533,4,1,0.056,0.078,5.7,1.0,4,4,0.0,0.0,0.0,0.0
slider,L1,random,10,656,random,L1,1.0,18,656424744675377115,8,4,0.072,0.075,8.0,1.0,7,7,0.0,0.0,0.0,0.0
slider,L1,random,11,63,L1,random,0.0,24,634441352633446163654121,11,4,0.077,0.116,8.0,1.0,11,11,0.0,0.0,0.0,0.0
slider,L1,random,11,63,random,L1,1.0,12,634413544363,5,1,0.071,0.076,8.0,1.0,5,5,0.0,0.0,0.0,0.0
slider,L1,random,12,55,L1,L1,1.0,9,551761423,4,2,0.044,0.077,4.5,1.0,3,3,0.0,0.0,0.0,0.0
slider,L1,random,12,55,random,L1,1.0,24,552174533472626144371726,11,8,0.074,0.077,8.0,1.0,11,11,0.0,0.0,0.0,0.0
slider,L1,random,13,342,L1,L1,1.0,15,342144344735552,6,4,0.075,0.077,8.0,1.0,6,6,0.0,0.0,0.0,0.0
slider,L1,random,13,342,random,L1,1.0,30,342453544355243373451275677111,14,6,0.142,0.32,7.5,1.0,13,13,0.0,0.0,0.0,0.0
slider,L1,random,14,6653,L1,L1,1.0,9,665346517,3,2,0.012,0.012,1.0,1.0,2,2,0.0,0.0,0.0,0.0
slider,L1,random,14,6653,random,random,0.0,13,6653154442217,4,3,0.093,0.093,8.0,1.0,5,5,0.0,0.0,0.0,0.0
slider,L1,random,15,76,L1,L1,1.0,23,76443767666247221346113,11,8,0.077,0.078,8.0,1.0,10,10,0.0,0.0,0.0,0.0
slider,L1,random,15,76,random,L1,1.0,18,762324227654152464,8,5,0.055,0.079,5.7,1.0,8,8,0.0,0.0,0.0,0.0
slider,L1,random,16,344,L1,random,0.0,14,34434736423675,5,2,0.077,0.087,8.0,1.0,6,6,0.0,0.0,0.0,0.0
slider,L1,random,16,344,random,L1,1.0,18,344444422573531363,8,5,0.07,0.071,7.3,1.0,7,7,0.0,0.0,0.0,0.0
slider,L1,random,17,45,L1,L1,1.0,15,454751463352374,7,3,0.054,0.069,6.2,1.0,6,6,0.0,0.0,0.0,0.0
slider,L1,random,17,45,random,L1,1.0,10,4524455233,4,0,0.053,0.072,6.2,1.0,4,4,0.0,0.0,0.0,0.0
slider,L1,random,18,4714,L1,L1,1.0,19,4714125626512653445,8,6,0.05,0.089,4.5,1.0,7,7,0.0,0.0,0.0,0.0
slider,L1,random,18,4714,random,L1,1.0,16,4714535575212525,6,3,0.053,0.075,5.7,1.0,6,6,0.0,0.0,0.0,0.0
slider,L1,random,19,7775,L1,L1,1.0,21,777542444534373521553,9,6,0.089,0.115,8.0,1.0,8,8,0.0,0.0,0.0,0.0
slider,L1,random,19,7775,random,L1,1.0,14,77756434213454,5,1,0.068,0.114,6.2,1.0,5,5,0.0,0.0,0.0,0.0
slider,L1,random,20,453,L1,L1,1.0,17,45343743564571572,7,3,0.06,0.078,6.2,1.0,7,7,0.0,0.0,0.0,0.0
slider,L1,random,20,453,random,L1,1.0,20,45313672541364112625,9,6,0.076,0.082,8.0,1.0,8,8,0.0,0.0,0.0,0.0
slider,L1,random,21,545,L1,L1,1.0,15,545241723546414,6,2,0.059,0.075,6.2,1.0,6,6,0.0,0.0,0.0,0.0
slider,L1,random,21,545,random,L1,1.0,28,5457271442551214245473777351,13,8,0.09,0.147,6.6,1.0,12,12,0.0,0.0,0.0,0.0
slider,L1,random,22,7152,L1,L1,1.0,13,7152776626354,5,4,0.012,0.012,1.0,1.0,4,4,0.0,0.0,0.0,0.0
slider,L1,random,22,7152,random,L1,1.0,12,715211641743,4,3,0.08,0.08,8.0,1.0,4,4,0.0,0.0,0.0,0.0
slider,L1,random,23,71,L1,L1,1.0,7,7162465,3,1,0.041,0.072,4.5,1.0,2,2,0.0,0.0,0.0,0.0
slider,L1,random,23,71,random,random,0.0,7,7167465,2,2,0.0,0.0,0.0,0.0,3,3,0.0,0.0,0.0,0.0
slider,L1,random,24,5616,L1,L1,1.0,11,56164455342,4,1,0.054,0.079,5.7,1.0,3,3,0.0,0.0,0.0,0.0
slider,L1,random,24,5616,random,L1,1.0,12,561644656363,4,1,0.058,0.083,5.7,1.0,4,4,0.0,0.0,0.0,0.0
slider,L1,random,25,4424,L1,L1,1.0,7,4424153,2,1,0.01,0.01,1.0,1.0,1,1,0.0,0.0,0.0,0.0
slider,L1,random,25,4424,random,L1,1.0,18,442461364555563173,7,3,0.059,0.079,6.2,1.0,7,7,0.0,0.0,0.0,0.0
slider,L1,random,26,6464,L1,random,0.0,18,646422761546445553,7,5,0.078,0.081,8.0,1.0,7,7,0.0,0.0,0.0,0.0
slider,L1,random,26,6464,random,L1,1.0,22,6464431336741631142656,9,3,0.07,0.106,6.8,1.0,9,9,0.0,0.0,0.0,0.0
slider,L1,random,27,5354,L1,L1,1.0,21,535463255331116337626,9,6,0.066,0.108,5.3,1.0,8,8,0.0,0.0,0.0,0.0
slider,L1,random,27,5354,random,L1,1.0,40,5354433446655177462451735222326626377171,18,9,0.055,0.081,5.4,1.0,18,18,0.0,0.0,0.0,0.0
slider,L1,random,28,3576,L1,L1,1.0,17,35764431447233717,7,1,0.244,0.428,6.8,1.0,6,6,0.0,0.0,0.0,0.0
slider,L1,random,28,3576,random,L1,1.0,18,357633245453741764,7,2,0.096,0.18,6.6,1.0,7,7,0.0,0.0,0.0,0.0
slider,L1,random,29,6474,L1,random,0.0,16,6474724277457713,6,4,0.079,0.082,8.0,1.0,6,6,0.0,0.0,0.0,0.0
slider,L1,random,29,6474,random,L1,1.0,8,64747474,2,0,0.19,0.35,4.5,1.0,2,2,0.0,0.0,0.0,0.0
slider,L1,random,30,237,L1,L1,1.0,9,237362534,3,2,0.014,0.014,1.0,1.0,3,3,0.0,0.0,0.0,0.0
slider,L1,random,30,237,random,L1,1.0,20,23721332441674342264,9,4,0.072,0.124,6.6,1.0,8,8,0.0,0.0,0.0,0.0
slider,L1,random,31,112,L1,L1,1.0,19,1121735742544662564,8,5,0.071,0.116,5.7,1.0,8,8,0.0,0.0,0.0,0.0
slider,L1,random,31,112,random,L1,1.0,14,11247754372414,6,2,0.058,0.08,6.2,1.0,5,5,0.0,0.0,0.0,0.0
slider,L1,random,32,5475,L1,L1,1.0,25,5475443752414753323632713,11,7,0.075,0.135,6.2,1.0,10,10,0.0,0.0,0.0,0.0
slider,L1,random,32,5475,random,random,0.0,31,5475443744656451756537166373722,13,7,0.062,0.077,6.8,1.0,14,14,0.0,0.0,0.0,0.0
slider,L1,random,33,323,L1,L1,1.0,7,3234353,2,1,0.012,0.012,1.0,1.0,2,2,0.0,0.0,0.0,0.0
slider,L1,random,33,323,random,L1,1.0,18,323744155473613474,8,4,0.077,0.143,6.2,1.0,7,7,0.0,0.0,0.0,0.0
slider,L1,random,34,4457,L1,L1,1.0,9,445734562,3,1,0.043,0.077,4.5,1.0,2,2,0.0,0.0,0.0,0.0
slider,L1,random,34,4457,random,L1,1.0,22,4457715615167423563554,9,6,0.059,0.087,5.7,1.0,9,9,0.0,0.0,0.0,0.0
slider,L1,random,35,745,L1,random,0.0,22,7455475711144351677656,9,7,0.098,0.116,8.0,1.0,10,10,0.0,0.0,0.0,0.0
slider,L1,random,35,745,random,L1,1.0,14,74526423437526,6,4,0.044,0.077,4.5,1.0,5,5,0.0,0.0,0.0,0.0
slider,L1,random,36,1733,L1,L1,1.0,9,173361475,3,1,0.076,0.14,4.5,1.0,2,2,0.0,0.0,0.0,0.0
slider,L1,random,36,1733,random,L1,1.0,18,173372743434422731,7,3,0.087,0.113,8.0,1.0,7,7,0.0,0.0,0.0,0.0
slider,L1,random,37,714,L1,L1,1.0,9,714351546,3,2,0.012,0.012,1.0,1.0,3,3,0.0,0.0,0.0,0.0
slider,L1,random,37,714,random,random,0.0,9,714456352,3,1,0.078,0.08,8.0,1.0,3,3,0.0,0.0,0.0,0.0
slider,L1,random,38,6753,L1,L1,1.0,13,6753524653145,5,2,0.054,0.076,5.7,1.0,4,4,0.0,0.0,0.0,0.0
slider,L1,random,38,6753,random,random,0.0,29,67536466776644773533144423535,12,5,0.08,0.124,7.1,1.0,13,13,0.0,0.0,0.0,0.0
slider,L1,random,39,247,L1,random,0.0,14,24747542431335,5,2,0.088,0.114,8.0,1.0,6,6,0.0,0.0,0.0,0.0
slider,L1,random,39,247,random,L1,1.0,20,24746441462262252547,9,2,0.061,0.073,6.9,1.0,8,8,0.0,0.0,0.0,0.0
slider,L1,random,40,4163,L1,L1,1.0,7,4163725,2,1,0.011,0.011,1.0,1.0,1,1,0.0,0.0,0.0,0.0
slider,L1,random,40,4163,random,L1,1.0,14,41632455342454,5,2,0.056,0.084,5.7,1.0,5,5,0.0,0.0,0.0,0.0
slider,L1,random,41,312,L1,L1,1.0,11,31277247645,4,2,0.043,0.076,4.5,1.0,4,4,0.0,0.0,0.0,0.0
slider,L1,random,41,312,random,L1,1.0,12,312464731424,5,0,0.069,0.114,6.6,1.0,4,4,0.0,0.0,0.0,0.0
slider,L1,random,42,7424,L1,L1,1.0,25,7424134432361154535416312,11,8,0.174,0.37,8.0,1.0,10,10,0.0,0.0,0.0,0.0
slider,L1,random,42,7424,random,L1,1.0,16,7424424443322625,6,3,0.054,0.082,5.3,1.0,6,6,0.0,0.0,0.0,0.0
slider,L1,random,43,11,L1,L1,1.0,21,113714474275635714133,10,7,0.052,0.076,5.7,1.0,9,9,0.0,0.0,0.0,0.0
slider,L1,random,43,11,random,L1,1.0,22,1156266474564215621443,10,6,0.063,0.087,6.2,1.0,10,10,0.0,0.0,0.0,0.0
slider,L1,random,44,557,L1,random,0.0,16,5572462414575146,6,4,0.08,0.085,8.0,1.0,7,7,0.0,0.0,0.0,0.0
slider,L1,random,44,557,random,random,0.0,11,55732112426,4,4,0.0,0.0,0.0,0.0,4,4,0.0,0.0,0.0,0.0
slider,L1,random,45,57,L1,L1,1.0,19,5747554157447437752,9,4,0.075,0.077,8.0,1.0,8,8,0.0,0.0,0.0,0.0
slider,L1,random,45,57,random,L1,1.0,18,574354454453736543,8,4,0.072,0.119,6.2,1.0,8,8,0.0,0.0,0.0,0.0
slider,L1,random,46,21,L1,L1,1.0,15,213537564446343,7,4,1.048,3.055,5.7,1.0,6,6,0.0,0.0,0.0,0.0
slider,L1,random,46,21,random,L1,1.0,18,213424632214437625,8,3,0.075,0.148,6.6,1.0,8,8,0.0,0.0,0.0,0.0
slider,L1,random,47,1753,L1,L1,1.0,23,17534645127476443753562,10,5,0.062,0.078,6.6,1.0,9,9,0.0,0.0,0.0,0.0
slider,L1,random,47,1753,random,L1,1.0,14,17532454766414,5,2,0.051,0.074,5.7,1.0,5,5,0.0,0.0,0.0,0.0
slider,L1,random,48,7632,L1,L1,1.0,21,763246473466661131452,9,8,0.075,0.075,8.0,1.0,8,8,0.0,0.0,0.0,0.0
slider,L1,random,48,7632,random,L1,1.0,22,7632442517145426626754,9,5,0.072,0.118,6.2,1.0,9,9,0.0,0.0,0.0,0.0
slider,L1,random,49,36,L1,L1,1.0,13,3645125547362,6,2,0.072,0.124,6.2,1.0,5,5,0.0,0.0,0.0,0.0
slider,L1,random,49,36,random,L1,1.0,14,36331525333467,6,4,0.041,0.072,4.0,1.0,6,6,0.0,0.0,0.0,0.0
slider,L1,L2,0,35,L1,L1,1.0,31,3534455443354374553272221162776,15,9,0.067,0.07,7.8,1.0,14,2,0.063,0.111,6.9,1.0
slider,L1,L2,0,35,L2,L2,0.0,11,35454434261,4,3,0.064,0.064,8.0,1.0,5,1,0.063,0.106,6.2,1.0
slider,L1,L2,1,6712,L1,L2,0.0,20,67124424433323226535,8,3,0.08,0.118,8.0,1.0,8,1,0.06,0.07,7.0,1.0
slider,L1,L2,1,6712,L2,L1,1.0,20,67124442275355465341,8,4,0.056,0.074,6.2,1.0,8,1,0.077,0.109,8.0,1.0
slider,L1,L2,2,5547,L1,L1,1.0,7,5547243,2,1,0.01,0.01,1.0,1.0,1,0,0.084,0.084,8.0,1.0
slider,L1,L2,2,5547,L2,L2,0.0,13,5547454453342,4,2,0.073,0.077,8.0,1.0,5,0,0.067,0.104,6.6,1.0
slider,L1,L2,3,5767,L1,L2,0.0,14,57677444145576,5,3,0.074,0.076,8.0,1.0,5,0,0.119,0.364,6.6,1.0
slider,L1,L2,3,5767,L2,L1,1.0,18,576743443334734655,7,3,0.065,0.111,6.2,1.0,7,2,0.076,0.086,8.0,1.0
slider,L1,L2,4,775,L1,L2,0.0,26,77544455455422465227626727,11,2,0.093,0.248,7.2,1.0,12,2,0.078,0.208,6.7,1.0
slider,L1,L2,4,775,L2,L2,0.0,15,775146425754325,6,5,0.117,0.117,8.0,1.0,6,1,0.103,0.177,6.6,1.0
slider,L1,L2,5,215,L1,L2,0.0,26,21544472774575522452214161,11,8,0.091,0.112,8.0,1.0,12,2,0.08,0.117,7.0,1.0
slider,L1,L2,5,215,L2,L2,0.0,17,21544114345565613,7,3,0.068,0.071,8.0,1.0,7,3,0.054,0.077,6.2,1.0
slider,L1,L2,6,13,L1,L2,0.0,16,1324244244331532,7,3,0.08,0.106,8.0,1.0,7,1,0.08,0.191,6.8,1.0
slider,L1,L2,6,13,L2,L1,1.0,14,13446341343622,6,1,0.064,0.112,6.6,1.0,6,2,0.07,0.075,8.0,1.0
slider,L1,L2,7,41,L1,L2,0.0,12,415344243352,5,3,0.074,0.081,8.0,1.0,5,0,0.052,0.064,6.6,1.0
slider,L1,L2,7,41,L2,L2,0.0,15,415744554455342,6,2,0.078,0.107,8.0,1.0,7,0,0.069,0.117,7.0,1.0
slider,L1,L2,8,4632,L1,L1,1.0,33,463264244333413463761676772222111,15,7,0.069,0.213,5.8,1.0,14,1,0.079,0.169,6.5,1.0
slider,L1,L2,8,4632,L2,L1,1.0,20,46324433232422466363,8,4,0.053,0.069,6.2,1.0,8,1,0.069,0.077,8.0,1.0
slider,L1,L2,9,333,L1,L2,0.0,14,33341644244355,5,3,0.096,0.122,8.0,1.0,6,1,0.057,0.073,6.6,1.0
slider,L1,L2,9,333,L2,L1,1.0,16,3332422444636565,7,2,0.057,0.082,6.6,1.0,6,3,0.071,0.074,8.0,1.0
slider,L1,L2,10,656,L1,L2,0.0,20,65644575546446475352,8,3,0.066,0.072,7.6,1.0,9,0,0.075,0.176,7.0,1.0
slider,L1,L2,10,656,L2,L1,1.0,8,65644352,3,1,0.042,0.075,4.5,1.0,2,0,0.067,0.068,8.0,1.0
slider,L1,L2,11,63,L1,L1,1.0,17,63444336255343546,8,1,0.2,0.564,7.0,1.0,7,4,0.073,0.081,8.0,1.0
slider,L1,L2,11,63,L2,L2,0.0,13,6344473534343,5,4,0.068,0.068,8.0,1.0,6,1,0.059,0.077,6.6,1.0
slider,L1,L2,12,55,L1,L2,0.0,12,553444756525,5,4,0.231,0.231,8.0,1.0,5,0,0.087,0.21,6.6,1.0
slider,L1,L2,12,55,L2,L2,0.0,9,554525123,3,3,0.0,0.0,0.0,0.0,4,2,0.041,0.073,4.5,1.0
slider,L1,L2,13,342,L1,L2,0.0,18,342443323242243311,7,1,0.07,0.105,8.0,1.0,8,0,0.114,0.269,7.1,1.0
slider,L1,L2,13,342,L2,L1,1.0,8,34254637,3,2,0.011,0.011,1.0,1.0,2,0,0.089,0.107,8.0,1.0
slider,L1,L2,14,6653,L1,L1,1.0,11,66536125467,4,2,0.047,0.084,4.5,1.0,3,3,0.0,0.0,0.0,0.0
slider,L1,L2,14,6653,L2,L2,0.0,21,665347315144555634422,8,5,0.073,0.076,8.0,1.0,9,3,0.072,0.121,6.8,1.0
slider,L1,L2,15,76,L1,L2,0.0,18,763444135453554562,8,6,0.072,0.074,8.0,1.0,8,2,0.061,0.076,6.8,1.0
slider,L1,L2,15,76,L2,L1,1.0,22,7643113424433662432265,10,7,0.051,0.073,5.7,1.0,10,3,0.099,0.251,8.0,1.0
slider,L1,L2,16,344,L1,L2,0.0,20,34413344636445355566,8,3,0.066,0.071,7.6,1.0,9,2,0.061,0.099,6.7,1.0
slider,L1,L2,16,344,L2,L1,1.0,10,3444453617,4,2,0.039,0.067,4.5,1.0,3,2,0.066,0.066,8.0,1.0
slider,L1,L2,17,45,L1,L1,1.0,21,454455455646642566123,10,2,0.066,0.115,7.0,1.0,9,1,0.08,0.187,7.4,1.0
slider,L1,L2,17,45,L2,L1,1.0,22,4564544515544252221133,10,2,0.058,0.071,6.6,1.0,10,3,0.066,0.101,7.0,1.0
slider,L1,L2,18,4714,L1,L1,1.0,7,4714312,2,1,0.012,0.012,1.0,1.0,1,1,0.0,0.0,0.0,0.0
slider,L1,L2,18,4714,L2,L2,0.0,27,471432334433445632622567525,11,5,0.065,0.07,7.5,1.0,12,2,0.066,0.141,6.6,1.0
slider,L1,L2,19,7775,L1,L2,0.0,12,777544453515,4,2,0.181,0.291,8.0,1.0,4,0,0.058,0.076,6.2,1.0
slider,L1,L2,19,7775,L2,L2,0.0,11,77754347414,3,3,0.0,0.0,0.0,0.0,4,0,0.072,0.115,6.2,1.0
slider,L1,L2,20,453,L1,L1,1.0,11,45343344231,4,1,0.047,0.068,5.7,1.0,4,0,0.074,0.101,8.0,1.0
slider,L1,L2,20,453,L2,L2,0.0,11,45365244326,4,2,0.07,0.072,8.0,1.0,4,1,0.069,0.126,5.7,1.0
slider,L1,L2,21,545,L1,L1,1.0,27,545474425554664262225211677,12,4,0.063,0.102,6.5,1.0,12,3,0.067,0.109,7.1,1.0
slider,L1,L2,21,545,L2,L1,1.0,28,5455444554422252126667216633,13,4,0.062,0.099,6.0,1.0,12,3,0.085,0.216,7.0,1.0
slider,L1,L2,22,7152,L1,L2,0.0,20,71524631452425224535,8,4,0.072,0.074,8.0,1.0,8,2,0.098,0.193,6.8,1.0
slider,L1,L2,22,7152,L2,L2,0.0,7,7152416,1,1,0.0,0.0,0.0,0.0,2,0,0.042,0.073,4.5,1.0
slider,L1,L2,23,71,L1,L2,0.0,16,7144561564515414,7,4,0.082,0.105,8.0,1.0,7,1,0.068,0.116,6.8,1.0
slider,L1,L2,23,71,L2,L2,0.0,25,7132424421343325535547212,11,7,0.102,0.152,8.0,1.0,12,2,0.072,0.153,7.3,1.0
slider,L1,L2,24,5616,L1,L1,1.0,11,56164455342,4,1,0.065,0.115,5.7,1.0,3,0,0.072,0.078,8.0,1.0
slider,L1,L2,24,5616,L2,L2,0.0,15,561647424454525,5,4,0.068,0.068,8.0,1.0,6,0,0.093,0.25,6.8,1.0
slider,L1,L2,25,4424,L1,L1,1.0,7,4424351,2,0,0.043,0.077,4.5,1.0,1,0,0.063,0.063,8.0,1.0
slider,L1,L2,25,4424,L2,L2,0.0,11,44244323331,3,0,0.067,0.071,8.0,1.0,4,1,0.045,0.067,5.7,1.0
slider,L1,L2,26,6464,L1,L2,0.0,16,6464432323342245,6,2,0.083,0.11,8.0,1.0,6,1,0.061,0.081,6.6,1.0
slider,L1,L2,26,6464,L2,L1,1.0,16,6464434757233235,6,2,0.056,0.077,6.2,1.0,6,2,0.081,0.11,8.0,1.0
slider,L1,L2,27,5354,L1,L1,1.0,11,53544343346,4,1,0.05,0.073,5.7,1.0,3,0,0.079,0.103,8.0,1.0
slider,L1,L2,27,5354,L2,L1,1.0,8,53546142,2,1,0.009,0.009,1.0,1.0,2,1,0.075,0.075,8.0,1.0
slider,L1,L2,28,3576,L1,L1,1.0,21,357655335664434434152,9,5,0.068,0.116,6.2,1.0,8,3,0.082,0.112,8.0,1.0
slider,L1,L2,28,3576,L2,L2,0.0,19,3576464433545541622,7,5,0.071,0.073,8.0,1.0,8,1,0.079,0.147,7.0,1.0
slider,L1,L2,29,6474,L1,L2,0.0,14,64741143436552,5,3,0.075,0.078,8.0,1.0,5,2,0.065,0.11,5.7,1.0
slider,L1,L2,29,6474,L2,L1,1.0,14,64744346323435,5,2,0.061,0.07,5.7,1.0,5,0,0.095,0.14,8.0,1.0
slider,L1,L2,30,237,L1,L2,0.0,10,2373442373,3,2,0.107,0.107,8.0,1.0,4,1,0.065,0.115,5.7,1.0
slider,L1,L2,30,237,L2,L1,1.0,22,2374424464373326764626,10,6,0.07,0.072,8.0,1.0,9,3,0.068,0.072,7.8,1.0
slider,L1,L2,31,112,L1,L1,1.0,23,11242244442261127475655,10,5,0.051,0.063,6.2,1.0,10,3,0.069,0.094,7.6,1.0
slider,L1,L2,31,112,L2,L2,0.0,11,11274345424,4,3,0.066,0.066,8.0,1.0,4,0,0.087,0.152,6.2,1.0
slider,L1,L2,32,5475,L1,L2,0.0,26,54753434453364553465736617,11,4,0.103,0.166,7.4,1.0,11,0,0.079,0.137,6.8,1.0
slider,L1,L2,32,5475,L2,L1,1.0,16,5475134374223326,6,4,0.043,0.076,4.5,1.0,6,4,0.11,0.124,8.0,1.0
slider,L1,L2,33,323,L1,L1,1.0,9,323454343,3,2,0.009,0.009,1.0,1.0,3,0,0.065,0.069,8.0,1.0
slider,L1,L2,33,323,L2,L1,1.0,24,323442334144272572316161,11,5,0.061,0.086,6.8,1.0,10,2,0.074,0.099,8.0,1.0
slider,L1,L2,34,4457,L1,L2,0.0,12,445755343474,4,3,0.071,0.071,8.0,1.0,4,0,0.058,0.078,6.2,1.0
slider,L1,L2,34,4457,L2,L2,0.0,7,4457326,1,0,0.065,0.065,8.0,1.0,2,0,0.042,0.075,4.5,1.0
slider,L1,L2,35,745,L1,L2,0.0,16,7453744455534363,6,2,0.072,0.08,8.0,1.0,7,2,0.062,0.085,6.6,1.0
slider,L1,L2,35,745,L2,L1,1.0,18,745445574154554362,8,3,0.064,0.09,6.6,1.0,7,1,0.077,0.106,7.8,1.0
slider,L1,L2,36,1733,L1,L1,1.0,7,1733472,2,1,0.019,0.019,1.0,1.0,1,1,0.0,0.0,0.0,0.0
slider,L1,L2,36,1733,L2,L2,0.0,7,1733442,1,1,0.0,0.0,0.0,0.0,2,0,0.068,0.125,4.5,1.0
slider,L1,L2,37,714,L1,L2,0.0,26,71445246465756654412721152,11,7,0.084,0.111,8.0,1.0,12,4,0.063,0.075,6.9,1.0
slider,L1,L2,37,714,L2,L2,0.0,31,7144565544525245241227121117363,14,6,0.067,0.076,7.2,1.0,14,2,0.088,0.3,6.3,1.0
slider,L1,L2,38,6753,L1,L2,0.0,30,675334455454431534151133666122,13,5,0.06,0.075,6.6,1.0,13,1,0.359,3.525,6.5,1.0
slider,L1,L2,38,6753,L2,L2,0.0,15,675353464144533,5,3,0.074,0.077,8.0,1.0,6,0,0.068,0.11,6.8,1.0
slider,L1,L2,39,247,L1,L1,1.0,19,2474454455557477533,8,4,0.086,0.199,6.0,1.0,8,2,0.105,0.296,7.5,1.0
slider,L1,L2,39,247,L2,L2,0.0,11,24742445252,4,1,0.086,0.112,8.0,1.0,4,1,0.048,0.068,5.7,1.0
slider,L1,L2,40,4163,L1,L1,1.0,11,41634474335,4,2,0.043,0.076,4.5,1.0,3,0,0.07,0.074,8.0,1.0
slider,L1,L2,40,4163,L2,L1,1.0,16,4163414436655557,6,3,0.054,0.076,5.7,1.0,6,2,0.08,0.106,8.0,1.0
slider,L1,L2,41,312,L1,L2,0.0,18,312424432234231141,7,3,0.073,0.097,8.0,1.0,8,0,0.067,0.114,7.1,1.0
slider,L1,L2,41,312,L2,L2,0.0,17,31232522343765544,7,3,0.079,0.113,8.0,1.0,7,1,0.058,0.073,6.8,1.0
slider,L1,L2,42,7424,L1,L1,1.0,15,742443535334256,6,2,0.06,0.091,6.2,1.0,5,1,0.091,0.147,8.0,1.0
slider,L1,L2,42,7424,L2,L1,1.0,12,742443133241,4,1,0.05,0.073,5.7,1.0,4,1,0.072,0.075,8.0,1.0
slider,L1,L2,43,11,L1,L2,0.0,26,11244515244552341522143523,12,9,0.073,0.077,8.0,1.0,12,1,0.072,0.107,7.4,1.0
slider,L1,L2,43,11,L2,L1,1.0,20,11473244343343457556,9,2,0.059,0.073,6.7,1.0,9,2,0.106,0.295,7.9,1.0
slider,L1,L2,44,557,L1,L2,0.0,26,55745444115244556272276633,11,7,0.083,0.112,7.2,1.0,12,3,0.065,0.126,6.2,1.0
slider,L1,L2,44,557,L2,L1,1.0,16,5576446445526643,7,2,0.06,0.08,6.6,1.0,6,0,0.095,0.173,8.0,1.0
slider,L1,L2,45,57,L1,L2,0.0,30,573444143355433555472312767772,14,8,0.077,0.115,7.8,1.0,14,4,0.068,0.101,6.8,1.0
slider,L1,L2,45,57,L2,L2,0.0,15,574344533465657,6,0,0.07,0.076,8.0,1.0,7,2,0.066,0.105,6.6,1.0
slider,L1,L2,46,21,L1,L2,0.0,14,21447542252575,6,4,0.069,0.072,8.0,1.0,6,1,0.08,0.144,6.6,1.0
slider,L1,L2,46,21,L2,L2,0.0,11,21241414272,4,1,0.065,0.07,8.0,1.0,5,4,0.01,0.01,1.0,1.0
slider,L1,L2,47,1753,L1,L2,0.0,14,17534473745363,5,4,0.072,0.072,8.0,1.0,5,0,0.074,0.11,6.6,1.0
slider,L1,L2,47,1753,L2,L2,0.0,13,1753464621414,4,4,0.0,0.0,0.0,0.0,5,1,0.079,0.164,6.2,1.0
slider,L1,L2,48,7632,L1,L1,1.0,19,7632644123324413512,8,6,0.061,0.074,4.5,1.0,7,4,0.086,0.111,8.0,1.0
slider,L1,L2,48,7632,L2,L2,0.0,11,76324347434,3,3,0.0,0.0,0.0,0.0,4,0,0.066,0.111,6.2,1.0
slider,L1,L2,49,36,L1,L2,0.0,10,3676244626,4,3,0.067,0.067,8.0,1.0,4,1,0.052,0.077,5.7,1.0
slider,L1,L2,49,36,L2,L2,0.0,11,36424427355,4,2,0.067,0.068,8.0,1.0,5,1,0.057,0.076,6.2,1.0
slider,L2,random,0,35,L2,L2,1.0,13,3546614464335,6,2,0.076,0.145,6.2,1.0,5,5,0.0,0.0,0.0,0.0
slider,L2,random,0,35,random,L2,1.0,10,3524342647,4,1,0.049,0.071,5.7,1.0,4,4,0.0,0.0,0.0,0.0
slider,L2,random,1,6712,L2,L2,1.0,11,67124141424,4,1,0.053,0.077,5.7,1.0,3,3,0.0,0.0,0.0,0.0
slider,L2,random,1,6712,random,L2,1.0,12,671234242414,4,0,0.12,0.321,6.2,1.0,4,4,0.0,0.0,0.0,0.0
slider,L2,random,2,5547,L2,L2,1.0,13,5547424277254,5,2,0.053,0.078,5.7,1.0,4,4,0.0,0.0,0.0,0.0
slider,L2,random,2,5547,random,L2,1.0,18,554714224335647346,7,3,0.076,0.147,6.2,1.0,7,7,0.0,0.0,0.0,0.0
slider,L2,random,3,5767,L2,L2,1.0,7,5767463,2,0,0.047,0.084,4.5,1.0,1,1,0.0,0.0,0.0,0.0
slider,L2,random,3,5767,random,L2,1.0,14,57671414536474,5,1,0.058,0.076,6.2,1.0,5,5,0.0,0.0,0.0,0.0
slider,L2,random,4,775,L2,L2,1.0,7,7753446,2,0,0.042,0.075,4.5,1.0,2,2,0.0,0.0,0.0,0.0
slider,L2,random,4,775,random,random,0.0,13,7754545564446,5,0,0.074,0.078,8.0,1.0,5,5,0.0,0.0,0.0,0.0
slider,L2,random,5,215,L2,L2,1.0,13,2154415454745,5,1,0.052,0.068,6.2,1.0,5,5,0.0,0.0,0.0,0.0
slider,L2,random,5,215,random,L2,1.0,10,2154345454,4,0,0.063,0.112,6.2,1.0,3,3,0.0,0.0,0.0,0.0
slider,L2,random,6,13,L2,L2,1.0,11,13444642464,5,1,0.076,0.105,8.0,1.0,4,4,0.0,0.0,0.0,0.0
slider,L2,random,6,13,random,L2,1.0,14,13645643242373,6,2,0.059,0.075,6.2,1.0,6,6,0.0,0.0,0.0,0.0
slider,L2,random,7,41,L2,L2,1.0,11,41514257424,5,0,0.055,0.07,6.6,1.0,4,4,0.0,0.0,0.0,0.0
slider,L2,random,7,41,random,L2,1.0,20,41355425641445333342,9,4,0.069,0.112,6.6,1.0,9,9,0.0,0.0,0.0,0.0
slider,L2,random,8,4632,L2,L2,1.0,11,46324242614,4,1,0.062,0.106,5.7,1.0,3,3,0.0,0.0,0.0,0.0
slider,L2,random,8,4632,random,L2,1.0,16,4632245364136313,6,1,0.061,0.078,6.6,1.0,6,6,0.0,0.0,0.0,0.0
slider,L2,random,9,333,L2,random,0.0,12,333216255447,4,2,0.076,0.076,8.0,1.0,5,5,0.0,0.0,0.0,0.0
slider,L2,random,9,333,random,L2,1.0,16,3333347515747454,7,2,0.069,0.12,6.6,1.0,6,6,0.0,0.0,0.0,0.0
slider,L2,random,10,656,L2,L2,1.0,31,6567565155656244421644272147323,14,4,0.073,0.115,6.5,1.0,14,14,0.0,0.0,0.0,0.0
slider,L2,random,10,656,random,L2,1.0,16,6567345434434526,7,2,0.062,0.079,6.6,1.0,6,6,0.0,0.0,0.0,0.0
slider,L2,random,11,63,L2,L2,1.0,11,63454253464,5,0,0.057,0.073,6.6,1.0,4,4,0.0,0.0,0.0,0.0
slider,L2,random,11,63,random,L2,1.0,16,6374543446734162,7,2,0.071,0.124,6.6,1.0,7,7,0.0,0.0,0.0,0.0
slider,L2,random,12,55,L2,L2,1.0,7,5577436,3,1,0.044,0.076,4.5,1.0,2,2,0.0,0.0,0.0,0.0
slider,L2,random,12,55,random,L2,1.0,12,555464474667,5,1,0.058,0.075,6.2,1.0,5,5,0.0,0.0,0.0,0.0
slider,L2,random,13,342,L2,L2,1.0,15,342532414527353,6,2,0.056,0.074,6.2,1.0,6,6,0.0,0.0,0.0,0.0
slider,L2,random,13,342,random,L2,1.0,12,342324223474,5,1,0.053,0.071,6.2,1.0,4,4,0.0,0.0,0.0,0.0
slider,L2,random,14,6653,L2,L2,1.0,7,6653457,2,0,0.044,0.076,4.5,1.0,1,1,0.0,0.0,0.0,0.0
slider,L2,random,14,6653,random,L2,1.0,12,665324346464,4,0,0.057,0.074,6.2,1.0,4,4,0.0,0.0,0.0,0.0
slider,L2,random,15,76,L2,L2,1.0,17,76436747324333634,8,3,0.119,0.261,6.6,1.0,7,7,0.0,0.0,0.0,0.0
slider,L2,random,15,76,random,L2,1.0,20,76241426744172273676,9,2,0.081,0.158,7.0,1.0,9,9,0.0,0.0,0.0,0.0
slider,L2,random,16,344,L2,L2,1.0,11,34445112342,4,2,0.044,0.078,4.5,1.0,4,4,0.0,0.0,0.0,0.0
slider,L2,random,16,344,random,L2,1.0,10,3444242424,4,1,0.046,0.069,5.7,1.0,3,3,0.0,0.0,0.0,0.0
slider,L2,random,17,45,L2,L2,1.0,9,454655414,4,0,0.065,0.103,6.2,1.0,3,3,0.0,0.0,0.0,0.0
slider,L2,random,17,45,random,L2,1.0,16,4524252242432575,7,2,0.071,0.113,6.4,1.0,7,7,0.0,0.0,0.0,0.0
slider,L2,random,18,4714,L2,L2,1.0,7,4714362,2,0,0.087,0.164,4.5,1.0,1,1,0.0,0.0,0.0,0.0
slider,L2,random,18,4714,random,L2,1.0,16,4714634317252373,6,2,0.134,0.36,6.2,1.0,6,6,0.0,0.0,0.0,0.0
slider,L2,random,19,7775,L2,L2,1.0,11,77754141414,4,0,0.068,0.113,6.2,1.0,3,3,0.0,0.0,0.0,0.0
slider,L2,random,19,7775,random,L2,1.0,10,7775741372,3,1,0.085,0.152,4.5,1.0,3,3,0.0,0.0,0.0,0.0
slider,L2,random,20,453,L2,L2,1.0,17,45334457554634241,7,0,0.067,0.099,7.0,1.0,7,7,0.0,0.0,0.0,0.0
slider,L2,random,20,453,random,L2,1.0,24,453752644445576245661363,11,5,0.063,0.078,6.7,1.0,10,10,0.0,0.0,0.0,0.0
slider,L2,random,21,545,L2,L2,1.0,11,54534542362,4,0,0.057,0.075,6.2,1.0,4,4,0.0,0.0,0.0,0.0
slider,L2,random,21,545,random,L2,1.0,10,5454741234,4,2,0.041,0.071,4.5,1.0,3,3,0.0,0.0,0.0,0.0
slider,L2,random,22,7152,L2,L2,1.0,13,7152464754545,5,0,0.059,0.072,6.6,1.0,4,4,0.0,0.0,0.0,0.0
slider,L2,random,22,7152,random,L2,1.0,14,71524224133344,5,2,0.053,0.078,5.7,1.0,5,5,0.0,0.0,0.0,0.0
slider,L2,random,23,71,L2,L2,1.0,21,712672414744224335341,10,2,0.069,0.11,7.1,1.0,9,9,0.0,0.0,0.0,0.0
slider,L2,random,23,71,random,random,0.0,19,7144443573336463656,8,2,0.07,0.076,8.0,1.0,9,9,0.0,0.0,0.0,0.0
slider,L2,random,24,5616,L2,L2,1.0,15,561642454654613,6,1,0.06,0.075,6.6,1.0,5,5,0.0,0.0,0.0,0.0
slider,L2,random,24,5616,random,L2,1.0,10,5616554626,3,0,0.051,0.074,5.7,1.0,3,3,0.0,0.0,0.0,0.0
slider,L2,random,25,4424,L2,L2,1.0,7,4424365,2,0,0.039,0.069,4.5,1.0,1,1,0.0,0.0,0.0,0.0
slider,L2,random,25,4424,random,L2,1.0,12,442443234343,4,0,0.06,0.096,6.2,1.0,4,4,0.0,0.0,0.0,0.0
slider,L2,random,26,6464,L2,random,0.0,10,6464424113,3,1,0.089,0.109,8.0,1.0,3,3,0.0,0.0,0.0,0.0
slider,L2,random,26,6464,random,L2,1.0,10,6464667464,3,1,0.045,0.081,4.5,1.0,3,3,0.0,0.0,0.0,0.0
slider,L2,random,27,5354,L2,L2,1.0,11,53544247535,4,0,0.165,0.486,6.2,1.0,3,3,0.0,0.0,0.0,0.0
slider,L2,random,27,5354,random,L2,1.0,16,5354555374242574,6,1,0.517,1.612,6.6,1.0,6,6,0.0,0.0,0.0,0.0
slider,L2,random,28,3576,L2,L2,1.0,15,357621362177272,6,3,0.266,0.421,5.7,1.0,5,5,0.0,0.0,0.0,0.0
slider,L2,random,28,3576,random,L2,1.0,12,357665756365,4,1,0.158,0.385,5.7,1.0,4,4,0.0,0.0,0.0,0.0
slider,L2,random,29,6474,L2,L2,1.0,19,6474444236673632173,8,1,0.062,0.079,7.0,1.0,7,7,0.0,0.0,0.0,0.0
slider,L2,random,29,6474,random,L2,1.0,10,6474161434,3,1,0.044,0.079,4.5,1.0,3,3,0.0,0.0,0.0,0.0
slider,L2,random,30,237,L2,L2,1.0,13,2372424575464,5,1,0.055,0.072,6.2,1.0,5,5,0.0,0.0,0.0,0.0
slider,L2,random,30,237,random,L2,1.0,10,2374642424,4,0,0.057,0.075,6.2,1.0,3,3,0.0,0.0,0.0,0.0
slider,L2,random,31,112,L2,L2,1.0,13,1123671626262,5,2,0.052,0.076,5.7,1.0,5,5,0.0,0.0,0.0,0.0
slider,L2,random,31,112,random,L2,1.0,12,112445314121,5,1,0.051,0.068,6.2,1.0,4,4,0.0,0.0,0.0,0.0
slider,L2,random,32,5475,L2,random,0.0,14,54754344525641,5,0,0.07,0.073,8.0,1.0,5,5,0.0,0.0,0.0,0.0
slider,L2,random,32,5475,random,L2,1.0,22,5475443524335375353762,9,3,0.07,0.105,6.8,1.0,9,9,0.0,0.0,0.0,0.0
slider,L2,random,33,323,L2,L2,1.0,11,32354544323,4,0,0.055,0.073,6.2,1.0,4,4,0.0,0.0,0.0,0.0
slider,L2,random,33,323,random,L2,1.0,12,323433346464,5,0,0.055,0.071,6.6,1.0,4,4,0.0,0.0,0.0,0.0
slider,L2,random,34,4457,L2,L2,1.0,7,4457332,2,0,0.044,0.078,4.5,1.0,1,1,0.0,0.0,0.0,0.0
slider,L2,random,34,4457,random,L2,1.0,12,445755341434,4,0,0.068,0.107,6.2,1.0,4,4,0.0,0.0,0.0,0.0
slider,L2,random,35,745,L2,L2,1.0,13,7451415546716,5,1,0.058,0.076,6.2,1.0,5,5,0.0,0.0,0.0,0.0
slider,L2,random,35,745,random,L2,1.0,12,745724753474,5,2,0.179,0.384,5.7,1.0,4,4,0.0,0.0,0.0,0.0
slider,L2,random,36,1733,L2,L2,1.0,7,1733462,2,0,0.173,0.307,4.5,1.0,1,1,0.0,0.0,0.0,0.0
slider,L2,random,36,1733,random,L2,1.0,16,1733247443542323,6,0,0.081,0.118,6.8,1.0,6,6,0.0,0.0,0.0,0.0
slider,L2,random,37,714,L2,L2,1.0,11,71427546536,4,1,0.141,0.26,5.7,1.0,4,4,0.0,0.0,0.0,0.0
slider,L2,random,37,714,random,L2,1.0,14,71442512542474,6,1,0.069,0.107,6.6,1.0,5,5,0.0,0.0,0.0,0.0
slider,L2,random,38,6753,L2,L2,1.0,15,675346461761474,6,3,0.069,0.114,5.7,1.0,5,5,0.0,0.0,0.0,0.0
slider,L2,random,38,6753,random,L2,1.0,14,67534476551454,5,1,0.059,0.077,6.2,1.0,5,5,0.0,0.0,0.0,0.0
slider,L2,random,39,247,L2,random,0.0,10,2473463345,3,0,0.07,0.071,8.0,1.0,4,4,0.0,0.0,0.0,0.0
slider,L2,random,39,247,random,L2,1.0,10,2474555454,4,0,0.087,0.151,6.2,1.0,3,3,0.0,0.0,0.0,0.0
slider,L2,random,40,4163,L2,L2,1.0,9,416346454,3,0,0.05,0.07,5.7,1.0,2,2,0.0,0.0,0.0,0.0
slider,L2,random,40,4163,random,L2,1.0,20,41631443366227755554,8,4,0.055,0.073,6.2,1.0,8,8,0.0,0.0,0.0,0.0
slider,L2,random,41,312,L2,L2,1.0,11,31251231313,4,1,0.072,0.101,5.7,1.0,4,4,0.0,0.0,0.0,0.0
slider,L2,random,41,312,random,L2,1.0,16,3124647334617142,7,2,0.057,0.075,6.6,1.0,6,6,0.0,0.0,0.0,0.0
slider,L2,random,42,7424,L2,L2,1.0,15,742441464427272,6,0,0.066,0.12,6.5,1.0,5,5,0.0,0.0,0.0,0.0
slider,L2,random,42,7424,random,L2,1.0,10,7424333414,3,0,0.054,0.081,5.7,1.0,3,3,0.0,0.0,0.0,0.0
slider,L2,random,43,11,L2,L2,1.0,11,11454156454,5,2,0.052,0.074,5.7,1.0,4,4,0.0,0.0,0.0,0.0
slider,L2,random,43,11,random,L2,1.0,10,1114742233,4,1,0.047,0.067,5.7,1.0,4,4,0.0,0.0,0.0,0.0
slider,L2,random,44,557,L2,L2,1.0,9,557242226,3,1,0.041,0.071,4.5,1.0,3,3,0.0,0.0,0.0,0.0
slider,L2,random,44,557,random,L2,1.0,10,5574146414,4,0,0.073,0.14,6.2,1.0,3,3,0.0,0.0,0.0,0.0
slider,L2,random,45,57,L2,L2,1.0,11,57424457575,5,0,0.064,0.101,6.6,1.0,4,4,0.0,0.0,0.0,0.0
slider,L2,random,45,57,random,L2,1.0,14,57247374133464,6,1,0.071,0.125,6.6,1.0,6,6,0.0,0.0,0.0,0.0
slider,L2,random,46,21,L2,L2,1.0,11,21454335464,5,1,1.316,5.103,6.2,1.0,4,4,0.0,0.0,0.0,0.0
slider,L2,random,46,21,random,L2,1.0,12,211224245533,5,1,0.053,0.07,6.2,1.0,5,5,0.0,0.0,0.0,0.0
slider,L2,random,47,1753,L2,L2,1.0,11,17534647454,4,1,0.052,0.074,5.7,1.0,3,3,0.0,0.0,0.0,0.0
slider,L2,random,47,1753,random,L2,1.0,14,17537414731363,5,1,0.067,0.112,6.2,1.0,5,5,0.0,0.0,0.0,0.0
slider,L2,random,48,7632,L2,random,0.0,18,763245413552534554,7,3,0.075,0.078,8.0,1.0,7,7,0.0,0.0,0.0,0.0
slider,L2,random,48,7632,random,L2,1.0,12,763214541454,4,0,0.066,0.109,6.2,1.0,4,4,0.0,0.0,0.0,0.0
slider,L2,random,49,36,L2,L2,1.0,11,36144736373,5,1,0.059,0.078,6.2,1.0,4,4,0.0,0.0,0.0,0.0
slider,L2,random,49,36,random,L2,1.0,14,36646461461745,6,2,0.058,0.074,6.2,1.0,6,6,0.0,0.0,0.0,0.0
slider,L2,L3,0,35,L2,L3,0.0,22,3533444435413451735252,10,2,0.077,0.141,7.4,1.0,10,1,0.263,0.415,28.2,1.89
slider,L2,L3,0,35,L3,L3,0.0,25,3544334435565245222246633,11,2,0.09,0.246,7.8,1.0,12,0,0.274,0.819,25.8,1.92
slider,L2,L3,1,6712,L2,L3,0.0,28,6712444466262244356555552633,12,3,0.064,0.077,7.2,1.0,12,1,0.26,0.37,26.0,1.91
slider,L2,L3,1,6712,L3,L2,1.0,24,671244422442266662451557,10,2,0.063,0.078,6.9,1.0,10,2,0.282,0.324,31.0,2.0
slider,L2,L3,2,5547,L2,L2,1.0,9,554744326,3,0,0.079,0.149,5.7,1.0,2,0,0.191,0.295,19.0,2.0
slider,L2,L3,2,5547,L3,L3,0.0,7,5547342,1,0,0.068,0.068,8.0,1.0,2,0,0.202,0.362,18.0,1.5
slider,L2,L3,3,5767,L2,draw,0.5,42,576743443344565563776766453511113722222211,19,4,0.064,0.145,6.3,1.0,19,0,0.162,0.412,17.4,1.95
slider,L2,L3,3,5767,L3,L3,0.0,15,576743443344536,5,1,0.073,0.077,8.0,1.0,6,0,0.253,0.412,25.5,1.83
slider,L2,L3,4,775,L2,L3,0.0,22,7754445545544753333132,9,1,0.077,0.109,7.4,1.0,10,1,0.219,0.31,23.7,1.89
slider,L2,L3,4,775,L3,L3,0.0,21,775444455577435123332,9,2,0.079,0.11,8.0,1.0,9,2,0.233,0.406,24.1,1.86
slider,L2,L3,5,215,L2,L3,0.0,30,215444543355373447336521225266,13,3,0.065,0.086,7.2,1.0,14,4,0.212,0.392,22.6,1.9
slider,L2,L3,5,215,L3,L2,1.0,30,215444554522455421111122777373,14,1,0.055,0.096,6.2,1.0,13,2,0.212,0.422,24.0,2.0
slider,L2,L3,6,13,L2,L3,0.0,14,13445367544353,6,2,0.072,0.073,8.0,1.0,6,0,0.225,0.314,24.3,1.83
slider,L2,L3,6,13,L3,L3,0.0,31,1344344334343515557751151772122,14,1,0.052,0.062,6.5,1.0,15,1,0.228,0.34,25.7,1.93
slider,L2,L3,7,41,L2,L3,0.0,14,41537644535542,6,1,0.075,0.082,8.0,1.0,6,1,0.207,0.416,21.6,1.8
slider,L2,L3,7,41,L3,L3,0.0,11,41554566543,4,3,0.077,0.077,8.0,1.0,5,1,0.232,0.405,25.0,1.75
slider,L2,L3,8,4632,L2,L2,1.0,27,463244734334631666227377555,12,4,0.238,1.214,7.0,1.0,11,1,0.513,2.099,28.3,2.0
slider,L2,L3,8,4632,L3,L3,0.0,23,46323443443346666575755,9,0,0.083,0.152,7.4,1.0,10,1,0.227,0.346,25.1,1.89
slider,L2,L3,9,333,L2,L3,0.0,16,3332444223443455,6,1,0.067,0.092,7.8,1.0,7,0,0.236,0.31,27.0,1.86
slider,L2,L3,9,333,L3,L3,0.0,19,3334444433453675556,8,3,0.061,0.068,7.4,1.0,8,0,0.243,0.662,21.9,1.88
slider,L2,L3,10,656,L2,L3,0.0,10,6564664342,3,1,0.105,0.107,8.0,1.0,4,1,0.271,0.57,16.3,1.67
slider,L2,L3,10,656,L3,L3,0.0,13,6564455324437,5,0,0.07,0.076,8.0,1.0,5,0,0.183,0.241,21.0,1.8
slider,L2,L3,11,63,L2,L3,0.0,16,6344433436436655,7,1,0.107,0.114,8.0,1.0,7,1,0.359,0.49,25.3,1.83
slider,L2,L3,11,63,L3,L3,0.0,25,6374434525533644535546316,11,4,0.071,0.086,7.7,1.0,12,2,0.226,0.364,24.2,1.9
slider,L2,L3,12,55,L2,L2,1.0,7,5544637,3,1,0.076,0.143,4.5,1.0,2,0,0.155,0.232,19.0,2.0
slider,L2,L3,12,55,L3,L3,0.0,7,5544342,2,0,0.365,0.623,8.0,1.0,3,0,0.331,0.62,20.0,1.67
slider,L2,L3,13,342,L2,L3,0.0,20,34244332324433242255,8,1,0.058,0.062,7.6,1.0,9,0,0.192,0.279,24.0,1.89
slider,L2,L3,13,342,L3,L3,0.0,13,3423473443221,5,2,0.108,0.109,8.0,1.0,5,0,0.384,0.579,26.4,1.8
slider,L2,L3,14,6653,L2,L2,1.0,19,6653744433175564422,8,3,0.058,0.072,6.6,1.0,7,2,0.264,0.342,28.8,2.0
slider,L2,L3,14,6653,L3,L3,0.0,7,6653447,1,0,0.25,0.25,8.0,1.0,2,0,0.23,0.443,16.5,1.5
slider,L2,L3,15,76,L2,L3,0.0,32,76446454426566476222225557511777,15,3,0.064,0.099,6.5,1.0,15,2,0.199,0.336,22.5,1.92
slider,L2,L3,15,76,L3,L3,0.0,23,76144443533354132245322,10,2,0.115,0.123,7.9,1.0,11,2,0.433,1.025,28.0,1.89
slider,L2,L3,16,344,L2,L3,0.0,18,344734334434532556,7,1,0.071,0.086,7.5,1.0,8,2,0.224,0.408,24.0,1.83
slider,L2,L3,16,344,L3,L3,0.0,9,344734313,3,2,0.114,0.114,8.0,1.0,3,0,0.287,0.444,20.0,1.67
slider,L2,L3,17,45,L2,L2,1.0,21,454444555514151132312,10,2,0.076,0.097,6.4,1.0,9,2,0.348,0.474,25.6,2.0
slider,L2,L3,17,45,L3,L3,0.0,33,454455454415533331311311777766622,15,5,0.091,0.149,6.2,1.0,16,2,0.305,0.66,20.4,1.93
slider,L2,L3,18,4714,L2,L2,1.0,7,4714372,2,0,0.058,0.104,4.5,1.0,1,1,0.0,0.0,0.0,0.0
slider,L2,L3,18,4714,L3,L3,0.0,27,471432343342264636655545566,11,2,0.088,0.106,7.8,1.0,12,0,0.352,0.714,28.2,1.92
slider,L2,L3,19,7775,L2,L2,1.0,25,7775444554554425722222133,11,1,0.105,0.172,6.5,1.0,10,0,0.522,1.838,25.2,2.0
slider,L2,L3,19,7775,L3,L3,0.0,33,777544544544575573137633331611122,14,3,0.055,0.07,6.2,1.0,15,3,0.208,0.412,22.5,1.92
slider,L2,L3,20,453,L2,L3,0.0,20,45343344354134535252,8,0,0.07,0.134,7.4,1.0,9,0,0.24,0.43,27.7,1.89
slider,L2,L3,20,453,L3,L3,0.0,21,453445334552344352322,9,1,0.118,0.159,7.5,1.0,9,1,0.416,0.877,26.1,1.88
slider,L2,L3,21,545,L2,L3,0.0,14,54514455443332,5,0,0.069,0.071,8.0,1.0,6,1,0.181,0.267,21.2,1.8
slider,L2,L3,21,545,L3,L3,0.0,19,5454454455433213336,8,1,0.068,0.078,7.6,1.0,8,1,0.406,1.014,23.3,1.86
slider,L2,L3,22,7152,L2,L3,0.0,30,715246445524252246615664527677,13,1,0.078,0.117,7.6,1.0,13,0,0.226,0.327,24.1,1.92
slider,L2,L3,22,7152,L3,L2,1.0,18,715246524455466233,7,0,0.062,0.074,7.0,1.0,7,1,0.304,0.388,31.8,2.0
slider,L2,L3,23,71,L2,L3,0.0,26,71445655445432332533642322,12,0,0.411,4.128,7.8,1.0,12,0,0.226,0.345,26.7,1.92
slider,L2,L3,23,71,L3,L3,0.0,23,71445655544347533331422,10,2,0.074,0.105,8.0,1.0,11,2,0.234,0.319,25.9,1.89
slider,L2,L3,24,5616,L2,L3,0.0,18,561644566574455447,7,2,0.174,0.256,8.0,1.0,7,1,0.378,0.582,24.3,1.83
slider,L2,L3,24,5616,L3,L2,1.0,10,5616447527,3,0,0.049,0.07,5.7,1.0,3,2,0.307,0.307,29.0,2.0
slider,L2,L3,25,4424,L2,L3,0.0,20,44243521455554335346,8,3,0.072,0.098,7.8,1.0,8,0,0.196,0.405,22.2,1.88
slider,L2,L3,25,4424,L3,L3,0.0,19,4424437332366555566,7,2,0.067,0.071,8.0,1.0,8,1,0.223,0.33,25.0,1.86
slider,L2,L3,26,6464,L2,L3,0.0,30,646446446455575655671122221233,13,3,0.11,0.164,6.6,1.0,13,4,0.34,0.859,21.1,1.89
slider,L2,L3,26,6464,L3,L3,0.0,15,646443433366414,5,2,0.068,0.068,8.0,1.0,6,1,0.258,0.294,30.0,2.0
slider,L2,L3,27,5354,L2,L2,1.0,23,53544345343643655453277,10,0,0.067,0.129,6.9,1.0,9,2,0.243,0.297,27.7,2.0
slider,L2,L3,27,5354,L3,L3,0.0,11,53544343346,3,0,0.105,0.106,8.0,1.0,4,0,0.302,0.559,19.0,1.75
slider,L2,L3,28,3576,L2,L3,0.0,20,35764454455466461233,8,4,0.07,0.077,7.8,1.0,8,1,0.219,0.33,24.3,1.86
slider,L2,L3,28,3576,L3,L2,1.0,18,357644344336657525,7,0,0.104,0.16,7.0,1.0,7,1,0.588,1.432,30.7,2.0
slider,L2,L3,29,6474,L2,L3,0.0,34,6474444323163336222664632277771711,15,2,0.057,0.078,6.5,1.0,15,0,0.275,0.744,27.2,1.93
slider,L2,L3,29,6474,L3,L3,0.0,19,6474424461363333655,7,4,0.076,0.085,8.0,1.0,8,0,0.257,0.415,26.8,1.88
slider,L2,L3,30,237,L2,L3,0.0,8,23744635,2,0,0.068,0.071,8.0,1.0,3,1,0.139,0.269,15.0,1.5
slider,L2,L3,30,237,L3,L2,1.0,40,2374433424334225655534552216666611111777,19,1,0.091,0.191,6.1,1.0,18,4,0.339,0.639,21.4,2.0
slider,L2,L3,31,112,L2,L3,0.0,16,1124344323133221,6,3,0.062,0.063,8.0,1.0,7,0,0.23,0.309,26.4,1.86
slider,L2,L3,31,112,L3,L2,1.0,10,1124454637,4,1,0.047,0.069,5.7,1.0,3,1,0.203,0.324,23.0,2.0
slider,L2,L3,32,5475,L2,L3,0.0,12,547544252545,4,3,0.117,0.117,8.0,1.0,4,1,0.188,0.296,19.7,1.67
slider,L2,L3,32,5475,L3,L3,0.0,35,54755444554475771772222333322336166,15,1,0.059,0.121,5.7,1.0,16,2,0.191,0.333,20.6,1.93
slider,L2,L3,33,323,L2,L3,0.0,28,3233445674435543345755777766,12,3,0.115,0.181,7.2,1.0,13,2,0.405,0.686,27.9,1.91
slider,L2,L3,33,323,L3,L2,1.0,18,323442335454554242,8,0,0.065,0.099,7.1,1.0,7,2,0.241,0.294,29.0,2.0
slider,L2,L3,34,4457,L2,L2,1.0,7,4457326,2,0,0.057,0.079,4.5,1.0,1,0,0.079,0.079,9.0,2.0
slider,L2,L3,34,4457,L3,L3,0.0,7,4457326,1,0,0.189,0.189,8.0,1.0,2,0,0.133,0.252,15.0,1.5
slider,L2,L3,35,745,L2,L3,0.0,26,74544554656614756664333313,11,5,0.07,0.09,7.7,1.0,12,0,0.262,0.444,26.3,1.92
slider,L2,L3,35,745,L3,L2,1.0,36,745445554457745333133312722211117722,17,2,0.095,0.203,5.9,1.0,16,1,0.324,0.55,22.2,2.0
slider,L2,L3,36,1733,L2,L3,0.0,14,17334256644251,5,3,0.075,0.078,8.0,1.0,5,0,0.183,0.3,19.0,1.8
slider,L2,L3,36,1733,L3,L3,0.0,23,17337445644331413413665,9,4,0.068,0.075,7.4,1.0,10,2,0.26,0.325,28.1,2.0
slider,L2,L3,37,714,L2,L3,0.0,34,7144441555541511451332333377777622,15,3,0.069,0.188,6.0,1.0,16,2,0.197,0.422,21.8,1.93
slider,L2,L3,37,714,L3,L3,0.0,17,71445655445333712,7,1,0.121,0.16,8.0,1.0,7,1,1.017,4.382,26.7,1.83
slider,L2,L3,38,6753,L2,L3,0.0,18,675355663633156544,7,4,0.108,0.115,8.0,1.0,7,0,0.239,0.342,27.9,1.86
slider,L2,L3,38,6753,L3,L3,0.0,17,67534455446455333,6,2,0.081,0.11,8.0,1.0,7,0,0.236,0.387,25.7,1.86
slider,L2,L3,39,247,L2,L3,0.0,12,247314433241,4,1,0.12,0.144,8.0,1.0,5,1,0.408,0.666,29.8,1.75
slider,L2,L3,39,247,L3,L3,0.0,29,24744144711333336437666671155,13,3,0.082,0.146,7.4,1.0,13,2,0.305,0.892,27.7,1.91
slider,L2,L3,40,4163,L2,L3,0.0,22,4163443364262122432343,9,3,0.115,0.122,8.0,1.0,9,1,0.463,1.434,21.4,1.88
slider,L2,L3,40,4163,L3,L3,0.0,13,4163451433546,4,1,0.069,0.07,8.0,1.0,5,1,0.199,0.287,22.8,1.75
slider,L2,L3,41,312,L2,L2,1.0,17,31244344732334232,7,1,0.08,0.21,6.8,1.0,7,1,0.311,0.358,32.3,2.0
slider,L2,L3,41,312,L3,L3,0.0,21,312443344345356553572,9,3,0.108,0.148,8.0,1.0,9,0,0.357,0.53,24.9,1.89
slider,L2,L3,42,7424,L2,L3,0.0,24,742473433242343324776611,10,3,0.065,0.072,7.6,1.0,10,0,0.224,0.427,25.0,1.9
slider,L2,L3,42,7424,L3,L3,0.0,15,742443334565565,5,1,0.093,0.159,8.0,1.0,6,0,0.234,0.326,23.8,1.83
slider,L2,L3,43,11,L2,L3,0.0,22,1144323356447343345556,10,2,0.117,0.257,7.5,1.0,10,0,0.311,0.427,23.0,1.9
slider,L2,L3,43,11,L3,L3,0.0,17,11443233443344655,7,0,0.079,0.105,7.9,1.0,8,0,0.263,0.387,28.1,1.88
slider,L2,L3,44,557,L2,L3,0.0,16,5574445445543372,6,1,0.069,0.073,7.8,1.0,7,0,0.289,0.506,25.1,1.86
slider,L2,L3,44,557,L3,L3,0.0,7,5575446,2,1,0.108,0.108,8.0,1.0,2,0,0.232,0.449,15.0,1.5
slider,L2,L3,45,57,L2,L2,1.0,7,5744326,3,0,0.08,0.121,5.7,1.0,2,0,0.276,0.43,22.0,2.0
slider,L2,L3,45,57,L3,L3,0.0,7,5745342,2,1,0.104,0.104,8.0,1.0,3,0,0.294,0.507,21.7,1.67
slider,L2,L3,46,21,L2,L3,0.0,18,214453413354235522,8,0,0.073,0.11,8.0,1.0,8,1,0.226,0.402,25.4,1.86
slider,L2,L3,46,21,L3,L3,0.0,21,214442442333325325455,9,0,0.103,0.142,7.9,1.0,10,1,0.395,0.578,28.0,1.89
slider,L2,L3,47,1753,L2,L3,0.0,24,175344554435333443577766,10,2,0.072,0.1,7.8,1.0,10,0,0.224,0.311,25.0,1.9
slider,L2,L3,47,1753,L3,L3,0.0,25,1753144435343345543177522,10,2,0.072,0.122,7.5,1.0,11,1,0.242,0.348,27.6,1.9
slider,L2,L3,48,7632,L2,L2,1.0,17,76324644335452545,7,1,0.064,0.084,6.8,1.0,6,2,0.256,0.299,26.8,2.0
slider,L2,L3,48,7632,L3,L3,0.0,23,76324447334432535555422,9,2,0.665,4.139,7.9,1.0,10,1,0.248,0.324,27.8,1.89
slider,L2,L3,49,36,L2,L3,0.0,24,364434413364364361166155,11,1,0.063,0.084,7.1,1.0,11,1,0.223,0.349,25.5,1.9
slider,L2,L3,49,36,L3,L3,0.0,11,36472326445,4,2,0.089,0.107,8.0,1.0,5,2,1.568,4.449,24.7,1.67
slider,L3,random,0,35,L3,L3,1.0,11,35464455356,5,0,0.373,0.765,25.0,1.8,4,4,0.0,0.0,0.0,0.0
slider,L3,random,0,35,random,L3,1.0,18,354443656366721545,8,3,0.242,0.423,25.0,1.8,8,8,0.0,0.0,0.0,0.0
slider,L3,random,1,6712,L3,L3,1.0,19,6712474331332627755,8,0,0.297,0.449,30.8,1.88,7,7,0.0,0.0,0.0,0.0
slider,L3,random,1,6712,random,L3,1.0,14,67121444424252,5,0,0.223,0.298,24.4,1.8,5,5,0.0,0.0,0.0,0.0
slider,L3,random,2,5547,L3,L3,1.0,7,5547342,2,0,0.205,0.398,18.0,1.5,1,1,0.0,0.0,0.0,0.0
slider,L3,random,2,5547,random,L3,1.0,18,554714143276652523,7,0,0.464,1.409,22.6,1.86,7,7,0.0,0.0,0.0,0.0
slider,L3,random,3,5767,L3,L3,1.0,7,5767473,2,0,0.16,0.309,15.0,1.5,1,1,0.0,0.0,0.0,0.0
slider,L3,random,3,5767,random,L3,1.0,14,57671444556627,5,0,0.244,0.342,27.4,1.8,5,5,0.0,0.0,0.0,0.0
slider,L3,random,4,775,L3,L3,1.0,13,7751465444545,5,0,0.362,0.769,26.2,1.8,5,5,0.0,0.0,0.0,0.0
slider,L3,random,4,775,random,L3,1.0,14,77541445152545,6,0,0.223,0.298,25.3,1.83,5,5,0.0,0.0,0.0,0.0
slider,L3,random,5,215,L3,L3,1.0,7,2152453,2,0,0.184,0.356,15.0,1.5,2,2,0.0,0.0,0.0,0.0
slider,L3,random,5,215,random,L3,1.0,16,2154441554546674,7,1,0.294,0.682,28.7,1.83,6,6,0.0,0.0,0.0,0.0
slider,L3,random,6,13,L3,L3,1.0,23,13434132443741334225556,11,0,0.379,1.059,25.1,1.91,10,10,0.0,0.0,0.0,0.0
slider,L3,random,6,13,random,L3,1.0,16,1364645367163434,7,1,0.214,0.328,22.3,1.83,7,7,0.0,0.0,0.0,0.0
slider,L3,random,7,41,L3,L3,1.0,15,411647312647614,7,4,0.211,0.378,25.7,1.67,6,6,0.0,0.0,0.0,0.0
slider,L3,random,7,41,random,L3,1.0,18,415445142367651223,8,1,0.21,0.323,24.9,1.86,8,8,0.0,0.0,0.0,0.0
slider,L3,random,8,4632,L3,L3,1.0,11,46323747313,4,0,0.22,0.337,25.0,1.75,3,3,0.0,0.0,0.0,0.0
slider,L3,random,8,4632,random,L3,1.0,16,4632742644665573,6,1,0.343,0.807,26.8,1.8,6,6,0.0,0.0,0.0,0.0
slider,L3,random,9,333,L3,L3,1.0,9,333643235,3,0,0.188,0.281,21.7,1.67,3,3,0.0,0.0,0.0,0.0
slider,L3,random,9,333,random,L3,1.0,12,333252352244,5,1,0.26,0.403,28.0,1.75,4,4,0.0,0.0,0.0,0.0
slider,L3,random,10,656,L3,L3,1.0,11,65624551626,4,0,0.232,0.338,25.0,1.75,4,4,0.0,0.0,0.0,0.0
slider,L3,random,10,656,random,L3,1.0,12,656474265474,5,1,0.208,0.314,23.0,1.75,4,4,0.0,0.0,0.0,0.0
slider,L3,random,11,63,L3,L3,1.0,11,63454437536,5,0,0.247,0.397,24.0,1.8,4,4,0.0,0.0,0.0,0.0
slider,L3,random,11,63,random,L3,1.0,10,6334143512,4,1,0.175,0.284,19.7,1.67,4,4,0.0,0.0,0.0,0.0
slider,L3,random,12,55,L3,L3,1.0,7,5542663,3,0,0.196,0.299,21.7,1.67,2,2,0.0,0.0,0.0,0.0
slider,L3,random,12,55,random,L3,1.0,18,551464465625544616,8,0,0.262,0.325,29.0,1.88,8,8,0.0,0.0,0.0,0.0
slider,L3,random,13,342,L3,L3,1.0,11,34243247323,4,2,0.132,0.253,15.0,1.5,4,4,0.0,0.0,0.0,0.0
slider,L3,random,13,342,random,L3,1.0,8,34243464,3,0,0.149,0.223,19.7,1.67,2,2,0.0,0.0,0.0,0.0
slider,L3,random,14,6653,L3,L3,1.0,7,6653437,2,0,0.165,0.319,16.5,1.5,1,1,0.0,0.0,0.0,0.0
slider,L3,random,14,6653,random,L3,1.0,12,665324744523,4,0,0.229,0.361,25.5,1.75,4,4,0.0,0.0,0.0,0.0
slider,L3,random,15,76,L3,L3,1.0,31,7672466662472244412345256111575,15,2,0.29,0.656,27.2,1.92,14,14,0.0,0.0,0.0,0.0
slider,L3,random,15,76,random,L3,1.0,16,7664446466744365,7,0,0.278,0.631,26.0,1.86,7,7,0.0,0.0,0.0,0.0
slider,L3,random,16,344,L3,L3,1.0,13,3441355543454,5,0,0.258,0.464,26.0,1.8,5,5,0.0,0.0,0.0,0.0
slider,L3,random,16,344,random,L3,1.0,12,344354234373,5,1,0.276,0.361,31.0,2.0,4,4,0.0,0.0,0.0,0.0
slider,L3,random,17,45,L3,L3,1.0,25,4544544227212472155277133,12,1,0.25,0.32,28.5,1.91,11,11,0.0,0.0,0.0,0.0
slider,L3,random,17,45,random,L3,1.0,12,457425136545,5,0,0.198,0.352,22.4,1.8,5,5,0.0,0.0,0.0,0.0
slider,L3,random,18,4714,L3,L3,1.0,7,4714342,2,0,0.137,0.265,15.5,1.5,1,1,0.0,0.0,0.0,0.0
slider,L3,random,18,4714,random,L3,1.0,14,47142353557313,5,1,0.19,0.299,19.5,1.75,5,5,0.0,0.0,0.0,0.0
slider,L3,random,19,7775,L3,L3,1.0,27,777545475441515275434226326,12,2,0.229,0.309,25.6,1.9,11,11,0.0,0.0,0.0,0.0
slider,L3,random,19,7775,random,L3,1.0,12,777574244566,4,0,0.221,0.314,24.8,1.75,4,4,0.0,0.0,0.0,0.0
slider,L3,random,20,453,L3,L3,1.0,11,45343646313,4,0,0.198,0.28,22.8,1.75,4,4,0.0,0.0,0.0,0.0
slider,L3,random,20,453,random,L3,1.0,16,4534331244437343,7,0,0.469,1.961,23.4,1.86,6,6,0.0,0.0,0.0,0.0
slider,L3,random,21,545,L3,L3,1.0,23,54544544554221353623312,10,1,0.215,0.331,23.6,1.89,10,10,0.0,0.0,0.0,0.0
slider,L3,random,21,545,random,L3,1.0,12,545355341474,5,1,0.176,0.285,19.0,1.75,4,4,0.0,0.0,0.0,0.0
slider,L3,random,22,7152,L3,L3,1.0,7,7152446,2,0,0.127,0.242,15.0,1.5,1,1,0.0,0.0,0.0,0.0
slider,L3,random,22,7152,random,L3,1.0,18,715264374254632525,7,1,0.275,0.414,25.0,1.83,7,7,0.0,0.0,0.0,0.0
slider,L3,random,23,71,L3,L3,1.0,7,7144536,3,0,0.165,0.246,20.3,1.67,2,2,0.0,0.0,0.0,0.0
slider,L3,random,23,71,random,L3,1.0,12,715474332532,5,0,0.259,0.452,27.6,1.8,5,5,0.0,0.0,0.0,0.0
slider,L3,random,24,5616,L3,L3,1.0,11,56164745312,4,0,0.223,0.317,24.2,1.75,3,3,0.0,0.0,0.0,0.0
slider,L3,random,24,5616,random,L3,1.0,16,5616756557673727,6,1,0.27,0.438,29.8,1.8,6,6,0.0,0.0,0.0,0.0
slider,L3,random,25,4424,L3,L3,1.0,7,4424351,2,1,0.011,0.011,1.0,1.0,1,1,0.0,0.0,0.0,0.0
slider,L3,random,25,4424,random,L3,1.0,12,442463752474,4,0,0.199,0.343,22.0,1.75,4,4,0.0,0.0,0.0,0.0
slider,L3,random,26,6464,L3,L3,1.0,11,64644544616,4,0,0.215,0.344,24.2,1.75,3,3,0.0,0.0,0.0,0.0
slider,L3,random,26,6464,random,L3,1.0,18,646413435455452565,7,0,0.287,0.394,31.9,1.86,7,7,0.0,0.0,0.0,0.0
slider,L3,random,27,5354,L3,random,0.0,10,5354453261,3,1,0.313,0.356,32.0,2.0,3,3,0.0,0.0,0.0,0.0
slider,L3,random,27,5354,random,L3,1.0,16,5354433424633414,6,0,0.224,0.334,25.5,1.83,6,6,0.0,0.0,0.0,0.0
slider,L3,random,28,3576,L3,L3,1.0,11,35764542414,4,0,0.2,0.297,22.0,1.75,3,3,0.0,0.0,0.0,0.0
slider,L3,random,28,3576,random,L3,1.0,20,35765654553344223714,8,1,0.299,0.762,27.7,1.86,8,8,0.0,0.0,0.0,0.0
slider,L3,random,29,6474,L3,L3,1.0,13,6474464246624,5,1,0.25,0.44,28.0,1.75,4,4,0.0,0.0,0.0,0.0
slider,L3,random,29,6474,random,L3,1.0,10,6474133464,3,0,0.263,0.437,29.7,1.67,3,3,0.0,0.0,0.0,0.0
slider,L3,random,30,237,L3,L3,1.0,15,237231435651535,6,0,0.272,0.419,29.5,1.83,6,6,0.0,0.0,0.0,0.0
slider,L3,random,30,237,random,L3,1.0,14,23741734713454,6,2,0.239,0.425,22.0,1.75,5,5,0.0,0.0,0.0,0.0
slider,L3,random,31,112,L3,L3,1.0,7,1126463,2,0,0.125,0.24,15.0,1.5,2,2,0.0,0.0,0.0,0.0
slider,L3,random,31,112,random,L3,1.0,16,1124546552121212,7,0,0.256,0.344,28.4,1.86,6,6,0.0,0.0,0.0,0.0
slider,L3,random,32,5475,L3,random,0.0,20,54754741275774565636,8,2,0.289,0.503,30.3,2.0,8,8,0.0,0.0,0.0,0.0
slider,L3,random,32,5475,random,L3,1.0,14,54751445147565,5,1,0.24,0.361,22.5,1.75,5,5,0.0,0.0,0.0,0.0
slider,L3,random,33,323,L3,L3,1.0,21,323143422553536632626,9,2,0.243,0.44,25.6,1.86,9,9,0.0,0.0,0.0,0.0
slider,L3,random,33,323,random,L3,1.0,18,323332211415115472,8,2,0.258,0.462,26.3,1.83,7,7,0.0,0.0,0.0,0.0
slider,L3,random,34,4457,L3,L3,1.0,7,4457326,2,0,0.13,0.25,15.0,1.5,1,1,0.0,0.0,0.0,0.0
slider,L3,random,34,4457,random,L3,1.0,14,44576355146633,5,0,0.327,0.817,23.4,1.8,5,5,0.0,0.0,0.0,0.0
slider,L3,random,35,745,L3,L3,1.0,17,74534745512642254,7,1,0.239,0.433,23.5,1.83,7,7,0.0,0.0,0.0,0.0
slider,L3,random,35,745,random,L3,1.0,10,7454654617,4,1,0.331,0.459,31.7,2.0,3,3,0.0,0.0,0.0,0.0
slider,L3,random,36,1733,L3,L3,1.0,7,1733432,2,0,0.164,0.317,15.0,1.5,1,1,0.0,0.0,0.0,0.0
slider,L3,random,36,1733,random,L3,1.0,12,173354246562,4,0,0.248,0.392,24.0,1.75,4,4,0.0,0.0,0.0,0.0
slider,L3,random,37,714,L3,L3,1.0,11,71414111526,4,0,0.215,0.396,21.2,1.75,4,4,0.0,0.0,0.0,0.0
slider,L3,random,37,714,random,L3,1.0,12,714415651575,5,0,0.316,0.659,28.6,1.8,4,4,0.0,0.0,0.0,0.0
slider,L3,random,38,6753,L3,L3,1.0,21,675345473776135445122,9,3,0.273,0.416,25.3,1.83,8,8,0.0,0.0,0.0,0.0
slider,L3,random,38,6753,random,L3,1.0,14,67536223666471,5,1,0.22,0.447,21.2,1.75,5,5,0.0,0.0,0.0,0.0
slider,L3,random,39,247,L3,L3,1.0,15,247357354346414,6,2,0.273,0.391,23.5,1.75,6,6,0.0,0.0,0.0,0.0
slider,L3,random,39,247,random,L3,1.0,14,24734374777353,6,0,0.297,0.478,25.8,1.83,5,5,0.0,0.0,0.0,0.0
slider,L3,random,40,4163,L3,L3,1.0,9,416343464,3,0,0.164,0.25,19.7,1.67,2,2,0.0,0.0,0.0,0.0
slider,L3,random,40,4163,random,L3,1.0,14,41635754452476,5,0,0.277,0.5,22.4,1.8,5,5,0.0,0.0,0.0,0.0
slider,L3,random,41,312,L3,L3,1.0,7,3127425,2,0,0.15,0.29,15.0,1.5,2,2,0.0,0.0,0.0,0.0
slider,L3,random,41,312,random,L3,1.0,12,312443446342,5,0,0.295,0.727,26.2,1.8,4,4,0.0,0.0,0.0,0.0
slider,L3,random,42,7424,L3,L3,1.0,25,7424474244255636273663332,11,1,0.244,0.461,23.1,1.9,10,10,0.0,0.0,0.0,0.0
slider,L3,random,42,7424,random,L3,1.0,14,74245577644766,5,2,0.184,0.271,19.7,1.67,5,5,0.0,0.0,0.0,0.0
slider,L3,random,43,11,L3,L3,1.0,13,1143566241523,6,3,0.272,0.303,29.0,2.0,5,5,0.0,0.0,0.0,0.0
slider,L3,random,43,11,random,L3,1.0,12,116413237412,5,0,0.303,0.542,29.4,1.8,5,5,0.0,0.0,0.0,0.0
slider,L3,random,44,557,L3,L3,1.0,7,5571416,2,0,0.127,0.242,15.0,1.5,2,2,0.0,0.0,0.0,0.0
slider,L3,random,44,557,random,L3,1.0,14,55744425746545,6,0,0.235,0.4,25.7,1.83,5,5,0.0,0.0,0.0,0.0
slider,L3,random,45,57,L3,L3,1.0,9,574245424,4,0,0.207,0.333,25.0,1.75,3,3,0.0,0.0,0.0,0.0
slider,L3,random,45,57,random,L3,1.0,12,573414237474,5,0,0.233,0.379,27.0,1.8,5,5,0.0,0.0,0.0,0.0
slider,L3,random,46,21,L3,L3,1.0,11,21432747341,5,1,0.226,0.377,22.0,1.75,4,4,0.0,0.0,0.0,0.0
slider,L3,random,46,21,random,L3,1.0,14,21145162727252,6,1,0.282,0.508,29.4,1.8,6,6,0.0,0.0,0.0,0.0
slider,L3,random,47,1753,L3,L3,1.0,11,17531775121,4,0,0.289,0.441,28.2,1.75,3,3,0.0,0.0,0.0,0.0
slider,L3,random,47,1753,random,L3,1.0,10,1753376767,3,0,0.417,0.896,35.7,1.67,3,3,0.0,0.0,0.0,0.0
slider,L3,random,48,7632,L3,L3,1.0,13,7632444536323,5,0,0.245,0.345,27.0,1.8,4,4,0.0,0.0,0.0,0.0
slider,L3,random,48,7632,random,L3,1.0,16,7632234413542343,6,0,0.897,4.273,27.0,1.83,6,6,0.0,0.0,0.0,0.0
slider,L3,random,49,36,L3,L3,1.0,17,36414633676744636,8,0,0.25,0.332,29.1,1.88,7,7,0.0,0.0,0.0,0.0
slider,L3,random,49,36,random,L3,1.0,12,361434633474,5,0,0.219,0.371,24.6,1.8,5,5,0.0,0.0,0.0,0.0
slider,L3,L4,0,35,L3,L4,0.0,12,354434334526,5,1,0.236,0.271,30.0,2.0,5,0,0.587,0.908,72.2,2.6
slider,L3,L4,0,35,L4,L4,0.0,27,355443454454556616611116336,12,2,0.221,0.364,26.9,2.0,13,0,0.78,1.359,89.8,2.85
slider,L3,L4,1,6712,L3,L3,1.0,25,6712444462245355531665331,11,0,0.273,0.523,28.5,1.91,10,0,0.993,1.798,111.1,2.9
slider,L3,L4,1,6712,L4,L4,0.0,25,6712444466433763322163411,10,2,0.307,0.42,35.4,2.0,11,0,1.035,1.388,115.3,2.82
slider,L3,L4,2,5547,L3,L3,1.0,7,5547326,2,0,0.184,0.359,18.0,1.5,1,0,0.077,0.077,9.0,2.0
slider,L3,L4,2,5547,L4,L4,0.0,7,5547326,1,0,0.075,0.075,9.0,2.0,2,0,0.408,0.808,46.0,2.0
slider,L3,L4,3,5767,L3,L3,1.0,25,5767434444335655656645777,11,1,0.223,0.283,25.2,1.9,10,0,0.681,1.487,71.7,2.9
slider,L3,L4,3,5767,L4,draw,0.5,42,576743443356554463354522223666117777111122,19,2,0.161,0.425,17.5,1.94,19,0,0.607,1.294,65.9,2.95
slider,L3,L4,4,775,L3,L3,1.0,37,7754144454555451611773311222222776633,17,2,0.19,0.326,21.7,1.93,17,0,0.681,1.835,69.6,2.94
slider,L3,L4,4,775,L4,L4,0.0,21,775444443333356552251,9,1,0.279,0.348,30.5,2.0,9,0,0.878,1.303,98.8,2.78
slider,L3,L4,5,215,L3,L4,0.0,34,2154445425222445515211117777336333,15,3,0.205,0.332,22.8,2.0,16,0,0.592,1.422,68.9,2.88
slider,L3,L4,5,215,L4,L3,1.0,38,21544444555541521221221166666677777733,18,1,0.186,0.359,20.8,1.94,17,0,0.618,2.212,63.2,2.94
slider,L3,L4,6,13,L3,L4,0.0,32,13443443343435171117772727656552,15,0,0.302,0.969,28.3,2.0,15,0,0.701,1.325,82.4,2.87
slider,L3,L4,6,13,L4,L3,1.0,8,13344526,3,0,0.151,0.241,19.7,1.67,3,0,0.651,0.997,84.3,2.67
slider,L3,L4,7,41,L3,L3,1.0,7,4154326,3,0,0.15,0.222,20.0,1.67,2,0,0.556,1.017,66.0,2.5
slider,L3,L4,7,41,L4,L4,0.0,9,414455326,3,0,0.196,0.288,25.3,2.0,4,0,0.662,0.961,81.0,2.5
slider,L3,L4,8,4632,L3,L4,0.0,20,46323443434436635577,8,1,0.247,0.297,29.3,2.0,8,0,0.745,1.322,80.6,2.75
slider,L3,L4,8,4632,L4,L4,0.0,23,46324443313433462556665,9,3,0.269,0.477,27.3,2.0,10,0,0.844,1.543,95.0,2.8
slider,L3,L4,9,333,L3,L4,0.0,24,333544445354553452361122,10,0,0.225,0.323,26.9,2.0,11,0,0.707,1.19,84.2,2.82
slider,L3,L4,9,333,L4,L4,0.0,37,3332242233257555535211171117777666644,17,0,0.237,0.472,26.5,2.0,17,0,0.825,4.621,75.4,2.88
slider,L3,L4,10,656,L3,L3,1.0,17,65644323433544537,7,0,0.193,0.299,22.9,1.86,7,0,0.729,1.351,81.6,2.86
slider,L3,L4,10,656,L4,L4,0.0,37,6564454456556323343361435671111177722,17,2,0.212,0.398,23.8,2.0,17,0,0.67,1.698,72.1,2.88
slider,L3,L4,11,63,L3,L4,0.0,40,6344443334343622177722555557521277111166,19,1,0.18,0.328,21.2,2.0,19,0,0.568,1.411,66.4,2.89
slider,L3,L4,11,63,L4,L3,1.0,24,634443443375365545355667,11,0,0.239,0.411,27.3,1.91,11,0,0.826,1.492,93.1,2.91
slider,L3,L4,12,55,L3,L3,1.0,7,5544326,3,0,0.16,0.238,20.0,1.67,2,0,0.499,0.926,61.5,2.5
slider,L3,L4,12,55,L4,L4,0.0,7,5544326,2,0,0.163,0.253,19.0,2.0,3,0,0.498,0.878,61.3,2.33
slider,L3,L4,13,342,L3,L4,0.0,24,342473434334432555565522,10,1,0.226,0.382,24.4,2.0,11,0,0.887,2.402,89.0,2.82
slider,L3,L4,13,342,L4,L3,1.0,34,3424344343453565553511177777711122,16,1,0.187,0.269,20.9,1.93,15,0,0.496,1.213,57.6,2.93
slider,L3,L4,14,6653,L3,L4,0.0,24,665347444426222266455537,10,1,0.264,0.404,28.0,2.0,10,0,0.877,1.48,95.9,2.8
slider,L3,L4,14,6653,L4,L4,0.0,37,6653474445553345343532777772222211111,16,2,0.219,0.428,23.6,2.0,17,0,0.658,1.285,73.6,2.88
slider,L3,L4,15,76,L3,L3,1.0,11,76444422351,5,0,0.276,0.455,28.4,1.8,4,0,0.784,1.145,89.8,2.75
slider,L3,L4,15,76,L4,L4,0.0,17,76444664466426351,7,0,0.271,0.374,31.0,2.0,8,0,0.878,1.149,101.4,2.75
slider,L3,L4,16,344,L3,L4,0.0,24,344434433343111555222766,10,1,0.213,0.304,25.7,2.0,11,0,0.7,1.121,82.5,2.82
slider,L3,L4,16,344,L4,L4,0.0,39,344543446433322123222666766777771111155,18,2,0.137,0.369,15.8,2.0,18,0,0.582,1.54,66.6,2.89
slider,L3,L4,17,45,L3,L3,1.0,35,45454454543532333536117111177777666,17,2,0.171,0.277,19.7,1.93,16,0,0.451,1.185,52.9,2.94
slider,L3,L4,17,45,L4,L4,0.0,31,4542442555224435333523326677667,14,1,0.191,0.298,20.6,2.0,15,0,0.669,1.208,76.8,2.87
slider,L3,L4,18,4714,L3,L4,0.0,42,471432344334566673643677655555211221221177,19,4,0.153,0.271,18.8,2.0,19,0,0.54,1.25,63.8,2.89
slider,L3,L4,18,4714,L4,L3,1.0,16,4714443256466535,6,0,0.184,0.275,21.2,1.83,6,0,0.948,1.526,107.3,2.83
slider,L3,L4,19,7775,L3,L4,0.0,26,77754454445554533377722232,11,3,0.288,0.35,32.4,2.0,11,0,0.741,1.244,84.3,2.82
slider,L3,L4,19,7775,L4,L4,0.0,19,7775355335533344162,7,2,0.333,0.54,39.0,2.0,8,0,1.02,1.63,115.6,2.75
slider,L3,L4,20,453,L3,L3,1.0,19,4534343345645367122,8,0,0.232,0.429,28.4,1.88,8,0,0.761,1.435,87.4,2.88
slider,L3,L4,20,453,L4,L3,1.0,40,4534435336442135542365511111777777666622,19,0,0.167,0.333,18.6,1.95,18,0,0.602,1.118,65.8,2.94
slider,L3,L4,21,545,L3,L4,0.0,32,54544545544352122311332616227667,14,3,0.194,0.285,22.6,2.0,15,0,0.667,1.053,77.6,2.87
slider,L3,L4,21,545,L4,L4,0.0,7,5454545,2,1,0.243,0.243,29.0,2.0,2,0,0.587,1.161,53.0,2.0
slider,L3,L4,22,7152,L3,L3,1.0,39,715246544455452224252313333317777711166,18,1,0.207,0.492,21.8,1.94,17,0,0.575,1.247,64.6,2.94
slider,L3,L4,22,7152,L4,L4,0.0,35,71524644465554654252222666711111333,15,2,0.206,0.358,22.5,2.0,16,0,0.754,1.542,85.7,2.88
slider,L3,L4,23,71,L3,L3,1.0,37,7144565455466242542152122111733666777,18,0,0.235,0.388,24.8,1.94,17,0,0.676,1.588,73.2,2.94
slider,L3,L4,23,71,L4,L3,1.0,16,7144445632422335,7,0,0.212,0.349,23.9,1.86,7,0,0.974,1.672,106.1,2.86
slider,L3,L4,24,5616,L3,L4,0.0,30,561644556532336556633737772442,13,3,0.268,0.455,26.4,2.0,13,0,0.748,1.395,84.0,2.85
slider,L3,L4,24,5616,L4,L3,1.0,18,561644323433544537,7,0,0.194,0.304,22.9,1.86,7,0,0.758,1.312,85.7,2.86
slider,L3,L4,25,4424,L3,L4,0.0,30,442445222413422555551117776633,13,0,0.215,0.287,25.2,2.0,13,0,0.68,1.548,76.2,2.85
slider,L3,L4,25,4424,L4,L4,0.0,7,4424351,1,0,0.101,0.101,9.0,2.0,2,0,0.445,0.872,54.5,2.0
slider,L3,L4,26,6464,L3,L4,0.0,14,64644443666251,5,0,0.251,0.331,27.2,2.0,5,0,0.767,1.31,88.0,2.6
slider,L3,L4,26,6464,L4,L4,0.0,23,64644644642222355257533,9,2,0.235,0.395,27.6,2.0,10,0,0.848,1.332,96.7,2.8
slider,L3,L4,27,5354,L3,L3,1.0,29,53544213443355443535671111766,13,0,0.21,0.3,24.7,1.92,12,0,0.634,1.115,73.0,2.92
slider,L3,L4,27,5354,L4,L4,0.0,17,53544343364463557,6,0,0.197,0.29,23.8,2.0,7,0,0.718,1.12,76.7,2.71
slider,L3,L4,28,3576,L3,L4,0.0,16,3576443443122232,6,3,0.271,0.305,32.0,2.0,6,0,0.712,1.104,81.0,2.67
slider,L3,L4,28,3576,L4,L4,0.0,15,357665544333446,5,0,0.296,0.408,31.8,2.0,6,0,0.825,1.793,89.0,2.67
slider,L3,L4,29,6474,L3,L4,0.0,10,6474433251,3,0,0.241,0.34,24.7,2.0,3,0,0.718,1.362,77.0,2.33
slider,L3,L4,29,6474,L4,L4,0.0,15,647444433332535,5,1,0.361,0.578,39.2,2.0,6,0,0.742,1.212,85.0,2.5
slider,L3,L4,30,237,L3,L4,0.0,10,2373344556,3,1,0.382,0.483,44.0,2.0,4,0,0.921,1.446,105.5,2.5
slider,L3,L4,30,237,L4,L4,0.0,37,2374434435634346663766777711222111155,17,1,0.223,0.461,22.6,2.0,17,0,0.627,1.559,72.7,2.88
slider,L3,L4,31,112,L3,L4,0.0,36,112444333434433522276622676776767155,16,2,0.188,0.328,21.1,2.0,17,0,0.614,1.34,73.1,2.88
slider,L3,L4,31,112,L4,L4,0.0,37,1124424452422543333332555561176666611,17,3,0.418,3.402,21.7,2.0,17,0,0.615,1.744,70.1,2.88
slider,L3,L4,32,5475,L3,L4,0.0,16,5475745445425331,6,3,0.266,0.393,29.0,2.0,6,0,0.858,1.242,95.5,2.67
slider,L3,L4,32,5475,L4,L4,0.0,19,5475445454453561666,7,1,0.297,0.39,30.2,2.0,8,0,0.834,1.212,88.8,2.75
slider,L3,L4,33,323,L3,L3,1.0,15,323344443214655,6,1,0.248,0.307,31.0,2.0,6,0,0.845,1.413,103.7,2.83
slider,L3,L4,33,323,L4,L3,1.0,20,32334456443216245537,9,0,0.246,0.411,29.4,1.89,8,0,0.947,1.629,102.0,2.88
slider,L3,L4,34,4457,L3,L3,1.0,39,445732463433436664636555551771111177722,18,1,0.201,0.451,22.3,1.94,17,0,0.53,1.707,58.4,2.88
slider,L3,L4,34,4457,L4,L4,0.0,7,4457326,1,0,0.083,0.083,9.0,2.0,2,0,0.389,0.768,43.0,2.0
slider,L3,L4,35,745,L3,L4,0.0,34,7454445455545111717733331133267722,15,2,0.207,0.344,24.5,2.0,16,0,0.65,1.352,76.1,2.88
slider,L3,L4,35,745,L4,L3,1.0,18,745244455545452133,8,3,0.29,0.348,31.6,2.0,7,0,0.844,1.386,94.9,2.86
slider,L3,L4,36,1733,L3,L4,0.0,16,1733424456342454,6,4,0.268,0.3,32.5,2.0,6,0,0.607,0.996,67.0,2.67
slider,L3,L4,36,1733,L4,L4,0.0,29,17334256545544433522453736677,12,0,0.241,0.363,25.8,2.0,13,0,0.721,1.042,81.9,2.85
slider,L3,L4,37,714,L3,draw,0.5,42,714456744556545547233723333771111166662222,19,1,0.175,0.311,20.1,2.0,20,0,0.482,1.288,52.6,2.9
slider,L3,L4,37,714,L4,L3,1.0,16,7144445632422335,7,0,0.215,0.358,23.9,1.86,6,0,0.926,1.446,106.3,2.83
slider,L3,L4,38,6753,L3,draw,0.5,42,675344545543243521224751221336631177177666,19,0,0.198,0.411,22.6,2.0,19,0,0.559,1.274,62.3,2.89
slider,L3,L4,38,6753,L4,L4,0.0,33,675355663633566537752222232111144,14,0,0.232,0.466,26.2,2.0,15,0,0.711,1.427,80.0,2.87
slider,L3,L4,39,247,L3,L4,0.0,20,24767354344466335567,8,2,0.232,0.423,24.7,2.0,9,0,0.873,1.534,94.4,2.78
slider,L3,L4,39,247,L4,L4,0.0,37,2473434433456346663766777711222221155,17,2,0.221,0.421,26.4,2.0,17,0,0.826,4.558,71.0,2.88
slider,L3,L4,40,4163,L3,L3,1.0,29,41634434344366613637677212221,13,1,0.229,0.406,22.8,1.92,12,0,0.841,1.413,81.5,2.92
slider,L3,L4,40,4163,L4,L4,0.0,37,4163445733565544633122241123666557777,16,0,0.228,0.588,21.9,2.0,17,0,0.891,1.777,89.5,2.88
slider,L3,L4,41,312,L3,draw,0.5,42,312544343345645367664137661177117755522222,19,1,0.208,0.395,24.1,2.0,20,0,0.602,1.309,67.0,2.9
slider,L3,L4,41,312,L4,L3,1.0,38,31253322525355311523211177777766666644,18,2,0.184,0.372,21.0,1.94,17,0,0.676,2.176,71.6,2.94
slider,L3,L4,42,7424,L3,L4,0.0,40,7424442245563333345525666352266117777711,18,2,0.256,1.083,23.0,2.0,18,0,0.685,1.366,76.9,2.89
slider,L3,L4,42,7424,L4,L4,0.0,27,742444433332132142553755515,11,1,0.274,0.411,30.6,2.0,12,0,0.769,1.706,82.2,2.83
slider,L3,L4,43,11,L3,L4,0.0,20,11443234565445335637,9,0,0.259,0.472,28.1,2.0,9,0,0.664,1.055,76.1,2.78
slider,L3,L4,43,11,L4,L4,0.0,9,114444332,3,1,0.236,0.254,32.0,2.0,4,0,0.693,1.053,79.5,2.5
slider,L3,L4,44,557,L3,L4,0.0,30,557444545445531613117777726332,13,2,0.6,4.306,24.2,2.0,14,0,0.85,2.298,78.7,2.86
slider,L3,L4,44,557,L4,L4,0.0,21,557442445545431253322,9,2,0.445,1.263,31.4,2.0,9,0,0.96,2.301,94.3,2.78
slider,L3,L4,45,57,L3,L3,1.0,7,5744326,3,0,0.3,0.653,19.7,1.67,2,0,0.846,1.616,88.0,2.5
slider,L3,L4,45,57,L4,L4,0.0,7,5744326,2,0,0.29,0.504,22.0,2.0,3,0,0.579,0.987,67.0,2.33
slider,L3,L4,46,21,L3,L3,1.0,39,214444254555542252121111777666663677733,19,2,0.199,0.369,23.3,2.0,18,0,0.597,1.535,72.3,2.94
slider,L3,L4,46,21,L4,L3,1.0,40,2144442253676246266432611111777775555533,19,0,0.219,0.566,23.4,1.95,19,0,0.869,4.908,74.2,2.95
slider,L3,L4,47,1753,L3,L3,1.0,39,175311333554454353562222221777771144466,18,0,0.242,0.359,26.4,1.94,17,0,0.762,1.547,85.7,2.94
slider,L3,L4,47,1753,L4,L4,0.0,41,17533737754444335452554311111776662266622,18,1,0.195,0.536,21.8,2.0,19,0,0.58,1.352,65.1,2.89
slider,L3,L4,48,7632,L3,L4,0.0,20,76324444336364321221,8,1,0.271,0.401,28.7,2.0,8,0,0.983,1.246,107.8,2.75
slider,L3,L4,48,7632,L4,L3,1.0,28,7632332244442343345666661755,12,0,0.272,0.461,28.4,1.92,12,0,1.497,5.263,91.7,2.92
slider,L3,L4,49,36,L3,L3,1.0,9,364474251,4,1,0.185,0.301,22.0,1.67,3,0,0.814,1.184,96.7,2.67
slider,L3,L4,49,36,L4,L4,0.0,7,3644265,2,1,0.282,0.282,35.0,2.0,3,0,0.652,1.117,73.7,2.33
slider,L4,random,0,35,L4,L4,1.0,11,35563141446,5,0,0.789,1.096,91.4,2.6,4,4,0.0,0.0,0.0,0.0
slider,L4,random,0,35,random,L4,1.0,14,35733424251565,6,0,0.912,1.432,104.7,2.67,6,6,0.0,0.0,0.0,0.0
slider,L4,random,1,6712,L4,L4,1.0,9,671241345,3,0,0.725,1.246,80.3,2.33,2,2,0.0,0.0,0.0,0.0
slider,L4,random,1,6712,random,L4,1.0,12,671254346474,4,0,0.767,1.163,85.2,2.5,4,4,0.0,0.0,0.0,0.0
slider,L4,random,2,5547,L4,L4,1.0,7,5547312,2,0,0.433,0.853,46.0,2.0,1,1,0.0,0.0,0.0,0.0
slider,L4,random,2,5547,random,L4,1.0,14,55473256742336,5,0,0.483,0.985,53.4,2.4,5,5,0.0,0.0,0.0,0.0
slider,L4,random,3,5767,L4,L4,1.0,7,5767473,2,0,0.459,0.907,51.0,2.0,1,1,0.0,0.0,0.0,0.0
slider,L4,random,3,5767,random,L4,1.0,14,57671474331464,5,0,1.634,5.018,89.6,2.6,5,5,0.0,0.0,0.0,0.0
slider,L4,random,4,775,L4,L4,1.0,7,7753416,2,0,0.413,0.814,47.0,2.0,2,2,0.0,0.0,0.0,0.0
slider,L4,random,4,775,random,L4,1.0,14,77547473773261,6,0,0.687,1.191,74.5,2.67,5,5,0.0,0.0,0.0,0.0
slider,L4,random,5,215,L4,L4,1.0,7,2152443,2,0,0.395,0.778,47.0,2.0,2,2,0.0,0.0,0.0,0.0
slider,L4,random,5,215,random,L4,1.0,12,215474253414,5,0,0.75,1.048,88.6,2.6,4,4,0.0,0.0,0.0,0.0
slider,L4,random,6,13,L4,L4,1.0,15,133541414453356,7,0,0.785,1.061,93.1,2.71,6,6,0.0,0.0,0.0,0.0
slider,L4,random,6,13,random,L4,1.0,14,13145445453575,6,0,0.794,1.149,94.8,2.67,6,6,0.0,0.0,0.0,0.0
slider,L4,random,7,41,L4,L4,1.0,9,414453657,4,0,0.855,1.428,91.5,2.5,3,3,0.0,0.0,0.0,0.0
slider,L4,random,7,41,random,L4,1.0,16,4164253443235532,7,0,0.992,2.16,98.6,2.71,7,7,0.0,0.0,0.0,0.0
slider,L4,random,8,4632,L4,L4,1.0,9,463243434,3,0,0.731,1.325,72.3,2.33,2,2,0.0,0.0,0.0,0.0
slider,L4,random,8,4632,random,L4,1.0,16,4632247634632235,6,0,0.955,1.261,97.8,2.67,6,6,0.0,0.0,0.0,0.0
slider,L4,random,9,333,L4,L4,1.0,9,333144572,3,0,0.567,0.856,71.7,2.33,3,3,0.0,0.0,0.0,0.0
slider,L4,random,9,333,random,L4,1.0,10,3335144627,4,0,0.793,1.167,98.8,2.5,3,3,0.0,0.0,0.0,0.0
slider,L4,random,10,656,L4,L4,1.0,11,65644541474,4,0,0.84,1.17,84.0,2.5,4,4,0.0,0.0,0.0,0.0
slider,L4,random,10,656,random,L4,1.0,8,65645352,3,0,0.635,0.953,71.3,2.33,2,2,0.0,0.0,0.0,0.0
slider,L4,random,11,63,L4,L4,1.0,11,63464136567,5,0,1.223,3.278,86.6,2.6,4,4,0.0,0.0,0.0,0.0
slider,L4,random,11,63,random,L4,1.0,12,634475545454,5,0,1.099,2.655,72.4,2.6,5,5,0.0,0.0,0.0,0.0
slider,L4,random,12,55,L4,L4,1.0,7,5545312,3,0,0.568,0.995,63.0,2.33,2,2,0.0,0.0,0.0,0.0
slider,L4,random,12,55,random,L4,1.0,12,556464666563,5,0,0.675,1.195,76.4,2.6,5,5,0.0,0.0,0.0,0.0
slider,L4,random,13,342,L4,L4,1.0,11,34254345424,4,0,0.683,0.943,81.0,2.5,4,4,0.0,0.0,0.0,0.0
slider,L4,random,13,342,random,L4,1.0,14,34243443234343,6,0,0.877,1.13,97.7,2.67,5,5,0.0,0.0,0.0,0.0
slider,L4,random,14,6653,L4,L4,1.0,7,6653427,2,0,0.555,1.097,48.5,2.0,1,1,0.0,0.0,0.0,0.0
slider,L4,random,14,6653,random,L4,1.0,26,66532535473473355223152474,11,0,0.97,1.683,97.2,2.82,11,11,0.0,0.0,0.0,0.0
slider,L4,random,15,76,L4,L4,1.0,11,76434537522,5,0,0.797,1.148,90.4,2.6,4,4,0.0,0.0,0.0,0.0
slider,L4,random,15,76,random,L4,1.0,10,7664346414,4,0,0.871,1.474,80.5,2.5,4,4,0.0,0.0,0.0,0.0
slider,L4,random,16,344,L4,L4,1.0,13,3446423577552,5,0,0.709,1.273,71.6,2.6,5,5,0.0,0.0,0.0,0.0
slider,L4,random,16,344,random,L4,1.0,12,344473136323,5,0,0.941,1.437,90.8,2.6,4,4,0.0,0.0,0.0,0.0
slider,L4,random,17,45,L4,L4,1.0,7,4542464,3,0,1.102,2.456,70.3,2.33,2,2,0.0,0.0,0.0,0.0
slider,L4,random,17,45,random,L4,1.0,8,45451535,3,0,1.009,2.137,80.3,2.33,3,3,0.0,0.0,0.0,0.0
slider,L4,random,18,4714,L4,L4,1.0,13,4714455547464,5,0,0.849,1.281,92.4,2.6,4,4,0.0,0.0,0.0,0.0
slider,L4,random,18,4714,random,L4,1.0,18,471432233322567554,7,0,0.694,1.418,80.3,2.71,7,7,0.0,0.0,0.0,0.0
slider,L4,random,19,7775,L4,L4,1.0,17,77753156566761444,7,0,1.561,5.194,110.4,2.71,6,6,0.0,0.0,0.0,0.0
slider,L4,random,19,7775,random,L4,1.0,24,777533731455652334774525,10,0,1.296,5.265,96.3,2.8,10,10,0.0,0.0,0.0,0.0
slider,L4,random,20,453,L4,L4,1.0,7,4535231,2,0,2.555,5.097,59.0,2.0,2,2,0.0,0.0,0.0,0.0
slider,L4,random,20,453,random,L4,1.0,12,453454216464,5,0,0.681,1.117,72.6,2.6,4,4,0.0,0.0,0.0,0.0
slider,L4,random,21,545,L4,L4,1.0,9,545642545,3,0,0.685,1.089,78.0,2.33,3,3,0.0,0.0,0.0,0.0
slider,L4,random,21,545,random,L4,1.0,8,54546434,3,0,0.581,0.913,66.3,2.33,2,2,0.0,0.0,0.0,0.0
slider,L4,random,22,7152,L4,L4,1.0,7,7152416,2,0,0.404,0.797,47.0,2.0,1,1,0.0,0.0,0.0,0.0
slider,L4,random,22,7152,random,L4,1.0,8,71527453,2,0,0.416,0.821,47.0,2.0,2,2,0.0,0.0,0.0,0.0
slider,L4,random,23,71,L4,L4,1.0,7,7142556,3,0,0.731,1.315,83.7,2.33,2,2,0.0,0.0,0.0,0.0
slider,L4,random,23,71,random,L4,1.0,12,715464335454,5,0,0.811,1.148,86.6,2.6,5,5,0.0,0.0,0.0,0.0
slider,L4,random,24,5616,L4,L4,1.0,15,561647475663454,6,0,0.736,1.134,80.3,2.67,5,5,0.0,0.0,0.0,0.0
slider,L4,random,24,5616,random,L4,1.0,12,561624341553,4,0,0.726,1.032,80.0,2.5,4,4,0.0,0.0,0.0,0.0
slider,L4,random,25,4424,L4,L4,1.0,7,4424335,2,0,0.419,0.827,54.5,2.0,1,1,0.0,0.0,0.0,0.0
slider,L4,random,25,4424,random,L4,1.0,14,44247513435323,5,0,0.79,1.478,84.8,2.6,5,5,0.0,0.0,0.0,0.0
slider,L4,random,26,6464,L4,L4,1.0,15,646446455457565,6,0,1.068,1.853,94.8,2.67,5,5,0.0,0.0,0.0,0.0
slider,L4,random,26,6464,random,L4,1.0,10,6464734265,3,0,0.773,1.26,80.7,2.33,3,3,0.0,0.0,0.0,0.0
slider,L4,random,27,5354,L4,L4,1.0,11,53544124372,4,0,0.516,0.938,60.5,2.5,3,3,0.0,0.0,0.0,0.0
slider,L4,random,27,5354,random,L4,1.0,12,535442131373,4,0,0.724,1.091,79.2,2.5,4,4,0.0,0.0,0.0,0.0
slider,L4,random,28,3576,L4,L4,1.0,17,35766252576766454,7,0,0.979,1.69,106.7,2.71,6,6,0.0,0.0,0.0,0.0
slider,L4,random,28,3576,random,L4,1.0,10,3576564626,3,0,0.783,1.169,88.7,2.33,3,3,0.0,0.0,0.0,0.0
slider,L4,random,29,6474,L4,L4,1.0,15,647441423233424,6,0,0.748,1.063,84.3,2.67,5,5,0.0,0.0,0.0,0.0
slider,L4,random,29,6474,random,L4,1.0,10,6474433265,3,0,0.704,1.281,77.0,2.33,3,3,0.0,0.0,0.0,0.0
slider,L4,random,30,237,L4,L4,1.0,17,23713141133645552,7,0,0.719,1.132,79.9,2.71,7,7,0.0,0.0,0.0,0.0
slider,L4,random,30,237,random,L4,1.0,12,237344657552,5,0,0.65,1.032,72.6,2.6,4,4,0.0,0.0,0.0,0.0
slider,L4,random,31,112,L4,L4,1.0,13,1121433543512,5,0,0.777,1.258,89.0,2.6,5,5,0.0,0.0,0.0,0.0
slider,L4,random,31,112,random,L4,1.0,16,1124441445353575,7,0,0.92,1.225,102.7,2.71,6,6,0.0,0.0,0.0,0.0
slider,L4,random,32,5475,L4,L4,1.0,11,54754245474,4,0,0.695,0.982,77.5,2.5,3,3,0.0,0.0,0.0,0.0
slider,L4,random,32,5475,random,L4,1.0,10,5475644667,3,0,0.654,1.032,70.0,2.33,3,3,0.0,0.0,0.0,0.0
slider,L4,random,33,323,L4,L4,1.0,9,323644353,3,0,0.793,1.308,84.3,2.33,3,3,0.0,0.0,0.0,0.0
slider,L4,random,33,323,random,L4,1.0,12,323344147474,5,0,0.732,1.131,88.4,2.6,4,4,0.0,0.0,0.0,0.0
slider,L4,random,34,4457,L4,L4,1.0,7,4457352,2,0,0.398,0.783,43.0,2.0,1,1,0.0,0.0,0.0,0.0
slider,L4,random,34,4457,random,L4,1.0,20,44574364633374662215,8,0,0.976,1.556,103.2,2.75,8,8,0.0,0.0,0.0,0.0
slider,L4,random,35,745,L4,L4,1.0,19,7451444445555322566,8,0,0.836,1.481,92.2,2.75,8,8,0.0,0.0,0.0,0.0
slider,L4,random,35,745,random,L4,1.0,12,745473635313,5,0,1.256,2.725,90.8,2.6,4,4,0.0,0.0,0.0,0.0
slider,L4,random,36,1733,L4,L4,1.0,7,1733432,2,0,0.483,0.955,47.0,2.0,1,1,0.0,0.0,0.0,0.0
slider,L4,random,36,1733,random,L4,1.0,10,1733747516,3,0,0.634,0.946,70.3,2.33,3,3,0.0,0.0,0.0,0.0
slider,L4,random,37,714,L4,L4,1.0,21,714545444451522321173,9,0,0.817,1.339,91.2,2.78,9,9,0.0,0.0,0.0,0.0
slider,L4,random,37,714,random,L4,1.0,16,7144757725443213,7,0,1.431,5.102,93.3,2.71,6,6,0.0,0.0,0.0,0.0
slider,L4,random,38,6753,L4,L4,1.0,13,6753534134463,5,0,1.015,1.915,100.0,2.6,4,4,0.0,0.0,0.0,0.0
slider,L4,random,38,6753,random,L4,1.0,12,675316443567,4,0,1.993,5.965,103.5,2.5,4,4,0.0,0.0,0.0,0.0
slider,L4,random,39,247,L4,L4,1.0,15,247342524737243,6,0,0.906,1.213,103.8,2.67,6,6,0.0,0.0,0.0,0.0
slider,L4,random,39,247,random,L4,1.0,12,247634235546,5,0,0.947,1.532,100.2,2.6,4,4,0.0,0.0,0.0,0.0
slider,L4,random,40,4163,L4,L4,1.0,9,416344557,3,0,0.823,1.457,75.0,2.33,2,2,0.0,0.0,0.0,0.0
slider,L4,random,40,4163,random,L4,1.0,30,416375444436656633531422627232,13,0,0.856,1.513,93.0,2.85,13,13,0.0,0.0,0.0,0.0
slider,L4,random,41,312,L4,L4,1.0,7,3123425,2,0,0.364,0.718,47.0,2.0,2,2,0.0,0.0,0.0,0.0
slider,L4,random,41,312,random,L4,1.0,18,312562131362117262,8,0,1.082,1.932,115.2,2.75,7,7,0.0,0.0,0.0,0.0
slider,L4,random,42,7424,L4,L4,1.0,13,7424412741434,5,0,0.772,1.026,88.8,2.6,4,4,0.0,0.0,0.0,0.0
slider,L4,random,42,7424,random,L4,1.0,14,74247323226343,5,0,0.694,1.099,74.4,2.6,5,5,0.0,0.0,0.0,0.0
slider,L4,random,43,11,L4,L4,1.0,15,114743323433442,7,0,0.789,1.014,90.1,2.71,6,6,0.0,0.0,0.0,0.0
slider,L4,random,43,11,random,L4,1.0,20,11745425557262666262,9,0,1.016,1.493,97.9,2.78,9,9,0.0,0.0,0.0,0.0
slider,L4,random,44,557,L4,L4,1.0,13,5574424311464,5,0,0.661,0.999,73.4,2.6,5,5,0.0,0.0,0.0,0.0
slider,L4,random,44,557,random,L4,1.0,16,5574244455422363,7,0,0.965,1.443,99.0,2.71,6,6,0.0,0.0,0.0,0.0
slider,L4,random,45,57,L4,L4,1.0,7,5747352,3,0,0.657,0.999,73.0,2.33,2,2,0.0,0.0,0.0,0.0
slider,L4,random,45,57,random,L4,1.0,30,571454445544755733117171126273,14,0,1.166,6.352,79.7,2.86,14,14,0.0,0.0,0.0,0.0
slider,L4,random,46,21,L4,L4,1.0,9,214241543,4,0,0.669,0.944,80.5,2.5,3,3,0.0,0.0,0.0,0.0
slider,L4,random,46,21,random,L4,1.0,16,2135727377235373,7,0,0.92,1.725,104.3,2.71,7,7,0.0,0.0,0.0,0.0
slider,L4,random,47,1753,L4,L4,1.0,17,17533132253323262,7,0,0.978,1.437,110.3,2.71,6,6,0.0,0.0,0.0,0.0
slider,L4,random,47,1753,random,L4,1.0,14,17532464133532,5,0,0.977,1.622,106.4,2.6,5,5,0.0,0.0,0.0,0.0
slider,L4,random,48,7632,L4,L4,1.0,17,76323321667123767,7,0,1.208,1.953,130.9,2.71,6,6,0.0,0.0,0.0,0.0
slider,L4,random,48,7632,random,L4,1.0,16,7632633314744271,6,0,1.005,1.568,108.8,2.67,6,6,0.0,0.0,0.0,0.0
slider,L4,random,49,36,L4,L4,1.0,7,3644265,3,0,0.662,1.156,73.7,2.33,2,2,0.0,0.0,0.0,0.0
slider,L4,random,49,36,random,L4,1.0,14,36144413532363,6,0,0.79,1.14,92.0,2.67,6,6,0.0,0.0,0.0,0.0
slider,L4,L5,0,35,L4,L5,0.0,20,35534444213354554122,9,0,0.922,1.173,105.3,2.89,9,0,2.011,4.162,230.1,3.56
slider,L4,L5,0,35,L5,L5,0.0,13,3554467354647,5,0,1.073,1.916,105.6,2.8,6,0,1.742,3.132,194.2,3.33
slider,L4,L5,1,6712,L4,L5,0.0,40,6712444466433664633355555537112222121177,18,0,0.669,1.601,73.5,2.94,18,0,1.976,6.267,197.1,3.78
slider,L4,L5,1,6712,L5,L5,0.0,39,671244446242264333662535533776211177755,17,0,1.785,3.417,94.3,2.94,18,0,4.278,8.449,218.2,3.78
slider,L4,L5,2,5547,L4,L4,1.0,7,5547326,2,0,0.453,0.897,46.0,2.0,1,0,0.09,0.09,9.0,2.0
slider,L4,L5,2,5547,L5,L5,0.0,7,5547326,1,0,0.094,0.094,9.0,2.0,2,0,1.126,2.242,46.0,2.0
slider,L4,L5,3,5767,L4,draw,0.5,42,576743443543546566545161117112223336722277,19,0,0.725,1.872,79.5,2.95,19,0,1.417,3.418,162.8,3.79
slider,L4,L5,3,5767,L5,draw,0.5,42,576743444433565565452222221177676633371111,19,0,0.459,1.137,51.3,2.89,19,0,1.475,3.555,162.8,3.89
slider,L4,L5,4,775,L4,L5,0.0,42,775444443333356554757537671122222211116666,19,0,0.877,3.465,66.6,2.95,20,0,2.145,10.271,170.8,3.8
slider,L4,L5,4,775,L5,L5,0.0,23,77544444555455737121233,10,0,1.061,1.533,98.9,2.9,10,0,2.199,4.007,232.9,3.6
slider,L4,L5,5,215,L4,L5,0.0,28,2154444155545452211232331331,12,0,0.889,1.563,99.9,2.92,13,0,1.996,4.093,209.1,3.69
slider,L4,L5,5,215,L5,L5,0.0,21,215444445555452222333,9,0,0.869,1.354,98.2,2.89,9,0,1.855,2.747,213.6,3.56
slider,L4,L5,6,13,L4,L5,0.0,8,13344526,3,0,0.701,1.087,84.3,2.67,3,0,0.988,2.183,124.3,2.67
slider,L4,L5,6,13,L5,L5,0.0,35,13345444341311433211777777555666656,16,0,0.723,1.372,80.2,2.94,17,0,1.623,3.084,188.9,3.76
slider,L4,L5,7,41,L4,draw,0.5,42,414453673543546566641511561122222233377777,20,0,0.737,1.813,76.5,2.95,20,0,1.658,4.283,178.9,3.8
slider,L4,L5,7,41,L5,L5,0.0,7,4134526,2,0,0.745,1.399,90.5,2.5,3,0,1.324,3.217,162.3,2.67
slider,L4,L5,8,4632,L4,L5,0.0,36,463244433343642166636777777111221122,16,0,0.734,1.436,79.0,2.94,16,0,1.607,3.807,176.7,3.75
slider,L4,L5,8,4632,L5,L4,1.0,38,46324433434334666676227777722211111155,17,0,0.558,1.336,58.3,2.88,17,0,1.252,3.689,133.2,3.88
slider,L4,L5,9,333,L4,L5,0.0,40,3335444421234232245555377771766665762611,18,0,0.708,1.44,78.0,2.94,19,0,1.666,3.363,187.9,3.79
slider,L4,L5,9,333,L5,L5,0.0,39,333544443356215441223555117777772212166,18,0,0.53,1.317,61.0,2.94,18,0,1.296,3.167,147.9,3.78
slider,L4,L5,10,656,L4,L5,0.0,22,6566554534214445563233,9,0,0.905,1.453,95.7,2.89,10,0,2.067,3.09,225.8,3.6
slider,L4,L5,10,656,L5,L5,0.0,17,65644323433544537,7,0,0.761,1.352,81.6,2.86,7,0,1.438,2.833,155.9,3.43
slider,L4,L5,11,63,L4,L5,0.0,28,6344446657565544553766211233,13,0,0.805,1.405,81.9,2.92,13,0,1.982,5.558,209.8,3.69
slider,L4,L5,11,63,L5,draw,0.5,42,633423444422323666432266777755555511111177,20,0,0.541,1.431,63.0,2.9,20,0,1.685,6.505,170.8,3.9
slider,L4,L5,12,55,L4,L5,0.0,34,5543674445465654566622222211111133,16,0,0.697,1.378,76.4,2.94,16,0,1.715,3.773,178.0,3.75
slider,L4,L5,12,55,L5,L5,0.0,7,5544326,2,0,0.498,0.916,61.5,2.5,3,0,0.896,2.049,114.7,2.67
slider,L4,L5,13,342,L4,L5,0.0,26,34243443434335655656626222,11,0,0.621,1.191,72.7,2.91,12,0,1.577,2.752,186.6,3.67
slider,L4,L5,13,342,L5,L4,1.0,38,34244334343346777772211171666662221155,18,0,0.635,1.374,68.8,2.89,17,0,1.482,3.039,165.4,3.88
slider,L4,L5,14,6653,L4,L5,0.0,42,665347444646642222363332553211115557777711,19,0,0.647,1.81,67.7,2.95,19,0,1.545,4.317,166.1,3.79
slider,L4,L5,14,6653,L5,draw,0.5,42,665347444465455563333566173111117777222222,19,0,0.579,1.866,57.5,2.89,19,0,1.426,3.54,154.4,3.89
slider,L4,L5,15,76,L4,L5,0.0,20,76444444233332123252,9,0,1.064,2.295,109.7,2.89,9,0,2.549,5.145,245.9,3.56
slider,L4,L5,15,76,L5,L5,0.0,17,76644353321442557,7,0,0.84,1.404,87.6,2.86,8,0,1.766,3.97,188.9,3.5
slider,L4,L5,16,344,L4,L5,0.0,40,3444433434222233555566666611117777117755,18,0,0.544,1.169,66.9,2.94,19,0,1.254,4.0,149.1,3.79
slider,L4,L5,16,344,L5,L5,0.0,13,3444453673655,5,0,0.925,1.24,108.2,2.8,5,0,1.745,3.978,209.4,3.2
slider,L4,L5,17,45,L4,draw,0.5,42,454445543533212122112363346757666562117777,20,0,0.742,1.46,80.5,2.95,20,0,1.406,3.462,169.9,3.8
slider,L4,L5,17,45,L5,L5,0.0,25,4545444554552112222211333,11,0,0.636,1.058,73.5,2.91,12,0,1.495,2.671,175.2,3.67
slider,L4,L5,18,4714,L4,L5,0.0,16,4714443256433526,6,0,1.107,1.758,117.3,2.83,6,0,1.677,3.756,184.5,3.33
slider,L4,L5,18,4714,L5,L5,0.0,31,4714444337334335725557557712211,13,0,0.799,1.734,84.8,2.92,14,0,1.811,3.261,197.9,3.71
slider,L4,L5,19,7775,L4,L5,0.0,18,777533545533543442,7,0,1.039,1.302,117.1,2.86,7,0,2.345,3.987,274.3,3.43
slider,L4,L5,19,7775,L5,L4,1.0,34,7775444454557545776332333311111122,15,0,1.184,5.129,67.9,2.87,15,0,1.615,3.875,184.3,3.87
slider,L4,L5,20,453,L4,L5,0.0,36,453444435555334335217722211177771122,16,0,0.701,1.25,71.8,2.94,17,0,1.642,4.222,177.4,3.76
slider,L4,L5,20,453,L5,L5,0.0,41,45344455534433335521122111167776676667722,19,0,0.588,1.185,62.5,2.95,19,0,1.58,4.741,152.7,3.79
slider,L4,L5,21,545,L4,L5,0.0,36,545554444332153343357772221117771122,16,0,0.629,1.081,67.6,2.94,17,0,1.501,3.885,155.4,3.76
slider,L4,L5,21,545,L5,L4,1.0,22,5454554445421222512333,10,0,0.772,1.139,75.8,2.8,9,0,1.835,2.795,205.8,3.78
slider,L4,L5,22,7152,L4,L4,1.0,25,7152464446555664542777333,11,0,1.685,6.042,93.1,2.82,10,0,2.661,7.29,209.0,3.8
slider,L4,L5,22,7152,L5,L5,0.0,25,7152464454676554425225333,10,0,0.9,1.69,77.1,2.9,11,0,2.049,4.223,198.1,3.64
slider,L4,L5,23,71,L4,L5,0.0,16,7144445632455326,7,0,1.693,5.199,115.6,2.86,7,0,1.929,4.907,220.6,3.43
slider,L4,L5,23,71,L5,L5,0.0,31,7144444551554553163331331176677,14,0,0.904,1.993,88.9,2.93,15,0,2.142,5.521,205.8,3.73
slider,L4,L5,24,5616,L4,L5,0.0,18,561644323433544537,7,0,0.964,2.446,85.7,2.86,7,0,1.52,3.904,158.7,3.43
slider,L4,L5,24,5616,L5,L5,0.0,31,5616444445566264252255262333331,13,0,0.865,1.544,87.3,2.92,14,0,1.734,4.131,180.1,3.71
slider,L4,L5,25,4424,L4,L4,1.0,7,4424351,2,0,0.464,0.92,54.5,2.0,1,0,0.077,0.077,9.0,2.0
slider,L4,L5,25,4424,L5,L5,0.0,7,4424351,1,0,0.075,0.075,9.0,2.0,2,0,0.444,0.879,54.5,2.0
slider,L4,L5,26,6464,L4,L4,1.0,23,64644644642222325533557,10,0,0.9,1.439,98.0,2.8,9,0,2.456,3.611,262.7,3.78
slider,L4,L5,26,6464,L5,L4,1.0,36,646444432333366422232626555155517711,16,0,0.718,1.511,78.3,2.88,16,0,1.848,4.679,208.1,3.88
slider,L4,L5,27,5354,L4,draw,0.5,42,535442143245343345535166661777711177662222,19,0,0.567,1.212,62.1,2.95,19,0,0.972,2.998,110.9,3.79
slider,L4,L5,27,5354,L5,L5,0.0,17,53544213443355222,6,0,0.764,1.262,83.5,2.83,7,0,1.635,2.964,190.0,3.43
slider,L4,L5,28,3576,L4,L5,0.0,28,3576635575442177344554477666,12,0,1.467,6.562,103.8,2.92,12,0,2.358,5.047,215.4,3.67
slider,L4,L5,28,3576,L5,L5,0.0,21,357656553365334444777,8,0,1.023,1.356,109.9,2.88,9,0,2.983,5.028,298.9,3.56
slider,L4,L5,29,6474,L4,L5,0.0,12,647444433251,4,0,1.526,2.269,101.8,2.75,4,0,4.095,7.694,267.0,3.0
slider,L4,L5,29,6474,L5,L4,1.0,38,64744324342226466672772333367171111155,17,0,1.195,7.737,81.4,2.88,17,0,2.208,6.611,206.5,3.88
slider,L4,L5,30,237,L4,L4,1.0,17,23744564442235311,7,0,1.29,2.129,87.0,2.71,7,0,3.523,5.108,239.0,3.71
slider,L4,L5,30,237,L5,L5,0.0,19,2373344565544635251,8,0,1.052,1.81,108.0,2.88,8,0,1.863,3.069,208.2,3.5
slider,L4,L5,31,112,L4,L5,0.0,38,11244444555554225212216771166666777733,17,0,0.631,1.593,71.8,2.94,18,0,1.597,3.913,185.1,3.78
slider,L4,L5,31,112,L5,draw,0.5,42,112444444222332333327577555755111166666677,20,0,0.616,1.318,74.0,2.9,19,0,1.579,5.121,191.1,3.89
slider,L4,L5,32,5475,L4,L5,0.0,32,54754454544533336351316277111222,14,0,0.666,1.186,70.6,2.93,14,0,1.365,2.263,154.9,3.71
slider,L4,L5,32,5475,L5,draw,0.5,42,547544455445536121111133322233227776666677,19,0,0.613,1.706,62.3,2.89,19,0,1.408,3.62,152.2,3.89
slider,L4,L5,33,323,L4,L5,0.0,20,32334456443455354552,8,0,0.988,1.332,112.8,2.88,9,0,2.183,4.473,213.0,3.56
slider,L4,L5,33,323,L5,L5,0.0,27,323332244626223753454446655,12,0,0.806,1.608,90.8,2.92,12,0,1.972,4.32,214.8,3.67
slider,L4,L5,34,4457,L4,L4,1.0,7,4457326,2,0,0.397,0.786,43.0,2.0,1,0,0.081,0.081,9.0,2.0
slider,L4,L5,34,4457,L5,L5,0.0,7,4457326,1,0,0.084,0.084,9.0,2.0,2,0,0.45,0.89,43.0,2.0
slider,L4,L5,35,745,L4,L5,0.0,36,745444353343347322177155551111667722,16,0,0.772,1.351,81.4,2.94,17,0,1.732,3.934,193.5,3.76
slider,L4,L5,35,745,L5,L4,1.0,36,745444545545521111222226117777733333,17,0,0.661,1.314,73.1,2.88,16,0,1.774,3.589,194.8,3.88
slider,L4,L5,36,1733,L4,L5,0.0,18,173342565534345446,7,0,0.992,1.831,98.3,2.86,7,0,1.682,3.199,175.1,3.43
slider,L4,L5,36,1733,L5,L4,1.0,22,1733425644343443362555,9,0,0.77,1.434,73.0,2.78,9,0,2.368,4.294,234.9,3.78
slider,L4,L5,37,714,L4,L5,0.0,16,7144445632455326,6,0,1.07,1.556,117.3,2.83,7,0,2.081,5.738,220.6,3.43
slider,L4,L5,37,714,L5,L5,0.0,31,7144444551554553163331331176677,14,0,1.242,2.096,88.9,2.93,14,0,2.831,6.113,201.1,3.71
slider,L4,L5,38,6753,L4,L5,0.0,40,6753556635336775533667111111224442227442,18,0,0.701,1.476,76.6,2.94,18,0,1.495,4.183,166.7,3.78
slider,L4,L5,38,6753,L5,L5,0.0,21,675353344214423344221,8,0,1.029,1.532,100.9,2.88,9,0,2.006,3.471,218.6,3.56
slider,L4,L5,39,247,L4,L5,0.0,38,24744444222272575555577671666661111133,17,0,0.942,1.989,67.1,2.94,18,0,2.25,6.196,164.9,3.78
slider,L4,L5,39,247,L5,L5,0.0,15,247644453433526,6,0,1.072,1.489,119.5,2.83,6,0,2.137,3.695,228.2,3.33
slider,L4,L5,40,4163,L4,draw,0.5,42,416344573543546566641511561122222233377777,19,0,0.729,1.73,73.1,2.95,19,0,1.592,6.009,161.9,3.79
slider,L4,L5,40,4163,L5,L5,0.0,27,416344443357565563314116222,11,0,0.879,1.27,86.5,2.91,12,0,2.157,3.188,221.1,3.67
slider,L4,L5,41,312,L4,L5,0.0,24,312444443223334232215111,10,0,0.949,1.404,106.9,2.9,11,0,2.686,5.768,298.5,3.64
slider,L4,L5,41,312,L5,L4,1.0,38,31253323525332551225616666677111777744,18,0,0.589,1.462,64.4,2.89,17,0,1.228,3.304,144.6,3.88
slider,L4,L5,42,7424,L4,L5,0.0,38,74244444222272575555577671666661111133,17,0,0.669,1.697,67.1,2.94,17,0,1.673,5.295,152.9,3.76
slider,L4,L5,42,7424,L5,L5,0.0,39,742444433563355552134512226666326111177,17,0,0.671,1.39,75.2,2.94,18,0,1.762,5.729,173.4,3.78
slider,L4,L5,43,11,L4,L5,0.0,22,1144443256333436453577,10,0,1.234,1.853,106.6,2.9,10,0,2.557,5.818,224.6,3.6
slider,L4,L5,43,11,L5,L5,0.0,17,11444423346333557,7,0,0.804,1.41,98.0,2.86,8,0,2.122,4.027,263.6,3.5
slider,L4,L5,44,557,L4,L5,0.0,32,55744454544533336351316277111222,14,0,0.635,1.175,70.6,2.93,15,0,1.402,2.356,159.1,3.73
slider,L4,L5,44,557,L5,draw,0.5,42,557444455445536121111133322233227776666677,20,0,0.764,2.147,64.4,2.9,19,0,1.751,4.49,152.2,3.89
slider,L4,L5,45,57,L4,draw,0.5,42,574344334353345545577766666622211222771111,20,0,0.536,1.427,58.1,2.95,20,0,1.21,4.254,130.6,3.8
slider,L4,L5,45,57,L5,L5,0.0,7,5744326,2,0,2.834,5.572,88.0,2.5,3,0,1.107,2.485,121.0,2.67
slider,L4,L5,46,21,L4,L5,0.0,16,2144424435325232,7,0,0.907,1.221,106.9,2.86,7,0,1.826,3.534,224.7,3.43
slider,L4,L5,46,21,L5,L5,0.0,35,21444443332334355177111617777222255,16,0,1.046,5.476,86.0,2.94,17,0,1.706,3.462,193.5,3.76
slider,L4,L5,47,1753,L4,L4,1.0,41,17533544445543354511676662223372227667711,19,0,0.691,1.407,76.4,2.89,18,0,1.71,4.029,194.1,3.89
slider,L4,L5,47,1753,L5,L5,0.0,19,1753331554443444222,7,0,1.036,1.725,116.4,2.86,8,0,2.772,5.728,305.4,3.5
slider,L4,L5,48,7632,L4,L5,0.0,22,7632332344444334566557,9,0,0.891,1.417,98.8,2.89,9,0,2.037,3.367,234.7,3.56
slider,L4,L5,48,7632,L5,L5,0.0,27,763232336223235556555662444,11,0,1.034,2.32,99.7,2.91,12,0,2.23,5.694,244.4,3.67
slider,L4,L5,49,36,L4,L5,0.0,36,364244433343642166636777777111221122,17,0,0.817,1.749,81.6,2.94,17,0,1.953,6.261,195.1,3.76
slider,L4,L5,49,36,L5,L5,0.0,7,3644251,2,0,0.678,1.264,75.0,2.5,3,0,1.309,2.789,143.7,2.67
slider,L5,random,0,35,L5,L5,1.0,9,355346231,4,0,1.843,2.583,221.0,3.25,3,3,0.0,0.0,0.0,0.0
slider,L5,random,0,35,random,L5,1.0,14,35442114751352,6,0,1.74,2.463,205.7,3.5,6,6,0.0,0.0,0.0,0.0
slider,L5,random,1,6712,L5,L5,1.0,15,671245414454647,6,0,1.929,2.724,214.2,3.5,5,5,0.0,0.0,0.0,0.0
slider,L5,random,1,6712,random,L5,1.0,10,6712624252,3,0,1.876,2.848,211.0,3.0,3,3,0.0,0.0,0.0,0.0
slider,L5,random,2,5547,L5,L5,1.0,7,5547362,2,0,0.412,0.813,46.0,2.0,1,1,0.0,0.0,0.0,0.0
slider,L5,random,2,5547,random,L5,1.0,14,55473256541342,5,0,1.359,4.656,96.6,2.8,5,5,0.0,0.0,0.0,0.0
slider,L5,random,3,5767,L5,L5,1.0,7,5767473,2,0,0.872,1.732,105.0,2.5,1,1,0.0,0.0,0.0,0.0
slider,L5,random,3,5767,random,L5,1.0,14,57677373254462,5,0,2.576,4.551,254.6,3.2,5,5,0.0,0.0,0.0,0.0
slider,L5,random,4,775,L5,L5,1.0,13,7756444562445,5,0,2.167,4.107,235.2,3.4,5,5,0.0,0.0,0.0,0.0
slider,L5,random,4,775,random,L5,1.0,10,7754644526,4,0,1.648,3.052,179.5,3.25,3,3,0.0,0.0,0.0,0.0
slider,L5,random,5,215,L5,L5,1.0,7,2152413,2,0,0.784,1.556,99.0,2.5,2,2,0.0,0.0,0.0,0.0
slider,L5,random,5,215,random,L5,1.0,10,2154645454,4,0,1.871,3.196,200.0,3.25,3,3,0.0,0.0,0.0,0.0
slider,L5,random,6,13,L5,L5,1.0,13,1337414442312,6,0,2.351,3.412,264.5,3.5,5,5,0.0,0.0,0.0,0.0
slider,L5,random,6,13,random,L5,1.0,14,13446423753526,6,0,1.66,2.729,188.3,3.33,6,6,0.0,0.0,0.0,0.0
slider,L5,random,7,41,L5,L5,1.0,11,41354731424,5,0,2.284,3.235,274.2,3.4,4,4,0.0,0.0,0.0,0.0
slider,L5,random,7,41,random,L5,1.0,16,4153243443227655,7,0,2.313,3.714,263.0,3.57,7,7,0.0,0.0,0.0,0.0
slider,L5,random,8,4632,L5,L5,1.0,11,46324633454,4,0,1.912,2.777,223.2,3.25,3,3,0.0,0.0,0.0,0.0
slider,L5,random,8,4632,random,L5,1.0,14,46324413534313,5,0,1.911,3.386,219.2,3.2,5,5,0.0,0.0,0.0,0.0
slider,L5,random,9,333,L5,L5,1.0,13,3335444346172,5,0,1.689,3.031,201.4,3.2,5,5,0.0,0.0,0.0,0.0
slider,L5,random,9,333,random,L5,1.0,20,33357332125565341474,9,0,2.896,6.706,330.3,3.67,8,8,0.0,0.0,0.0,0.0
slider,L5,random,10,656,L5,L5,1.0,11,65632757344,4,0,2.594,3.626,282.5,3.25,4,4,0.0,0.0,0.0,0.0
slider,L5,random,10,656,random,L5,1.0,20,65667443255533765656,9,0,2.969,4.506,313.9,3.67,8,8,0.0,0.0,0.0,0.0
slider,L5,random,11,63,L5,L5,1.0,15,633342422761636,7,0,2.436,3.578,279.0,3.57,6,6,0.0,0.0,0.0,0.0
slider,L5,random,11,63,random,L5,1.0,10,6323441323,4,0,1.876,2.589,214.2,3.25,4,4,0.0,0.0,0.0,0.0
slider,L5,random,12,55,L5,L5,1.0,7,5541312,3,0,0.993,2.129,118.3,2.67,2,2,0.0,0.0,0.0,0.0
slider,L5,random,12,55,random,L5,1.0,12,551464562474,5,0,1.882,2.61,212.6,3.4,5,5,0.0,0.0,0.0,0.0
slider,L5,random,13,342,L5,L5,1.0,11,34224342474,4,0,1.891,2.947,231.8,3.25,4,4,0.0,0.0,0.0,0.0
slider,L5,random,13,342,random,L5,1.0,10,3424431261,4,0,1.724,2.715,208.5,3.25,3,3,0.0,0.0,0.0,0.0
slider,L5,random,14,6653,L5,L5,1.0,13,6653474736474,5,0,2.174,3.592,233.8,3.4,4,4,0.0,0.0,0.0,0.0
slider,L5,random,14,6653,random,L5,1.0,12,665337443547,4,0,1.764,2.507,197.2,3.25,4,4,0.0,0.0,0.0,0.0
slider,L5,random,15,76,L5,L5,1.0,15,766542475756336,7,0,2.19,3.728,244.7,3.43,6,6,0.0,0.0,0.0,0.0
slider,L5,random,15,76,random,L5,1.0,10,7614343464,4,0,1.796,2.712,217.5,3.25,4,4,0.0,0.0,0.0,0.0
slider,L5,random,16,344,L5,L5,1.0,13,3441453765323,5,0,1.714,2.585,200.0,3.4,5,5,0.0,0.0,0.0,0.0
slider,L5,random,16,344,random,L5,1.0,14,34444374231373,6,0,2.181,3.783,254.8,3.5,5,5,0.0,0.0,0.0,0.0
slider,L5,random,17,45,L5,L5,1.0,7,4541454,3,0,1.454,2.179,183.0,3.0,2,2,0.0,0.0,0.0,0.0
slider,L5,random,17,45,random,L5,1.0,18,457474356364431212,8,0,2.112,4.497,226.4,3.62,8,8,0.0,0.0,0.0,0.0
slider,L5,random,18,4714,L5,L5,1.0,27,471445445655475377571721233,12,0,2.063,3.8,216.8,3.75,11,11,0.0,0.0,0.0,0.0
slider,L5,random,18,4714,random,L5,1.0,16,4714636413667414,6,0,1.858,2.849,212.3,3.5,6,6,0.0,0.0,0.0,0.0
slider,L5,random,19,7775,L5,L5,1.0,13,7775415243464,5,0,2.358,3.584,268.0,3.4,4,4,0.0,0.0,0.0,0.0
slider,L5,random,19,7775,random,L5,1.0,10,7775541312,3,0,1.279,2.974,145.0,2.67,3,3,0.0,0.0,0.0,0.0
slider,L5,random,20,453,L5,L5,1.0,13,4531444654336,5,0,2.791,4.182,276.4,3.4,5,5,0.0,0.0,0.0,0.0
slider,L5,random,20,453,random,L5,1.0,12,453473124245,5,0,1.545,3.304,180.2,3.2,4,4,0.0,0.0,0.0,0.0
slider,L5,random,21,545,L5,L5,1.0,11,54554331242,4,0,1.557,2.878,180.8,3.25,4,4,0.0,0.0,0.0,0.0
slider,L5,random,21,545,random,L5,1.0,10,5455145454,4,0,1.788,3.201,199.0,3.25,3,3,0.0,0.0,0.0,0.0
slider,L5,random,22,7152,L5,L5,1.0,23,71524644566545554247667,10,0,2.057,3.495,229.9,3.6,9,9,0.0,0.0,0.0,0.0
slider,L5,random,22,7152,random,L5,1.0,8,71522463,2,0,0.635,1.258,74.0,2.5,2,2,0.0,0.0,0.0,0.0
slider,L5,random,23,71,L5,L5,1.0,9,714447516,4,0,1.822,2.606,202.5,3.25,3,3,0.0,0.0,0.0,0.0
slider,L5,random,23,71,random,L5,1.0,18,712434433212446355,8,0,2.416,3.216,257.1,3.62,8,8,0.0,0.0,0.0,0.0
slider,L5,random,24,5616,L5,L5,1.0,17,56164267444453213,7,0,2.39,3.491,268.4,3.43,6,6,0.0,0.0,0.0,0.0
slider,L5,random,24,5616,random,L5,1.0,12,561615441177,4,0,1.73,3.269,173.2,3.25,4,4,0.0,0.0,0.0,0.0
slider,L5,random,25,4424,L5,L5,1.0,7,4424365,2,0,0.448,0.885,54.5,2.0,1,1,0.0,0.0,0.0,0.0
slider,L5,random,25,4424,random,L5,1.0,10,4424237474,3,0,1.782,2.849,215.3,3.0,3,3,0.0,0.0,0.0,0.0
slider,L5,random,26,6464,L5,L5,1.0,13,6464414233646,5,0,2.147,4.187,217.0,3.4,4,4,0.0,0.0,0.0,0.0
slider,L5,random,26,6464,random,L5,1.0,18,646424463242535573,7,0,2.276,4.001,255.1,3.57,7,7,0.0,0.0,0.0,0.0
slider,L5,random,27,5354,L5,L5,1.0,11,53544655316,4,0,1.891,2.85,203.2,3.25,3,3,0.0,0.0,0.0,0.0
slider,L5,random,27,5354,random,L5,1.0,8,53544261,2,0,0.995,1.979,108.0,2.5,2,2,0.0,0.0,0.0,0.0
slider,L5,random,28,3576,L5,L5,1.0,15,357657414436343,6,0,2.756,4.746,290.0,3.5,5,5,0.0,0.0,0.0,0.0
slider,L5,random,28,3576,random,L5,1.0,18,357663745414453512,7,0,2.327,4.946,248.1,3.57,7,7,0.0,0.0,0.0,0.0
slider,L5,random,29,6474,L5,L5,1.0,13,6474455546454,5,0,2.186,3.562,246.2,3.4,4,4,0.0,0.0,0.0,0.0
slider,L5,random,29,6474,random,L5,1.0,24,647423432442467233662535,10,0,2.23,3.215,246.5,3.6,10,10,0.0,0.0,0.0,0.0
slider,L5,random,30,237,L5,L5,1.0,11,23724433576,4,0,1.991,2.964,222.0,3.25,4,4,0.0,0.0,0.0,0.0
slider,L5,random,30,237,random,L5,1.0,10,2374143434,4,0,2.135,3.653,242.0,3.25,3,3,0.0,0.0,0.0,0.0
slider,L5,random,31,112,L5,L5,1.0,7,1127463,2,0,0.784,1.556,99.0,2.5,2,2,0.0,0.0,0.0,0.0
slider,L5,random,31,112,random,L5,1.0,10,1124641454,4,0,2.002,3.049,239.2,3.25,3,3,0.0,0.0,0.0,0.0
slider,L5,random,32,5475,L5,L5,1.0,13,5475434122434,5,0,1.579,2.766,181.8,3.4,4,4,0.0,0.0,0.0,0.0
slider,L5,random,32,5475,random,L5,1.0,20,54755444541514113366,8,0,1.937,3.155,215.4,3.62,8,8,0.0,0.0,0.0,0.0
slider,L5,random,33,323,L5,L5,1.0,9,323141576,3,0,2.053,3.076,223.7,3.0,3,3,0.0,0.0,0.0,0.0
slider,L5,random,33,323,random,L5,1.0,12,323322721262,5,0,2.056,3.122,235.8,3.4,4,4,0.0,0.0,0.0,0.0
slider,L5,random,34,4457,L5,L5,1.0,7,4457342,2,0,0.387,0.764,43.0,2.0,1,1,0.0,0.0,0.0,0.0
slider,L5,random,34,4457,random,L5,1.0,16,4457321644433552,6,0,1.477,3.863,165.3,3.0,6,6,0.0,0.0,0.0,0.0
slider,L5,random,35,745,L5,L5,1.0,11,74514547464,4,0,2.173,3.921,194.2,3.25,4,4,0.0,0.0,0.0,0.0
slider,L5,random,35,745,random,L5,1.0,8,74545474,3,0,1.799,3.114,168.3,3.0,2,2,0.0,0.0,0.0,0.0
slider,L5,random,36,1733,L5,L5,1.0,7,1733452,2,0,0.818,1.626,99.0,2.5,1,1,0.0,0.0,0.0,0.0
slider,L5,random,36,1733,random,L5,1.0,18,173374341444733635,7,0,2.202,4.783,196.3,3.43,7,7,0.0,0.0,0.0,0.0
slider,L5,random,37,714,L5,L5,1.0,15,714444422726262,6,0,2.585,3.68,258.8,3.5,6,6,0.0,0.0,0.0,0.0
slider,L5,random,37,714,random,L5,1.0,12,714435546454,5,0,2.873,6.709,218.8,3.4,4,4,0.0,0.0,0.0,0.0
slider,L5,random,38,6753,L5,L5,1.0,11,67535443515,4,0,2.141,3.421,230.2,3.25,3,3,0.0,0.0,0.0,0.0
slider,L5,random,38,6753,random,L5,1.0,16,6753667564242474,6,0,2.771,4.63,287.2,3.5,6,6,0.0,0.0,0.0,0.0
slider,L5,random,39,247,L5,L5,1.0,15,247345624737555,6,0,2.186,3.69,246.2,3.5,6,6,0.0,0.0,0.0,0.0
slider,L5,random,39,247,random,L5,1.0,14,24742244455623,6,0,2.664,3.805,272.7,3.5,5,5,0.0,0.0,0.0,0.0
slider,L5,random,40,4163,L5,L5,1.0,9,416347414,3,0,2.542,4.616,220.7,3.0,2,2,0.0,0.0,0.0,0.0
slider,L5,random,40,4163,random,L5,1.0,14,41636423574215,5,0,3.171,7.298,162.4,3.2,5,5,0.0,0.0,0.0,0.0
slider,L5,random,41,312,L5,L5,1.0,7,3126445,2,0,1.172,2.332,140.5,2.5,2,2,0.0,0.0,0.0,0.0
slider,L5,random,41,312,random,L5,1.0,24,312454544574771422657525,11,0,2.731,6.399,260.5,3.73,10,10,0.0,0.0,0.0,0.0
slider,L5,random,42,7424,L5,L5,1.0,21,742446474422616531626,9,0,2.109,3.021,233.9,3.67,8,8,0.0,0.0,0.0,0.0
slider,L5,random,42,7424,random,L5,1.0,10,7424335552,3,0,1.753,2.851,187.7,3.0,3,3,0.0,0.0,0.0,0.0
slider,L5,random,43,11,L5,L5,1.0,7,1147342,3,0,1.569,2.663,196.3,3.0,2,2,0.0,0.0,0.0,0.0
slider,L5,random,43,11,random,L5,1.0,10,1144324362,4,0,1.275,2.177,149.0,3.25,4,4,0.0,0.0,0.0,0.0
slider,L5,random,44,557,L5,L5,1.0,7,5572476,2,0,0.934,1.856,102.0,2.5,2,2,0.0,0.0,0.0,0.0
slider,L5,random,44,557,random,L5,1.0,22,5574244435255472343325,10,0,2.174,3.897,218.8,3.6,9,9,0.0,0.0,0.0,0.0
slider,L5,random,45,57,L5,L5,1.0,7,5744312,3,0,1.04,2.274,121.0,2.67,2,2,0.0,0.0,0.0,0.0
slider,L5,random,45,57,random,L5,1.0,10,5734347454,4,0,1.697,3.22,198.0,3.25,4,4,0.0,0.0,0.0,0.0
slider,L5,random,46,21,L5,L5,1.0,7,2142553,3,0,1.668,2.572,211.0,3.0,2,2,0.0,0.0,0.0,0.0
slider,L5,random,46,21,random,L5,1.0,14,21442465654575,6,0,2.045,3.201,243.2,3.5,6,6,0.0,0.0,0.0,0.0
slider,L5,random,47,1753,L5,L5,1.0,21,175331474635445352272,9,0,2.327,4.717,242.4,3.56,8,8,0.0,0.0,0.0,0.0
slider,L5,random,47,1753,random,L5,1.0,18,175315571125634452,7,0,2.67,4.731,293.9,3.43,7,7,0.0,0.0,0.0,0.0
slider,L5,random,48,7632,L5,L5,1.0,13,7632312724471,5,0,2.432,4.2,276.2,3.4,4,4,0.0,0.0,0.0,0.0
slider,L5,random,48,7632,random,L5,1.0,12,763243145542,4,0,1.736,3.341,199.2,3.0,4,4,0.0,0.0,0.0,0.0
slider,L5,random,49,36,L5,L5,1.0,7,3646235,3,0,1.194,2.736,143.7,2.67,2,2,0.0,0.0,0.0,0.0
slider,L5,random,49,36,random,L5,1.0,22,3633147434445334265665,10,0,3.096,9.225,239.0,3.6,10,10,0.0,0.0,0.0,0.0
slider,L5,L6,0,35,L5,L5,1.0,41,35554444534612635216322243235666111177777,20,0,1.605,3.812,185.7,3.8,19,0,3.903,9.89,453.4,4.79
slider,L5,L6,0,35,L6,L5,1.0,40,3544442122422333345555377771566666267711,19,0,1.713,3.843,194.3,3.79,19,0,4.343,11.86,490.7,4.79
slider,L5,L6,1,6712,L5,L6,0.0,26,67124444664462222311315133,11,0,2.531,3.972,278.7,3.82,11,0,5.807,12.376,632.9,4.45
slider,L5,L6,1,6712,L6,L6,0.0,37,6712444466436223114122626775551177557,16,0,2.242,6.343,239.2,3.88,17,0,4.71,12.354,515.3,4.65
slider,L5,L6,2,5547,L5,L5,1.0,7,5547326,2,0,0.445,0.88,46.0,2.0,1,0,0.09,0.09,9.0,2.0
slider,L5,L6,2,5547,L6,L6,0.0,7,5547326,1,0,0.088,0.088,9.0,2.0,2,0,0.462,0.914,46.0,2.0
slider,L5,L6,3,5767,L5,L6,0.0,42,576743444435333554755773666667111111222222,19,0,1.768,5.013,201.7,3.89,19,0,3.364,10.628,377.7,4.68
slider,L5,L6,3,5767,L6,L6,0.0,31,5767434435435465664655711116222,13,0,2.02,3.405,217.2,3.85,14,0,5.206,10.955,562.9,4.57
slider,L5,L6,4,775,L5,L6,0.0,38,77544444555455773333111111666633222222,17,0,2.45,5.866,198.3,3.88,18,0,5.135,13.776,427.4,4.67
slider,L5,L6,4,775,L6,L5,1.0,36,775444442422355566665226333257111777,17,0,1.629,4.521,180.8,3.76,16,0,4.524,14.71,497.3,4.75
slider,L5,L6,5,215,L5,draw,0.5,42,215444445554525322333323277771111177666666,19,0,1.677,5.987,149.8,3.89,20,0,3.039,9.243,341.8,4.7
slider,L5,L6,5,215,L6,L6,0.0,21,215444414114222255333,9,0,2.351,3.826,274.0,3.78,9,0,4.318,7.476,509.6,4.33
slider,L5,L6,6,13,L5,L6,0.0,32,13345444341143133211772225552666,15,0,2.271,4.48,243.9,3.87,15,0,5.623,12.481,556.8,4.6
slider,L5,L6,6,13,L6,L5,1.0,32,13444443433367663611555575511122,15,0,2.078,3.871,190.7,3.73,15,0,5.244,12.196,489.5,4.73
slider,L5,L6,7,41,L5,L6,0.0,40,4135444334343322511551551166777766227722,19,0,1.754,4.134,183.7,3.89,19,0,3.87,12.155,361.2,4.68
slider,L5,L6,7,41,L6,L6,0.0,23,41535335355326462122244,10,0,4.032,7.166,296.8,3.8,11,0,8.778,13.742,660.4,4.45
slider,L5,L6,8,4632,L5,L5,1.0,21,463244342334423322111,9,0,1.879,3.416,202.2,3.56,8,0,5.518,12.465,476.4,4.5
slider,L5,L6,8,4632,L6,draw,0.5,42,463244434462222636633326711111177555555777,19,0,2.435,6.963,164.9,3.79,19,0,6.216,18.385,413.8,4.79
slider,L5,L6,9,333,L5,L6,0.0,24,333544443533544512225666,10,0,1.965,4.308,192.6,3.8,11,0,3.433,8.598,386.4,4.45
slider,L5,L6,9,333,L6,L6,0.0,39,333544445355441253352221622111177777766,18,0,1.479,4.467,156.9,3.89,18,0,3.799,9.826,404.8,4.67
slider,L5,L6,10,656,L5,L6,0.0,40,6566444445545521222562276611111777333333,18,0,2.493,8.067,186.8,3.89,19,0,5.546,17.117,403.2,4.68
slider,L5,L6,10,656,L6,L5,1.0,36,656664432555563332313526222771111144,17,0,2.264,4.509,239.5,3.76,16,0,5.297,14.675,566.2,4.75
slider,L5,L6,11,63,L5,L5,1.0,23,63342344434334227762555,11,0,2.497,7.919,226.5,3.64,10,0,5.508,11.278,539.2,4.6
slider,L5,L6,11,63,L6,L5,1.0,34,6344445766466345555511133337611122,16,0,2.665,6.93,189.6,3.75,16,0,7.422,18.914,513.6,4.75
slider,L5,L6,12,55,L5,L6,0.0,34,5546324454333215522445332277777666,16,0,1.595,4.159,143.6,3.88,16,0,4.587,11.127,380.9,4.62
slider,L5,L6,12,55,L6,L6,0.0,39,554334445533447635352166617771111667722,18,0,2.175,5.877,173.9,3.89,19,0,5.245,12.807,419.6,4.68
slider,L5,L6,13,342,L5,L5,1.0,37,3424443433453357677166666711111772255,17,0,1.549,3.077,171.4,3.76,17,0,3.422,8.504,381.5,4.76
slider,L5,L6,13,342,L6,L5,1.0,32,34244342442323337227776666667755,15,0,1.287,2.674,147.9,3.73,14,0,2.559,7.823,306.5,4.71
slider,L5,L6,14,6653,L5,draw,0.5,42,665347444465463333365627772722755522111111,19,0,1.553,3.675,161.0,3.89,19,0,3.474,11.724,373.6,4.68
slider,L5,L6,14,6653,L6,L6,0.0,37,6653474446466465577111133332551123222,16,0,2.068,4.503,217.7,3.88,17,0,4.336,9.67,445.9,4.65
slider,L5,L6,15,76,L5,L6,0.0,40,7663444444333332222626662111177711775555,19,0,1.715,3.905,176.2,3.89,19,0,3.787,12.021,369.4,4.68
slider,L5,L6,15,76,L6,L6,0.0,39,764444446333336636561721112211772227755,18,0,2.036,4.636,190.8,3.89,19,0,4.986,13.388,499.4,4.68
slider,L5,L6,16,344,L5,L5,1.0,35,34444533367644663673776527725522552,16,0,1.829,4.347,202.9,3.75,16,0,4.632,11.285,483.3,4.75
slider,L5,L6,16,344,L6,L6,0.0,39,344443433433275777677666665555511111122,18,0,2.27,4.938,171.8,3.89,18,0,4.307,10.403,350.6,4.67
slider,L5,L6,17,45,L5,L5,1.0,29,45444455543521322522213333111,14,0,1.647,3.711,189.7,3.71,13,0,3.352,8.342,374.8,4.69
slider,L5,L6,17,45,L6,L6,0.0,21,454445455435531232322,9,0,2.012,3.663,228.9,3.78,10,0,4.006,8.496,458.7,4.4
slider,L5,L6,18,4714,L5,L5,1.0,39,471444473234333376665577556556167111122,18,0,2.204,5.642,211.0,3.78,17,0,4.163,12.211,419.0,4.76
slider,L5,L6,18,4714,L6,L5,1.0,16,4714446346374555,6,0,2.37,4.018,263.7,3.33,6,0,7.789,18.151,766.5,4.33
slider,L5,L6,19,7775,L5,L6,0.0,34,7775444454557455633133111211337722,15,0,2.183,4.407,212.3,3.87,15,0,4.215,8.467,437.2,4.6
slider,L5,L6,19,7775,L6,L5,1.0,38,77753335553544444222435371111222117766,17,0,1.881,4.655,211.6,3.76,17,0,4.281,12.942,490.9,4.76
slider,L5,L6,20,453,L5,L5,1.0,41,45344455534612635216322243235666111177777,19,0,1.615,3.845,185.6,3.79,19,0,4.519,16.572,449.3,4.79
slider,L5,L6,20,453,L6,L5,1.0,40,4534442122422333345555377771566666267711,19,0,1.751,4.013,194.3,3.79,18,0,4.391,15.655,457.1,4.78
slider,L5,L6,21,545,L5,L6,0.0,38,54554445421554222212777766666677111133,17,0,1.36,3.248,142.9,3.88,18,0,3.301,9.251,341.6,4.67
slider,L5,L6,21,545,L6,L6,0.0,39,545554444332153343357772227776666662211,18,0,1.31,3.119,143.3,3.89,18,0,2.801,7.007,307.7,4.67
slider,L5,L6,22,7152,L5,L5,1.0,35,71524644566442224366212333337677755,16,0,1.98,5.201,203.6,3.75,15,0,4.726,9.941,497.5,4.73
slider,L5,L6,22,7152,L6,L6,0.0,25,7152464456455664542777333,10,0,2.362,3.948,222.7,3.8,11,0,4.811,12.225,443.3,4.45
slider,L5,L6,23,71,L5,L5,1.0,39,714444415654555512223311332332721777766,19,0,1.941,4.428,211.2,3.79,18,0,4.252,16.498,425.3,4.78
slider,L5,L6,23,71,L6,L5,1.0,38,71444423224345332335551777155111227766,18,0,1.929,4.998,225.3,3.78,18,0,4.41,10.171,527.5,4.78
slider,L5,L6,24,5616,L5,L6,0.0,32,56164444455664525566222221111133,14,0,1.515,3.955,162.6,3.86,14,0,3.529,9.49,383.6,4.57
slider,L5,L6,24,5616,L6,draw,0.5,42,561634444555333443355111112222227766667777,19,0,1.218,3.564,134.6,3.79,19,0,3.369,11.624,385.8,4.79
slider,L5,L6,25,4424,L5,L5,1.0,7,4424351,2,0,0.458,0.907,54.5,2.0,1,0,0.076,0.076,9.0,2.0
slider,L5,L6,25,4424,L6,L6,0.0,7,4424351,1,0,0.076,0.076,9.0,2.0,2,0,0.451,0.892,54.5,2.0
slider,L5,L6,26,6464,L5,L5,1.0,39,646444432333342223662626511111177777755,18,0,1.532,3.997,173.8,3.78,17,0,3.31,9.997,367.5,4.76
slider,L5,L6,26,6464,L6,L6,0.0,21,646446443346633373555,8,0,2.381,3.51,276.9,3.75,9,0,5.632,11.521,596.7,4.33
slider,L5,L6,27,5354,L5,L5,1.0,17,53544355412434222,7,0,1.805,3.507,192.3,3.43,6,0,4.378,8.459,444.8,4.33
slider,L5,L6,27,5354,L6,L6,0.0,41,53544214424455322355777733322111116677666,18,0,1.261,3.938,133.6,3.89,19,0,2.557,6.632,280.4,4.68
slider,L5,L6,28,3576,L5,L6,0.0,38,35765535637553332126617711662212127744,17,0,2.171,5.12,230.5,3.88,17,0,4.627,12.032,495.4,4.65
slider,L5,L6,28,3576,L6,L6,0.0,19,3576335553433621442,7,0,2.721,5.965,299.0,3.71,8,0,7.09,15.157,792.1,4.25
slider,L5,L6,29,6474,L5,L6,0.0,30,647444241226624612217567631335,13,0,3.391,5.744,358.2,3.85,13,0,8.937,21.239,896.8,4.54
slider,L5,L6,29,6474,L6,L5,1.0,32,64744443233342322626663267777755,14,0,2.061,4.575,217.6,3.71,14,0,4.538,11.705,490.0,4.71
slider,L5,L6,30,237,L5,draw,0.5,42,237444444655565355233331777111227212666617,19,0,1.36,4.637,149.2,3.89,20,0,3.374,11.208,381.6,4.7
slider,L5,L6,30,237,L6,L6,0.0,15,237445644464355,6,0,2.565,3.417,282.0,3.67,6,0,4.943,11.586,542.0,4.0
slider,L5,L6,31,112,L5,L6,0.0,42,112444444222353676566533553352662117777711,19,0,1.845,6.661,193.9,3.89,20,0,4.57,12.763,466.9,4.7
slider,L5,L6,31,112,L6,L5,1.0,40,1124444442222633266576655655511777117733,19,0,1.753,4.074,202.7,3.79,18,0,4.31,13.591,499.2,4.78
slider,L5,L6,32,5475,L5,draw,0.5,42,547544455445536121111132222233733666667777,19,0,1.656,3.996,162.0,3.89,19,0,3.784,10.353,378.8,4.68
slider,L5,L6,32,5475,L6,L5,1.0,38,54755444545542111111777222626626667733,17,0,1.617,4.546,154.8,3.76,17,0,3.604,12.036,362.5,4.76
slider,L5,L6,33,323,L5,L6,0.0,38,32333552565576223352211777661166117744,17,0,2.253,4.586,236.2,3.88,18,0,5.46,15.182,544.1,4.67
slider,L5,L6,33,323,L6,L5,1.0,38,32334444321642234663266655555521111177,18,0,1.792,5.179,181.2,3.78,17,0,3.889,11.666,405.6,4.76
slider,L5,L6,34,4457,L5,L5,1.0,7,4457326,2,0,0.434,0.859,43.0,2.0,1,0,0.088,0.088,9.0,2.0
slider,L5,L6,34,4457,L6,L6,0.0,7,4457326,1,0,0.082,0.082,9.0,2.0,2,0,0.473,0.937,43.0,2.0
slider,L5,L6,35,745,L5,L6,0.0,34,7454445455455136111771177722222233,15,0,1.896,3.844,193.0,3.87,16,0,3.955,8.122,417.4,4.62
slider,L5,L6,35,745,L6,L5,1.0,24,745444455554572222212333,11,0,2.196,3.775,234.0,3.64,10,0,5.039,8.959,562.3,4.6
slider,L5,L6,36,1733,L5,L6,0.0,22,1733425644343443362555,9,0,2.25,4.666,234.9,3.78,9,0,3.167,5.629,332.6,4.33
slider,L5,L6,36,1733,L6,L6,0.0,25,1733423426672773226644555,10,0,2.366,4.792,249.8,3.8,11,0,5.978,9.964,631.2,4.45
slider,L5,L6,37,714,L5,L5,1.0,39,714444415654555512223311332332721777766,18,0,1.865,4.398,207.8,3.78,18,0,3.949,8.268,425.3,4.78
slider,L5,L6,37,714,L6,L5,1.0,38,71444423224345332335551777155111227766,18,0,2.022,5.618,225.3,3.78,17,0,4.891,11.247,516.6,4.76
slider,L5,L6,38,6753,L5,L6,0.0,38,67535565355636337212266372227771111144,17,0,1.719,4.264,157.0,3.88,17,0,3.712,10.831,378.8,4.65
slider,L5,L6,38,6753,L6,L6,0.0,33,675344453675455434333157777122211,14,0,1.599,3.86,167.7,3.86,15,0,3.738,15.151,373.5,4.6
slider,L5,L6,39,247,L5,L6,0.0,34,2474444655567662552456221116211133,15,0,2.087,5.511,202.9,3.87,16,0,5.256,15.981,496.0,4.62
slider,L5,L6,39,247,L6,L5,1.0,24,247444442222277776735566,11,0,3.523,6.802,250.5,3.64,10,0,9.014,22.124,643.2,4.6
slider,L5,L6,40,4163,L5,L5,1.0,39,416344443357565561222466525633117213777,18,0,2.106,5.977,210.6,3.78,17,0,4.06,12.747,425.4,4.76
slider,L5,L6,40,4163,L6,L6,0.0,29,41634446643333664357516755577,12,0,2.288,4.48,244.7,3.83,13,0,5.542,11.035,590.8,4.54
slider,L5,L6,41,312,L5,L5,1.0,39,312442444121142556765522556661167777733,18,0,2.104,5.191,171.5,3.78,18,0,5.131,20.634,390.1,4.78
slider,L5,L6,41,312,L6,L5,1.0,32,31244444233322243326767666671555,15,0,1.97,5.404,213.8,3.73,14,0,4.245,9.562,478.4,4.71
slider,L5,L6,42,7424,L5,L6,0.0,34,7424444655567662552456221116211133,15,0,3.555,8.947,202.9,3.87,15,0,8.208,20.166,458.9,4.6
slider,L5,L6,42,7424,L6,L5,1.0,24,742444442222277776735566,10,0,2.131,3.426,238.6,3.6,10,0,6.886,19.188,643.2,4.6
slider,L5,L6,43,11,L5,L6,0.0,38,11444423346337243366666772212217775555,18,0,2.165,7.186,200.6,3.89,18,0,3.95,11.178,405.9,4.67
slider,L5,L6,43,11,L6,L6,0.0,39,114444433334676355555536161661127777722,18,0,2.013,6.989,183.8,3.89,19,0,5.075,19.479,436.8,4.68
slider,L5,L6,44,557,L5,draw,0.5,42,557444455445536121111132222233733666667777,19,0,1.615,4.715,162.0,3.89,20,0,3.805,11.021,383.3,4.7
slider,L5,L6,44,557,L6,L5,1.0,38,55745444545542111111777222626626667733,18,0,1.494,2.893,158.3,3.78,17,0,3.441,8.614,362.5,4.76
slider,L5,L6,45,57,L5,L6,0.0,42,574344455435533433577766666622227117112211,20,0,1.497,3.829,166.9,3.9,20,0,3.383,8.267,371.0,4.7
slider,L5,L6,45,57,L6,draw,0.5,42,574353354445255447217733361111166666772222,20,0,1.584,4.08,168.6,3.8,20,0,3.124,8.556,335.4,4.8
slider,L5,L6,46,21,L5,L6,0.0,40,2144444333233435575556666656177711117722,19,0,1.495,3.079,174.3,3.89,19,0,3.413,8.857,401.9,4.68
slider,L5,L6,46,21,L6,L6,0.0,17,21444253343324555,7,0,2.309,3.818,270.6,3.71,8,0,5.524,8.635,636.1,4.25
slider,L5,L6,47,1753,L5,L6,0.0,40,1753331133414455445453511777776666662222,18,0,1.982,9.069,197.2,3.89,18,0,3.948,15.638,392.1,4.67
slider,L5,L6,47,1753,L6,L6,0.0,23,17533553444544747333666,9,0,3.106,4.492,330.1,3.78,10,0,6.896,13.251,740.8,4.4
slider,L5,L6,48,7632,L5,L6,0.0,34,7632336332744626622717444461732755,15,0,2.825,4.368,296.9,3.87,15,0,6.061,11.203,620.9,4.6
slider,L5,L6,48,7632,L6,L5,1.0,38,76323332223162616675375755552611117744,17,0,2.334,5.595,234.9,3.76,17,0,6.83,15.998,708.3,4.76
slider,L5,L6,49,36,L5,L5,1.0,21,364244342334423322111,10,0,2.805,6.002,215.3,3.6,9,0,6.227,13.368,532.3,4.56
slider,L5,L6,49,36,L6,draw,0.5,42,364244434462222636633326711111177555555777,20,0,1.623,4.241,181.2,3.8,20,0,3.872,10.07,436.9,4.8
slider,L6,random,0,35,L6,L6,1.0,13,3543533556152,6,0,7.086,9.855,816.8,4.33,5,5,0.0,0.0,0.0,0.0
slider,L6,random,0,35,random,L6,1.0,16,3533445445321222,7,0,5.202,7.723,589.6,4.14,7,7,0.0,0.0,0.0,0.0
slider,L6,random,1,6712,L6,L6,1.0,15,671243462442331,6,0,5.207,9.513,592.2,4.0,5,5,0.0,0.0,0.0,0.0
slider,L6,random,1,6712,random,L6,1.0,10,6712647365,3,0,4.79,8.187,522.3,3.67,3,3,0.0,0.0,0.0,0.0
slider,L6,random,2,5547,L6,L6,1.0,7,5547312,2,0,0.45,0.887,46.0,2.0,1,1,0.0,0.0,0.0,0.0
slider,L6,random,2,5547,random,L6,1.0,16,5547233574332426,6,0,4.585,10.842,514.7,4.33,6,6,0.0,0.0,0.0,0.0
slider,L6,random,3,5767,L6,L6,1.0,7,5767443,2,0,2.715,5.416,300.0,3.0,1,1,0.0,0.0,0.0,0.0
slider,L6,random,3,5767,random,L6,1.0,12,576734741625,4,0,3.838,6.767,420.5,4.0,4,4,0.0,0.0,0.0,0.0
slider,L6,random,4,775,L6,L6,1.0,13,7756444141464,5,0,7.264,13.106,788.0,4.2,5,5,0.0,0.0,0.0,0.0
slider,L6,random,4,775,random,L6,1.0,10,7754745434,4,0,4.03,6.707,465.0,4.0,3,3,0.0,0.0,0.0,0.0
slider,L6,random,5,215,L6,L6,1.0,7,2152413,2,0,2.172,4.332,273.0,3.0,2,2,0.0,0.0,0.0,0.0
slider,L6,random,5,215,random,L6,1.0,10,2154241454,4,0,4.103,7.153,506.8,4.0,3,3,0.0,0.0,0.0,0.0
slider,L6,random,6,13,L6,L6,1.0,9,134643424,4,0,4.833,7.464,568.2,4.0,3,3,0.0,0.0,0.0,0.0
slider,L6,random,6,13,random,L6,1.0,10,1344347474,4,0,4.419,5.959,538.2,4.0,4,4,0.0,0.0,0.0,0.0
slider,L6,random,7,41,L6,L6,1.0,7,4152643,3,0,3.233,8.817,397.0,3.0,2,2,0.0,0.0,0.0,0.0
slider,L6,random,7,41,random,L6,1.0,14,41636416752655,6,0,6.043,9.285,690.0,4.33,6,6,0.0,0.0,0.0,0.0
slider,L6,random,8,4632,L6,L6,1.0,13,4632463444343,5,0,5.403,7.454,602.8,4.2,4,4,0.0,0.0,0.0,0.0
slider,L6,random,8,4632,random,L6,1.0,12,463264547414,4,0,5.799,9.798,628.8,4.0,4,4,0.0,0.0,0.0,0.0
slider,L6,random,9,333,L6,L6,1.0,13,3332374546424,5,0,5.885,8.957,665.8,4.2,5,5,0.0,0.0,0.0,0.0
slider,L6,random,9,333,random,L6,1.0,12,333563754446,5,0,6.238,10.58,716.2,4.2,4,4,0.0,0.0,0.0,0.0
slider,L6,random,10,656,L6,L6,1.0,11,65674646533,4,0,5.218,8.37,562.5,4.0,4,4,0.0,0.0,0.0,0.0
slider,L6,random,10,656,random,L6,1.0,12,656614456352,5,0,6.279,9.735,696.4,4.2,4,4,0.0,0.0,0.0,0.0
slider,L6,random,11,63,L6,L6,1.0,9,634747464,4,0,4.966,7.431,565.2,4.0,3,3,0.0,0.0,0.0,0.0
slider,L6,random,11,63,random,L6,1.0,8,63644275,3,0,3.105,8.273,359.7,3.0,3,3,0.0,0.0,0.0,0.0
slider,L6,random,12,55,L6,L6,1.0,13,5543363642424,6,0,5.614,9.627,572.8,4.33,5,5,0.0,0.0,0.0,0.0
slider,L6,random,12,55,random,L6,1.0,10,5514156525,4,0,4.899,6.655,582.2,4.0,4,4,0.0,0.0,0.0,0.0
slider,L6,random,13,342,L6,L6,1.0,13,3423454673424,5,0,4.683,9.31,506.4,4.2,5,5,0.0,0.0,0.0,0.0
slider,L6,random,13,342,random,L6,1.0,8,34247424,3,0,4.585,7.018,499.0,3.67,2,2,0.0,0.0,0.0,0.0
slider,L6,random,14,6653,L6,L6,1.0,7,6653457,2,0,3.261,6.504,330.0,3.0,1,1,0.0,0.0,0.0,0.0
slider,L6,random,14,6653,random,L6,1.0,12,665347346517,4,0,6.167,15.78,432.8,4.0,4,4,0.0,0.0,0.0,0.0
slider,L6,random,15,76,L6,L6,1.0,17,76416141115556332,8,0,9.163,18.896,703.6,4.25,7,7,0.0,0.0,0.0,0.0
slider,L6,random,15,76,random,L6,1.0,12,761444647345,5,0,6.07,9.207,669.8,4.2,5,5,0.0,0.0,0.0,0.0
slider,L6,random,16,344,L6,L6,1.0,9,344347424,3,0,3.61,5.971,427.3,3.67,3,3,0.0,0.0,0.0,0.0
slider,L6,random,16,344,random,L6,1.0,24,344474447317632333665515,11,0,4.796,7.875,534.2,4.45,10,10,0.0,0.0,0.0,0.0
slider,L6,random,17,45,L6,L6,1.0,7,4546464,3,0,10.533,21.009,552.0,3.67,2,2,0.0,0.0,0.0,0.0
slider,L6,random,17,45,random,L6,1.0,10,4524245464,4,0,8.187,12.068,553.5,4.0,4,4,0.0,0.0,0.0,0.0
slider,L6,random,18,4714,L6,L6,1.0,13,4714446562626,5,0,7.68,12.014,848.6,4.2,4,4,0.0,0.0,0.0,0.0
slider,L6,random,18,4714,random,L6,1.0,16,4714444752451566,6,0,9.302,14.746,671.2,4.33,6,6,0.0,0.0,0.0,0.0
slider,L6,random,19,7775,L6,L6,1.0,21,777536666176573351525,9,0,8.404,12.678,930.7,4.56,8,8,0.0,0.0,0.0,0.0
slider,L6,random,19,7775,random,L6,1.0,14,77754424311454,5,0,5.631,11.415,521.2,4.2,5,5,0.0,0.0,0.0,0.0
slider,L6,random,20,453,L6,L6,1.0,15,453445445134552,6,0,5.636,10.31,586.3,4.33,6,6,0.0,0.0,0.0,0.0
slider,L6,random,20,453,random,L6,1.0,16,4534441275246623,7,0,5.711,11.922,579.9,4.14,6,6,0.0,0.0,0.0,0.0
slider,L6,random,21,545,L6,L6,1.0,11,54534447366,4,0,5.81,8.289,618.2,4.0,4,4,0.0,0.0,0.0,0.0
slider,L6,random,21,545,random,L6,1.0,12,545515342424,5,0,5.615,7.899,565.2,4.2,4,4,0.0,0.0,0.0,0.0
slider,L6,random,22,7152,L6,L6,1.0,7,7152476,2,0,1.552,3.091,165.0,3.0,1,1,0.0,0.0,0.0,0.0
slider,L6,random,22,7152,random,L6,1.0,20,71521434544363733455,8,0,5.501,8.928,609.1,4.5,8,8,0.0,0.0,0.0,0.0
slider,L6,random,23,71,L6,L6,1.0,15,714344453137373,7,0,7.994,10.999,744.1,4.43,6,6,0.0,0.0,0.0,0.0
slider,L6,random,23,71,random,L6,1.0,18,712552257514645434,8,0,9.442,16.931,1074.4,4.5,8,8,0.0,0.0,0.0,0.0
slider,L6,random,24,5616,L6,L6,1.0,9,561631442,3,0,9.179,18.08,657.0,3.67,2,2,0.0,0.0,0.0,0.0
slider,L6,random,24,5616,random,L6,1.0,8,56165656,2,0,4.889,9.754,336.0,3.0,2,2,0.0,0.0,0.0,0.0
slider,L6,random,25,4424,L6,L6,1.0,7,4424375,2,0,0.808,1.598,54.5,2.0,1,1,0.0,0.0,0.0,0.0
slider,L6,random,25,4424,random,L6,1.0,16,4424353143553252,6,0,3.251,8.198,330.8,3.5,6,6,0.0,0.0,0.0,0.0
slider,L6,random,26,6464,L6,L6,1.0,11,64644645474,4,0,4.938,7.306,544.0,4.0,3,3,0.0,0.0,0.0,0.0
slider,L6,random,26,6464,random,L6,1.0,10,6464266474,3,0,4.305,6.494,499.7,3.67,3,3,0.0,0.0,0.0,0.0
slider,L6,random,27,5354,L6,L6,1.0,9,535446376,3,0,4.986,7.516,473.3,3.67,2,2,0.0,0.0,0.0,0.0
slider,L6,random,27,5354,random,L6,1.0,12,535455736271,4,0,4.658,7.617,490.5,4.0,4,4,0.0,0.0,0.0,0.0
slider,L6,random,28,3576,L6,L6,1.0,13,3576374642313,5,0,7.186,13.269,774.0,4.2,4,4,0.0,0.0,0.0,0.0
slider,L6,random,28,3576,random,L6,1.0,20,35767766674434213315,8,0,6.663,16.25,697.6,4.25,8,8,0.0,0.0,0.0,0.0
slider,L6,random,29,6474,L6,L6,1.0,15,647444417232717,6,0,7.601,15.7,723.5,4.33,5,5,0.0,0.0,0.0,0.0
slider,L6,random,29,6474,random,L6,1.0,12,647444437245,4,0,10.768,23.568,668.2,3.5,4,4,0.0,0.0,0.0,0.0
slider,L6,random,30,237,L6,L6,1.0,15,237567323443635,6,0,7.628,11.51,807.0,4.33,6,6,0.0,0.0,0.0,0.0
slider,L6,random,30,237,random,L6,1.0,14,23744433641434,6,0,11.888,20.166,745.8,4.33,5,5,0.0,0.0,0.0,0.0
slider,L6,random,31,112,L6,L6,1.0,7,1121443,2,0,2.425,4.816,300.0,3.0,2,2,0.0,0.0,0.0,0.0
slider,L6,random,31,112,random,L6,1.0,10,1124547454,4,0,4.941,8.644,531.5,4.0,3,3,0.0,0.0,0.0,0.0
slider,L6,random,32,5475,L6,L6,1.0,13,5475574546454,5,0,3.925,7.523,444.4,3.8,4,4,0.0,0.0,0.0,0.0
slider,L6,random,32,5475,random,L6,1.0,18,547554254414571626,7,0,9.082,29.902,632.0,4.14,7,7,0.0,0.0,0.0,0.0
slider,L6,random,33,323,L6,L6,1.0,13,3231434633271,5,0,9.074,14.183,571.0,4.2,5,5,0.0,0.0,0.0,0.0
slider,L6,random,33,323,random,L6,1.0,16,3233235225644425,7,0,7.888,15.523,529.3,4.14,6,6,0.0,0.0,0.0,0.0
slider,L6,random,34,4457,L6,L6,1.0,7,4457332,2,0,0.401,0.79,43.0,2.0,1,1,0.0,0.0,0.0,0.0
slider,L6,random,34,4457,random,L6,1.0,14,44574374633625,5,0,5.408,9.649,560.2,3.8,5,5,0.0,0.0,0.0,0.0
slider,L6,random,35,745,L6,L6,1.0,23,74574344445215325752213,10,0,5.689,14.873,598.6,4.6,10,10,0.0,0.0,0.0,0.0
slider,L6,random,35,745,random,L6,1.0,8,74547424,3,0,7.993,12.705,470.7,3.67,2,2,0.0,0.0,0.0,0.0
slider,L6,random,36,1733,L6,L6,1.0,13,1733423427344,5,0,10.696,17.981,673.2,4.2,4,4,0.0,0.0,0.0,0.0
slider,L6,random,36,1733,random,L6,1.0,14,17337424356512,5,0,3.235,6.958,352.8,3.8,5,5,0.0,0.0,0.0,0.0
slider,L6,random,37,714,L6,L6,1.0,11,71434231536,4,0,5.273,7.778,559.8,4.0,4,4,0.0,0.0,0.0,0.0
slider,L6,random,37,714,random,L6,1.0,20,71441445244715117575,9,0,7.305,13.412,679.4,4.56,8,8,0.0,0.0,0.0,0.0
slider,L6,random,38,6753,L6,L6,1.0,21,675346454452646166323,9,0,6.107,13.407,653.2,4.33,8,8,0.0,0.0,0.0,0.0
slider,L6,random,38,6753,random,L6,1.0,16,6753357453347142,6,0,7.026,11.771,732.3,4.33,6,6,0.0,0.0,0.0,0.0
slider,L6,random,39,247,L6,L6,1.0,15,247743465637454,6,0,5.17,7.804,573.2,4.33,6,6,0.0,0.0,0.0,0.0
slider,L6,random,39,247,random,L6,1.0,12,247422337434,5,0,5.757,8.837,662.8,4.2,4,4,0.0,0.0,0.0,0.0
slider,L6,random,40,4163,L6,L6,1.0,9,416347474,3,0,4.416,6.703,501.0,3.67,2,2,0.0,0.0,0.0,0.0
slider,L6,random,40,4163,random,L6,1.0,16,4163575514747454,6,0,4.343,7.729,459.3,4.0,6,6,0.0,0.0,0.0,0.0
slider,L6,random,41,312,L6,L6,1.0,13,3126454637215,5,0,4.76,9.22,523.8,3.8,5,5,0.0,0.0,0.0,0.0
slider,L6,random,41,312,random,L6,1.0,10,3124146434,4,0,4.69,6.852,534.2,4.0,3,3,0.0,0.0,0.0,0.0
slider,L6,random,42,7424,L6,L6,1.0,11,74244545424,4,0,5.239,8.971,579.2,4.0,3,3,0.0,0.0,0.0,0.0
slider,L6,random,42,7424,random,L6,1.0,16,7424737743644323,6,0,6.467,10.363,659.5,4.33,6,6,0.0,0.0,0.0,0.0
slider,L6,random,43,11,L6,L6,1.0,13,1141411253454,6,0,5.237,8.377,613.0,4.33,5,5,0.0,0.0,0.0,0.0
slider,L6,random,43,11,random,L6,1.0,14,11544464661474,6,0,5.895,7.788,665.8,4.33,6,6,0.0,0.0,0.0,0.0
slider,L6,random,44,557,L6,L6,1.0,7,5577436,2,0,2.434,4.853,273.0,3.0,2,2,0.0,0.0,0.0,0.0
slider,L6,random,44,557,random,L6,1.0,10,5574751535,4,0,5.442,10.108,577.2,4.0,3,3,0.0,0.0,0.0,0.0
slider,L6,random,45,57,L6,L6,1.0,17,57435544453437323,8,0,6.574,12.25,617.9,4.5,7,7,0.0,0.0,0.0,0.0
slider,L6,random,45,57,random,L6,1.0,10,5774741424,4,0,6.384,10.025,652.5,4.0,4,4,0.0,0.0,0.0,0.0
slider,L6,random,46,21,L6,L6,1.0,13,2142425357565,6,0,5.646,7.462,647.5,4.33,5,5,0.0,0.0,0.0,0.0
slider,L6,random,46,21,random,L6,1.0,16,2154741544721373,7,0,5.181,8.835,561.4,4.14,7,7,0.0,0.0,0.0,0.0
slider,L6,random,47,1753,L6,L6,1.0,15,175336366556343,6,0,7.912,11.554,865.2,4.33,5,5,0.0,0.0,0.0,0.0
slider,L6,random,47,1753,random,L6,1.0,22,1753756557737334641446,9,0,8.009,14.543,841.4,4.33,9,9,0.0,0.0,0.0,0.0
slider,L6,random,48,7632,L6,L6,1.0,9,763237363,3,0,7.586,11.935,797.0,3.67,2,2,0.0,0.0,0.0,0.0
slider,L6,random,48,7632,random,L6,1.0,12,763253154452,4,0,6.117,12.956,659.2,3.5,4,4,0.0,0.0,0.0,0.0
slider,L6,random,49,36,L6,L6,1.0,7,3646225,3,0,2.929,7.844,324.3,3.0,2,2,0.0,0.0,0.0,0.0
slider,L6,random,49,36,random,L6,1.0,12,365444245434,5,0,6.671,9.927,695.0,4.2,5,5,0.0,0.0,0.0,0.0
slider,L6,L7,0,35,L6,L7,0.0,34,3544442122422543333377155552777766,16,0,4.867,13.524,512.9,4.75,16,0,9.018,26.063,981.8,5.44
slider,L6,L7,0,35,L7,L7,0.0,39,354444433334555355211212222677111777766,18,0,3.436,9.237,401.5,4.78,19,0,7.352,22.823,863.5,5.53
slider,L6,L7,1,6712,L6,L7,0.0,42,671244446453432226625572113335371117667755,19,0,5.299,10.831,541.4,4.79,19,0,9.789,23.928,1056.1,5.53
slider,L6,L7,1,6712,L7,L6,1.0,38,67123444442124332233637266667755775555,17,0,3.248,10.704,369.4,4.65,17,0,8.297,23.605,939.1,5.65
slider,L6,L7,2,5547,L6,L6,1.0,7,5547326,2,0,1.007,1.997,46.0,2.0,1,0,0.192,0.192,9.0,2.0
slider,L6,L7,2,5547,L7,L7,0.0,7,5547326,1,0,0.095,0.095,9.0,2.0,2,0,0.423,0.837,46.0,2.0
slider,L6,L7,3,5767,L6,L7,0.0,36,576743443456554343533511772211117222,16,0,3.623,11.813,369.4,4.75,16,0,5.179,15.562,551.5,5.44
slider,L6,L7,3,5767,L7,L7,0.0,29,57674344443533433777511122221,12,0,5.35,10.655,555.3,4.67,13,0,12.361,24.189,1286.7,5.31
slider,L6,L7,4,775,L6,L6,1.0,39,775444442242222555377551776666661111133,18,0,3.724,14.477,420.8,4.67,18,0,7.771,23.235,865.1,5.67
slider,L6,L7,4,775,L7,draw,0.5,42,775444444153233355523322751117226666661177,20,0,3.255,9.882,339.4,4.7,19,0,7.723,34.412,854.9,5.68
slider,L6,L7,5,215,L6,L7,0.0,42,215444445554322235333352211177776666667711,19,0,3.392,7.236,387.1,4.79,20,0,6.18,17.975,708.9,5.55
slider,L6,L7,5,215,L7,draw,0.5,42,215444444155555222221133333366666611777777,20,0,3.18,8.898,379.6,4.7,19,0,7.191,19.43,820.8,5.68
slider,L6,L7,6,13,L6,L7,0.0,26,13444443413331311166666555,12,0,4.294,8.936,482.3,4.67,12,0,9.016,19.11,955.8,5.25
slider,L6,L7,6,13,L7,L6,1.0,40,1344444343336766163121662227221155555577,19,0,3.184,8.478,343.6,4.68,19,0,7.203,16.045,810.6,5.68
slider,L6,L7,7,41,L6,L6,1.0,25,4156445245545224266532333,12,0,7.038,11.436,707.6,4.5,11,0,15.218,30.16,1478.3,5.45
slider,L6,L7,7,41,L7,L7,0.0,35,41534445575455463161112333317777722,16,0,4.266,10.502,457.3,4.75,17,0,8.48,20.649,972.5,5.47
slider,L6,L7,8,4632,L6,L6,1.0,39,463244434463337773766667751111222221155,18,0,3.847,11.171,419.8,4.67,17,0,8.205,27.132,934.9,5.65
slider,L6,L7,8,4632,L7,L6,1.0,40,4632444342242522511111166666777733337755,18,0,3.403,13.038,389.6,4.67,18,0,7.509,20.262,846.9,5.67
slider,L6,L7,9,333,L6,L6,1.0,39,333544445355441253352222621111177777766,18,0,3.49,8.518,395.3,4.67,18,0,6.638,17.194,757.3,5.67
slider,L6,L7,9,333,L7,L6,1.0,30,333544445345534352722257777722,14,0,4.322,8.473,491.6,4.57,13,0,8.666,16.581,991.6,5.54
slider,L6,L7,10,656,L6,L6,1.0,41,65666443255556323222444433356121177777711,19,0,4.656,14.831,503.4,4.68,19,0,11.176,38.407,1069.2,5.68
slider,L6,L7,10,656,L7,L7,0.0,29,65665553233352263562244362444,13,0,6.045,11.448,687.4,4.69,13,0,11.492,24.342,1328.8,5.31
slider,L6,L7,11,63,L6,L7,0.0,34,6344445766466345555511133337611122,16,0,4.532,12.059,513.6,4.75,16,0,8.318,28.209,943.9,5.44
slider,L6,L7,11,63,L7,L6,1.0,34,6344443475523355473535111177117722,16,0,3.319,8.329,374.4,4.62,16,0,9.428,23.128,1030.1,5.62
slider,L6,L7,12,55,L6,L6,1.0,27,554632543335653626225663444,13,0,6.56,12.534,631.6,4.54,12,0,14.494,36.028,1463.9,5.5
slider,L6,L7,12,55,L7,draw,0.5,42,554644443255364552222332336666711711117777,20,0,2.541,9.948,280.4,4.7,20,0,5.406,17.64,600.6,5.7
slider,L6,L7,13,342,L6,L7,0.0,22,3424442443223336375655,9,0,4.666,8.615,531.2,4.56,10,0,10.234,30.919,1155.5,5.1
slider,L6,L7,13,342,L7,L7,0.0,39,342444455553743335377576112222211117766,18,0,5.366,16.34,447.3,4.78,18,0,11.625,42.566,910.7,5.5
slider,L6,L7,14,6653,L6,L7,0.0,34,6653474444566554551111112222226633,15,0,3.831,9.896,407.3,4.73,15,0,7.175,22.868,777.3,5.4
slider,L6,L7,14,6653,L7,L7,0.0,37,6653474444654665553333536211711117722,16,0,4.262,10.236,469.1,4.75,17,0,9.121,25.404,1001.1,5.47
slider,L6,L7,15,76,L6,draw,0.5,42,764444446665333333625522225525611111177777,20,0,4.576,13.027,515.5,4.8,20,0,9.6,34.899,1111.7,5.55
slider,L6,L7,15,76,L7,L7,0.0,27,764444442122262266355636335,12,0,5.071,10.847,574.7,4.67,13,0,12.889,26.613,1471.5,5.31
slider,L6,L7,16,344,L6,L7,0.0,42,344444543333355555661771122221221166667777,19,0,3.253,9.311,376.1,4.79,20,0,6.357,21.157,714.8,5.55
slider,L6,L7,16,344,L7,L7,0.0,39,344445333676443366565755756711111122222,18,0,3.611,11.122,414.6,4.78,18,0,7.494,24.357,855.3,5.5
slider,L6,L7,17,45,L6,L7,0.0,42,454444345331332266555366665111112277777722,20,0,4.712,13.729,413.2,4.8,20,0,8.545,30.889,746.1,5.55
slider,L6,L7,17,45,L7,draw,0.5,42,454444455553353363362227771111122266661777,20,0,2.849,8.519,323.1,4.7,20,0,5.765,19.291,656.4,5.7
slider,L6,L7,18,4714,L6,L6,1.0,33,471444634361416663333611122755557,15,0,4.596,12.663,456.8,4.6,14,0,9.082,19.069,879.2,5.57
slider,L6,L7,18,4714,L7,L7,0.0,39,471444326566452422556552121111777667733,17,0,4.898,21.385,454.1,4.76,18,0,11.532,31.7,1217.9,5.5
slider,L6,L7,19,7775,L6,draw,0.5,42,777533344444435555351322222126666766111177,19,0,4.257,11.662,464.1,4.79,19,0,7.895,29.431,868.7,5.53
slider,L6,L7,19,7775,L7,L7,0.0,31,7775444443433333775571555666666,13,0,4.643,10.511,515.3,4.69,14,0,8.885,24.348,958.8,5.36
slider,L6,L7,20,453,L6,L7,0.0,34,4534442122422543333377155552777766,15,0,4.589,14.008,473.9,4.73,16,0,9.506,26.648,981.8,5.44
slider,L6,L7,20,453,L7,L7,0.0,39,453444433334555355211212222677111777766,18,0,3.513,9.061,401.5,4.78,18,0,6.547,17.584,757.1,5.5
slider,L6,L7,21,545,L6,draw,0.5,42,545444455453321577661126666112222177333377,19,0,3.672,11.376,338.7,4.79,20,0,8.469,25.404,724.1,5.55
slider,L6,L7,21,545,L7,draw,0.5,42,545554444332143333551116167276666222217777,20,0,2.937,9.022,328.5,4.7,19,0,5.554,15.147,632.5,5.68
slider,L6,L7,22,7152,L6,L6,1.0,35,71524644555447543335733137711121222,16,0,4.239,9.394,463.4,4.62,15,0,8.136,18.659,892.9,5.6
slider,L6,L7,22,7152,L7,draw,0.5,42,715246444644566555135123333311166777222277,19,0,3.999,16.524,295.3,4.68,19,0,8.905,30.574,702.4,5.68
slider,L6,L7,23,71,L6,L6,1.0,37,7144442545274722255552177117166633333,18,0,3.813,11.329,438.2,4.67,17,0,7.571,21.298,878.8,5.65
slider,L6,L7,23,71,L7,L7,0.0,37,7144445623224364663323367612211117755,17,0,5.264,11.642,501.6,4.76,18,0,13.324,32.058,1292.2,5.5
slider,L6,L7,24,5616,L6,draw,0.5,42,561634444466543355655111711622223323277777,19,0,4.202,11.337,487.8,4.79,19,0,7.18,21.442,828.2,5.53
slider,L6,L7,24,5616,L7,L6,1.0,38,56166363353633161125555112222277777744,17,0,3.614,11.163,416.2,4.65,17,0,8.603,33.565,981.8,5.65
slider,L6,L7,25,4424,L6,L6,1.0,7,4424351,2,0,0.786,1.557,54.5,2.0,1,0,0.177,0.177,9.0,2.0
slider,L6,L7,25,4424,L7,L7,0.0,7,4424351,1,0,0.136,0.136,9.0,2.0,2,0,0.856,1.698,54.5,2.0
slider,L6,L7,26,6464,L6,L7,0.0,20,64644446632222131535,8,0,9.433,27.637,659.4,4.5,8,0,16.585,38.791,1394.0,4.88
slider,L6,L7,26,6464,L7,L6,1.0,38,64644443233342366221111232661177777755,17,0,4.459,14.579,419.2,4.65,17,0,8.079,22.922,801.4,5.65
slider,L6,L7,27,5354,L6,draw,0.5,42,535444455443353123352167677111176666772222,19,0,3.388,12.454,355.5,4.79,19,0,5.827,22.101,607.5,5.53
slider,L6,L7,27,5354,L7,L7,0.0,17,53544341243355222,6,0,5.237,11.165,411.7,4.33,7,0,9.423,18.509,764.9,4.71
slider,L6,L7,28,3576,L6,L6,1.0,19,3576335553433546242,8,0,8.204,18.975,786.4,4.25,7,0,17.448,36.667,1576.4,5.14
slider,L6,L7,28,3576,L7,draw,0.5,42,357655354433531222221135216666674444117777,19,0,5.182,15.034,517.3,4.68,19,0,16.716,44.351,1462.6,5.68
slider,L6,L7,29,6474,L6,L7,0.0,28,6474444323334362223777662555,12,0,5.244,11.701,569.4,4.67,12,0,10.751,24.627,1125.2,5.25
slider,L6,L7,29,6474,L7,L6,1.0,40,6474444323334555355235622221111777117766,18,0,3.887,14.108,394.9,4.67,18,0,8.294,37.795,879.4,5.67
slider,L6,L7,30,237,L6,L7,0.0,20,23764444433343362555,8,0,6.945,12.402,698.2,4.5,9,0,13.48,23.982,1345.1,5.0
slider,L6,L7,30,237,L7,L7,0.0,27,237444447656356262522335777,12,0,8.25,16.564,775.2,4.67,12,0,13.469,46.843,1342.8,5.25
slider,L6,L7,31,112,L6,draw,0.5,42,112444444222223733333655555577761111666677,19,0,4.664,13.873,490.2,4.79,20,0,10.664,31.935,1068.8,5.55
slider,L6,L7,31,112,L7,draw,0.5,42,112444444222355555526332611113336666777777,20,0,4.459,15.064,448.8,4.7,19,0,9.572,35.695,1033.5,5.68
slider,L6,L7,32,5475,L6,L7,0.0,34,5475554444545266167662622221111133,15,0,3.425,8.004,364.5,4.73,15,0,6.509,16.571,698.3,5.4
slider,L6,L7,32,5475,L7,L6,1.0,38,54755444545542111122266622716776617733,17,0,3.409,7.891,363.8,4.65,17,0,6.811,16.828,725.8,5.65
slider,L6,L7,33,323,L6,L7,0.0,38,32334444321226442336666621115555551177,17,0,4.003,10.668,408.0,4.76,18,0,7.495,19.095,791.2,5.5
slider,L6,L7,33,323,L7,draw,0.5,42,323335522266553554444443666611111177227777,20,0,3.915,10.857,441.0,4.7,19,0,8.727,29.83,977.5,5.68
slider,L6,L7,34,4457,L6,L6,1.0,7,4457326,2,0,0.417,0.825,43.0,2.0,1,0,0.092,0.092,9.0,2.0
slider,L6,L7,34,4457,L7,L7,0.0,7,4457326,1,0,0.089,0.089,9.0,2.0,2,0,0.395,0.781,43.0,2.0
slider,L6,L7,35,745,L6,L7,0.0,22,7454444555545722212333,9,0,5.752,12.459,587.3,4.56,10,0,11.982,22.344,1242.0,5.1
slider,L6,L7,35,745,L7,L7,0.0,39,745444437533221334555356777117122221166,18,0,4.097,10.781,435.5,4.78,18,0,8.479,31.529,862.1,5.5
slider,L6,L7,36,1733,L6,L7,0.0,40,1733423265444433435777767111112222666655,18,0,4.556,10.302,426.8,4.78,18,0,8.165,30.59,731.8,5.5
slider,L6,L7,36,1733,L7,L6,1.0,40,1733424443433554736666661112211222777755,18,0,2.727,8.177,288.9,4.67,18,0,5.634,17.63,618.9,5.67
slider,L6,L7,37,714,L6,L6,1.0,37,7144442545274722255552177117166633333,17,0,3.908,11.98,422.0,4.65,17,0,8.288,21.61,878.8,5.65
slider,L6,L7,37,714,L7,L7,0.0,37,7144445623224364663323367612211117755,17,0,4.718,11.404,501.6,4.76,17,0,11.914,30.669,1273.9,5.47
slider,L6,L7,38,6753,L6,L7,0.0,34,6753444466466345555511133337611122,15,0,4.747,13.1,512.8,4.73,15,0,8.753,29.249,955.5,5.4
slider,L6,L7,38,6753,L7,L6,1.0,42,675355363352123654444464531117772222667711,19,0,4.516,14.646,490.9,4.68,19,0,11.409,33.398,1247.6,5.68
slider,L6,L7,39,247,L6,L7,0.0,38,24744444222226557776665556561111117733,17,0,4.238,12.637,438.0,4.76,18,0,9.731,31.799,944.1,5.5
slider,L6,L7,39,247,L7,L7,0.0,39,247444467433333322222777711555555111166,18,0,4.434,12.206,474.2,4.78,18,0,9.004,26.454,981.1,5.5
slider,L6,L7,40,4163,L6,L6,1.0,21,416344413116343324222,9,0,5.892,11.329,611.6,4.33,8,0,17.112,33.666,1841.2,5.25
slider,L6,L7,40,4163,L7,L7,0.0,15,416344443375655,5,0,5.287,12.408,589.4,4.2,6,0,9.637,20.92,1073.3,4.5
slider,L6,L7,41,312,L6,L7,0.0,34,3125444422422543333377155552777766,15,0,4.584,14.072,497.9,4.73,16,0,9.472,35.119,992.1,5.44
slider,L6,L7,41,312,L7,L7,0.0,39,312442444121142556765522551166777667733,18,0,3.784,10.172,388.9,4.78,18,0,7.934,28.253,794.9,5.5
slider,L6,L7,42,7424,L6,L7,0.0,38,74244444222226557776665556561111117733,17,0,3.808,10.744,438.0,4.76,17,0,8.011,29.142,884.1,5.47
slider,L6,L7,42,7424,L7,L7,0.0,39,742444467433333322222777711555555111166,17,0,4.056,10.907,440.2,4.76,18,0,9.149,26.723,981.1,5.5
slider,L6,L7,43,11,L6,L6,1.0,39,114444433456311263335556666551177777722,19,0,3.724,8.911,411.6,4.68,18,0,9.807,30.653,1061.2,5.67
slider,L6,L7,43,11,L7,draw,0.5,42,114444324326336421226626655555335111777777,20,0,3.421,11.597,397.1,4.7,20,0,9.666,30.642,1006.4,5.7
slider,L6,L7,44,557,L6,L7,0.0,34,5574554444545266167662622221111133,15,0,3.881,14.237,364.5,4.73,16,0,6.999,18.569,739.5,5.44
slider,L6,L7,44,557,L7,L6,1.0,38,55745444545542111122266622716776617733,18,0,4.037,8.518,369.6,4.67,17,0,7.602,15.871,725.8,5.65
slider,L6,L7,45,57,L6,L6,1.0,37,5743544455454563272222213313311777766,18,0,3.893,8.19,419.1,4.67,17,0,7.202,18.302,794.4,5.65
slider,L6,L7,45,57,L7,L7,0.0,41,57434445475534336536735117776666222222111,19,0,5.613,14.927,407.6,4.79,20,0,9.983,33.621,746.0,5.55
slider,L6,L7,46,21,L6,draw,0.5,42,214444532345533243355576622266661177777111,20,0,3.693,11.927,420.7,4.8,20,0,7.642,29.301,860.2,5.55
slider,L6,L7,46,21,L7,L7,0.0,39,214444532243345355255367131221117777766,18,0,4.945,13.698,506.3,4.78,19,0,11.34,30.408,1158.2,5.53
slider,L6,L7,47,1753,L6,L7,0.0,40,1753333555351344744411415221666666777722,18,0,5.311,12.495,556.1,4.78,18,0,9.378,26.772,998.9,5.5
slider,L6,L7,47,1753,L7,L6,1.0,36,175333355544444545366661131117777722,16,0,4.857,10.068,527.7,4.62,16,0,11.69,28.515,1274.9,5.62
slider,L6,L7,48,7632,L6,L6,1.0,39,763233322236244416614443266751111777755,18,0,5.278,15.526,594.2,4.67,17,0,12.251,37.463,1384.2,5.65
slider,L6,L7,48,7632,L7,L7,0.0,37,7632333664422614244134223661117551555,16,0,5.041,13.399,560.8,4.75,17,0,10.905,27.285,1231.8,5.47
slider,L6,L7,49,36,L6,L6,1.0,39,364244434463337773766667751111222221155,19,0,3.987,9.418,443.8,4.68,18,0,8.519,26.851,980.2,5.67
slider,L6,L7,49,36,L7,L6,1.0,40,3642444342242522511111166666777733337755,19,0,4.471,13.865,420.7,4.68,19,0,9.333,36.739,891.4,5.68
slider,L7,random,0,35,L7,L7,1.0,9,354245434,4,0,12.46,22.578,1510.2,4.75,3,3,0.0,0.0,0.0,0.0
slider,L7,random,0,35,random,L7,1.0,22,3553755334533516242442,10,0,15.221,31.671,1697.1,5.2,10,10,0.0,0.0,0.0,0.0
slider,L7,random,1,6712,L7,L7,1.0,9,671231475,3,0,12.533,24.368,1426.0,4.33,2,2,0.0,0.0,0.0,0.0
slider,L7,random,1,6712,random,L7,1.0,16,6712542425544657,6,0,12.427,18.567,1344.5,5.17,6,6,0.0,0.0,0.0,0.0
slider,L7,random,2,5547,L7,L7,1.0,7,5547352,2,0,0.42,0.829,46.0,2.0,1,1,0.0,0.0,0.0,0.0
slider,L7,random,2,5547,random,L7,1.0,28,5547731534455474452177333232,12,0,9.81,18.762,940.1,5.33,12,12,0.0,0.0,0.0,0.0
slider,L7,random,3,5767,L7,L7,1.0,7,5767453,2,0,5.402,10.787,613.0,3.5,1,1,0.0,0.0,0.0,0.0
slider,L7,random,3,5767,random,L7,1.0,12,576734342454,4,0,10.199,17.449,923.8,4.75,4,4,0.0,0.0,0.0,0.0
slider,L7,random,4,775,L7,L7,1.0,7,7752416,2,0,6.097,12.177,673.5,3.5,2,2,0.0,0.0,0.0,0.0
slider,L7,random,4,775,random,L7,1.0,10,7754245424,4,0,8.892,15.682,974.8,4.75,3,3,0.0,0.0,0.0,0.0
slider,L7,random,5,215,L7,L7,1.0,7,2152443,2,0,4.739,9.459,570.5,3.5,2,2,0.0,0.0,0.0,0.0
slider,L7,random,5,215,random,L7,1.0,14,21544414153233,6,0,13.301,18.978,1438.0,5.17,5,5,0.0,0.0,0.0,0.0
slider,L7,random,6,13,L7,L7,1.0,9,134546464,4,0,10.923,16.3,1253.0,4.75,3,3,0.0,0.0,0.0,0.0
slider,L7,random,6,13,random,L7,1.0,10,1353645363,4,0,16.345,36.178,1705.5,4.75,4,4,0.0,0.0,0.0,0.0
slider,L7,random,7,41,L7,L7,1.0,7,4152623,3,0,6.173,17.632,725.7,3.33,2,2,0.0,0.0,0.0,0.0
slider,L7,random,7,41,random,L7,1.0,12,413554741434,5,0,11.143,14.99,1237.0,5.0,5,5,0.0,0.0,0.0,0.0
slider,L7,random,8,4632,L7,L7,1.0,9,463242424,3,0,9.075,16.394,982.0,4.33,2,2,0.0,0.0,0.0,0.0
slider,L7,random,8,4632,random,L7,1.0,12,463264141414,4,0,12.014,18.176,1265.2,4.75,4,4,0.0,0.0,0.0,0.0
slider,L7,random,9,333,L7,L7,1.0,19,3335464344464136655,8,0,10.401,16.525,1202.1,5.38,8,8,0.0,0.0,0.0,0.0
slider,L7,random,9,333,random,L7,1.0,22,3335245563542273446455,10,0,13.4,22.27,1518.8,5.5,9,9,0.0,0.0,0.0,0.0
slider,L7,random,10,656,L7,L7,1.0,11,65614747454,4,0,15.626,25.836,1335.8,4.75,4,4,0.0,0.0,0.0,0.0
slider,L7,random,10,656,random,L7,1.0,20,65665544344456645633,9,0,14.528,21.994,1602.3,5.44,8,8,0.0,0.0,0.0,0.0
slider,L7,random,11,63,L7,L7,1.0,11,63433145454,5,0,11.604,21.459,1354.8,5.0,4,4,0.0,0.0,0.0,0.0
slider,L7,random,11,63,random,L7,1.0,12,634414577414,5,0,10.821,19.545,1209.2,5.0,5,5,0.0,0.0,0.0,0.0
slider,L7,random,12,55,L7,L7,1.0,7,5544332,3,0,5.332,15.21,570.7,3.33,2,2,0.0,0.0,0.0,0.0
slider,L7,random,12,55,random,L7,1.0,10,5553131343,4,0,19.068,29.027,1932.0,4.75,4,4,0.0,0.0,0.0,0.0
slider,L7,random,13,342,L7,L7,1.0,11,34254345424,4,0,14.103,22.016,1262.2,4.75,4,4,0.0,0.0,0.0,0.0
slider,L7,random,13,342,random,L7,1.0,18,342444243413332235,8,0,19.78,52.988,1315.4,5.38,7,7,0.0,0.0,0.0,0.0
slider,L7,random,14,6653,L7,L7,1.0,7,6653437,2,0,5.686,11.296,647.0,3.5,1,1,0.0,0.0,0.0,0.0
slider,L7,random,14,6653,random,L7,1.0,14,66535444141527,5,0,16.425,32.475,1118.0,5.0,5,5,0.0,0.0,0.0,0.0
slider,L7,random,15,76,L7,L7,1.0,9,764342454,4,0,19.221,31.672,1415.2,4.75,3,3,0.0,0.0,0.0,0.0
slider,L7,random,15,76,random,L7,1.0,10,7655652545,4,0,25.373,38.505,1512.0,4.75,4,4,0.0,0.0,0.0,0.0
slider,L7,random,16,344,L7,L7,1.0,13,3445413455512,5,0,10.339,23.45,1090.6,4.4,5,5,0.0,0.0,0.0,0.0
slider,L7,random,16,344,random,L7,1.0,12,344474733434,5,0,10.798,15.995,1242.8,5.0,4,4,0.0,0.0,0.0,0.0
slider,L7,random,17,45,L7,L7,1.0,7,4542424,3,0,13.062,21.182,861.7,4.33,2,2,0.0,0.0,0.0,0.0
slider,L7,random,17,45,random,L7,1.0,14,45742413431323,6,0,10.38,20.377,1120.0,5.17,6,6,0.0,0.0,0.0,0.0
slider,L7,random,18,4714,L7,L7,1.0,17,47144242442126232,7,0,20.078,32.96,1259.3,5.29,6,6,0.0,0.0,0.0,0.0
slider,L7,random,18,4714,random,L7,1.0,14,47143214737414,5,0,13.928,25.27,1270.2,5.0,5,5,0.0,0.0,0.0,0.0
slider,L7,random,19,7775,L7,L7,1.0,17,77754644445636675,7,0,14.03,25.571,1328.6,5.29,6,6,0.0,0.0,0.0,0.0
slider,L7,random,19,7775,random,L7,1.0,14,77757477645454,5,0,7.586,13.003,787.6,5.0,5,5,0.0,0.0,0.0,0.0
slider,L7,random,20,453,L7,L7,1.0,13,4536444452332,5,0,12.325,22.454,1360.4,4.4,5,5,0.0,0.0,0.0,0.0
slider,L7,random,20,453,random,L7,1.0,14,45343354216474,6,0,7.283,18.71,839.7,4.67,5,5,0.0,0.0,0.0,0.0
slider,L7,random,21,545,L7,L7,1.0,13,5456464667523,5,0,6.953,17.048,665.8,4.4,5,5,0.0,0.0,0.0,0.0
slider,L7,random,21,545,random,L7,1.0,26,54545544242412751511776733,12,0,10.996,18.778,1051.2,5.58,11,11,0.0,0.0,0.0,0.0
slider,L7,random,22,7152,L7,L7,1.0,7,7152476,2,0,2.709,5.405,315.0,3.5,1,1,0.0,0.0,0.0,0.0
slider,L7,random,22,7152,random,L7,1.0,12,715264342464,4,0,10.424,22.119,984.2,4.75,4,4,0.0,0.0,0.0,0.0
slider,L7,random,23,71,L7,L7,1.0,11,71444647464,5,0,11.911,18.63,1393.4,5.0,4,4,0.0,0.0,0.0,0.0
slider,L7,random,23,71,random,L7,1.0,20,71447445556477656663,9,0,12.749,25.368,1402.3,5.11,9,9,0.0,0.0,0.0,0.0
slider,L7,random,24,5616,L7,L7,1.0,13,5616644147474,5,0,19.247,45.341,1835.4,5.0,4,4,0.0,0.0,0.0,0.0
slider,L7,random,24,5616,random,L7,1.0,12,561644647517,4,0,17.775,28.959,1147.5,4.75,4,4,0.0,0.0,0.0,0.0
slider,L7,random,25,4424,L7,L7,1.0,7,4424345,2,0,0.476,0.942,54.5,2.0,1,1,0.0,0.0,0.0,0.0
slider,L7,random,25,4424,random,L7,1.0,14,44244344535323,5,0,17.208,33.95,1280.6,5.0,5,5,0.0,0.0,0.0,0.0
slider,L7,random,26,6464,L7,L7,1.0,13,6464444455636,5,0,14.092,24.934,1185.2,5.0,4,4,0.0,0.0,0.0,0.0
slider,L7,random,26,6464,random,L7,1.0,8,64647414,2,0,21.011,41.998,1325.5,3.5,2,2,0.0,0.0,0.0,0.0
slider,L7,random,27,5354,L7,L7,1.0,11,53544645316,4,0,12.642,23.456,929.0,4.5,3,3,0.0,0.0,0.0,0.0
slider,L7,random,27,5354,random,L7,1.0,10,5354246474,3,0,9.921,16.291,960.7,4.33,3,3,0.0,0.0,0.0,0.0
slider,L7,random,28,3576,L7,L7,1.0,11,35765352525,4,0,28.185,48.297,2481.2,4.75,3,3,0.0,0.0,0.0,0.0
slider,L7,random,28,3576,random,L7,1.0,14,35766312443235,5,0,14.633,30.885,1667.4,4.4,5,5,0.0,0.0,0.0,0.0
slider,L7,random,29,6474,L7,L7,1.0,13,6474432142464,5,0,14.153,20.719,1553.2,5.0,4,4,0.0,0.0,0.0,0.0
slider,L7,random,29,6474,random,L7,1.0,8,64743424,2,0,6.402,12.788,628.5,3.5,2,2,0.0,0.0,0.0,0.0
slider,L7,random,30,237,L7,L7,1.0,15,237561613555676,6,0,21.216,34.048,1956.3,5.17,6,6,0.0,0.0,0.0,0.0
slider,L7,random,30,237,random,L7,1.0,16,2376447455777312,7,0,11.371,24.022,1326.9,4.86,6,6,0.0,0.0,0.0,0.0
slider,L7,random,31,112,L7,L7,1.0,7,1127413,2,0,4.59,9.166,566.5,3.5,2,2,0.0,0.0,0.0,0.0
slider,L7,random,31,112,random,L7,1.0,28,1124444434666616526333223215,13,0,13.106,25.238,1295.7,5.62,12,12,0.0,0.0,0.0,0.0
slider,L7,random,32,5475,L7,L7,1.0,13,5475554242424,5,0,9.279,15.318,1043.6,5.0,4,4,0.0,0.0,0.0,0.0
slider,L7,random,32,5475,random,L7,1.0,10,5475743434,3,0,10.399,20.905,1177.3,4.33,3,3,0.0,0.0,0.0,0.0
slider,L7,random,33,323,L7,L7,1.0,11,32374646454,4,0,13.814,23.325,1453.5,4.75,4,4,0.0,0.0,0.0,0.0
slider,L7,random,33,323,random,L7,1.0,16,3233144462242414,7,0,13.804,29.625,1578.7,5.29,6,6,0.0,0.0,0.0,0.0
slider,L7,random,34,4457,L7,L7,1.0,7,4457326,2,0,0.737,1.449,43.0,2.0,1,1,0.0,0.0,0.0,0.0
slider,L7,random,34,4457,random,L7,1.0,14,44576344162345,5,0,9.238,23.69,785.6,4.2,5,5,0.0,0.0,0.0,0.0
slider,L7,random,35,745,L7,L7,1.0,19,7454464331263661414,8,0,15.629,32.16,1215.4,5.38,8,8,0.0,0.0,0.0,0.0
slider,L7,random,35,745,random,L7,1.0,8,74545464,3,0,7.492,12.754,889.7,4.33,2,2,0.0,0.0,0.0,0.0
slider,L7,random,36,1733,L7,L7,1.0,11,17334243474,4,0,11.302,23.976,1015.8,4.75,3,3,0.0,0.0,0.0,0.0
slider,L7,random,36,1733,random,L7,1.0,12,173324547245,4,0,7.1,16.575,601.5,4.0,4,4,0.0,0.0,0.0,0.0
slider,L7,random,37,714,L7,L7,1.0,11,71424144675,4,0,9.023,13.565,969.0,4.75,4,4,0.0,0.0,0.0,0.0
slider,L7,random,37,714,random,L7,1.0,14,71442324657434,6,0,18.326,30.036,1373.8,5.17,5,5,0.0,0.0,0.0,0.0
slider,L7,random,38,6753,L7,L7,1.0,9,675356565,3,0,15.628,35.052,1683.7,4.33,2,2,0.0,0.0,0.0,0.0
slider,L7,random,38,6753,random,L7,1.0,14,67531515537353,5,0,18.105,26.403,1894.4,5.0,5,5,0.0,0.0,0.0,0.0
slider,L7,random,39,247,L7,L7,1.0,11,24744545464,4,0,15.383,29.134,1243.0,4.75,4,4,0.0,0.0,0.0,0.0
slider,L7,random,39,247,random,L7,1.0,8,24745454,3,0,9.824,17.322,1109.7,4.33,2,2,0.0,0.0,0.0,0.0
slider,L7,random,40,4163,L7,L7,1.0,9,416341434,3,0,8.981,13.764,1009.0,4.33,2,2,0.0,0.0,0.0,0.0
slider,L7,random,40,4163,random,L7,1.0,18,416334573344362575,7,0,12.306,22.099,1175.0,4.86,7,7,0.0,0.0,0.0,0.0
slider,L7,random,41,312,L7,L7,1.0,7,3127425,2,0,5.08,10.145,612.0,3.5,2,2,0.0,0.0,0.0,0.0
slider,L7,random,41,312,random,L7,1.0,16,3125336344345454,7,0,12.763,25.287,1400.4,4.86,6,6,0.0,0.0,0.0,0.0
slider,L7,random,42,7424,L7,L7,1.0,17,74244745563661355,7,0,16.246,44.376,1224.6,5.14,6,6,0.0,0.0,0.0,0.0
slider,L7,random,42,7424,random,L7,1.0,12,742413555342,4,0,12.04,22.222,1372.5,4.75,4,4,0.0,0.0,0.0,0.0
slider,L7,random,43,11,L7,L7,1.0,9,114444342,4,0,13.357,22.825,1641.2,4.75,3,3,0.0,0.0,0.0,0.0
slider,L7,random,43,11,random,L7,1.0,18,113444744423222351,8,0,9.967,18.736,1144.6,5.0,8,8,0.0,0.0,0.0,0.0
slider,L7,random,44,557,L7,L7,1.0,11,55724641414,4,0,9.549,16.805,1084.5,4.75,4,4,0.0,0.0,0.0,0.0
slider,L7,random,44,557,random,L7,1.0,20,55742444242255571616,9,0,9.692,18.016,1097.6,5.0,8,8,0.0,0.0,0.0,0.0
slider,L7,random,45,57,L7,L7,1.0,9,574241356,4,0,11.665,18.401,1296.8,4.75,3,3,0.0,0.0,0.0,0.0
slider,L7,random,45,57,random,L7,1.0,12,574354341464,5,0,12.699,20.81,1373.2,5.0,5,5,0.0,0.0,0.0,0.0
slider,L7,random,46,21,L7,L7,1.0,11,21464557454,5,0,11.436,17.385,1362.4,5.0,4,4,0.0,0.0,0.0,0.0
slider,L7,random,46,21,random,L7,1.0,12,214473141414,5,0,16.057,26.916,1384.4,5.0,5,5,0.0,0.0,0.0,0.0
slider,L7,random,47,1753,L7,L7,1.0,17,17533731414774422,7,0,13.182,23.502,1521.7,5.29,6,6,0.0,0.0,0.0,0.0
slider,L7,random,47,1753,random,L7,1.0,12,175323654426,4,0,26.096,54.715,1294.8,4.0,4,4,0.0,0.0,0.0,0.0
slider,L7,random,48,7632,L7,L7,1.0,13,7632374541526,5,0,12.633,25.798,1334.0,4.4,4,4,0.0,0.0,0.0,0.0
slider,L7,random,48,7632,random,L7,1.0,18,763222634363321475,7,0,16.223,28.282,1747.0,5.14,7,7,0.0,0.0,0.0,0.0
slider,L7,random,49,36,L7,L7,1.0,13,3641424435572,6,0,12.627,27.3,1212.3,4.67,5,5,0.0,0.0,0.0,0.0
slider,L7,random,49,36,random,L7,1.0,12,365244247474,5,0,14.318,24.465,1660.0,5.0,5,5,0.0,0.0,0.0,0.0
slider,L7,L8,0,35,L7,draw,0.5,42,354444455545533312222666622711176611337777,20,0,7.173,29.887,803.5,5.7,20,0,14.07,51.549,1578.3,6.4
slider,L7,L8,0,35,L8,draw,0.5,42,355345334441545453366661112221122277776677,20,0,8.509,44.627,814.4,5.55,20,0,18.432,79.038,1689.7,6.55
slider,L7,L8,1,6712,L7,L7,1.0,37,6712344443324334256773117755555222766,17,0,10.164,24.021,1122.1,5.47,16,0,17.729,53.618,1920.4,6.44
slider,L7,L8,1,6712,L8,L7,1.0,18,671244444617114555,7,0,17.328,43.641,1569.0,4.71,7,0,38.216,82.476,3741.1,5.71
slider,L7,L8,2,5547,L7,L7,1.0,7,5547326,2,0,0.428,0.847,46.0,2.0,1,0,0.083,0.083,9.0,2.0
slider,L7,L8,2,5547,L8,L8,0.0,7,5547326,1,0,0.083,0.083,9.0,2.0,2,0,0.459,0.909,46.0,2.0
slider,L7,L8,3,5767,L7,draw,0.5,42,576743444435334337711666577555222222661111,19,0,9.043,25.535,961.9,5.68,19,0,15.283,51.604,1608.3,6.37
slider,L7,L8,3,5767,L8,L8,0.0,39,576743444547755455111111222222333337766,17,0,8.31,23.782,900.6,5.65,18,0,16.199,52.212,1764.4,6.33
slider,L7,L8,4,775,L7,draw,0.5,42,775444444555255332222213313311176666661777,19,0,7.159,33.883,802.9,5.68,20,0,14.651,68.996,1615.7,6.4
slider,L7,L8,4,775,L8,L7,1.0,30,775444444555521257716662233331,14,0,9.779,26.472,999.4,5.36,13,0,19.728,70.376,2189.7,6.31
slider,L7,L8,5,215,L7,draw,0.5,42,215444444255555322232336766666111711337777,19,0,6.489,20.061,757.8,5.68,20,0,13.14,43.148,1517.2,6.4
slider,L7,L8,5,215,L8,L7,1.0,34,2154444441555515126226262311666733,16,0,9.228,21.217,974.3,5.44,15,0,20.494,58.425,2169.1,6.4
slider,L7,L8,6,13,L7,L7,1.0,39,134444434225333322227777775555566666611,19,0,6.342,18.147,703.2,5.53,18,0,12.599,33.444,1451.0,6.5
slider,L7,L8,6,13,L8,L7,1.0,34,1353333554556466175631176644144122,16,0,11.227,32.595,1310.0,5.44,16,0,22.51,67.774,2616.2,6.44
slider,L7,L8,7,41,L7,draw,0.5,42,415344445733551411755113337722722766666622,20,0,8.188,20.996,946.6,5.7,20,0,14.728,56.556,1666.5,6.4
slider,L7,L8,7,41,L8,L8,0.0,15,414453447664355,6,0,12.505,24.79,1464.5,5.0,7,0,28.568,54.776,3334.9,5.29
slider,L7,L8,8,4632,L7,L7,1.0,33,463244424423252256663366133117755,15,0,7.947,19.651,934.1,5.4,14,0,15.711,47.988,1728.9,6.36
slider,L7,L8,8,4632,L8,L7,1.0,40,4632444344633366573566111177122222177755,18,0,7.857,27.602,841.4,5.5,18,0,15.473,42.308,1698.6,6.5
slider,L7,L8,9,333,L7,draw,0.5,42,333444434433666666155555517777112222212177,19,0,6.482,23.423,735.9,5.68,20,0,13.998,86.117,1444.2,6.4
slider,L7,L8,9,333,L8,L8,0.0,35,33354454414423253322221616665556611,16,0,8.909,29.672,905.3,5.62,16,0,17.619,39.903,1982.2,6.25
slider,L7,L8,10,656,L7,L8,0.0,34,6566555625622244311445114412261733,15,0,12.464,25.557,1396.6,5.6,16,0,26.511,74.476,2798.1,6.25
slider,L7,L8,10,656,L8,L7,1.0,38,65663633635332555526222211111177777744,18,0,10.301,41.433,938.1,5.5,17,0,21.813,76.698,2073.2,6.47
slider,L7,L8,11,63,L7,L8,0.0,34,6344443475523355453357111111777722,16,0,10.965,36.158,984.7,5.62,16,0,18.954,102.664,1461.6,6.25
slider,L7,L8,11,63,L8,L8,0.0,37,6344444365334663355555667111122222211,17,0,8.192,26.044,883.4,5.65,18,0,15.94,57.316,1775.2,6.33
slider,L7,L8,12,55,L7,draw,0.5,42,554344456754455622222662133333166111177777,20,0,9.995,27.895,899.3,5.7,20,0,17.789,52.186,1687.6,6.4
slider,L7,L8,12,55,L8,L7,1.0,38,55465446654445533311133321122222666177,18,0,7.614,28.876,801.2,5.5,18,0,13.573,47.055,1446.5,6.5
slider,L7,L8,13,342,L7,L8,0.0,40,3424444555537336236222234567666571177711,18,0,8.061,24.265,784.9,5.67,19,0,18.921,68.365,1755.8,6.37
slider,L7,L8,13,342,L8,L7,1.0,36,342444243453353312277111677655656667,17,0,9.6,29.004,1017.4,5.47,16,0,18.984,57.906,2093.4,6.44
slider,L7,L8,14,6653,L7,draw,0.5,42,665347444465466555353337111136117722222277,19,0,9.3,25.48,1006.6,5.68,19,0,18.537,64.535,1950.5,6.37
slider,L7,L8,14,6653,L8,draw,0.5,42,665347444463334533225556665111111777222277,19,0,9.071,35.478,814.5,5.53,19,0,18.463,55.506,1653.8,6.53
slider,L7,L8,15,76,L7,L8,0.0,40,7644444423333325536666671111777755551122,19,0,10.795,33.718,951.6,5.68,19,0,17.406,75.498,1704.6,6.37
slider,L7,L8,15,76,L8,L7,1.0,38,76444444322222233666667333111111777755,18,0,13.428,41.697,1084.8,5.5,18,0,29.347,84.162,2410.8,6.5
slider,L7,L8,16,344,L7,L8,0.0,38,34444443333676312222661117772266117755,17,0,9.995,19.752,1058.1,5.65,18,0,16.518,40.065,1800.3,6.33
slider,L7,L8,16,344,L8,L7,1.0,38,34444443333676312111666677722222117755,18,0,7.374,27.437,775.4,5.5,17,0,16.66,60.011,1792.1,6.47
slider,L7,L8,17,45,L7,L7,1.0,35,45444445555527312122117271266177733,17,0,10.86,32.983,919.0,5.47,16,0,26.946,109.433,1718.6,6.44
slider,L7,L8,17,45,L8,L8,0.0,15,454444341225331,6,0,11.925,27.685,1100.0,5.0,7,0,26.579,58.065,2530.4,5.29
slider,L7,L8,18,4714,L7,L8,0.0,40,4714443265652556445533133377111177666722,18,0,12.025,32.358,1230.7,5.67,18,0,19.327,76.442,1975.3,6.33
slider,L7,L8,18,4714,L8,L8,0.0,39,471444443235555533335171171666666177722,17,0,6.198,23.605,660.1,5.65,18,0,17.571,60.992,1727.8,6.33
slider,L7,L8,19,7775,L7,L7,1.0,41,77754444445552556633333322677722211111166,19,0,8.432,31.343,839.3,5.53,18,0,18.387,65.844,1820.9,6.5
slider,L7,L8,19,7775,L8,L7,1.0,32,77753334344545545473111135117722,14,0,12.037,45.148,934.2,5.36,14,0,23.224,78.102,1841.6,6.36
slider,L7,L8,20,453,L7,draw,0.5,42,453444455545533312222666622711176611337777,19,0,5.857,20.061,699.6,5.68,20,0,13.291,46.749,1578.3,6.4
slider,L7,L8,20,453,L8,L7,1.0,36,453444555345433636766115137111777722,17,0,10.392,20.727,919.5,5.47,16,0,18.406,45.939,1682.0,6.44
slider,L7,L8,21,545,L7,L8,0.0,38,54544455445516666661112122222177777733,17,0,7.113,18.511,743.8,5.65,18,0,13.878,38.969,1434.1,6.33
slider,L7,L8,21,545,L8,L8,0.0,37,5454445544623355777766666117711112332,17,0,7.998,25.419,788.4,5.65,17,0,15.414,40.235,1552.4,6.29
slider,L7,L8,22,7152,L7,draw,0.5,42,715246444644555665135213333322226611177777,19,0,7.647,32.348,728.4,5.68,19,0,16.294,107.902,1309.5,6.37
slider,L7,L8,22,7152,L8,L7,1.0,36,715246444665464621222726111133777733,16,0,9.609,29.706,1011.6,5.44,16,0,26.713,57.675,2772.1,6.44
slider,L7,L8,23,71,L7,L8,0.0,40,7144445623236332443355755511777711222166,19,0,12.852,56.925,1210.0,5.68,19,0,22.106,97.023,2061.6,6.37
slider,L7,L8,23,71,L8,L8,0.0,35,71444444355111556355777222222117733,16,0,11.591,25.453,1152.1,5.62,17,0,25.502,82.152,2466.5,6.29
slider,L7,L8,24,5616,L7,L8,0.0,38,56166555444454462333333522222661111177,17,0,8.789,31.355,973.4,5.65,17,0,16.157,86.724,1714.8,6.29
slider,L7,L8,24,5616,L8,L8,0.0,19,5616662444442435331,7,0,17.465,36.488,1880.9,5.14,8,0,30.907,61.333,3125.6,5.5
slider,L7,L8,25,4424,L7,L7,1.0,7,4424351,2,0,0.607,1.205,54.5,2.0,1,0,0.088,0.088,9.0,2.0
slider,L7,L8,25,4424,L8,L8,0.0,7,4424351,1,0,0.092,0.092,9.0,2.0,2,0,0.641,1.273,54.5,2.0
slider,L7,L8,26,6464,L7,L8,0.0,38,64644446623422263233261111335555117755,17,0,11.592,33.903,1164.2,5.65,17,0,23.089,82.884,2289.5,6.29
slider,L7,L8,26,6464,L8,L8,0.0,39,646444664313514335555353667222222111177,17,0,7.993,24.349,718.1,5.65,18,0,17.105,71.618,1586.2,6.33
slider,L7,L8,27,5354,L7,draw,0.5,42,535444443355455122222233311111777766666677,19,0,6.058,17.312,680.6,5.68,19,0,8.762,36.351,959.3,6.37
slider,L7,L8,27,5354,L8,draw,0.5,42,535444455443353123352167677111176666222277,19,0,5.175,17.72,607.6,5.53,19,0,12.79,43.762,1460.0,6.53
slider,L7,L8,28,3576,L7,L7,1.0,35,35765535443353122223521277711117744,16,0,14.365,41.198,1504.5,5.44,15,0,22.507,55.683,2447.2,6.4
slider,L7,L8,28,3576,L8,L8,0.0,37,3576633644122323223266677711111775445,16,0,11.131,34.337,1177.0,5.62,17,0,30.133,100.664,3177.1,6.29
slider,L7,L8,29,6474,L7,L8,0.0,26,64744444222223266673773555,11,0,14.724,38.861,1584.7,5.45,11,0,28.32,74.308,2996.1,5.91
slider,L7,L8,29,6474,L8,L7,1.0,36,647444144333325537666362611122122155,16,0,9.607,30.193,1009.0,5.44,16,0,20.058,95.715,2239.4,6.44
slider,L7,L8,30,237,L7,L7,1.0,41,23733545443444335555222226667111111777766,19,0,6.41,19.203,695.7,5.53,19,0,15.588,77.655,1733.8,6.53
slider,L7,L8,30,237,L8,L7,1.0,30,237644444333436232277777226555,14,0,12.897,26.752,1142.4,5.36,13,0,23.065,61.626,2349.6,6.31
slider,L7,L8,31,112,L7,draw,0.5,42,112444444136665113322236336655555221777777,19,0,18.233,89.327,995.7,5.68,20,0,27.155,132.264,1857.1,6.4
slider,L7,L8,31,112,L8,draw,0.5,42,112444444222223733333655555577761166661177,20,0,14.487,52.3,1072.0,5.55,19,0,36.104,183.251,2134.4,6.53
slider,L7,L8,32,5475,L7,L8,0.0,32,54755444545542111722212772117733,14,0,10.084,33.461,862.1,5.57,14,0,18.839,65.546,1763.1,6.14
slider,L7,L8,32,5475,L8,draw,0.5,42,547555444466633343332552217776661112221177,19,0,7.789,17.508,867.6,5.53,19,0,15.958,40.77,1764.4,6.53
slider,L7,L8,33,323,L7,L8,0.0,38,32333322262666444444366277777111171155,17,0,12.451,31.433,1215.2,5.65,18,0,25.018,67.366,2670.0,6.33
slider,L7,L8,33,323,L8,L7,1.0,40,3233362557445444365543751111116666777722,19,0,10.084,43.037,802.9,5.53,18,0,17.906,85.153,1466.3,6.5
slider,L7,L8,34,4457,L7,L7,1.0,7,4457326,2,0,0.382,0.755,43.0,2.0,1,0,0.127,0.127,9.0,2.0
slider,L7,L8,34,4457,L8,L8,0.0,7,4457326,1,0,0.125,0.125,9.0,2.0,2,0,0.428,0.843,43.0,2.0
slider,L7,L8,35,745,L7,L8,0.0,18,745444437377433122,7,0,17.523,28.024,1780.9,5.14,8,0,25.111,52.668,2452.6,5.5
slider,L7,L8,35,745,L8,L7,1.0,30,745444455545731333331511771222,14,0,9.79,23.945,1065.6,5.36,13,0,20.772,52.855,2219.5,6.31
slider,L7,L8,36,1733,L7,L7,1.0,33,173342444343355473666666122222111,15,0,8.922,30.654,734.9,5.4,14,0,15.445,31.007,1360.5,6.36
slider,L7,L8,36,1733,L8,L7,1.0,40,1733423244564434335611111777662222667755,18,0,7.054,34.378,583.4,5.5,18,0,16.76,62.215,1532.2,6.5
slider,L7,L8,37,714,L7,L8,0.0,40,7144445623236332443355755511777711222166,18,0,12.671,36.55,1188.2,5.67,19,0,22.534,78.399,2061.6,6.37
slider,L7,L8,37,714,L8,L8,0.0,35,71444444355111556355777222222117733,16,0,13.024,32.444,1152.1,5.62,16,0,24.678,60.902,2345.2,6.25
slider,L7,L8,38,6753,L7,L7,1.0,31,6753553535536667621772612344411,14,0,12.963,37.161,1215.6,5.36,13,0,27.314,67.346,2508.8,6.31
slider,L7,L8,38,6753,L8,L7,1.0,40,6753336635554453453444266622227211111177,18,0,9.819,27.767,1088.6,5.5,18,0,25.324,132.851,2470.8,6.5
slider,L7,L8,39,247,L7,L8,0.0,26,24744442236242626673773555,11,0,15.359,36.212,1505.1,5.45,12,0,32.644,77.797,3481.8,6.0
slider,L7,L8,39,247,L8,L7,1.0,38,24744444222226557776555666561111117733,18,0,9.572,28.749,982.6,5.5,17,0,19.445,66.703,2094.9,6.47
slider,L7,L8,40,4163,L7,draw,0.5,42,416344443633574536136665555777772222221111,19,0,7.869,28.817,832.2,5.68,19,0,16.317,70.001,1714.5,6.37
slider,L7,L8,40,4163,L8,L8,0.0,33,416344416117664433776611333277755,14,0,15.286,47.858,1407.5,5.57,15,0,26.954,74.379,2801.1,6.2
slider,L7,L8,41,312,L7,L8,0.0,38,31244444433336763222661117772266117755,17,0,10.446,23.628,1119.5,5.65,18,0,22.667,76.251,2370.6,6.33
slider,L7,L8,41,312,L8,L8,0.0,23,31255334553676532345442,10,0,16.936,30.357,1747.5,5.4,10,0,38.096,114.108,3560.1,5.8
slider,L7,L8,42,7424,L7,L8,0.0,26,74244442236242626673773555,11,0,15.941,46.41,1505.1,5.45,11,0,37.104,83.214,3384.9,5.91
slider,L7,L8,42,7424,L8,L7,1.0,38,74244444222226557776555666561111117733,17,0,9.295,30.802,924.9,5.47,17,0,21.733,96.286,2094.9,6.47
slider,L7,L8,43,11,L7,L7,1.0,37,1144443245245555333633522277266111166,18,0,10.856,40.346,998.5,5.5,17,0,21.838,97.536,2015.4,6.47
slider,L7,L8,43,11,L8,L8,0.0,39,114444433456311213331565555666677777722,18,0,9.68,28.014,1045.4,5.67,19,0,17.918,48.404,1949.3,6.37
slider,L7,L8,44,557,L7,L8,0.0,32,55745444545542111722212772117733,14,0,10.941,35.875,862.1,5.57,15,0,22.436,54.815,1841.3,6.2
slider,L7,L8,44,557,L8,draw,0.5,42,557455444466633343332552217776661112221177,20,0,8.297,18.907,892.0,5.55,19,0,16.912,42.329,1764.4,6.53
slider,L7,L8,45,57,L7,L8,0.0,32,57434445455436557277111171172332,15,0,10.386,23.878,1112.7,5.6,15,0,19.482,55.415,2193.7,6.2
slider,L7,L8,45,57,L8,L8,0.0,33,574344454364333523211117177666222,15,0,11.568,48.67,982.2,5.6,16,0,22.729,85.731,2085.9,6.25
slider,L7,L8,46,21,L7,L7,1.0,39,214444532422333542336761111255665566177,19,0,10.176,27.449,1059.5,5.53,18,0,15.997,59.507,1760.9,6.5
slider,L7,L8,46,21,L8,L8,0.0,19,2144445323452235311,8,0,10.883,24.949,1242.9,5.25,9,0,26.838,49.42,3019.3,5.67
slider,L7,L8,47,1753,L7,draw,0.5,42,175333334555544344745721267222277666661111,19,0,9.743,29.943,1093.8,5.68,19,0,19.21,60.578,2090.0,6.37
slider,L7,L8,47,1753,L8,L7,1.0,38,17533335553553171171176666222222667744,17,0,11.084,26.919,1043.8,5.47,17,0,34.649,138.311,2957.1,6.47
slider,L7,L8,48,7632,L7,L7,1.0,37,7632333222344666654414423265111117557,17,0,12.776,34.321,1413.0,5.47,16,0,29.572,78.032,3185.0,6.44
slider,L7,L8,48,7632,L8,L7,1.0,40,7632226343233273276664444467775511111155,18,0,10.86,34.392,1246.4,5.5,18,0,22.644,71.819,2594.6,6.5
slider,L7,L8,49,36,L7,L7,1.0,33,364244424423252256663366133117755,16,0,8.799,21.116,981.5,5.44,15,0,17.226,54.378,1844.6,6.4
slider,L7,L8,49,36,L8,L7,1.0,40,3642444344633366573566111177122222177755,19,0,8.267,27.072,889.3,5.53,19,0,15.952,41.606,1811.3,6.53
slider,L8,random,0,35,L8,L8,1.0,13,3552574146372,6,0,47.072,102.56,3498.5,5.33,5,5,0.0,0.0,0.0,0.0
slider,L8,random,0,35,random,L8,1.0,12,351425542647,5,0,34.152,65.484,2815.8,5.4,5,5,0.0,0.0,0.0,0.0
slider,L8,random,1,6712,L8,L8,1.0,11,67124746335,4,0,34.145,57.357,3636.2,5.5,3,3,0.0,0.0,0.0,0.0
slider,L8,random,1,6712,random,L8,1.0,12,671224747543,4,0,55.622,126.183,4129.0,5.5,4,4,0.0,0.0,0.0,0.0
slider,L8,random,2,5547,L8,L8,1.0,7,5547332,2,0,0.871,1.725,46.0,2.0,1,1,0.0,0.0,0.0,0.0
slider,L8,random,2,5547,random,L8,1.0,14,55476365444575,5,0,36.159,82.136,2243.8,5.8,5,5,0.0,0.0,0.0,0.0
slider,L8,random,3,5767,L8,L8,1.0,25,5767434445414773323317222,11,0,43.139,133.907,2494.0,6.09,10,10,0.0,0.0,0.0,0.0
slider,L8,random,3,5767,random,L8,1.0,14,57673413142512,5,0,23.072,48.866,2289.6,5.0,5,5,0.0,0.0,0.0,0.0
slider,L8,random,4,775,L8,L8,1.0,13,7756325444342,5,0,35.385,72.75,3898.8,5.0,5,5,0.0,0.0,0.0,0.0
slider,L8,random,4,775,random,L8,1.0,34,7754744454553415753776333312111166,16,0,18.536,66.488,2089.4,6.25,15,15,0.0,0.0,0.0,0.0
slider,L8,random,5,215,L8,L8,1.0,7,2157423,2,0,17.422,34.825,1813.5,4.0,2,2,0.0,0.0,0.0,0.0
slider,L8,random,5,215,random,L8,1.0,12,215444241414,5,0,30.878,49.067,2762.4,5.8,4,4,0.0,0.0,0.0,0.0
slider,L8,random,6,13,L8,L8,1.0,17,13513636454664343,8,0,32.249,65.433,3741.2,6.25,7,7,0.0,0.0,0.0,0.0
slider,L8,random,6,13,random,L8,1.0,12,134444235265,5,0,22.591,41.9,2565.6,5.0,5,5,0.0,0.0,0.0,0.0
slider,L8,random,7,41,L8,L8,1.0,13,4143444235225,6,0,35.053,92.969,3388.0,5.33,5,5,0.0,0.0,0.0,0.0
slider,L8,random,7,41,random,L8,1.0,12,417474772454,5,0,21.228,38.728,2388.2,5.8,5,5,0.0,0.0,0.0,0.0
slider,L8,random,8,4632,L8,L8,1.0,15,463244424554673,6,0,30.043,47.299,3269.0,5.67,5,5,0.0,0.0,0.0,0.0
slider,L8,random,8,4632,random,L8,1.0,14,46321454155325,5,0,20.605,39.729,2310.0,5.0,5,5,0.0,0.0,0.0,0.0
slider,L8,random,9,333,L8,L8,1.0,13,3334454677474,5,0,25.715,44.561,2692.4,5.8,5,5,0.0,0.0,0.0,0.0
slider,L8,random,9,333,random,L8,1.0,12,333444647464,5,0,27.831,52.133,2888.8,5.8,4,4,0.0,0.0,0.0,0.0
slider,L8,random,10,656,L8,L8,1.0,19,6562415251554225424,8,0,22.812,39.445,2273.2,6.25,8,8,0.0,0.0,0.0,0.0
slider,L8,random,10,656,random,L8,1.0,18,656644645445754377,8,0,32.853,68.419,3231.2,6.0,7,7,0.0,0.0,0.0,0.0
slider,L8,random,11,63,L8,L8,1.0,9,634546464,4,0,26.965,40.629,2942.2,5.5,3,3,0.0,0.0,0.0,0.0
slider,L8,random,11,63,random,L8,1.0,10,6354146414,4,0,24.608,40.579,2635.2,5.5,4,4,0.0,0.0,0.0,0.0
slider,L8,random,12,55,L8,L8,1.0,7,5542673,3,0,10.971,32.138,1248.3,3.67,2,2,0.0,0.0,0.0,0.0
slider,L8,random,12,55,random,L8,1.0,8,55151545,3,0,34.451,52.057,3857.7,5.0,3,3,0.0,0.0,0.0,0.0
slider,L8,random,13,342,L8,L8,1.0,27,342144443143373311271655522,12,0,25.17,58.214,2780.5,6.5,12,12,0.0,0.0,0.0,0.0
slider,L8,random,13,342,random,L8,1.0,8,34243414,3,0,18.482,31.206,2163.3,5.0,2,2,0.0,0.0,0.0,0.0
slider,L8,random,14,6653,L8,L8,1.0,7,6653447,2,0,15.527,31.036,1689.0,4.0,1,1,0.0,0.0,0.0,0.0
slider,L8,random,14,6653,random,L8,1.0,16,6653372334145454,6,0,40.335,87.794,4003.3,5.67,6,6,0.0,0.0,0.0,0.0
slider,L8,random,15,76,L8,L8,1.0,15,764344446732515,7,0,24.569,50.244,2671.4,5.29,6,6,0.0,0.0,0.0,0.0
slider,L8,random,15,76,random,L8,1.0,16,7644447432421321,7,0,30.298,46.675,2938.6,6.14,7,7,0.0,0.0,0.0,0.0
slider,L8,random,16,344,L8,L8,1.0,13,3444422243361,5,0,47.575,95.602,4013.4,5.8,5,5,0.0,0.0,0.0,0.0
slider,L8,random,16,344,random,L8,1.0,16,3444447453331526,7,0,36.082,67.896,2650.7,6.14,6,6,0.0,0.0,0.0,0.0
slider,L8,random,17,45,L8,L8,1.0,7,4545464,3,0,20.789,36.661,2187.0,5.0,2,2,0.0,0.0,0.0,0.0
slider,L8,random,17,45,random,L8,1.0,22,4534542124454215125363,10,0,24.146,48.352,2620.7,6.0,10,10,0.0,0.0,0.0,0.0
slider,L8,random,18,4714,L8,L8,1.0,17,47144543445252565,7,0,29.868,51.785,3167.9,6.14,6,6,0.0,0.0,0.0,0.0
slider,L8,random,18,4714,random,L8,1.0,12,471432747474,4,0,22.656,37.595,2379.8,5.5,4,4,0.0,0.0,0.0,0.0
slider,L8,random,19,7775,L8,L8,1.0,15,777536673142445,6,0,45.161,82.638,4706.0,6.0,5,5,0.0,0.0,0.0,0.0
slider,L8,random,19,7775,random,L8,1.0,18,777514343324437546,7,0,26.087,48.545,2669.6,5.57,7,7,0.0,0.0,0.0,0.0
slider,L8,random,20,453,L8,L8,1.0,11,45363146464,4,0,31.315,61.837,2867.8,5.5,4,4,0.0,0.0,0.0,0.0
slider,L8,random,20,453,random,L8,1.0,14,45345454451273,6,0,22.205,47.476,2478.5,6.0,5,5,0.0,0.0,0.0,0.0
slider,L8,random,21,545,L8,L8,1.0,15,545243155146372,6,0,21.066,42.486,2186.7,5.33,6,6,0.0,0.0,0.0,0.0
slider,L8,random,21,545,random,L8,1.0,12,545435257414,5,0,25.177,34.237,2702.2,5.8,4,4,0.0,0.0,0.0,0.0
slider,L8,random,22,7152,L8,L8,1.0,7,7152456,2,0,6.961,13.904,751.0,4.0,1,1,0.0,0.0,0.0,0.0
slider,L8,random,22,7152,random,L8,1.0,12,715234245454,4,0,54.154,105.601,2991.8,5.5,4,4,0.0,0.0,0.0,0.0
slider,L8,random,23,71,L8,L8,1.0,19,7144434144311333665,9,0,24.307,46.405,2802.2,5.89,8,8,0.0,0.0,0.0,0.0
slider,L8,random,23,71,random,L8,1.0,12,712444646474,5,0,46.245,98.037,4633.4,5.8,5,5,0.0,0.0,0.0,0.0
slider,L8,random,24,5616,L8,L8,1.0,13,5616655456515,5,0,38.308,68.875,4197.8,5.8,4,4,0.0,0.0,0.0,0.0
slider,L8,random,24,5616,random,L8,1.0,20,56165534655653342424,8,0,31.994,60.484,3114.1,5.5,8,8,0.0,0.0,0.0,0.0
slider,L8,random,25,4424,L8,L8,1.0,7,4424351,2,0,0.443,0.875,54.5,2.0,1,1,0.0,0.0,0.0,0.0
slider,L8,random,25,4424,random,L8,1.0,16,4424437413651526,6,0,23.817,54.162,2478.3,5.33,6,6,0.0,0.0,0.0,0.0
slider,L8,random,26,6464,L8,L8,1.0,11,64644234636,4,0,35.962,49.997,2893.8,5.5,3,3,0.0,0.0,0.0,0.0
slider,L8,random,26,6464,random,L8,1.0,8,64645424,2,0,15.096,30.174,1665.0,4.0,2,2,0.0,0.0,0.0,0.0
slider,L8,random,27,5354,L8,L8,1.0,11,53544746643,4,0,19.72,41.07,2075.2,4.5,3,3,0.0,0.0,0.0,0.0
slider,L8,random,27,5354,random,L8,1.0,12,535424753414,4,0,19.329,31.407,1999.2,5.5,4,4,0.0,0.0,0.0,0.0
slider,L8,random,28,3576,L8,L8,1.0,15,357661625754453,6,0,48.386,114.484,5174.2,5.33,5,5,0.0,0.0,0.0,0.0
slider,L8,random,28,3576,random,L8,1.0,16,3576732341643265,6,0,25.505,73.661,2755.7,5.33,6,6,0.0,0.0,0.0,0.0
slider,L8,random,29,6474,L8,L8,1.0,19,6474441543235554533,8,0,36.408,109.846,3805.5,6.25,7,7,0.0,0.0,0.0,0.0
slider,L8,random,29,6474,random,L8,1.0,8,64741454,2,0,23.863,47.709,2727.5,4.0,2,2,0.0,0.0,0.0,0.0
slider,L8,random,30,237,L8,L8,1.0,13,2371454631542,5,0,25.122,51.138,2883.8,5.0,5,5,0.0,0.0,0.0,0.0
slider,L8,random,30,237,random,L8,1.0,14,23737477541225,6,0,29.901,71.475,3274.8,5.33,5,5,0.0,0.0,0.0,0.0
slider,L8,random,31,112,L8,L8,1.0,7,1121473,2,0,18.156,36.284,1485.5,4.0,2,2,0.0,0.0,0.0,0.0
slider,L8,random,31,112,random,L8,1.0,10,1124645434,4,0,29.647,41.581,2820.0,5.5,3,3,0.0,0.0,0.0,0.0
slider,L8,random,32,5475,L8,L8,1.0,23,54755744425311454153362,10,0,22.789,35.142,2540.3,6.2,9,9,0.0,0.0,0.0,0.0
slider,L8,random,32,5475,random,L8,1.0,14,54755452124262,5,0,23.98,37.765,2676.0,5.8,5,5,0.0,0.0,0.0,0.0
slider,L8,random,33,323,L8,L8,1.0,7,3235353,2,0,23.55,47.082,2777.5,4.0,2,2,0.0,0.0,0.0,0.0
slider,L8,random,33,323,random,L8,1.0,14,32336424442235,6,0,27.292,49.19,3072.5,6.0,5,5,0.0,0.0,0.0,0.0
slider,L8,random,34,4457,L8,L8,1.0,7,4457326,2,0,0.405,0.799,43.0,2.0,1,1,0.0,0.0,0.0,0.0
slider,L8,random,34,4457,random,L8,1.0,14,44576344464365,5,0,16.874,49.291,1448.0,4.6,5,5,0.0,0.0,0.0,0.0
slider,L8,random,35,745,L8,L8,1.0,11,74574741474,4,0,24.059,35.79,2692.0,5.5,4,4,0.0,0.0,0.0,0.0
slider,L8,random,35,745,random,L8,1.0,8,74541424,3,0,25.204,41.056,2673.0,5.0,2,2,0.0,0.0,0.0,0.0
slider,L8,random,36,1733,L8,L8,1.0,15,173342342232424,6,0,24.397,42.491,2692.0,5.67,5,5,0.0,0.0,0.0,0.0
slider,L8,random,36,1733,random,L8,1.0,16,1733421456546424,6,0,23.228,46.354,2461.2,6.0,6,6,0.0,0.0,0.0,0.0
slider,L8,random,37,714,L8,L8,1.0,9,714347424,3,0,23.699,39.976,2596.0,5.0,3,3,0.0,0.0,0.0,0.0
slider,L8,random,37,714,random,L8,1.0,12,714435142474,5,0,27.323,42.181,3027.8,5.8,4,4,0.0,0.0,0.0,0.0
slider,L8,random,38,6753,L8,L8,1.0,15,675335534646414,6,0,39.558,77.586,4317.7,6.0,5,5,0.0,0.0,0.0,0.0
slider,L8,random,38,6753,random,L8,1.0,12,675355156535,4,0,38.29,66.9,4135.5,5.5,4,4,0.0,0.0,0.0,0.0
slider,L8,random,39,247,L8,L8,1.0,11,24724743414,4,0,25.1,35.331,2865.5,5.5,4,4,0.0,0.0,0.0,0.0
slider,L8,random,39,247,random,L8,1.0,8,24741464,3,0,29.601,44.725,3168.0,5.0,2,2,0.0,0.0,0.0,0.0
slider,L8,random,40,4163,L8,L8,1.0,9,416343414,3,0,22.414,37.133,2329.3,5.0,2,2,0.0,0.0,0.0,0.0
slider,L8,random,40,4163,random,L8,1.0,32,41633434443314236257112222766755,14,0,18.095,38.254,1963.2,6.43,14,14,0.0,0.0,0.0,0.0
slider,L8,random,41,312,L8,L8,1.0,7,3126415,2,0,16.187,32.357,1732.0,4.0,2,2,0.0,0.0,0.0,0.0
slider,L8,random,41,312,random,L8,1.0,12,312474724433,5,0,30.024,43.982,3385.2,5.8,4,4,0.0,0.0,0.0,0.0
slider,L8,random,42,7424,L8,L8,1.0,17,74244144466661555,7,0,37.34,74.581,3937.0,6.14,6,6,0.0,0.0,0.0,0.0
slider,L8,random,42,7424,random,L8,1.0,16,7424644452455667,6,0,26.933,57.725,2858.2,6.0,6,6,0.0,0.0,0.0,0.0
slider,L8,random,43,11,L8,L8,1.0,13,1141426744345,6,0,28.277,43.473,3148.0,6.0,5,5,0.0,0.0,0.0,0.0
slider,L8,random,43,11,random,L8,1.0,14,11543413557464,6,0,27.361,56.102,2974.3,5.67,6,6,0.0,0.0,0.0,0.0
slider,L8,random,44,557,L8,L8,1.0,7,5577436,2,0,12.315,24.612,1384.0,4.0,2,2,0.0,0.0,0.0,0.0
slider,L8,random,44,557,random,L8,1.0,12,557454523372,5,0,28.669,53.803,2798.2,5.8,4,4,0.0,0.0,0.0,0.0
slider,L8,random,45,57,L8,L8,1.0,7,5747332,3,0,12.933,37.852,1309.7,3.67,2,2,0.0,0.0,0.0,0.0
slider,L8,random,45,57,random,L8,1.0,10,5764645434,4,0,28.253,43.426,3012.8,5.5,4,4,0.0,0.0,0.0,0.0
slider,L8,random,46,21,L8,L8,1.0,13,2146425352525,6,0,30.335,45.233,3323.7,6.0,5,5,0.0,0.0,0.0,0.0
slider,L8,random,46,21,random,L8,1.0,14,21142522347474,6,0,30.173,58.632,2674.8,6.0,6,6,0.0,0.0,0.0,0.0
slider,L8,random,47,1753,L8,L8,1.0,13,1753363156545,5,0,51.046,73.645,4454.2,5.8,4,4,0.0,0.0,0.0,0.0
slider,L8,random,47,1753,random,L8,1.0,14,17537575445366,5,0,40.204,64.906,4383.4,5.8,5,5,0.0,0.0,0.0,0.0
slider,L8,random,48,7632,L8,L8,1.0,17,76322444476737755,7,0,37.729,71.725,3992.7,5.86,6,6,0.0,0.0,0.0,0.0
slider,L8,random,48,7632,random,L8,1.0,26,76321313733422223277667655,11,0,31.236,74.808,3426.0,6.45,11,11,0.0,0.0,0.0,0.0
slider,L8,random,49,36,L8,L8,1.0,7,3643215,3,0,12.989,38.186,1310.7,3.67,2,2,0.0,0.0,0.0,0.0
slider,L8,random,49,36,random,L8,1.0,20,36747444647743232373,9,0,40.428,81.607,2988.7,6.33,9,9,0.0,0.0,0.0,0.0
slider,L8,L9,0,35,L8,draw,0.5,42,355444454533437331111777222266666556221177,20,0,30.685,118.888,1620.2,6.55,20,0,49.393,276.444,2704.0,7.2
slider,L8,L9,0,35,L9,L9,0.0,37,3544444555455333366663122222266777711,17,0,29.025,94.608,1622.0,6.47,18,0,60.083,244.805,3296.6,7.11
slider,L8,L9,1,6712,L8,L9,0.0,18,671244444617114555,7,0,66.972,122.45,3741.1,5.71,7,0,89.72,191.112,4904.7,5.71
slider,L8,L9,1,6712,L9,L9,0.0,17,67122444471774333,6,0,71.938,148.798,3861.5,5.5,7,0,99.458,276.508,5616.1,5.71
slider,L8,L9,2,5547,L8,L8,1.0,7,5547326,2,0,0.432,0.855,46.0,2.0,1,0,0.082,0.082,9.0,2.0
slider,L8,L9,2,5547,L9,L9,0.0,7,5547326,1,0,0.083,0.083,9.0,2.0,2,0,0.439,0.868,46.0,2.0
slider,L8,L9,3,5767,L8,draw,0.5,42,576743444453334335555111221622226666117777,19,0,38.443,162.514,1765.9,6.53,19,0,57.542,199.554,2873.2,7.16
slider,L8,L9,3,5767,L9,L8,1.0,40,5767434444533433312211111555567766667722,18,0,39.67,178.646,1712.7,6.33,18,0,78.592,259.35,3742.2,7.33
slider,L8,L9,4,775,L8,L9,0.0,38,77544444455552152222211766666161133333,17,0,33.764,174.92,1727.1,6.47,18,0,62.097,279.825,3196.1,7.11
slider,L8,L9,4,775,L9,draw,0.5,42,775444444555521253333733712266666622111177,20,0,36.516,158.741,1614.1,6.4,19,0,64.653,263.261,2847.4,7.37
slider,L8,L9,5,215,L8,L8,1.0,39,215444444255555222213766666677711117733,18,0,32.57,127.393,1522.1,6.33,18,0,58.204,205.742,2849.7,7.33
slider,L8,L9,5,215,L9,draw,0.5,42,215444444255555322233321666666111133777777,20,0,30.853,114.761,1578.3,6.4,19,0,59.968,215.12,3076.3,7.37
slider,L8,L9,6,13,L8,draw,0.5,42,135333344444456555531111166666772222227777,20,0,32.086,162.144,1660.5,6.55,20,0,71.785,420.336,3378.9,7.2
slider,L8,L9,6,13,L9,L9,0.0,37,1344444342253333222277775555566666611,17,0,28.823,80.453,1548.2,6.47,18,0,58.731,229.107,3066.4,7.11
slider,L8,L9,7,41,L8,L9,0.0,40,4144534334763346325266667111112222777755,19,0,43.3,144.295,2065.6,6.53,19,0,76.346,264.483,3671.1,7.16
slider,L8,L9,7,41,L9,draw,0.5,42,414444353555451563677722277733322266661111,20,0,43.254,178.477,1828.2,6.4,20,0,75.976,246.18,3773.2,7.4
slider,L8,L9,8,4632,L8,draw,0.5,42,463244443332264266336655555511772211117777,19,0,39.812,109.694,1922.2,6.53,19,0,69.97,272.74,3380.2,7.16
slider,L8,L9,8,4632,L9,L9,0.0,35,46324442443323366636611777771111755,15,0,33.0,120.858,1601.9,6.4,16,0,63.399,194.977,3044.6,7.0
slider,L8,L9,9,333,L8,L9,0.0,40,3334444434331575155755666622772211117722,18,0,33.364,142.445,1468.7,6.5,19,0,60.43,243.13,2765.0,7.16
slider,L8,L9,9,333,L9,L9,0.0,31,3334444344336666661515511117557,14,0,37.447,95.686,2022.9,6.36,14,0,66.219,174.32,3566.3,6.86
slider,L8,L9,10,656,L8,draw,0.5,42,656633354412223363222665555111117777444477,19,0,47.087,137.403,2381.4,6.53,20,0,93.274,424.056,4727.4,7.2
slider,L8,L9,10,656,L9,draw,0.5,42,656665553331564444443332225222677111117777,20,0,41.704,144.533,2107.4,6.4,19,0,89.214,409.637,4480.6,7.37
slider,L8,L9,11,63,L8,draw,0.5,42,634444436433335755575522266661112221117777,20,0,31.453,116.509,1649.7,6.55,20,0,53.06,247.338,2514.7,7.2
slider,L8,L9,11,63,L9,L9,0.0,39,634444433334755555375222222111111777766,18,0,32.472,94.921,1663.3,6.5,19,0,69.827,221.993,3509.8,7.16
slider,L8,L9,12,55,L8,L9,0.0,34,5543543576665665444463333111111722,16,0,43.398,117.752,2109.5,6.44,16,0,61.155,206.827,3243.2,7.0
slider,L8,L9,12,55,L9,L8,1.0,38,55434445546745561166166122222233117733,18,0,38.579,98.749,1990.1,6.33,18,0,87.311,246.407,4417.6,7.33
slider,L8,L9,13,342,L8,L9,0.0,34,3424442434533533122616556611551122,15,0,36.454,111.455,2062.4,6.4,16,0,73.082,275.489,3774.0,7.0
slider,L8,L9,13,342,L9,L9,0.0,41,34244445555366743333556777776662211111122,19,0,37.991,159.447,1632.9,6.53,19,0,58.528,243.628,2881.3,7.16
slider,L8,L9,14,6653,L8,L9,0.0,40,6653474444645633222532336657771111227755,18,0,45.344,96.477,2288.1,6.5,18,0,72.58,249.766,3521.3,7.11
slider,L8,L9,14,6653,L9,draw,0.5,42,665347444465466555563333321172222211117777,19,0,37.981,142.378,1764.5,6.37,19,0,69.685,218.411,3233.3,7.37
slider,L8,L9,15,76,L8,L9,0.0,38,76444444322222233666633637111111777755,18,0,50.601,187.955,2451.1,6.5,18,0,83.894,291.279,4373.3,7.11
slider,L8,L9,15,76,L9,L9,0.0,39,764444446366633333617222772272751111155,18,0,47.196,211.824,1992.8,6.5,19,0,98.636,319.918,4412.7,7.16
slider,L8,L9,16,344,L8,L9,0.0,38,34444443333676312111666672227722117755,17,0,40.582,140.686,1797.5,6.47,18,0,57.21,158.552,2678.8,7.11
slider,L8,L9,16,344,L9,L8,1.0,38,34444434333676366777117722222266111155,18,0,29.727,126.924,1358.8,6.33,17,0,50.48,185.385,2716.9,7.29
slider,L8,L9,17,45,L8,L8,1.0,33,454444355533212122242566577777733,16,0,44.445,193.846,1913.5,6.25,15,0,76.513,359.921,3486.2,7.2
slider,L8,L9,17,45,L9,draw,0.5,42,454444455555313177771171172333322222666666,20,0,25.955,90.518,1307.1,6.4,20,0,49.181,175.461,2620.6,7.4
slider,L8,L9,18,4714,L8,L9,0.0,42,471444443236333676663615222221155555117777,19,0,38.314,136.218,1940.4,6.53,19,0,62.337,295.266,3207.5,7.16
slider,L8,L9,18,4714,L9,L9,0.0,37,4714444241231115222255555177766666633,16,0,55.92,212.015,2546.1,6.44,17,0,99.463,260.941,4821.4,7.06
slider,L8,L9,19,7775,L8,L8,1.0,39,777533335455544444353726666661111117722,18,0,37.322,125.738,2112.7,6.33,17,0,78.574,327.767,4147.1,7.29
slider,L8,L9,19,7775,L9,draw,0.5,42,777544444455525522222333167111336666631177,19,0,45.638,135.054,2020.1,6.37,19,0,76.814,228.834,3677.3,7.37
slider,L8,L9,20,453,L8,L8,1.0,35,45344454333621243317777712222111755,16,0,35.291,121.993,1715.8,6.25,16,0,66.888,227.342,3329.1,7.25
slider,L8,L9,20,453,L9,L9,0.0,37,4534444555455333366663122222266777711,17,0,29.642,93.264,1622.0,6.47,17,0,58.312,229.593,2691.6,7.06
slider,L8,L9,21,545,L8,L8,1.0,37,5454445544653352666777766771111112332,17,0,38.279,101.094,1513.6,6.29,17,0,61.54,206.305,2951.2,7.29
slider,L8,L9,21,545,L9,L9,0.0,39,545444554455336733332777772222211111166,18,0,22.734,77.634,1140.6,6.5,18,0,50.253,178.195,2494.5,7.11
slider,L8,L9,22,7152,L8,L9,0.0,36,715246444665464621222267111133777733,16,0,57.754,141.672,2641.0,6.44,16,0,85.261,278.396,4006.1,7.0
slider,L8,L9,22,7152,L9,L8,1.0,40,7152464446446563777731667222225555111133,18,0,33.724,134.383,1502.3,6.33,18,0,71.133,249.685,3363.9,7.33
slider,L8,L9,23,71,L8,L8,1.0,37,7144444435561255557222226667766771133,18,0,60.45,170.296,2527.7,6.33,17,0,113.833,420.68,4961.8,7.29
slider,L8,L9,23,71,L9,L9,0.0,31,7133454444743353253111177222666,14,0,52.035,170.242,2514.4,6.36,15,0,100.224,275.048,4889.6,6.93
slider,L8,L9,24,5616,L8,L8,1.0,41,56166623333555531531166117777772244242244,19,0,58.067,202.379,2815.0,6.37,18,0,114.607,368.575,5679.2,7.33
slider,L8,L9,24,5616,L9,L8,1.0,40,5616655565326622333353221271117717774444,18,0,35.022,158.512,1932.1,6.33,18,0,75.822,232.75,3954.9,7.33
slider,L8,L9,25,4424,L8,L8,1.0,7,4424351,2,0,0.458,0.907,54.5,2.0,1,0,0.079,0.079,9.0,2.0
slider,L8,L9,25,4424,L9,L9,0.0,7,4424351,1,0,0.08,0.08,9.0,2.0,2,0,0.474,0.94,54.5,2.0
slider,L8,L9,26,6464,L8,L8,1.0,39,646444664313541222222633677117133177755,18,0,33.223,135.712,1825.6,6.33,17,0,59.318,202.04,3079.1,7.29
slider,L8,L9,26,6464,L9,draw,0.5,42,646444664433333366511255555221122121777777,19,0,25.415,133.423,1184.9,6.37,19,0,57.473,267.568,2973.3,7.37
slider,L8,L9,27,5354,L8,draw,0.5,42,535444455443353335116666667777111122222277,19,0,23.642,89.761,1390.8,6.53,19,0,42.766,209.277,2178.1,7.16
slider,L8,L9,27,5354,L9,draw,0.5,42,535444443355455122221113337722666666117777,19,0,23.777,103.873,1070.3,6.37,19,0,50.461,171.913,2448.2,7.37
slider,L8,L9,28,3576,L8,L8,1.0,33,357663334412226236231271115555444,15,0,81.157,258.189,3788.4,6.2,14,0,141.362,499.894,6295.2,7.14
slider,L8,L9,28,3576,L9,L8,1.0,36,357633336555566312152722662211117744,16,0,64.42,174.992,3098.7,6.25,16,0,148.438,522.585,7108.8,7.25
slider,L8,L9,29,6474,L8,L9,0.0,34,6474441343221233342362277776666755,15,0,50.905,210.95,2557.0,6.4,15,0,109.18,474.818,4788.3,6.93
slider,L8,L9,29,6474,L9,L8,1.0,26,64744444222223266673773555,11,0,62.734,139.325,2996.1,5.91,11,0,147.765,439.684,7114.2,6.91
slider,L8,L9,30,237,L8,L9,0.0,42,237444442224333323271111117766666655557755,19,0,30.564,166.965,1639.7,6.53,20,0,57.892,294.844,2969.2,7.2
slider,L8,L9,30,237,L9,L9,0.0,41,23733545444364562122243231666611117777755,19,0,32.75,134.673,1771.3,6.53,19,0,47.818,197.124,2478.5,7.16
slider,L8,L9,31,112,L8,draw,0.5,42,112444444222223133333667555555711166667777,19,0,41.501,133.707,2222.4,6.53,20,0,80.474,278.622,4259.2,7.2
slider,L8,L9,31,112,L9,draw,0.5,42,112444444155555512222333263337766666117777,20,0,40.461,180.939,2175.4,6.4,19,0,80.366,305.629,4256.3,7.37
slider,L8,L9,32,5475,L8,L9,0.0,32,54755455444457333337731171111722,14,0,30.002,71.653,1538.7,6.36,14,0,54.219,150.536,2711.3,6.86
slider,L8,L9,32,5475,L9,L8,1.0,32,54754445544653321115111777772332,14,0,45.136,139.442,2182.7,6.14,14,0,78.383,242.924,4114.7,7.14
slider,L8,L9,33,323,L8,L9,0.0,36,323335562537444464456637556611111122,16,0,34.249,141.292,1730.6,6.44,17,0,76.693,416.027,3857.8,7.06
slider,L8,L9,33,323,L9,L9,0.0,15,323333436555442,6,0,62.83,134.012,2933.0,5.5,6,0,91.315,261.973,4251.2,5.33
slider,L8,L9,34,4457,L8,L8,1.0,7,4457326,2,0,0.422,0.834,43.0,2.0,1,0,0.086,0.086,9.0,2.0
slider,L8,L9,34,4457,L9,L9,0.0,7,4457326,1,0,0.086,0.086,9.0,2.0,2,0,0.409,0.809,43.0,2.0
slider,L8,L9,35,745,L8,L9,0.0,22,7454444373155757554666,9,0,50.89,101.244,2872.8,6.0,10,0,86.691,203.2,4992.5,6.4
slider,L8,L9,35,745,L9,draw,0.5,42,745444435553321212224117273666665533611777,20,0,34.433,83.206,1799.0,6.4,19,0,74.081,285.958,3622.6,7.37
slider,L8,L9,36,1733,L8,draw,0.5,42,173342324456435443355551222276666611117777,19,0,24.969,103.5,1335.1,6.53,19,0,41.402,169.671,2104.7,7.16
slider,L8,L9,36,1733,L9,L9,0.0,33,173342444343355473666666122222111,14,0,29.052,72.213,1360.5,6.36,15,0,68.94,203.981,2763.4,6.93
slider,L8,L9,37,714,L8,L8,1.0,37,7144444435561255557222226667766771133,17,0,48.666,174.767,2417.2,6.29,17,0,95.87,288.453,4961.8,7.29
slider,L8,L9,37,714,L9,L9,0.0,37,7144444641636665655115333222253235211,17,0,41.798,151.959,2202.4,6.47,17,0,82.027,235.035,3991.4,7.06
slider,L8,L9,38,6753,L8,L9,0.0,42,675333654444443313266661222117555511777722,19,0,41.312,134.703,2201.9,6.53,19,0,88.982,408.577,4250.7,7.16
slider,L8,L9,38,6753,L9,L8,1.0,38,67533633662322225555635112767711117744,17,0,76.718,332.119,3239.6,6.29,17,0,172.497,495.846,7213.2,7.29
slider,L8,L9,39,247,L8,L9,0.0,40,2474444422222556333333666655556711777711,18,0,43.426,189.98,2040.7,6.5,19,0,79.344,352.119,3919.5,7.16
slider,L8,L9,39,247,L9,L8,1.0,26,24744442236242626673773555,12,0,66.39,160.212,3481.8,6.0,11,0,136.655,314.023,6144.4,6.91
slider,L8,L9,40,4163,L8,L8,1.0,41,41634446453331645336661122222255551177777,19,0,53.782,200.343,2361.9,6.37,18,0,95.709,387.652,4682.4,7.33
slider,L8,L9,40,4163,L9,L9,0.0,15,416344447564355,5,0,64.953,230.627,2503.2,5.2,6,0,95.638,295.042,4689.0,5.33
slider,L8,L9,41,312,L8,draw,0.5,42,312444443333422322777755555517111266666617,19,0,38.534,117.261,2096.3,6.53,20,0,78.392,319.809,4145.1,7.2
slider,L8,L9,41,312,L9,draw,0.5,42,312444444375133337765655666556771112222217,20,0,48.202,157.342,2331.3,6.4,19,0,90.394,275.602,4386.3,7.37
slider,L8,L9,42,7424,L8,L9,0.0,40,7424444422222556333333666655556711777711,18,0,40.748,169.34,2040.7,6.5,18,0,79.507,365.48,3620.4,7.11
slider,L8,L9,42,7424,L9,L8,1.0,26,74244442236242626673773555,11,0,68.68,183.322,3384.9,5.91,11,0,139.06,383.077,6144.4,6.91
slider,L8,L9,43,11,L8,draw,0.5,42,114444443233363355666665722722255511117777,20,0,45.062,194.925,1981.8,6.55,20,0,93.534,445.112,3497.5,7.2
slider,L8,L9,43,11,L9,L9,0.0,31,1144444224221156626632665115533,14,0,68.653,195.119,3335.4,6.36,15,0,120.931,263.094,5969.4,6.93
slider,L8,L9,44,557,L8,L9,0.0,32,55745455444457333337731171111722,14,0,32.882,85.788,1538.7,6.36,15,0,63.716,188.543,2912.5,6.93
slider,L8,L9,44,557,L9,L8,1.0,32,55744445544653321115111777772332,15,0,56.967,140.659,2232.9,6.2,14,0,94.734,282.572,4114.7,7.14
slider,L8,L9,45,57,L8,draw,0.5,42,574344445555433335711132122222666666117777,20,0,37.077,126.333,1806.9,6.55,20,0,68.058,259.29,2982.0,7.2
slider,L8,L9,45,57,L9,L9,0.0,33,574344454554655131777277333321122,15,0,48.001,145.107,2388.9,6.4,16,0,104.92,258.511,4680.7,7.0
slider,L8,L9,46,21,L8,L9,0.0,40,2144445323426764555533322352766166777711,19,0,50.66,143.949,2335.1,6.53,19,0,70.19,266.043,3422.5,7.16
slider,L8,L9,46,21,L9,L9,0.0,35,21444424532233354233676155665526611,16,0,38.008,96.65,1881.5,6.44,17,0,99.55,357.359,4655.4,7.06
slider,L8,L9,47,1753,L8,L9,0.0,38,17533335553553171171176666222222667744,17,0,67.041,230.929,2957.1,6.47,17,0,96.077,282.351,4495.8,7.06
slider,L8,L9,47,1753,L9,L9,0.0,41,17533333455554435776666166277711112222244,18,0,60.006,163.628,2274.8,6.5,19,0,117.083,373.182,4561.6,7.16
slider,L8,L9,48,7632,L8,L8,1.0,41,76322263432333266726671571177155551514444,19,0,74.729,276.214,2500.2,6.37,18,0,168.367,668.091,5940.1,7.33
slider,L8,L9,48,7632,L9,draw,0.5,42,763233322234461444436666511111755555227777,19,0,53.383,205.36,2381.9,6.37,19,0,133.254,628.222,5735.9,7.37
slider,L8,L9,49,36,L8,draw,0.5,42,364244443332264266336655555511772211117777,20,0,35.18,94.73,2018.1,6.55,20,0,63.347,230.552,3547.8,7.2
slider,L8,L9,49,36,L9,L9,0.0,35,36424442443323366636611777771111755,16,0,31.364,98.24,1718.4,6.44,17,0,60.124,197.479,3245.6,7.06
slider,L9,random,0,35,L9,L9,1.0,9,354645454,4,0,66.345,115.591,7619.2,6.25,3,3,0.0,0.0,0.0,0.0
slider,L9,random,0,35,random,L9,1.0,12,357373775313,5,0,69.16,136.141,7747.0,6.6,5,5,0.0,0.0,0.0,0.0
slider,L9,random,1,6712,L9,L9,1.0,15,671225375535313,6,0,93.902,141.036,10354.7,6.83,5,5,0.0,0.0,0.0,0.0
slider,L9,random,1,6712,random,L9,1.0,18,671234141144465355,7,0,45.074,90.426,4689.1,6.29,7,7,0.0,0.0,0.0,0.0
slider,L9,random,2,5547,L9,L9,1.0,7,5547312,2,0,0.481,0.948,46.0,2.0,1,1,0.0,0.0,0.0,0.0
slider,L9,random,2,5547,random,L9,1.0,14,55475375445332,5,0,53.683,95.887,5393.8,6.6,5,5,0.0,0.0,0.0,0.0
slider,L9,random,3,5767,L9,L9,1.0,7,5767473,2,0,36.056,72.081,3255.5,4.5,1,1,0.0,0.0,0.0,0.0
slider,L9,random,3,5767,random,L9,1.0,14,57677474442675,5,0,65.136,146.226,4780.6,5.6,5,5,0.0,0.0,0.0,0.0
slider,L9,random,4,775,L9,L9,1.0,7,7752436,2,0,33.529,67.038,3516.5,4.5,2,2,0.0,0.0,0.0,0.0
slider,L9,random,4,775,random,L9,1.0,12,775444741454,5,0,58.61,92.868,6281.4,6.6,4,4,0.0,0.0,0.0,0.0
slider,L9,random,5,215,L9,L9,1.0,7,2156423,2,0,37.66,75.296,4355.0,4.5,2,2,0.0,0.0,0.0,0.0
slider,L9,random,5,215,random,L9,1.0,10,2154346424,4,0,83.495,158.744,6153.2,6.25,3,3,0.0,0.0,0.0,0.0
slider,L9,random,6,13,L9,L9,1.0,9,134145474,4,0,62.827,104.185,6992.2,6.25,3,3,0.0,0.0,0.0,0.0
slider,L9,random,6,13,random,L9,1.0,10,1364347454,4,0,82.484,162.902,8284.2,6.25,4,4,0.0,0.0,0.0,0.0
slider,L9,random,7,41,L9,L9,1.0,7,4146464,3,0,89.487,151.109,7228.7,5.67,2,2,0.0,0.0,0.0,0.0
slider,L9,random,7,41,random,L9,1.0,16,4144533567543474,7,0,85.056,152.1,6241.6,7.0,7,7,0.0,0.0,0.0,0.0
slider,L9,random,8,4632,L9,L9,1.0,9,463245474,3,0,49.144,74.164,5003.3,5.67,2,2,0.0,0.0,0.0,0.0
slider,L9,random,8,4632,random,L9,1.0,12,463244141414,4,0,55.473,116.22,4957.2,6.25,4,4,0.0,0.0,0.0,0.0
slider,L9,random,9,333,L9,L9,1.0,13,3332374442625,5,0,58.322,161.788,5974.8,5.6,5,5,0.0,0.0,0.0,0.0
slider,L9,random,9,333,random,L9,1.0,20,33342473227312443421,9,0,77.374,233.205,6705.2,6.89,8,8,0.0,0.0,0.0,0.0
slider,L9,random,10,656,L9,L9,1.0,17,65666237573331414,7,0,108.353,327.691,8367.6,6.14,7,7,0.0,0.0,0.0,0.0
slider,L9,random,10,656,random,L9,1.0,18,656676253424344523,8,0,60.785,135.127,6044.0,6.12,7,7,0.0,0.0,0.0,0.0
slider,L9,random,11,63,L9,L9,1.0,17,63464544434557326,8,0,48.058,99.051,5047.1,7.12,7,7,0.0,0.0,0.0,0.0
slider,L9,random,11,63,random,L9,1.0,12,635464661424,5,0,44.512,94.981,4355.0,6.6,5,5,0.0,0.0,0.0,0.0
slider,L9,random,12,55,L9,L9,1.0,7,5545352,3,0,24.807,73.566,2533.3,4.0,2,2,0.0,0.0,0.0,0.0
slider,L9,random,12,55,random,L9,1.0,10,5514142414,4,0,56.801,103.034,6391.5,6.25,4,4,0.0,0.0,0.0,0.0
slider,L9,random,13,342,L9,L9,1.0,15,342444463756343,6,0,58.28,120.327,5879.3,6.83,6,6,0.0,0.0,0.0,0.0
slider,L9,random,13,342,random,L9,1.0,8,34241414,3,0,39.076,60.42,4417.3,5.67,2,2,0.0,0.0,0.0,0.0
slider,L9,random,14,6653,L9,L9,1.0,7,6653417,2,0,25.681,51.343,2798.0,4.5,1,1,0.0,0.0,0.0,0.0
slider,L9,random,14,6653,random,L9,1.0,20,66537444765664551333,8,0,48.015,130.04,5144.1,7.0,8,8,0.0,0.0,0.0,0.0
slider,L9,random,15,76,L9,L9,1.0,19,7644424463452223321,9,0,79.269,171.673,8073.7,7.11,8,8,0.0,0.0,0.0,0.0
slider,L9,random,15,76,random,L9,1.0,28,7634743444131311133477122565,13,0,35.894,121.759,4180.2,7.23,13,13,0.0,0.0,0.0,0.0
slider,L9,random,16,344,L9,L9,1.0,9,344241454,3,0,38.006,65.883,4552.7,5.67,3,3,0.0,0.0,0.0,0.0
slider,L9,random,16,344,random,L9,1.0,14,34443444732231,6,0,36.859,63.718,4189.5,6.83,5,5,0.0,0.0,0.0,0.0
slider,L9,random,17,45,L9,L9,1.0,7,4542464,3,0,33.507,53.985,4054.7,5.67,2,2,0.0,0.0,0.0,0.0
slider,L9,random,17,45,random,L9,1.0,22,4574441423135533116336,10,0,46.563,98.757,5272.2,7.2,10,10,0.0,0.0,0.0,0.0
slider,L9,random,18,4714,L9,L9,1.0,11,47144142424,4,0,55.275,91.354,6357.8,6.25,3,3,0.0,0.0,0.0,0.0
slider,L9,random,18,4714,random,L9,1.0,22,4714444413316633671525,9,0,61.242,137.322,6283.0,6.33,9,9,0.0,0.0,0.0,0.0
slider,L9,random,19,7775,L9,L9,1.0,15,777544455143474,6,0,49.436,96.126,5562.3,6.83,5,5,0.0,0.0,0.0,0.0
slider,L9,random,19,7775,random,L9,1.0,10,7775544352,3,0,20.766,61.427,2356.0,4.0,3,3,0.0,0.0,0.0,0.0
slider,L9,random,20,453,L9,L9,1.0,9,453342464,3,0,60.259,108.824,5583.3,5.67,3,3,0.0,0.0,0.0,0.0
slider,L9,random,20,453,random,L9,1.0,14,45345444125513,6,0,58.014,103.143,5748.5,6.83,5,5,0.0,0.0,0.0,0.0
slider,L9,random,21,545,L9,L9,1.0,15,545742431344362,6,0,38.918,97.269,2757.7,6.17,6,6,0.0,0.0,0.0,0.0
slider,L9,random,21,545,random,L9,1.0,24,545444447565355322333611,11,0,47.848,157.496,3626.1,7.36,10,10,0.0,0.0,0.0,0.0
slider,L9,random,22,7152,L9,L9,1.0,7,7152436,2,0,12.243,24.466,1371.5,4.5,1,1,0.0,0.0,0.0,0.0
slider,L9,random,22,7152,random,L9,1.0,18,715254344474425533,7,0,67.968,143.246,3966.9,7.0,7,7,0.0,0.0,0.0,0.0
slider,L9,random,23,71,L9,L9,1.0,11,71344646474,5,0,73.064,185.515,7023.4,6.6,4,4,0.0,0.0,0.0,0.0
slider,L9,random,23,71,random,L9,1.0,12,716444641414,5,0,58.036,96.81,6194.8,6.6,5,5,0.0,0.0,0.0,0.0
slider,L9,random,24,5616,L9,L9,1.0,17,56166443414453553,7,0,61.507,143.178,6345.6,6.29,6,6,0.0,0.0,0.0,0.0
slider,L9,random,24,5616,random,L9,1.0,14,56161524115477,5,0,46.359,105.787,5136.8,6.6,5,5,0.0,0.0,0.0,0.0
slider,L9,random,25,4424,L9,L9,1.0,7,4424345,2,0,0.449,0.887,54.5,2.0,1,1,0.0,0.0,0.0,0.0
slider,L9,random,25,4424,random,L9,1.0,10,4424132464,3,0,15.767,28.559,1849.3,5.67,3,3,0.0,0.0,0.0,0.0
slider,L9,random,26,6464,L9,L9,1.0,11,64644745474,4,0,54.597,81.851,5534.0,6.25,3,3,0.0,0.0,0.0,0.0
slider,L9,random,26,6464,random,L9,1.0,12,646472662335,4,0,33.463,114.79,3581.8,5.0,4,4,0.0,0.0,0.0,0.0
slider,L9,random,27,5354,L9,L9,1.0,19,5354455212474442233,8,0,59.695,109.846,5205.1,6.75,7,7,0.0,0.0,0.0,0.0
slider,L9,random,27,5354,random,L9,1.0,20,53544474457523662363,8,0,46.396,94.489,4332.0,6.38,8,8,0.0,0.0,0.0,0.0
slider,L9,random,28,3576,L9,L9,1.0,11,35763755343,4,0,126.709,245.908,11503.2,6.25,3,3,0.0,0.0,0.0,0.0
slider,L9,random,28,3576,random,L9,1.0,22,3576535355335232221244,9,0,79.537,243.494,8627.0,7.22,9,9,0.0,0.0,0.0,0.0
slider,L9,random,29,6474,L9,L9,1.0,19,6474444326363661373,8,0,77.923,223.587,7858.4,7.12,7,7,0.0,0.0,0.0,0.0
slider,L9,random,29,6474,random,L9,1.0,8,64743434,2,0,26.016,52.014,2860.0,4.5,2,2,0.0,0.0,0.0,0.0
slider,L9,random,30,237,L9,L9,1.0,19,2372254344444335566,8,0,62.245,147.456,6313.5,7.12,8,8,0.0,0.0,0.0,0.0
slider,L9,random,30,237,random,L9,1.0,10,2374143414,4,0,84.068,207.822,7839.8,6.25,3,3,0.0,0.0,0.0,0.0
slider,L9,random,31,112,L9,L9,1.0,7,1125453,2,0,19.422,38.824,2254.0,4.5,2,2,0.0,0.0,0.0,0.0
slider,L9,random,31,112,random,L9,1.0,12,112434644312,5,0,37.113,54.203,4167.8,6.6,4,4,0.0,0.0,0.0,0.0
slider,L9,random,32,5475,L9,L9,1.0,25,5475454445574657762321331,11,0,38.788,75.605,4177.0,7.27,10,10,0.0,0.0,0.0,0.0
slider,L9,random,32,5475,random,L9,1.0,12,547554751464,4,0,55.859,81.529,5975.0,6.25,4,4,0.0,0.0,0.0,0.0
slider,L9,random,33,323,L9,L9,1.0,11,32322141363,4,0,33.771,64.415,3856.8,6.0,4,4,0.0,0.0,0.0,0.0
slider,L9,random,33,323,random,L9,1.0,18,323323542432554465,8,0,67.384,183.401,6315.4,7.12,7,7,0.0,0.0,0.0,0.0
slider,L9,random,34,4457,L9,L9,1.0,7,4457352,2,0,0.369,0.72,43.0,2.0,1,1,0.0,0.0,0.0,0.0
slider,L9,random,34,4457,random,L9,1.0,12,445763643434,4,0,38.244,69.385,4147.5,6.25,4,4,0.0,0.0,0.0,0.0
slider,L9,random,35,745,L9,L9,1.0,15,745444445333376,6,0,51.36,101.66,5209.3,6.83,6,6,0.0,0.0,0.0,0.0
slider,L9,random,35,745,random,L9,1.0,8,74546464,3,0,61.909,118.347,4613.3,5.67,2,2,0.0,0.0,0.0,0.0
slider,L9,random,36,1733,L9,L9,1.0,7,1733462,2,0,22.011,44.002,2363.0,4.5,1,1,0.0,0.0,0.0,0.0
slider,L9,random,36,1733,random,L9,1.0,18,173354436474652363,7,0,40.623,79.962,4214.6,7.0,7,7,0.0,0.0,0.0,0.0
slider,L9,random,37,714,L9,L9,1.0,11,71424663464,4,0,66.144,112.15,7548.0,6.25,4,4,0.0,0.0,0.0,0.0
slider,L9,random,37,714,random,L9,1.0,12,714425142474,5,0,58.829,86.633,6235.4,6.6,4,4,0.0,0.0,0.0,0.0
slider,L9,random,38,6753,L9,L9,1.0,13,6753313424363,5,0,80.619,179.751,7313.0,6.6,4,4,0.0,0.0,0.0,0.0
slider,L9,random,38,6753,random,L9,1.0,14,67533365354565,5,0,94.359,210.954,9266.4,6.6,5,5,0.0,0.0,0.0,0.0
slider,L9,random,39,247,L9,L9,1.0,11,24774343434,4,0,68.425,132.261,4418.8,6.25,4,4,0.0,0.0,0.0,0.0
slider,L9,random,39,247,random,L9,1.0,12,247444323321,5,0,74.466,137.951,7108.2,6.6,4,4,0.0,0.0,0.0,0.0
slider,L9,random,40,4163,L9,L9,1.0,9,416345434,3,0,62.3,111.583,4822.3,5.67,2,2,0.0,0.0,0.0,0.0
slider,L9,random,40,4163,random,L9,1.0,16,4163757413774373,6,0,59.14,144.373,4924.3,6.83,6,6,0.0,0.0,0.0,0.0
slider,L9,random,41,312,L9,L9,1.0,7,3121435,2,0,29.244,58.471,3230.0,4.5,2,2,0.0,0.0,0.0,0.0
slider,L9,random,41,312,random,L9,1.0,10,3124642414,4,0,77.535,166.343,6180.8,6.25,3,3,0.0,0.0,0.0,0.0
slider,L9,random,42,7424,L9,L9,1.0,17,74244244533537565,7,0,54.313,125.983,5570.9,6.14,6,6,0.0,0.0,0.0,0.0
slider,L9,random,42,7424,random,L9,1.0,24,742444245555227465665637,10,0,38.699,85.756,4409.6,6.7,10,10,0.0,0.0,0.0,0.0
slider,L9,random,43,11,L9,L9,1.0,11,11444647273,5,0,59.305,89.32,6532.6,6.6,4,4,0.0,0.0,0.0,0.0
slider,L9,random,43,11,random,L9,1.0,14,11145433416222,6,0,35.28,90.563,4020.2,5.5,6,6,0.0,0.0,0.0,0.0
slider,L9,random,44,557,L9,L9,1.0,7,5577456,2,0,26.07,52.119,2799.5,4.5,2,2,0.0,0.0,0.0,0.0
slider,L9,random,44,557,random,L9,1.0,10,5574741474,4,0,50.227,99.253,5309.8,6.25,3,3,0.0,0.0,0.0,0.0
slider,L9,random,45,57,L9,L9,1.0,7,5744372,3,0,21.107,62.505,2413.0,4.0,2,2,0.0,0.0,0.0,0.0
slider,L9,random,45,57,random,L9,1.0,12,575434444566,5,0,78.609,132.22,5489.8,6.6,5,5,0.0,0.0,0.0,0.0
slider,L9,random,46,21,L9,L9,1.0,9,214545454,4,0,60.179,110.717,6165.8,6.25,3,3,0.0,0.0,0.0,0.0
slider,L9,random,46,21,random,L9,1.0,16,2114333334441122,7,0,87.855,132.585,8117.0,7.0,7,7,0.0,0.0,0.0,0.0
slider,L9,random,47,1753,L9,L9,1.0,13,1753344442253,5,0,92.782,240.036,6294.8,5.6,4,4,0.0,0.0,0.0,0.0
slider,L9,random,47,1753,random,L9,1.0,18,175333442413113434,7,0,50.159,140.147,5236.1,6.86,7,7,0.0,0.0,0.0,0.0
slider,L9,random,48,7632,L9,L9,1.0,9,763232373,3,0,111.503,251.519,8724.0,5.67,2,2,0.0,0.0,0.0,0.0
slider,L9,random,48,7632,random,L9,1.0,18,763272222377745445,7,0,94.098,179.392,10494.4,7.0,7,7,0.0,0.0,0.0,0.0
slider,L9,random,49,36,L9,L9,1.0,7,3643245,3,0,18.115,53.541,2184.7,4.0,2,2,0.0,0.0,0.0,0.0
slider,L9,random,49,36,random,L9,1.0,10,3624546434,4,0,53.315,112.483,5111.0,6.25,4,4,0.0,0.0,0.0,0.0
slider,L9,L10,0,35,L9,L10,0.0,32,35444445554551113333311177777722,15,0,44.719,156.869,4460.2,7.2,15,0,942.693,1909.832,92817.0,10.6
slider,L9,L10,0,35,L10,L10,0.0,37,3554556324444466655667777111111772332,17,0,42.6,188.319,4073.1,7.29,18,0,975.157,1907.581,94644.6,11.61
slider,L9,L10,1,6712,L9,L10,0.0,20,67122344444623224555,8,0,82.675,160.239,7488.8,6.5,8,0,748.229,1912.649,70657.0,7.5
slider,L9,L10,1,6712,L10,L9,1.0,34,6712444446764665162555551112222133,15,0,39.795,106.334,3970.9,6.93,15,0,945.676,1908.415,87637.3,10.73
slider,L9,L10,2,5547,L9,L9,1.0,7,5547326,2,0,0.498,0.986,46.0,2.0,1,0,0.081,0.081,9.0,2.0
slider,L9,L10,2,5547,L10,L10,0.0,7,5547326,1,0,0.077,0.077,9.0,2.0,2,0,0.405,0.802,46.0,2.0
slider,L9,L10,3,5767,L9,L9,1.0,35,57674344445337743332211555511117722,16,0,37.662,101.995,3559.6,7.0,15,0,828.451,1909.866,79885.7,11.4
slider,L9,L10,3,5767,L10,draw,0.5,42,576743444435332247733555572222111116666617,19,0,23.799,121.065,2399.8,7.16,19,0,862.856,1908.54,83697.1,12.68
slider,L9,L10,4,775,L9,L10,0.0,38,77544444455552152212221166666611777733,17,0,28.105,116.168,2956.9,7.29,18,0,841.016,1908.772,79342.2,12.0
slider,L9,L10,4,775,L10,L10,0.0,29,77544444455525222235277771331,13,0,46.719,190.984,4231.4,7.08,13,0,927.782,1913.528,88845.9,10.0
slider,L9,L10,5,215,L9,L9,1.0,39,215444444555552173222211666666117777733,18,0,29.656,111.61,3192.5,7.11,18,0,807.153,1912.062,77431.6,11.17
slider,L9,L10,5,215,L10,L10,0.0,33,215444444255252552321711711777733,15,0,32.742,110.633,3185.1,7.2,15,0,861.008,1911.19,82149.5,10.47
slider,L9,L10,6,13,L9,L10,0.0,36,134444443333673661676611117227772255,17,0,35.957,131.194,3423.8,7.29,17,0,936.882,1918.315,88763.6,11.29
slider,L9,L10,6,13,L10,draw,0.5,42,135333555534444445362222226666611111777777,20,0,45.09,174.515,4846.4,7.2,20,0,959.667,1910.085,93203.1,12.3
slider,L9,L10,7,41,L9,L10,0.0,38,41444435343355155511116666337777222222,18,0,31.86,125.51,3419.4,7.33,18,0,790.972,1920.297,77103.0,12.33
slider,L9,L10,7,41,L10,draw,0.5,42,414444565663433333152552566622221111777777,20,0,35.927,147.389,3633.9,7.2,20,0,983.819,1914.581,92692.1,12.35
slider,L9,L10,8,4632,L9,draw,0.5,42,463244443336433222221566656551111155777777,19,0,32.876,137.859,2947.2,7.37,19,0,877.876,1917.799,82274.4,12.63
slider,L9,L10,8,4632,L10,L10,0.0,21,463244443332637224555,8,0,66.74,207.099,5163.9,6.5,9,0,872.211,1918.426,78471.0,8.22
slider,L9,L10,9,333,L9,L10,0.0,40,3334444434331575155655616611222217777722,18,0,33.676,122.284,2581.1,7.33,19,0,880.773,1916.269,79220.6,12.37
slider,L9,L10,9,333,L10,L10,0.0,37,3334444434335566666522611777711117755,17,0,28.809,116.891,2980.4,7.29,17,0,927.136,1911.161,86134.8,11.76
slider,L9,L10,10,656,L9,L9,1.0,39,656555444466445512621223333332621111777,18,0,46.489,176.734,3552.8,7.11,18,0,893.225,1913.587,82359.5,12.17
slider,L9,L10,10,656,L10,L10,0.0,35,65666554432544445566332772222777733,16,0,40.874,128.827,3777.4,7.25,16,0,985.332,1909.68,88464.1,11.06
slider,L9,L10,11,63,L9,L9,1.0,37,6344444437633366366222222111111755557,18,0,32.293,122.149,3436.0,7.11,17,0,921.645,1914.235,89740.6,12.0
slider,L9,L10,11,63,L10,L10,0.0,35,63444443453363663222216611122777755,16,0,29.213,95.225,2968.9,7.25,17,0,937.378,1915.219,85080.6,11.65
slider,L9,L10,12,55,L9,L10,0.0,32,55434445564432755711771111772332,15,0,52.184,158.325,4264.1,7.2,15,0,865.07,1908.138,73974.1,10.67
slider,L9,L10,12,55,L10,draw,0.5,42,554344455445675333332222226666677777111111,20,0,32.522,185.756,3020.7,7.2,20,0,1002.504,1913.168,96847.3,12.9
slider,L9,L10,13,342,L9,L10,0.0,34,3424444333222432375555551217766667,15,0,56.09,246.883,5098.5,7.2,16,0,1021.095,1914.868,93518.6,10.38
slider,L9,L10,13,342,L10,L10,0.0,35,34244443334755252253355666616677722,16,0,46.762,160.421,3833.9,7.25,16,0,834.426,1909.914,70991.9,11.5
slider,L9,L10,14,6653,L9,L10,0.0,30,665347444464563355363522377777,13,0,57.033,146.42,4299.7,7.08,13,0,1174.986,1908.497,96610.5,10.54
slider,L9,L10,14,6653,L10,L9,1.0,34,6653474444466565555622222211111133,15,0,32.969,127.047,3081.0,6.93,15,0,818.046,1911.949,71521.5,11.33
slider,L9,L10,15,76,L9,L9,1.0,39,764444446366663332331511111722222775555,19,0,47.693,145.361,4332.1,7.16,18,0,916.041,1917.913,80870.8,12.11
slider,L9,L10,15,76,L10,draw,0.5,42,764444443222222366633335556611111177755757,20,0,52.367,147.293,4421.2,7.2,20,0,1133.072,1917.078,95617.4,11.5
slider,L9,L10,16,344,L9,L10,0.0,38,34444434333676366116611117777722222255,17,0,25.605,96.577,2587.9,7.29,18,0,831.259,1923.99,68822.2,12.17
slider,L9,L10,16,344,L10,L9,1.0,38,34444443333676316621661111722222777755,18,0,28.65,82.799,2637.2,7.11,17,0,968.914,1918.403,85888.6,11.94
slider,L9,L10,17,45,L9,L10,0.0,34,4544444555562336566222122166111133,16,0,29.87,84.029,3139.6,7.25,16,0,875.184,1909.382,80526.5,11.0
slider,L9,L10,17,45,L10,draw,0.5,42,454444555453533313362222226661116611777777,20,0,28.295,120.188,2862.7,7.2,20,0,896.114,1911.033,82344.6,12.75
slider,L9,L10,18,4714,L9,L9,1.0,39,471444442333333715565555111166666777722,18,0,37.004,112.912,3295.5,7.11,17,0,827.968,1910.035,74264.2,11.94
slider,L9,L10,18,4714,L10,L10,0.0,27,471444443236336363725222555,11,0,56.29,274.748,4538.4,6.91,12,0,1032.191,1914.244,99253.5,9.5
slider,L9,L10,19,7775,L9,L10,0.0,36,777544444542255553333223311117117722,16,0,29.916,104.095,2983.2,7.25,16,0,873.093,1915.299,76714.5,11.12
slider,L9,L10,19,7775,L10,draw,0.5,42,777533335435554444435121676666722222671111,19,0,36.854,136.187,4001.1,7.16,19,0,978.61,1910.428,96098.9,12.16
slider,L9,L10,20,453,L9,L10,0.0,32,45344445554551113333311177777722,14,0,38.952,102.3,3808.7,7.14,15,0,941.345,1917.882,90700.7,10.6
slider,L9,L10,20,453,L10,L10,0.0,37,4534444543355553122323222666666777711,17,0,29.325,123.34,2759.5,7.29,17,0,771.564,1909.098,74163.1,12.06
slider,L9,L10,21,545,L9,L9,1.0,33,545545444554111122232212177777733,15,0,25.702,71.444,2638.8,6.93,15,0,962.711,1910.838,90005.1,11.47
slider,L9,L10,21,545,L10,L10,0.0,35,54544444555562337722227217111117733,16,0,31.532,86.93,2897.2,7.25,16,0,881.712,1912.786,82279.1,11.19
slider,L9,L10,22,7152,L9,L10,0.0,22,7152464446454665535333,9,0,56.418,172.867,4997.0,6.67,9,0,858.764,1908.411,79511.6,8.22
slider,L9,L10,22,7152,L10,L10,0.0,35,71524644464566466122211272311777733,15,0,40.845,136.814,4082.6,7.2,16,0,1013.923,1911.653,97712.1,10.88
slider,L9,L10,23,71,L9,L10,0.0,32,71355553334444434135511117777722,15,0,66.116,211.564,6688.7,7.2,15,0,1006.327,1907.611,98519.3,9.73
slider,L9,L10,23,71,L10,L10,0.0,27,714444445652552525163662333,12,0,50.48,154.931,4869.1,7.0,13,0,1089.142,1909.279,103483.0,9.69
slider,L9,L10,24,5616,L9,L10,0.0,38,56166655556315333623232222111177777744,17,0,45.193,144.147,4640.7,7.29,17,0,849.612,1907.729,81858.5,11.29
slider,L9,L10,24,5616,L10,L9,1.0,36,561655522266522164473333353627777744,16,0,68.051,195.939,6220.6,7.0,16,0,971.498,1911.385,92396.4,10.75
slider,L10,random,0,35,L10,L10,1.0,13,3552255146413,6,0,1587.096,1906.773,144213.5,9.67,5,5,0.0,0.0,0.0,0.0
slider,L10,random,0,35,random,L10,1.0,16,3573734477216526,7,0,1106.475,1906.525,103529.4,9.14,7,7,0.0,0.0,0.0,0.0
slider,L10,random,1,6712,L10,L10,1.0,13,6712333231363,5,0,1522.421,1907.332,140697.8,10.0,4,4,0.0,0.0,0.0,0.0
slider,L10,random,1,6712,random,L10,1.0,16,6712532225757535,6,0,1586.994,1908.168,145749.5,9.5,6,6,0.0,0.0,0.0,0.0
slider,L10,random,2,5547,L10,L10,1.0,7,5547372,2,0,0.427,0.841,46.0,2.0,1,1,0.0,0.0,0.0,0.0
slider,L10,random,2,5547,random,L10,1.0,22,5547232444525374143355,9,0,1488.436,1910.14,137099.4,12.0,9,9,0.0,0.0,0.0,0.0
slider,L10,random,3,5767,L10,L10,1.0,7,5767453,2,0,953.495,1906.963,80384.5,6.5,1,1,0.0,0.0,0.0,0.0
slider,L10,random,3,5767,random,L10,1.0,14,57676426551757,5,0,1148.34,1902.039,112328.4,9.2,5,5,0.0,0.0,0.0,0.0
slider,L10,random,4,775,L10,L10,1.0,7,7757426,2,0,954.971,1909.916,81408.5,6.5,2,2,0.0,0.0,0.0,0.0
slider,L10,random,4,775,random,L10,1.0,10,7754246464,4,0,1254.522,1907.909,115084.8,10.0,3,3,0.0,0.0,0.0,0.0
slider,L10,random,5,215,L10,L10,1.0,7,2155473,2,0,959.217,1918.404,89088.5,7.0,2,2,0.0,0.0,0.0,0.0
slider,L10,random,5,215,random,L10,1.0,20,21544424446165557171,9,0,1695.513,1913.825,159630.3,11.78,8,8,0.0,0.0,0.0,0.0
slider,L10,random,6,13,L10,L10,1.0,11,13573442251,5,0,1144.199,1908.461,89928.4,7.4,4,4,0.0,0.0,0.0,0.0
slider,L10,random,6,13,random,L10,1.0,12,131464335414,5,0,1523.736,1909.185,139014.8,10.2,5,5,0.0,0.0,0.0,0.0
slider,L10,random,7,41,L10,L10,1.0,7,4147424,3,0,1271.65,1911.906,122880.3,8.0,2,2,0.0,0.0,0.0,0.0
slider,L10,random,7,41,random,L10,1.0,12,417474771474,5,0,1526.058,1913.644,146022.6,10.4,5,5,0.0,0.0,0.0,0.0
slider,L10,random,8,4632,L10,L10,1.0,11,46324137414,4,0,980.219,1907.473,89292.2,8.5,3,3,0.0,0.0,0.0,0.0
slider,L10,random,8,4632,random,L10,1.0,20,46325455442435733346,8,0,1215.033,1909.085,118132.4,9.88,8,8,0.0,0.0,0.0,0.0
slider,L10,random,9,333,L10,L10,1.0,19,3335344441467261575,8,0,1245.411,1910.52,117213.5,10.0,8,8,0.0,0.0,0.0,0.0
slider,L10,random,9,333,random,L10,1.0,10,3334341414,4,0,1428.385,1906.73,128768.2,9.75,3,3,0.0,0.0,0.0,0.0
slider,L10,random,10,656,L10,L10,1.0,13,6561514253463,5,0,1147.549,1907.326,108814.4,8.6,5,5,0.0,0.0,0.0,0.0
slider,L10,random,10,656,random,L10,1.0,14,65655575765477,6,0,1586.72,1908.334,153429.5,10.17,5,5,0.0,0.0,0.0,0.0
slider,L10,random,11,63,L10,L10,1.0,13,6343363345434,6,0,1269.55,1908.668,119310.2,8.67,5,5,0.0,0.0,0.0,0.0
slider,L10,random,11,63,random,L10,1.0,12,635454552454,5,0,1523.392,1907.053,146637.0,10.6,5,5,0.0,0.0,0.0,0.0
slider,L10,random,12,55,L10,L10,1.0,7,5544362,3,0,637.808,1912.082,65221.0,5.67,2,2,0.0,0.0,0.0,0.0
slider,L10,random,12,55,random,L10,1.0,12,553474267326,5,0,845.536,1909.207,85247.0,8.2,5,5,0.0,0.0,0.0,0.0
slider,L10,random,13,342,L10,L10,1.0,25,3422444142452766272776655,11,0,1444.129,1916.788,144029.8,13.27,11,11,0.0,0.0,0.0,0.0
slider,L10,random,13,342,random,L10,1.0,8,34242464,3,0,1269.825,1907.739,125611.0,8.33,2,2,0.0,0.0,0.0,0.0
slider,L10,random,14,6653,L10,L10,1.0,7,6653457,2,0,955.121,1910.207,91136.5,7.0,1,1,0.0,0.0,0.0,0.0
slider,L10,random,14,6653,random,L10,1.0,12,665364745414,4,0,1223.431,1903.045,122749.2,9.5,4,4,0.0,0.0,0.0,0.0
slider,L10,random,15,76,L10,L10,1.0,9,764642454,4,0,1430.145,1909.959,136192.2,9.25,3,3,0.0,0.0,0.0,0.0
slider,L10,random,15,76,random,L10,1.0,10,7624542474,4,0,1430.343,1908.736,140800.2,9.5,4,4,0.0,0.0,0.0,0.0
slider,L10,random,16,344,L10,L10,1.0,9,344646464,3,0,1269.864,1908.094,135168.3,8.67,3,3,0.0,0.0,0.0,0.0
slider,L10,random,16,344,random,L10,1.0,10,3444145424,4,0,1429.638,1907.906,146432.2,9.75,3,3,0.0,0.0,0.0,0.0
slider,L10,random,17,45,L10,L10,1.0,13,4546444332532,6,0,1270.569,1909.614,128529.5,8.67,5,5,0.0,0.0,0.0,0.0
slider,L10,random,17,45,random,L10,1.0,16,4514647444156565,7,0,1633.863,1912.219,153892.7,10.71,7,7,0.0,0.0,0.0,0.0
slider,L10,random,18,4714,L10,L10,1.0,13,4714474144362,5,0,1523.167,1909.016,135782.6,10.0,4,4,0.0,0.0,0.0,0.0
slider,L10,random,18,4714,random,L10,1.0,16,4714535444554352,6,0,1585.709,1909.442,132437.5,11.5,6,6,0.0,0.0,0.0,0.0
slider,L10,random,19,7775,L10,L10,1.0,19,7775344441474136665,8,0,1430.045,1910.24,132105.1,9.88,7,7,0.0,0.0,0.0,0.0
slider,L10,random,19,7775,random,L10,1.0,12,777533652525,4,0,1431.934,1911.607,133120.2,8.75,4,4,0.0,0.0,0.0,0.0
slider,L10,random,20,453,L10,L10,1.0,9,453643474,3,0,1272.082,1909.079,117419.0,8.33,3,3,0.0,0.0,0.0,0.0
slider,L10,random,20,453,random,L10,1.0,16,4534126413113532,7,0,920.094,1908.146,91660.4,8.86,6,6,0.0,0.0,0.0,0.0
slider,L10,random,21,545,L10,L10,1.0,7,5456535,2,0,950.101,1900.178,83432.5,7.0,2,2,0.0,0.0,0.0,0.0
slider,L10,random,21,545,random,L10,1.0,20,54554554541447172636,9,0,1271.321,1908.887,126440.8,10.56,8,8,0.0,0.0,0.0,0.0
slider,L10,random,22,7152,L10,L10,1.0,7,7152476,2,0,950.4,1900.716,93696.5,7.5,1,1,0.0,0.0,0.0,0.0
slider,L10,random,22,7152,random,L10,1.0,18,715274344477425373,7,0,1089.112,1908.234,107242.9,8.57,7,7,0.0,0.0,0.0,0.0
slider,L10,random,23,71,L10,L10,1.0,9,714647454,4,0,1429.536,1907.324,145408.2,9.25,3,3,0.0,0.0,0.0,0.0
slider,L10,random,23,71,random,L10,1.0,12,712525226545,5,0,1528.468,1914.427,138035.4,9.4,5,5,0.0,0.0,0.0,0.0
slider,L10,random,24,5616,L10,L10,1.0,11,56165661545,4,0,1432.4,1912.405,134400.2,9.25,3,3,0.0,0.0,0.0,0.0
slider,L10,random,24,5616,random,L10,1.0,12,561615752656,4,0,1165.873,1910.719,106050.0,8.75,4,4,0.0,0.0,0.0,0.0
