moves,ply,scores,optimal_cols,source,bucket
11352232,8,"[0, 2, 16, 17, 2, 2, 2]","[3]",random,8-11
11762617,8,"[-4, 0, 0, 0, -5, -3, -4]","[1, 2, 3]",random,8-11
12346352,8,"[-13, -16, -16, -5, -13, -16, -16]","[3]",random,8-11
13323454,8,"[-2, 3, 3, 2, 3, 2, 1]","[1, 2, 4]",heuristic,8-11
13655614,8,"[-17, 2, -17, -17, -17, -17, -17]","[1]",heuristic,8-11
14354673,8,"[-2, 0, 0, 2, 0, 2, -2]","[3, 5]",heuristic,8-11
15321756,8,"[-17, -17, -17, 2, -17, -17, -17]","[3]",heuristic,8-11
15445544,8,"[-2, -2, -2, -2, -2, -2, -4]","[0, 1, 2, 3, 4, 5]",heuristic,8-11
17752716,8,"[-17, -17, -17, 4, -17, -17, -17]","[3]",random,8-11
23133631,8,"[-3, 1, 1, 1, -3, -4, -4]","[1, 2, 3]",random,8-11
23245554,8,"[-3, 5, -3, 4, 5, -3, -3]","[1, 4]",heuristic,8-11
23521226,8,"[-3, -4, 0, -5, 1, -4, -4]","[4]",heuristic,8-11
23672343,8,"[-17, -17, -3, -17, -17, -17, -17]","[2]",heuristic,8-11
25263657,8,"[-17, -17, -17, 12, -17, -17, -17]","[3]",random,8-11
26521672,8,"[-4, -2, -4, -5, -3, -3, -3]","[1]",random,8-11
32226345,8,"[-2, -2, 0, -5, -2, -2, -2]","[2]",random,8-11
32466756,8,"[-2, 0, -1, 3, -2, 0, -2]","[3]",random,8-11
33167522,8,"[-2, 2, 2, 17, -1, 2, -2]","[3]",random,8-11
33255553,8,"[-5, -3, -3, -3, -5, -4, -4]","[1, 2, 3]",heuristic,8-11
33526235,8,"[-2, 4, 3, 17, 4, 0, -2]","[3]",random,8-11
34135671,8,"[-11, -10, -5, -2, -4, -3, -6]","[3]",random,8-11
34167237,8,"[1, 1, 5, 4, 0, 2, -1]","[2]",random,8-11
34337235,8,"[-2, -2, -2, 0, 3, 0, -2]","[4]",heuristic,8-11
34412254,8,"[-6, -2, -6, 0, -4, -4, -4]","[3]",heuristic,8-11
34443373,8,"[-5, -5, -5, -3, -11, -5, -6]","[3]",heuristic,8-11
34444277,8,"[-2, -2, 1, -2, -2, 1, -2]","[2, 5]",heuristic,8-11
34551737,8,"[-2, -4, 3, -2, -2, -4, -11]","[2]",random,8-11
34665564,8,"[-17, -17, -5, -17, -17, -17, -17]","[2]",random,8-11
35234122,8,"[-4, -3, -2, -3, -2, -2, -4]","[2, 4, 5]",heuristic,8-11
35323345,8,"[0, -2, 1, -5, 2, 0, 0]","[4]",heuristic,8-11
35446425,8,"[17, -6, -4, -13, -8, -6, -13]","[0]",random,8-11
35447422,8,"[17, -14, -4, -8, -4, -14, -13]","[0]",random,8-11
35513577,8,"[2, 0, 4, 2, 4, 3, 0]","[2, 4]",random,8-11
35576544,8,"[-2, -1, 0, -2, -2, -2, -5]","[2]",heuristic,8-11
36331142,8,"[-3, -4, -3, -2, -3, -3, -3]","[3]",heuristic,8-11
36541542,8,"[-2, 1, -2, 4, -2, -2, -4]","[3]",heuristic,8-11
36623276,8,"[-2, -2, 7, -2, -2, -2, -3]","[2]",random,8-11
37775715,8,"[-2, -2, -1, 16, -2, -2, -5]","[3]",random,8-11
41143432,8,"[-4, -5, -3, -1, -4, -3, -11]","[3]",random,8-11
41544343,8,"[-5, -16, -5, 4, 4, 4, 4]","[3, 4, 5, 6]",heuristic,8-11
42534367,8,"[-6, -11, -1, 6, -2, -2, -2]","[3]",heuristic,8-11
42637674,8,"[-4, -3, 3, 3, 17, 3, 16]","[4]",random,8-11
43214372,8,"[-2, -2, 4, 5, 5, 3, 0]","[3, 4]",heuristic,8-11
43215254,8,"[-2, -6, 0, -15, 0, 0, 0]","[2, 4, 5, 6]",heuristic,8-11
43232764,8,"[-7, 0, -1, -3, -10, -5, -7]","[1]",random,8-11
43262454,8,"[-6, -4, -5, -5, -7, -5, -12]","[1]",heuristic,8-11
43433153,8,"[0, 1, 3, 6, 6, 5, 5]","[3, 4]",heuristic,8-11
43453312,8,"[0, 16, 4, 15, 14, 2, 0]","[1]",heuristic,8-11
43536747,8,"[-5, -1, -1, 5, -5, -2, -2]","[3]",heuristic,8-11
44355675,8,"[0, -1, -4, -1, 0, -5, -4]","[0, 4]",heuristic,8-11
44432156,8,"[-2, 3, 3, 3, 2, 2, -2]","[1, 2, 3]",random,8-11
44432556,8,"[2, 4, 4, 6, 4, 2, 0]","[3]",heuristic,8-11
44433431,8,"[4, 4, 5, 4, 3, 4, 3]","[2]",heuristic,8-11
44541536,8,"[-11, 17, -5, -8, -5, -8, -13]","[1]",heuristic,8-11
44772677,8,"[-3, 1, 16, 2, -2, 2, -3]","[2]",random,8-11
45325533,8,"[-5, -4, 3, 14, -5, -4, -4]","[3]",heuristic,8-11
45365542,8,"[-2, -1, 16, 15, 4, 4, 1]","[2]",heuristic,8-11
45436451,8,"[-4, -2, -1, 0, -2, 0, -1]","[3, 5]",heuristic,8-11
45444624,8,"[14, 4, 0, 0, 6, 5, 5]","[0]",random,8-11
45572444,8,"[4, 3, 3, 2, 4, -4, 1]","[0, 4]",heuristic,8-11
45577311,8,"[3, 2, 4, 0, 4, 3, 4]","[2, 4, 6]",random,8-11
45635672,8,"[0, 3, 3, -1, 4, 4, 0]","[4, 5]",random,8-11
46146466,8,"[-5, -6, -4, -5, -5, -6, -6]","[2]",heuristic,8-11
46153654,8,"[1, 17, 2, 4, 4, 4, 0]","[1]",random,8-11
47367245,8,"[0, 10, 12, 13, 13, 11, 13]","[3, 4, 6]",heuristic,8-11
47465452,8,"[-4, -4, -2, 0, -3, 0, -3]","[3, 5]",heuristic,8-11
51521747,8,"[3, 5, 10, 11, 11, 10, 4]","[3, 4]",random,8-11
51722434,8,"[-5, -4, -4, 2, -4, -5, -5]","[3]",heuristic,8-11
53137334,8,"[-7, -13, -7, -5, 1, -7, -7]","[4]",heuristic,8-11
53256316,8,"[-7, -12, -4, -17, -4, -3, -5]","[5]",heuristic,8-11
53322527,8,"[0, 10, 10, 0, 0, -3, -1]","[1, 2]",random,8-11
53415455,8,"[0, 0, 4, 4, -1, 4, 4]","[2, 3, 5, 6]",heuristic,8-11
53764147,8,"[-2, 0, -1, 10, 10, 5, -1]","[3, 4]",random,8-11
54267712,8,"[-5, -4, -4, -2, -3, -3, -5]","[3]",random,8-11
54444325,8,"[-2, 1, -2, 0, 3, 0, 0]","[4]",heuristic,8-11
54551651,8,"[-4, -4, -3, 0, -3, -3, -3]","[3]",heuristic,8-11
54622626,8,"[-6, 10, -3, 4, 2, -5, -12]","[1]",random,8-11
54745646,8,"[-2, 0, -2, 2, 2, 1, -3]","[3, 4]",heuristic,8-11
54746635,8,"[-17, -17, -17, -17, -17, -17, -17]","[0, 1, 2, 3, 4, 5, 6]",heuristic,8-11
55433314,8,"[-7, -9, -3, -2, -2, -2, -2]","[3, 4, 5, 6]",heuristic,8-11
55544444,8,"[-2, -1, -2, -2, -2, -1, -2]","[1, 5]",heuristic,8-11
55645175,8,"[-14, -5, -5, -5, -14, -4, -13]","[5]",random,8-11
55717561,8,"[-6, -5, -5, 17, -4, -5, 16]","[3]",random,8-11
56414252,8,"[0, 5, 0, 12, 12, 7, 6]","[3, 4]",heuristic,8-11
56457311,8,"[-4, -6, -1, -4, -2, -3, -3]","[2]",random,8-11
56666352,8,"[1, 1, 4, 2, 4, 1, 0]","[2, 4]",heuristic,8-11
56746624,8,"[-5, -4, -6, -4, -7, -5, -6]","[1, 3]",random,8-11
57611456,8,"[-5, -2, -2, -2, 3, -2, -5]","[4]",heuristic,8-11
61173217,8,"[5, 2, 5, 5, 3, 3, 2]","[0, 2, 3]",random,8-11
62113354,8,"[-15, -3, -4, -3, -5, -4, -12]","[1, 3]",heuristic,8-11
62733633,8,"[-2, -16, -16, 7, -2, -16, -16]","[3]",random,8-11
63252536,8,"[-3, 4, 4, -5, 4, -3, -9]","[1, 2, 4]",heuristic,8-11
63715424,8,"[-12, -11, -5, -2, -6, -11, -11]","[3]",heuristic,8-11
64322562,8,"[1, 1, 1, 5, 4, 4, -2]","[3]",random,8-11
64327377,8,"[-5, -4, -5, -3, -8, -5, -6]","[3]",random,8-11
64644371,8,"[-17, 0, -17, -17, -17, -17, -17]","[1]",heuristic,8-11
64656644,8,"[-4, -4, -4, 2, -4, -4, -4]","[3]",heuristic,8-11
66171741,8,"[5, 1, 16, 5, -1, 0, 0]","[2]",random,8-11
66461561,8,"[-2, 1, 4, 3, 0, -4, -3]","[2]",random,8-11
66774214,8,"[-4, -4, -4, 0, 17, -2, -3]","[4]",random,8-11
67136346,8,"[-3, -5, -2, -2, -5, -2, -4]","[2, 3, 5]",random,8-11
67357462,8,"[1, 2, 4, 5, 4, 4, 2]","[3]",random,8-11
67552373,8,"[-5, -5, -4, -16, -3, -4, -5]","[4]",heuristic,8-11
71314472,8,"[-4, -3, -1, -1, -1, -2, -2]","[2, 3, 4]",random,8-11
72443515,8,"[-12, -5, -12, -5, -6, -16, -12]","[1, 3]",random,8-11
72474456,8,"[-4, -4, -5, -2, -4, -4, -4]","[3]",heuristic,8-11
72552155,8,"[-3, 0, 0, 4, 0, -4, -3]","[3]",heuristic,8-11
72775173,8,"[-17, -17, -17, 4, -17, -17, -17]","[3]",random,8-11
73274721,8,"[2, 6, 4, 4, 6, 4, 3]","[1, 4]",random,8-11
73536454,8,"[-13, -13, -5, -4, 3, -14, -12]","[4]",heuristic,8-11
73566454,8,"[-9, -8, -4, -3, 3, -2, -5]","[4]",heuristic,8-11
73645664,8,"[-16, -16, -4, -16, -11, -16, -13]","[2]",random,8-11
73716364,8,"[-17, -10, -17, -17, -17, -17, -17]","[1]",random,8-11
74232571,8,"[-17, -17, -17, -17, -17, 2, -17]","[5]",random,8-11
74267412,8,"[-12, -15, -11, -15, -5, -15, -5]","[4, 6]",heuristic,8-11
74351226,8,"[2, 3, 3, 4, 2, 2, 2]","[3]",random,8-11
75631163,8,"[-13, -3, -3, -2, -12, 2, -12]","[5]",random,8-11
76756516,8,"[-11, -12, -5, -3, -4, -5, -3]","[3, 6]",random,8-11
77275322,8,"[-2, 0, -2, 2, 0, 3, 0]","[5]",random,8-11
121442562,9,"[-6, -6, -6, -3, -5, -6, -5]","[3]",random,8-11
125121326,9,"[-16, -16, -16, 2, -16, -16, -16]","[3]",random,8-11
126531623,9,"[-4, 0, -6, -11, -2, -8, -5]","[1]",heuristic,8-11
127245413,9,"[-4, 2, -4, 2, -2, -10, -4]","[1, 3]",random,8-11
132246327,9,"[0, 5, 2, 2, -1, 3, 3]","[1]",random,8-11
137463425,9,"[-4, -4, 6, 3, -1, -2, -4]","[2]",heuristic,8-11
141656733,9,"[-2, -2, 2, 1, 2, 0, -1]","[2, 4]",random,8-11
142626435,9,"[-12, -15, -4, -15, -12, -4, -15]","[2, 5]",heuristic,8-11
145542441,9,"[-4, -2, -13, -11, -2, -7, -10]","[1, 4]",heuristic,8-11
153233754,9,"[3, 5, 5, 5, 5, 2, 5]","[1, 2, 3, 4, 6]",random,8-11
162417127,9,"[4, -16, -16, -16, 17, -16, -16]","[4]",random,8-11
166514626,9,"[-16, -16, 17, -16, -16, 16, 17]","[2, 6]",random,8-11
172334236,9,"[2, 2, 2, 2, -15, -2, 0]","[0, 1, 2, 3]",random,8-11
173171322,9,"[-1, -4, 0, -10, -4, -3, -4]","[2]",random,8-11
174366736,9,"[2, 2, 6, 8, 2, 2, 2]","[3]",random,8-11
213723146,9,"[-1, 4, 4, 3, -2, -2, -2]","[1, 2]",heuristic,8-11
215151644,9,"[17, 0, -11, 2, 2, 2, 0]","[0]",random,8-11
216265124,9,"[-3, 3, -1, 2, 3, 2, -1]","[1, 4]",heuristic,8-11
222524517,9,"[-1, -2, -2, 0, 0, -1, -2]","[3, 4]",heuristic,8-11
231641652,9,"[-3, -3, -5, -3, -3, -4, -5]","[0, 1, 3, 4]",random,8-11
232644343,9,"[-4, -5, 4, 5, -9, -8, -7]","[3]",heuristic,8-11
233575355,9,"[-10, -4, -4, -2, -11, -4, -10]","[3]",heuristic,8-11
234341312,9,"[-4, -5, -14, -4, -14, -14, -14]","[0, 3]",heuristic,8-11
235761271,9,"[-8, 2, -2, -3, -2, -3, -2]","[1]",random,8-11
243334544,9,"[0, 3, 0, -4, -6, -2, -4]","[1]",heuristic,8-11
243513141,9,"[14, -16, -16, -16, -16, -16, -16]","[0]",random,8-11
243677115,9,"[-3, 1, 2, 2, 3, 1, 2]","[4]",random,8-11
244224263,9,"[-3, -4, 0, -2, 2, -2, -3]","[4]",heuristic,8-11
245546456,9,"[-6, -6, -5, -4, 0, -6, -6]","[4]",random,8-11
251162454,9,"[-16, -16, -2, -16, -16, -16, -16]","[2]",random,8-11
254277316,9,"[-1, 1, 2, 10, 1, 1, 0]","[3]",heuristic,8-11
255323635,9,"[-4, 7, 17, -3, -2, -2, -4]","[2]",random,8-11
264753453,9,"[-12, -13, -5, 4, -15, -9, -11]","[3]",heuristic,8-11
271166523,9,"[-16, -16, -16, 0, -16, -16, -16]","[3]",random,8-11
272467135,9,"[-10, -3, -4, -3, -1, -5, -1]","[4, 6]",random,8-11
276234231,9,"[-1, 1, 2, 4, -1, -2, -2]","[3]",heuristic,8-11
277511115,9,"[-7, -4, -4, 3, -5, -11, -11]","[3]",random,8-11
317766715,9,"[-16, -16, -16, 2, -16, -16, -16]","[3]",random,8-11
322223251,9,"[-1, -1, -1, 2, 3, -1, 2]","[4]",random,8-11
322437333,9,"[-12, -8, -11, -2, -2, -2, -11]","[3, 4, 5]",heuristic,8-11
327625653,9,"[-3, -2, -2, -7, 2, -2, -4]","[4]",random,8-11
333132624,9,"[-16, -16, -16, -16, -3, -16, -16]","[4]",random,8-11
335154145,9,"[-16, -16, -16, -16, -4, -16, -16]","[4]",heuristic,8-11
336615345,9,"[-3, -3, 0, -5, -2, -1, -3]","[2]",heuristic,8-11
344365743,9,"[0, 2, 0, 4, 0, 2, -1]","[3]",heuristic,8-11
344743315,9,"[-9, -12, -5, -10, -12, -9, -9]","[2]",heuristic,8-11
345713366,9,"[-3, -4, -2, 2, -3, -5, -2]","[3]",heuristic,8-11
352341326,9,"[0, 0, 1, 16, 0, 0, 0]","[3]",heuristic,8-11
352442431,9,"[-4, -2, -4, -2, -4, -2, -2]","[1, 3, 5, 6]",heuristic,8-11
353133154,9,"[-4, -13, -4, -4, -4, -4, -4]","[0, 2, 3, 4, 5, 6]",heuristic,8-11
353152335,9,"[-4, -4, -4, -13, -4, -4, -4]","[0, 1, 2, 4, 5, 6]",heuristic,8-11
353542555,9,"[-8, -5, 0, -3, -4, -3, -4]","[2]",heuristic,8-11
355444665,9,"[0, 0, 0, 2, 0, -16, -3]","[3]",random,8-11
357322156,9,"[-16, -16, -16, 5, -16, -16, -16]","[3]",random,8-11
357724441,9,"[0, 3, 0, 4, 2, -3, 0]","[3]",random,8-11
365657556,9,"[-12, -11, -13, -5, -12, -7, -13]","[3]",heuristic,8-11
372573641,9,"[0, 2, 2, 12, 5, 4, 0]","[3]",random,8-11
375265172,9,"[-16, -16, -16, -4, -16, -16, -16]","[3]",random,8-11
414453247,9,"[-16, -16, -16, -16, -16, 4, -16]","[5]",random,8-11
415217576,9,"[-16, -16, -10, -16, -16, -16, -16]","[2]",random,8-11
421362145,9,"[-16, -16, -16, -16, -16, -16, 3]","[6]",random,8-11
423323637,9,"[-16, -16, 17, -16, 4, -16, -16]","[2]",random,8-11
423465534,9,"[-3, -3, -16, -4, -3, -4, -5]","[0, 1, 4]",heuristic,8-11
424376152,9,"[-5, -15, -4, -15, -9, -15, -15]","[2]",heuristic,8-11
427465551,9,"[5, 5, 2, 5, 4, 2, 2]","[0, 1, 3]",heuristic,8-11
432671263,9,"[-5, -11, -5, 1, -15, 0, -12]","[3]",random,8-11
434544474,9,"[-5, -5, -4, null, -5, -5, -6]","[2]",heuristic,8-11
441124634,9,"[5, 4, 12, 2, 6, 5, 5]","[2]",random,8-11
442465435,9,"[0, 2, 3, 0, 9, 3, 0]","[4]",heuristic,8-11
443365421,9,"[2, 16, 4, 2, 16, -1, -3]","[1, 4]",heuristic,8-11
443645342,9,"[-4, -16, -16, -16, -16, -16, -16]","[0]",heuristic,8-11
444142236,9,"[-4, -3, -5, -5, -4, -5, -4]","[1]",random,8-11
444523365,9,"[-11, -7, -6, -4, -16, -12, -6]","[3]",heuristic,8-11
455457223,9,"[-3, -16, -16, -16, -16, -16, -16]","[0]",heuristic,8-11
461344524,9,"[-3, 2, 0, -14, -3, -13, -14]","[1]",heuristic,8-11
461362321,9,"[-9, -2, -2, -2, -4, -5, -4]","[1, 2, 3]",random,8-11
463343663,9,"[-4, -4, -15, -15, -4, -15, -15]","[0, 1, 4]",random,8-11
463352434,9,"[-16, -16, -16, 0, -16, -16, -16]","[3]",heuristic,8-11
464335565,9,"[-14, -16, -14, 0, -13, -9, -14]","[3]",heuristic,8-11
464554334,9,"[-5, 0, -6, 0, 0, -4, -6]","[1, 3, 4]",random,8-11
475157617,9,"[-16, -16, -9, -16, -16, -16, -16]","[2]",random,8-11
475423465,9,"[-6, -5, -6, -2, -4, -13, -6]","[3]",heuristic,8-11
477162177,9,"[-10, -5, -4, -2, -6, -5, -10]","[3]",random,8-11
514624221,9,"[-16, -16, 3, -16, -16, -16, -16]","[2]",random,8-11
526766532,9,"[0, 2, -3, -9, -1, -9, -9]","[1]",random,8-11
531445127,9,"[-5, -2, -1, 2, -2, -12, -12]","[3]",heuristic,8-11
532657722,9,"[-4, -9, -11, -3, -4, -3, -6]","[3, 5]",heuristic,8-11
533137751,9,"[-3, -3, -4, -3, -3, -4, -4]","[0, 1, 3, 4]",heuristic,8-11
535552146,9,"[-4, -2, -1, 2, -4, 0, -4]","[3]",heuristic,8-11
541127543,9,"[4, 2, 4, 5, 5, -2, -3]","[3, 4]",heuristic,8-11
543427434,9,"[-3, -4, -2, -5, -4, -5, -5]","[2]",heuristic,8-11
545634434,9,"[-6, -13, -5, -12, -4, -9, -7]","[4]",heuristic,8-11
545663255,9,"[-15, -15, -2, -4, -15, -15, -15]","[2]",heuristic,8-11
546413544,9,"[0, 0, 5, 1, 9, 2, 1]","[4]",heuristic,8-11
546645565,9,"[-9, -8, -7, -7, -10, -2, -10]","[5]",heuristic,8-11
551633362,9,"[-16, -16, -16, 10, -16, -16, -16]","[3]",random,8-11
554244515,9,"[-15, -15, -7, -15, -15, -4, -5]","[5]",heuristic,8-11
554452366,9,"[-2, 2, 2, 2, -2, 0, -2]","[1, 2, 3]",heuristic,8-11
554663335,9,"[-4, -3, -2, -3, -1, -4, -4]","[4]",heuristic,8-11
555423166,9,"[-3, -2, -2, -3, -2, -2, -2]","[1, 2, 4, 5, 6]",random,8-11
555446556,9,"[-12, -9, -8, 2, -12, -13, -11]","[3]",heuristic,8-11
556347214,9,"[-3, -3, -3, 0, 0, -3, -3]","[3, 4]",heuristic,8-11
557713461,9,"[2, 0, 4, 6, 5, 5, 3]","[3]",heuristic,8-11
562577435,9,"[-2, 2, 0, 0, 0, 2, -2]","[1, 5]",heuristic,8-11
562734443,9,"[-15, 0, -15, -15, 4, 0, -15]","[4]",heuristic,8-11
563423547,9,"[1, -2, 5, 4, 4, 0, -2]","[2]",heuristic,8-11
573524514,9,"[-4, -4, -4, 0, -4, -4, -4]","[3]",heuristic,8-11
574713343,9,"[-4, -4, -4, 3, -4, -2, 3]","[3, 6]",random,8-11
575265343,9,"[-15, 0, -15, 2, -15, 0, -15]","[3]",heuristic,8-11
621314726,9,"[12, 16, 12, 12, 17, 4, 4]","[4]",random,8-11
626253463,9,"[-16, -16, -16, -16, -16, -16, -8]","[6]",random,8-11
626347663,9,"[-6, -6, 0, -4, -11, -6, -6]","[2]",random,8-11
627336323,9,"[-16, -16, -5, -16, -16, -16, -16]","[2]",heuristic,8-11
632111674,9,"[-4, -3, -1, -3, -11, -4, -4]","[2]",random,8-11
633266345,9,"[17, -3, -2, -2, -3, 2, -10]","[0]",heuristic,8-11
634556552,9,"[-4, -4, -4, -4, -4, -3, -10]","[5]",heuristic,8-11
641521323,9,"[-8, -2, 1, -2, -3, -2, -3]","[2]",random,8-11
643554441,9,"[-4, -2, -4, -4, 1, -3, -4]","[4]",random,8-11
644645262,9,"[-5, -10, -13, -4, -5, -4, -10]","[3, 5]",heuristic,8-11
646436636,9,"[-1, 6, -1, 10, 5, -1, -1]","[3]",random,8-11
647661372,9,"[0, 0, 0, 5, -2, 1, -2]","[3]",random,8-11
653346545,9,"[-3, -4, 2, 2, -12, -3, -12]","[2, 3]",heuristic,8-11
653431334,9,"[-12, -15, -12, -4, -12, -11, -12]","[3]",heuristic,8-11
653514755,9,"[-1, 0, 5, 13, -2, 4, 2]","[3]",heuristic,8-11
663365254,9,"[2, -16, -16, 17, -16, -16, -16]","[3]",heuristic,8-11
666433233,9,"[0, 2, 1, 7, -2, 2, 0]","[3]",heuristic,8-11
667562665,9,"[-10, -9, -5, -1, -1, -10, -11]","[3, 4]",random,8-11
673321555,9,"[-16, -16, -16, -2, -16, -16, -16]","[3]",random,8-11
673332453,9,"[-4, -4, -4, 2, -1, -4, -3]","[3]",heuristic,8-11
675314236,9,"[-1, 2, 3, 11, 1, 2, -2]","[3]",heuristic,8-11
676632541,9,"[-1, -2, -2, 2, 3, 1, -2]","[4]",heuristic,8-11
714154172,9,"[-16, -16, -16, -16, -16, -16, -16]","[0, 1, 2, 3, 4, 5, 6]",random,8-11
726577277,9,"[0, 3, 0, 3, 3, 0, -2]","[1, 3, 4]",random,8-11
727235441,9,"[4, 15, 16, 7, 12, 4, 4]","[2]",random,8-11
734647157,9,"[-5, -4, -2, 2, -4, -11, -10]","[3]",random,8-11
745755727,9,"[2, 4, 4, 4, 4, 2, 2]","[1, 2, 3, 4]",random,8-11
752643646,9,"[-3, -3, 2, -3, -3, 2, -3]","[2, 5]",heuristic,8-11
755243464,9,"[-16, -16, -16, -15, -16, -16, -16]","[3]",heuristic,8-11
757123336,9,"[-5, 2, -2, -11, 1, -2, 2]","[1, 6]",random,8-11
762413177,9,"[5, 4, 10, 11, 17, 14, 3]","[4]",random,8-11
764322363,9,"[-4, 0, -4, 0, -4, 0, -4]","[1, 3, 5]",heuristic,8-11
1167342437,10,"[-5, -7, 3, -4, -6, -5, -9]","[2]",random,8-11
1247474217,10,"[-16, -16, -16, 16, -16, -16, 6]","[3]",random,8-11
1354343252,10,"[-2, 0, 13, 2, 13, -2, -2]","[2, 4]",random,8-11
1363444334,10,"[5, -3, 2, 5, 15, 4, 15]","[4, 6]",heuristic,8-11
1365364452,10,"[-2, -3, 2, 4, -2, -10, -3]","[3]",heuristic,8-11
1375551671,10,"[-16, -16, -16, -2, -16, -16, -16]","[3]",random,8-11
1436726324,10,"[-12, 1, 3, 2, -12, -10, -10]","[2]",random,8-11
1454462444,10,"[-5, -3, -4, null, -1, -3, -3]","[4]",heuristic,8-11
1464644447,10,"[-5, -5, -5, null, -6, -5, -6]","[0, 1, 2, 5]",heuristic,8-11
1544644551,10,"[-3, 4, 1, -5, -5, 4, -3]","[1, 5]",random,8-11
1561466741,10,"[6, 4, 5, 5, 0, 5, 4]","[0]",random,8-11
1564423347,10,"[3, 3, 12, 11, 12, 11, 8]","[2, 4]",heuristic,8-11
1564626133,10,"[0, 5, 5, 5, 4, 16, 3]","[5]",random,8-11
1615253331,10,"[-14, -10, -14, 16, -14, -10, -4]","[3]",random,8-11
1622131354,10,"[16, 2, 2, 2, 0, -9, -3]","[0]",random,8-11
1657313132,10,"[4, 4, 16, 10, 4, 4, 3]","[2]",random,8-11
2223221617,10,"[3, 2, 4, 4, -2, 2, 2]","[2, 3]",random,8-11
2347553417,10,"[-6, -5, -3, -3, -4, -16, -5]","[2, 3]",heuristic,8-11
2436213374,10,"[-12, -11, -8, -3, -12, -12, -11]","[3]",random,8-11
2526437154,10,"[-4, 4, -2, 4, 3, -4, 0]","[1, 3]",heuristic,8-11
2554236333,10,"[2, 11, 3, 3, 4, 2, 2]","[1]",heuristic,8-11
2644534317,10,"[-15, -2, -15, -15, 2, -15, -15]","[4]",heuristic,8-11
2651612711,10,"[2, 7, 5, 4, 9, 6, 2]","[4]",random,8-11
2714216252,10,"[-5, -5, -5, -4, -4, -4, -5]","[3, 4, 5]",random,8-11
3112271761,10,"[2, 4, 11, 11, 4, 4, 2]","[2, 3]",random,8-11
3215741444,10,"[2, -3, -4, -3, 2, -4, -4]","[0, 4]",heuristic,8-11
3242567644,10,"[-5, -2, -5, -2, -5, -4, -10]","[1, 3]",heuristic,8-11
3243656445,10,"[-16, -2, -16, -16, -16, -16, -16]","[1]",heuristic,8-11
3316753471,10,"[-6, -2, -3, 0, -3, 2, -3]","[5]",random,8-11
3335662433,10,"[-9, -8, -9, 4, 3, -3, -10]","[3]",heuristic,8-11
3342255345,10,"[-15, -4, -15, 4, -4, -15, -15]","[3]",random,8-11
3354534255,10,"[-16, -16, -16, -7, -16, -16, -16]","[3]",heuristic,8-11
3366745544,10,"[-13, -11, -13, -13, -7, -4, -13]","[5]",heuristic,8-11
3414663775,10,"[-3, -6, 2, 0, -3, -3, -4]","[2]",random,8-11
3423517446,10,"[-15, -2, -15, -15, -2, -15, -15]","[1, 4]",heuristic,8-11
3434434443,10,"[-6, -5, -3, null, -4, -5, -5]","[2]",heuristic,8-11
3434716154,10,"[-16, -16, -16, -5, -16, -16, -16]","[3]",random,8-11
3442555425,10,"[-16, -16, -4, -16, -16, -16, -16]","[2]",heuristic,8-11
3553632241,10,"[-13, -15, -13, -12, -13, -13, -13]","[3]",heuristic,8-11
3623272565,10,"[-16, 16, -16, 15, -16, -16, -16]","[1]",random,8-11
3632525266,10,"[-16, -2, -16, -16, -16, -16, -16]","[1]",random,8-11
3645214744,10,"[4, 4, 12, 4, 10, 6, 10]","[2]",heuristic,8-11
3676275465,10,"[-16, -16, -16, -2, -16, -16, -16]","[3]",heuristic,8-11
3676533537,10,"[-11, 3, 3, -16, -4, -3, -14]","[1, 2]",heuristic,8-11
3722641235,10,"[-3, 1, 3, -1, -2, 3, -5]","[2, 5]",random,8-11
3736453774,10,"[15, 15, 16, 10, 4, 9, 4]","[2]",random,8-11
3763362353,10,"[0, 4, 3, 16, 10, 4, 3]","[3]",random,8-11
4153611353,10,"[-16, -16, 4, -16, -16, -16, 16]","[6]",random,8-11
4243444257,10,"[3, 4, -4, 3, 6, 2, 4]","[4]",heuristic,8-11
4245551144,10,"[6, -4, -2, -4, -2, -2, -2]","[0]",heuristic,8-11
4324473624,10,"[-3, 11, 3, 0, -2, 0, 2]","[1]",heuristic,8-11
4343253414,10,"[-5, -7, -4, -5, -5, -4, -5]","[2, 5]",heuristic,8-11
4353142523,10,"[-16, -16, -3, -16, -16, -16, -16]","[2]",heuristic,8-11
4354457663,10,"[-5, -16, -5, -5, 2, -3, -4]","[4]",heuristic,8-11
4357367536,10,"[3, 3, 4, -9, 4, 0, 3]","[2, 4]",random,8-11
4367437455,10,"[-13, -5, -4, -6, -5, -9, -12]","[2]",heuristic,8-11
4375577576,10,"[2, 3, 4, 2, 4, 1, 4]","[2, 4, 6]",random,8-11
4413144242,10,"[-2, -5, -3, -6, -13, -6, -5]","[0]",heuristic,8-11
4422642114,10,"[-16, -16, -16, -6, -16, -16, -16]","[3]",heuristic,8-11
4434421323,10,"[-12, -7, -13, -13, -13, -13, -13]","[1]",heuristic,8-11
4435364543,10,"[5, 5, 4, 5, 4, 5, -2]","[0, 1, 3, 5]",heuristic,8-11
4445556615,10,"[-4, -2, 0, 7, -4, -5, -2]","[3]",heuristic,8-11
4454514423,10,"[-6, -6, -4, -6, 14, -1, 14]","[4, 6]",heuristic,8-11
4454761543,10,"[-15, -15, -13, -15, -15, -13, -13]","[2, 5, 6]",heuristic,8-11
4477445632,10,"[-4, -2, -5, -4, -3, -4, -5]","[1]",heuristic,8-11
4525646457,10,"[-2, -4, -2, 0, -2, -2, -5]","[3]",heuristic,8-11
4534343341,10,"[-4, -4, -3, -3, -1, -2, -4]","[4]",heuristic,8-11
4536351222,10,"[-4, -10, 2, 4, 2, -1, -2]","[3]",heuristic,8-11
4543444262,10,"[3, 4, -4, 3, 4, 3, 3]","[1, 4]",heuristic,8-11
4563423365,10,"[0, -14, -2, 3, 5, 5, -2]","[4, 5]",heuristic,8-11
4566317646,10,"[-16, -16, -16, -16, -16, -2, -16]","[5]",random,8-11
4614321253,10,"[-16, -16, -16, -16, -5, -16, -16]","[4]",random,8-11
4631757662,10,"[-2, 3, 2, 4, 3, 3, 2]","[3]",random,8-11
4635331257,10,"[-2, -2, 0, 15, -2, -2, -2]","[3]",heuristic,8-11
4652556652,10,"[-3, -4, -3, 6, -3, -3, -4]","[3]",heuristic,8-11
4742442463,10,"[4, 6, 5, 5, 5, 6, 5]","[1, 5]",heuristic,8-11
4743714456,10,"[5, 5, 7, 4, 13, 4, 5]","[4]",heuristic,8-11
4764533354,10,"[-14, -14, -14, -14, -1, -15, -14]","[4]",heuristic,8-11
5111757236,10,"[-8, -2, -1, -7, -4, -7, -2]","[2]",random,8-11
5164764624,10,"[-4, -4, -6, -3, -5, -3, -4]","[3, 5]",random,8-11
5233541523,10,"[-5, -5, -3, -15, -5, -5, -5]","[2]",heuristic,8-11
5312547746,10,"[3, 11, 15, 13, 14, 12, 4]","[2]",random,8-11
5333453644,10,"[-5, -5, -5, -5, 0, -5, -5]","[4]",heuristic,8-11
5334546514,10,"[-16, -16, -16, -14, -16, -16, -16]","[3]",heuristic,8-11
5376532414,10,"[-11, -9, -3, 0, 0, -13, -12]","[3, 4]",random,8-11
5445611737,10,"[-1, -2, 0, 0, 3, 0, -2]","[4]",random,8-11
5453412562,10,"[-2, -1, 5, 7, 6, 7, 3]","[3, 5]",heuristic,8-11
5472713171,10,"[0, -16, -16, -16, -16, -16, 16]","[6]",random,8-11
5474115724,10,"[-16, -16, -16, -6, -16, -16, -16]","[3]",random,8-11
5521344737,10,"[12, 12, 12, 2, 0, 0, -2]","[0, 1, 2]",heuristic,8-11
5535645363,10,"[-6, -14, -6, -5, -5, -2, -6]","[5]",heuristic,8-11
5542242522,10,"[-7, -7, -5, -2, -5, 15, -5]","[5]",heuristic,8-11
5613122324,10,"[13, 13, 13, 4, 1, 4, 2]","[0, 1, 2]",random,8-11
5615556454,10,"[-5, -5, -4, 2, -5, -4, -5]","[3]",heuristic,8-11
5622673373,10,"[-2, -2, -2, 16, 15, 13, 2]","[3]",random,8-11
5634562721,10,"[-1, 12, 12, 8, 12, 3, 0]","[1, 2, 4]",random,8-11
5643431332,10,"[-6, -8, -6, 2, -6, 1, -6]","[3]",heuristic,8-11
5646326671,10,"[-2, -2, 0, -2, 3, -2, -2]","[4]",heuristic,8-11
5647557631,10,"[-2, 16, 3, 0, 0, 0, 14]","[1]",random,8-11
5651122351,10,"[-16, -16, -16, 12, 16, -16, -16]","[4]",random,8-11
5652733572,10,"[-3, -3, -2, -5, -11, -3, -2]","[2, 6]",random,8-11
6127411614,10,"[-3, -4, -9, -5, -8, -5, -3]","[0, 6]",random,8-11
6145772152,10,"[-3, -4, -12, -1, 3, -2, -3]","[4]",random,8-11
6313661661,10,"[-7, -5, -3, -7, -6, -10, -6]","[2]",random,8-11
6342456566,10,"[0, 0, 0, 5, 5, 2, 0]","[3, 4]",heuristic,8-11
6344342516,10,"[-7, -9, -8, -9, -14, -9, -13]","[0]",heuristic,8-11
6357612777,10,"[1, 2, 4, 0, 3, 3, 0]","[2]",random,8-11
6361455122,10,"[-12, -12, 11, 12, -12, 12, -11]","[3, 5]",heuristic,8-11
6362532745,10,"[-2, -2, 3, -2, 0, 0, -1]","[2]",random,8-11
6435455574,10,"[-7, -5, -6, 3, -7, -7, -9]","[3]",heuristic,8-11
6535516225,10,"[2, 3, 3, 2, 2, 3, 2]","[1, 2, 5]",heuristic,8-11
6535544742,10,"[4, 6, 10, 10, 11, 6, 6]","[4]",heuristic,8-11
6544434173,10,"[-5, -15, -5, 4, 4, 4, -5]","[3, 4, 5]",heuristic,8-11
6572466511,10,"[-13, -13, -15, 1, -3, -3, -3]","[3]",random,8-11
6623354464,10,"[-9, -9, -8, -9, -14, -9, -14]","[2]",heuristic,8-11
7211652723,10,"[-16, -16, -16, 3, -16, -16, -16]","[3]",random,8-11
7334255366,10,"[-3, -2, 2, 3, 2, 0, 2]","[3]",random,8-11
7365764222,10,"[-3, 1, 1, 3, 1, -2, 2]","[3]",heuristic,8-11
7435533735,10,"[2, 2, 2, 0, 2, 2, 2]","[0, 1, 2, 4, 5, 6]",heuristic,8-11
7436756513,10,"[-6, -12, -5, -4, -4, 1, 1]","[5, 6]",random,8-11
7644245553,10,"[-15, -15, -6, -15, -15, -13, -15]","[2]",random,8-11
7647753156,10,"[1, 0, 4, 2, 3, 5, -2]","[5]",random,8-11
7743335616,10,"[-13, -13, -11, -1, -2, -2, -13]","[3]",random,8-11
12621552343,11,"[-2, 16, 0, 13, 0, -1, -3]","[1]",random,8-11
13155145537,11,"[0, -1, 2, 1, 1, 0, 0]","[2]",random,8-11
13447425233,11,"[-15, -15, -15, 5, -15, -15, -15]","[3]",heuristic,8-11
13756153342,11,"[-10, -2, -3, -12, -10, -10, -10]","[1]",heuristic,8-11
13767143566,11,"[2, 4, 11, 11, 2, 4, -3]","[2, 3]",random,8-11
14443566744,11,"[4, 4, 5, 4, 4, 2, 4]","[2]",heuristic,8-11
14736257661,11,"[-2, -4, 4, 4, 3, -4, 0]","[2, 3]",random,8-11
15232464632,11,"[-15, -3, -15, -15, -15, -15, -15]","[1]",heuristic,8-11
16524274354,11,"[2, 15, 16, 6, 6, 15, 15]","[2]",random,8-11
21515621244,11,"[16, 0, -15, -15, -15, -15, -15]","[0]",random,8-11
22155552251,11,"[-4, -5, -4, 4, -5, -9, -4]","[3]",heuristic,8-11
22165443524,11,"[-12, -11, -12, -12, -14, -5, -14]","[5]",heuristic,8-11
22446645231,11,"[-3, 14, 15, 5, 5, 3, -2]","[2]",random,8-11
22562162526,11,"[-12, -12, -9, -12, -5, -11, -13]","[4]",random,8-11
23127762676,11,"[-15, -15, -15, -15, -15, -2, -15]","[5]",random,8-11
23271763676,11,"[-15, -15, -15, -15, -15, 0, 16]","[6]",random,8-11
23324741267,11,"[-13, -12, 2, -4, -12, -11, -12]","[2]",heuristic,8-11
24343263344,11,"[4, 7, 5, 5, 8, 4, 4]","[4]",heuristic,8-11
24631523546,11,"[-12, -12, 13, 13, -2, -2, -12]","[2, 3]",heuristic,8-11
24745444435,11,"[0, 2, 3, null, 8, -14, -5]","[4]",heuristic,8-11
25247564223,11,"[11, 13, 15, 14, 14, 15, 12]","[2, 5]",heuristic,8-11
25263541363,11,"[-15, -15, -12, -15, -15, -15, -15]","[2]",heuristic,8-11
25331414656,11,"[13, 16, 13, 15, 15, 13, 12]","[1]",heuristic,8-11
25462254254,11,"[-2, -12, -12, -2, -2, -12, -12]","[0, 3, 4]",heuristic,8-11
25533463753,11,"[-14, -14, -14, -15, -14, -14, -14]","[0, 1, 2, 4, 5, 6]",heuristic,8-11
25534444615,11,"[-14, -14, -4, -14, -4, -14, -14]","[2, 4]",heuristic,8-11
25534651336,11,"[-15, -15, -15, -14, -15, -15, -15]","[3]",heuristic,8-11
25635656652,11,"[-2, 0, -2, -12, -2, -2, -3]","[1]",heuristic,8-11
25731572611,11,"[0, 3, 3, 1, 6, 2, 2]","[4]",random,8-11
31111667127,11,"[-3, 3, 0, -1, -2, 0, -2]","[1]",random,8-11
31326517276,11,"[-8, -8, -8, -15, -10, -10, -10]","[0, 1, 2]",random,8-11
32122673312,11,"[3, 3, 3, -11, 3, 3, 3]","[0, 1, 2, 4, 5, 6]",random,8-11
32522556656,11,"[-5, -5, 3, -14, -5, -3, -5]","[2]",heuristic,8-11
32553346465,11,"[-10, 2, -7, 2, -5, -15, -11]","[1, 3]",heuristic,8-11
32724435613,11,"[-15, -15, 0, -15, -15, -15, -15]","[2]",heuristic,8-11
33144222315,11,"[-15, -6, -15, -15, -15, -15, -15]","[1]",random,8-11
33225123741,11,"[2, 4, 13, 4, 13, 2, 2]","[2, 4]",random,8-11
33264133221,11,"[-15, -15, -15, -15, 2, -15, -15]","[4]",random,8-11
33353541445,11,"[-3, -4, -3, -4, -3, -8, -4]","[0, 2, 4]",heuristic,8-11
33423261672,11,"[-15, -15, -15, -15, -4, -15, -15]","[4]",random,8-11
34344442411,11,"[-3, -3, 5, null, -3, -3, -3]","[2]",heuristic,8-11
34454234523,11,"[-15, -15, -13, -15, -15, -15, -15]","[2]",heuristic,8-11
35132434125,11,"[-1, -2, -2, 2, -1, 2, 2]","[3, 5, 6]",heuristic,8-11
35244252223,11,"[-11, -11, -4, -4, -4, -15, -11]","[2, 3, 4]",heuristic,8-11
36134246674,11,"[-15, -15, -15, -5, -15, -15, -15]","[3]",heuristic,8-11
36214552445,11,"[-13, -13, -6, 2, -13, 0, -14]","[3]",heuristic,8-11
36244454544,11,"[-14, 4, 5, null, -14, 4, -14]","[2]",heuristic,8-11
36451253434,11,"[-15, -15, -15, 2, -15, -15, -15]","[3]",heuristic,8-11
36511747364,11,"[-15, -15, -15, -15, -15, -15, -15]","[0, 1, 2, 3, 4, 5, 6]",random,8-11
37234566432,11,"[-4, -15, -15, -15, -15, -15, -15]","[0]",random,8-11
37375351444,11,"[-15, -15, -15, -15, -15, -15, -15]","[0, 1, 2, 3, 4, 5, 6]",random,8-11
42333553636,11,"[-4, -4, -4, -10, -1, -2, -12]","[4]",heuristic,8-11
42375636442,11,"[-15, -15, -15, -15, 2, -15, -15]","[4]",heuristic,8-11
42443476275,11,"[-14, -4, 7, 7, 5, 4, 6]","[2, 3]",heuristic,8-11
43114524246,11,"[-13, 6, 4, 6, 4, 4, 4]","[1, 3]",heuristic,8-11
43444526544,11,"[-14, -13, 0, null, -14, -4, -14]","[2]",heuristic,8-11
43675745611,11,"[-9, -11, -12, 1, -3, -3, 0]","[3]",random,8-11
43753775276,11,"[-3, 0, 0, 5, 0, 1, -4]","[3]",random,8-11
44154233442,11,"[-15, -15, 5, -15, -15, -15, -15]","[2]",heuristic,8-11
44472356455,11,"[-5, -4, 15, -4, -3, 15, -2]","[2, 5]",random,8-11
44534176715,11,"[-2, -12, -12, -2, -2, -13, -4]","[0, 3, 4]",heuristic,8-11
44644675413,11,"[7, 5, 11, 5, 15, 5, 4]","[4]",heuristic,8-11
44653133442,11,"[7, 16, 8, 8, 6, 7, 4]","[1]",heuristic,8-11
45345265446,11,"[1, 4, 2, 3, 5, 2, -4]","[4]",heuristic,8-11
45541632114,11,"[-4, -4, -9, -2, -2, -4, -4]","[3, 4]",heuristic,8-11
45543654443,11,"[-13, -13, -3, -13, -13, -13, -13]","[2]",heuristic,8-11
45653635534,11,"[-14, 2, -14, 11, -14, -14, -14]","[3]",heuristic,8-11
46343445423,11,"[-15, -15, -4, -15, -15, -15, -15]","[2]",heuristic,8-11
47516263763,11,"[-9, -10, 0, -1, -3, -9, -10]","[2]",random,8-11
47767217515,11,"[-12, -12, -12, -2, 2, -4, -12]","[4]",random,8-11
51456467565,11,"[-15, -15, -4, -15, -15, -15, -15]","[2]",random,8-11
51715754734,11,"[-15, 16, -15, -15, 0, -15, -15]","[1]",random,8-11
52374637266,11,"[-14, -13, -12, -5, 2, -12, 2]","[4, 6]",heuristic,8-11
52437516647,11,"[0, 5, 11, 11, 3, 2, 2]","[2, 3]",random,8-11
52654463112,11,"[-15, -15, -15, -15, -15, -15, -2]","[6]",random,8-11
53525524155,11,"[-11, -10, -4, -5, null, -5, -11]","[2]",heuristic,8-11
53547435421,11,"[-3, 2, -2, 2, -2, -2, -4]","[1, 3]",heuristic,8-11
54141124444,11,"[6, 5, 5, null, 6, 5, 5]","[0, 4]",heuristic,8-11
54222513764,11,"[-4, -3, -4, 0, 0, -4, -4]","[3, 4]",heuristic,8-11
54253634544,11,"[2, 2, 3, 2, 2, 5, 4]","[5]",heuristic,8-11
54365335545,11,"[0, -2, 3, 3, -1, 3, 3]","[2, 3, 5, 6]",heuristic,8-11
54525561342,11,"[-9, -3, -11, 15, -9, -11, -9]","[3]",heuristic,8-11
54561364577,11,"[-15, -15, -15, -15, -2, -15, -15]","[4]",random,8-11
54646446536,11,"[6, 6, -14, -14, 7, -14, 0]","[4]",heuristic,8-11
54771734124,11,"[-3, 0, -2, 2, 5, -2, 12]","[6]",random,8-11
55373222157,11,"[2, 2, 2, -13, 2, 2, -12]","[0, 1, 2, 4, 5]",random,8-11
55546276317,11,"[-2, -2, 0, 2, -2, 3, 0]","[5]",heuristic,8-11
56323647425,11,"[-12, 0, 0, 0, 0, 0, -12]","[1, 2, 3, 4, 5]",heuristic,8-11
57345434442,11,"[1, 2, 4, -12, 0, -12, -12]","[2]",heuristic,8-11
57523164654,11,"[-15, -15, -15, -15, -15, -15, -15]","[0, 1, 2, 3, 4, 5, 6]",heuristic,8-11
57771622227,11,"[-4, -4, -2, 0, -3, -3, -6]","[3]",random,8-11
61151411677,11,"[-4, -2, -2, -2, -2, -3, -4]","[1, 2, 3, 4]",random,8-11
61273646617,11,"[-15, -15, -15, -15, -2, -15, -15]","[4]",random,8-11
62134326444,11,"[-15, -15, 12, -15, -15, -15, -15]","[2]",random,8-11
62522424442,11,"[-15, 6, -15, -15, -15, -15, -15]","[1]",heuristic,8-11
63215664534,11,"[-13, -13, 0, 0, 0, -13, -13]","[2, 3, 4]",heuristic,8-11
63246627372,11,"[-15, -9, -15, -15, -15, -15, -15]","[1]",heuristic,8-11
64154435537,11,"[-3, -3, 0, 2, 7, 0, -3]","[4]",heuristic,8-11
65141325355,11,"[-14, -2, -14, -15, -14, -14, -14]","[1]",random,8-11
65215354355,11,"[-14, -12, -14, -4, -14, -12, -14]","[3]",heuristic,8-11
65431245675,11,"[-11, -10, -13, -4, -4, -4, -13]","[3, 4, 5]",heuristic,8-11
65465325462,11,"[-15, -15, -3, -15, -15, -15, -15]","[2]",heuristic,8-11
66446357435,11,"[-14, -14, -15, -14, 15, -14, -14]","[4]",heuristic,8-11
66743515361,11,"[7, -2, 7, 13, 13, 12, 13]","[3, 4, 6]",heuristic,8-11
72167415162,11,"[10, -15, 16, -15, -15, -15, -15]","[2]",random,8-11
72314756362,11,"[-11, -14, -14, 2, -11, 2, -14]","[3, 5]",heuristic,8-11
72471225727,11,"[-5, -5, -3, 11, 2, -5, -5]","[3]",random,8-11
72564642736,11,"[-10, -4, -5, 2, -13, -10, -4]","[3]",random,8-11
72762723613,11,"[1, -3, 2, 16, -7, -4, -4]","[3]",random,8-11
73145337633,11,"[-3, -4, -3, 5, 0, 1, 0]","[3]",random,8-11
73171741465,11,"[-4, -10, -4, 0, -9, -6, -4]","[3]",random,8-11
75247145363,11,"[-10, -12, -3, 2, 4, -12, -11]","[4]",heuristic,8-11
76277432437,11,"[-2, -2, -2, 3, -2, -3, -3]","[3]",random,8-11
76535545357,11,"[3, 3, 5, 5, 16, 6, 2]","[4]",random,8-11
76553554153,11,"[-3, 0, -2, -5, -3, -1, 0]","[1, 6]",heuristic,8-11
77352424423,11,"[-8, -9, 3, -3, -12, -11, -9]","[2]",heuristic,8-11
77737323542,11,"[5, 8, 16, 10, 6, 4, 5]","[2]",random,8-11
123636557472,12,"[-2, -2, 2, -7, -2, -2, -2]","[2]",heuristic,12-15
133211233233,12,"[-13, 1, null, -2, 0, -13, -13]","[1]",random,12-15
136615647177,12,"[-15, -2, -15, -15, -15, -15, -15]","[1]",random,12-15
137774542654,12,"[-15, -15, -15, -4, -15, -15, -15]","[3]",heuristic,12-15
143244277354,12,"[-11, -6, -10, -11, -6, -13, -10]","[1, 4]",random,12-15
146671566733,12,"[-12, -14, -11, 2, -3, -12, -14]","[3]",random,12-15
153742513564,12,"[-1, -4, 4, -2, -2, -2, -4]","[2]",heuristic,12-15
157365551611,12,"[-13, -4, -5, -14, -13, -13, -13]","[1]",random,12-15
165422434455,12,"[-4, -4, 14, -4, 2, 6, 2]","[2]",heuristic,12-15
166235554534,12,"[-7, -4, -1, -4, -4, -9, -8]","[2]",heuristic,12-15
166343352743,12,"[3, 5, 3, 5, 5, 5, 3]","[1, 3, 4, 5]",heuristic,12-15
173212466647,12,"[9, 7, 9, 9, 2, 9, 2]","[0, 2, 3, 5]",random,12-15
211537216756,12,"[2, 8, 9, 4, 4, 4, 2]","[2]",random,12-15
212654237251,12,"[4, 1, 11, 11, 11, 3, 3]","[2, 3, 4]",random,12-15
221541431171,12,"[-2, 0, -2, 8, -1, 0, -1]","[3]",random,12-15
223622742476,12,"[-13, -10, -11, -6, -11, -6, -6]","[3, 5, 6]",random,12-15
226154435744,12,"[2, 2, -15, 3, 13, 14, 3]","[5]",heuristic,12-15
234146711257,12,"[4, 4, 3, 10, 10, 4, 1]","[3, 4]",random,12-15
234364755334,12,"[-13, -14, -13, -13, -13, -14, -13]","[0, 2, 3, 4, 6]",heuristic,12-15
234465442163,12,"[2, 3, 3, 3, 2, 3, 2]","[1, 2, 3, 5]",heuristic,12-15
234652732453,12,"[-15, -15, -10, -15, -15, -15, -15]","[2]",heuristic,12-15
235234444166,12,"[-2, -1, 0, 1, -1, 0, -3]","[3]",heuristic,12-15
241444253443,12,"[-13, -12, -13, null, -7, -7, -8]","[4, 5]",heuristic,12-15
244354432243,12,"[-15, -15, -13, -15, -15, -15, -15]","[2]",heuristic,12-15
246434456254,12,"[-9, -3, -3, -6, 3, 1, -6]","[4]",heuristic,12-15
246646224252,12,"[-15, -5, -15, -15, -15, -15, -15]","[1]",heuristic,12-15
253314354552,12,"[-6, -5, -4, -4, -9, -4, -4]","[2, 3, 5, 6]",heuristic,12-15
254177245714,12,"[-4, -5, -5, -5, -5, -9, -5]","[0]",heuristic,12-15
262233725437,12,"[-4, -4, -4, -4, -3, -4, -4]","[4]",heuristic,12-15
262454344433,12,"[-13, -5, -6, -9, -5, -13, -12]","[1, 4]",heuristic,12-15
262623666576,12,"[-15, 15, -15, 4, -15, null, -15]","[1]",random,12-15
263312257523,12,"[-13, 14, -2, 15, -13, -13, -13]","[3]",random,12-15
264545215313,12,"[0, 13, 4, 13, 3, 3, 2]","[1, 3]",heuristic,12-15
264744225544,12,"[13, 4, 15, 4, 6, 2, 2]","[2]",random,12-15
265434417435,12,"[-5, -3, 4, -4, 2, -3, -4]","[2]",random,12-15
265473335264,12,"[-13, -13, -13, -2, -2, -13, -13]","[3, 4]",heuristic,12-15
273174141715,12,"[15, -15, -15, -15, -15, 2, -15]","[0]",random,12-15
274651137775,12,"[-8, -1, 0, -2, -2, -3, -11]","[2]",random,12-15
277144353543,12,"[-3, -2, -2, 3, -2, -4, 3]","[3, 6]",random,12-15
312164747356,12,"[-15, -15, -15, -15, -15, -15, -15]","[0, 1, 2, 3, 4, 5, 6]",random,12-15
315453433255,12,"[-15, -15, -15, 12, -15, -15, -15]","[3]",heuristic,12-15
317324633522,12,"[-13, -4, -12, -13, -12, -12, -12]","[1]",heuristic,12-15
321475141465,12,"[15, -15, -15, -11, -15, -15, -15]","[0]",random,12-15
322473312475,12,"[-3, 4, -2, 4, -2, -3, 2]","[1, 3]",random,12-15
324221453531,12,"[14, 13, 15, 14, 14, 13, 13]","[2]",random,12-15
327243356453,12,"[-15, -5, -5, -4, -3, -4, -5]","[4]",heuristic,12-15
327312252623,12,"[-2, 15, -3, -2, -2, -3, -3]","[1]",random,12-15
334344123441,12,"[-10, -12, -11, -11, -11, -10, -10]","[0, 5, 6]",heuristic,12-15
336433162244,12,"[-8, -4, -4, -2, -7, -4, -4]","[3]",heuristic,12-15
342254653545,12,"[-15, -15, -15, -15, -5, -15, -15]","[4]",heuristic,12-15
344757637233,12,"[0, 0, 1, 4, -2, -2, -2]","[3]",heuristic,12-15
345255433453,12,"[-5, -5, 0, 4, -5, -2, -2]","[3]",heuristic,12-15
346476344456,12,"[-13, -13, -4, -13, -4, -13, -6]","[2, 4]",heuristic,12-15
346614131133,12,"[-7, -7, -7, -12, -15, -7, -7]","[0, 1, 2, 5, 6]",random,12-15
354366125525,12,"[-12, -12, -12, -15, -13, -13, -4]","[6]",heuristic,12-15
355565143454,12,"[-15, -15, -15, -11, -15, -15, -15]","[3]",heuristic,12-15
356545545133,12,"[-12, -13, -12, 2, -12, -11, -12]","[3]",heuristic,12-15
356663454233,12,"[-2, -2, -2, 14, 14, -2, -2]","[3, 4]",heuristic,12-15
357741561276,12,"[1, 1, 2, 3, 3, 4, 1]","[5]",random,12-15
361333535573,12,"[-2, -2, null, -2, -2, -2, -2]","[0, 1, 3, 4, 5, 6]",random,12-15
363447512756,12,"[11, 15, 14, 12, 14, 13, 12]","[1]",heuristic,12-15
365571543644,12,"[-5, -2, -15, -2, -2, -2, -5]","[1, 3, 4, 5]",random,12-15
371717755115,12,"[-4, -4, -2, 4, -2, -2, -3]","[3]",random,12-15
372236412136,12,"[14, 14, 15, 14, 15, 14, 14]","[2, 4]",random,12-15
372731253322,12,"[11, 4, 4, 11, 11, 4, 4]","[0, 3, 4]",heuristic,12-15
373234767444,12,"[-15, -15, 15, -15, 2, -15, -15]","[2]",random,12-15
373764312642,12,"[4, 2, 15, 9, 4, 4, 2]","[2]",random,12-15
376513352276,12,"[-11, -11, -10, 15, 3, -4, -4]","[3]",random,12-15
376524447234,12,"[-5, -11, -5, -10, -9, -5, -9]","[0, 2, 5]",heuristic,12-15
413543636572,12,"[-3, -13, -2, -3, -10, -2, -3]","[2, 5]",random,12-15
425176322255,12,"[-2, -2, 0, 0, 0, -2, -2]","[2, 3, 4]",heuristic,12-15
425443367475,12,"[-2, 0, -2, 1, 2, -3, 2]","[4, 6]",heuristic,12-15
425646243771,12,"[-4, 12, 14, -2, -12, -2, -9]","[2]",random,12-15
426445573361,12,"[3, 5, 13, 6, 10, 13, 3]","[2, 5]",random,12-15
435624522532,12,"[-11, -11, -5, 5, -7, -9, -9]","[3]",heuristic,12-15
441445321626,12,"[-5, -13, -6, -12, -5, -12, -14]","[0, 4]",heuristic,12-15
443345555151,12,"[-3, -15, -3, -3, -3, -3, -3]","[0, 2, 3, 4, 5, 6]",heuristic,12-15
443644521543,12,"[-15, -15, -15, -15, -15, -15, -15]","[0, 1, 2, 3, 4, 5, 6]",heuristic,12-15
444162446135,12,"[4, 4, 6, 4, 4, 6, 4]","[2, 5]",random,12-15
446746424423,12,"[4, 4, 3, null, -14, -3, 4]","[0, 1, 6]",heuristic,12-15
447145756116,12,"[-4, -4, -15, -4, -3, -13, -3]","[4, 6]",random,12-15
447541465361,12,"[3, 2, 9, 14, 15, 8, 7]","[4]",random,12-15
454144573414,12,"[9, 7, 11, null, 11, 11, 9]","[2, 4, 5]",heuristic,12-15
454344232522,12,"[-4, -3, 2, -4, 0, -12, -4]","[2]",heuristic,12-15
462364753556,12,"[2, 12, 4, 14, 14, 2, 2]","[3, 4]",random,12-15
462464456431,12,"[-3, -5, -5, -6, -1, -1, -1]","[4, 5, 6]",heuristic,12-15
464744257564,12,"[4, 3, 11, 4, 11, 3, 4]","[2, 4]",random,12-15
475644445313,12,"[-4, -4, 0, -4, -2, -1, -2]","[2]",heuristic,12-15
513124742533,12,"[-12, -12, -13, -4, -13, -13, -13]","[3]",random,12-15
515513564765,12,"[1, -1, 6, 14, 0, 5, 0]","[3]",random,12-15
524271755515,12,"[4, 5, -7, 10, 4, 15, 14]","[5]",random,12-15
527613654634,12,"[-13, -13, 0, -2, 2, -3, -13]","[4]",heuristic,12-15
531717374677,12,"[10, 4, 4, 10, 4, 4, -2]","[0, 3]",random,12-15
532433344614,12,"[-3, 0, -1, 2, 0, -2, -1]","[3]",heuristic,12-15
534442267367,12,"[0, 3, 4, 5, 5, 4, 3]","[3, 4]",random,12-15
535523455634,12,"[-10, -2, -10, -7, -10, -12, -10]","[1]",heuristic,12-15
535553335442,12,"[5, -15, -15, -15, -15, -15, -15]","[0]",heuristic,12-15
537532365416,12,"[-13, 0, 10, 11, -13, 3, 2]","[3]",heuristic,12-15
542254144563,12,"[-10, -12, -13, -13, -13, -13, -13]","[0]",heuristic,12-15
543164123143,12,"[-4, -3, 8, 3, -2, -2, -4]","[2]",random,12-15
544452431623,12,"[-13, -2, 15, -13, -15, -13, -13]","[2]",heuristic,12-15
544645644135,12,"[-5, -5, -5, -5, 5, -6, -5]","[4]",heuristic,12-15
546242231523,12,"[2, 14, 15, 5, 0, 2, 0]","[2]",heuristic,12-15
552161675537,12,"[2, 2, 8, 15, 2, 14, 2]","[3]",random,12-15
553442417137,12,"[8, 4, 12, 10, 10, 6, -2]","[2]",random,12-15
556332254746,12,"[10, -2, 10, -15, -13, -2, -13]","[0, 2]",heuristic,12-15
561154353264,12,"[-4, -13, 1, 1, -4, -2, -4]","[2, 3]",heuristic,12-15
564474322443,12,"[-12, -12, -14, -12, -8, -12, -12]","[4]",heuristic,12-15
564574236454,12,"[-15, -15, -15, -13, -15, -15, -15]","[3]",heuristic,12-15
565444255546,12,"[-5, 0, -5, -5, -5, 0, -5]","[1, 5]",random,12-15
565645554252,12,"[-6, -6, -6, 0, null, 0, -5]","[3, 5]",heuristic,12-15
572421334475,12,"[-7, -2, -8, -2, -6, -6, -5]","[1, 3]",random,12-15
577432744275,12,"[-15, -15, 5, -15, -15, -15, 15]","[6]",random,12-15
614443335412,12,"[-15, 0, -15, -15, -15, -15, 15]","[6]",random,12-15
617213311656,12,"[-15, -15, -15, 15, -15, -15, -15]","[3]",random,12-15
617477223222,12,"[-5, -5, -6, 4, -8, -5, -7]","[3]",random,12-15
617635316354,12,"[-2, -9, 4, 4, 4, 1, 4]","[2, 3, 4, 6]",random,12-15
626242154653,12,"[-15, 5, 15, -15, -15, -15, -15]","[2]",random,12-15
633754721142,12,"[1, 2, 4, 11, 11, 8, 0]","[3, 4]",heuristic,12-15
634154241764,12,"[-15, -15, -15, -7, -15, -15, -15]","[3]",random,12-15
637173342545,12,"[0, 1, 0, 2, 3, 2, 2]","[4]",heuristic,12-15
637262324713,12,"[-15, 10, -15, -15, 15, -15, -15]","[4]",random,12-15
643265365152,12,"[11, 13, 14, 15, 14, 11, 12]","[3]",random,12-15
644152354265,12,"[0, 0, -1, 5, 4, 2, -5]","[3]",heuristic,12-15
644676167445,12,"[-15, -15, -15, -15, -15, -10, -15]","[5]",random,12-15
644732134612,12,"[5, 4, 4, 4, 4, 4, 2]","[0]",random,12-15
647566532457,12,"[4, 2, 4, 13, 13, 4, 4]","[3, 4]",heuristic,12-15
651274315732,12,"[2, 3, 11, 4, 3, 11, 1]","[2, 5]",random,12-15
656114516357,12,"[-15, 13, -15, -15, -15, 15, -15]","[5]",random,12-15
657776472232,12,"[15, -1, -2, 2, -2, -1, -1]","[0]",random,12-15
663373544453,12,"[-15, -15, -12, -15, -15, -15, -15]","[2]",heuristic,12-15
665451652645,12,"[-6, -6, -4, -9, -4, 0, -7]","[5]",heuristic,12-15
667767162346,12,"[-2, 3, 9, 9, 15, -3, 14]","[4]",random,12-15
722613631441,12,"[-15, -15, -15, -15, -13, -15, -15]","[4]",random,12-15
723567533441,12,"[-4, -2, -2, 12, 3, 0, -2]","[3]",heuristic,12-15
724112373421,12,"[15, 2, 14, 2, 14, 14, 1]","[0]",random,12-15
732373343377,12,"[-11, -11, null, 0, -9, -7, -10]","[3]",heuristic,12-15
734626443244,12,"[-9, -9, -4, -10, -11, -5, -5]","[2]",heuristic,12-15
743431336335,12,"[-3, -4, null, 2, -2, -3, -3]","[3]",heuristic,12-15
753554114755,12,"[0, 3, 0, 10, 0, 3, 0]","[3]",random,12-15
765537625665,12,"[-1, 0, 0, 0, 0, -2, -2]","[1, 2, 3, 4]",heuristic,12-15
767521423612,12,"[-9, -9, -12, -4, -2, -3, -2]","[4, 6]",random,12-15
773654647324,12,"[-15, -15, -15, -6, -15, -15, -15]","[3]",random,12-15
1156437773115,13,"[-2, -1, 4, -2, 3, -3, -2]","[2]",random,12-15
1232375353154,13,"[-14, -14, -14, -14, -14, 2, -14]","[5]",random,12-15
1241762216243,13,"[3, 3, 3, 1, 2, 3, 3]","[0, 1, 2, 5, 6]",heuristic,12-15
1323157747567,13,"[-4, -4, -2, -4, -4, -14, -4]","[2]",random,12-15
1362427553253,13,"[-2, -2, 2, 2, -2, -2, -2]","[2, 3]",heuristic,12-15
1374442433431,13,"[-14, 7, -14, -14, -14, -14, -14]","[1]",heuristic,12-15
1411335764523,13,"[-11, -12, -2, 2, 0, -12, -11]","[3]",heuristic,12-15
1512563235254,13,"[-14, -11, 2, -12, 2, -8, -11]","[2, 4]",heuristic,12-15
1531741512323,13,"[-14, -14, -2, -14, -14, -14, -14]","[2]",random,12-15
1536622127335,13,"[-13, 14, 0, 15, 0, 1, -5]","[3]",random,12-15
1654622663135,13,"[-2, 2, 2, -1, -2, -2, -9]","[1, 2]",random,12-15
1657753223624,13,"[-1, 2, 2, 2, 2, 2, 0]","[1, 2, 3, 4, 5]",random,12-15
1715644417345,13,"[4, -14, -14, -14, -14, -14, -14]","[0]",random,12-15
1723257465322,13,"[-4, -4, -2, -4, -11, -4, -4]","[2]",random,12-15
2116165361363,13,"[-4, 0, -4, -12, -3, -4, -4]","[1]",random,12-15
2131545543655,13,"[5, 2, 5, 5, 2, 2, 2]","[0, 2, 3]",heuristic,12-15
2271662536753,13,"[-4, -2, 4, -2, 9, 9, -2]","[4, 5]",random,12-15
2322732252643,13,"[-14, null, -14, -3, -14, -14, -14]","[3]",heuristic,12-15
2335334345643,13,"[0, 4, null, 9, 9, 0, 0]","[3, 4]",heuristic,12-15
2336334165243,13,"[-12, -2, -11, 4, -12, -11, -11]","[3]",heuristic,12-15
2343165465263,13,"[-12, 1, -12, -14, 1, 1, -12]","[1, 4, 5]",heuristic,12-15
2347452544225,13,"[-13, -13, -14, -13, -6, -13, -13]","[4]",heuristic,12-15
2422233653533,13,"[-14, -14, -14, -3, -14, -14, -14]","[3]",random,12-15
2422537546266,13,"[-13, -6, -14, -5, -5, -6, -6]","[3, 4]",heuristic,12-15
2423655456624,13,"[-13, -13, -14, -13, -13, -13, -13]","[0, 1, 3, 4, 5, 6]",heuristic,12-15
2434243221513,13,"[-14, -14, 14, 15, -14, -14, -14]","[3]",random,12-15
2454256277676,13,"[-14, -14, -14, -14, -14, -3, -14]","[5]",heuristic,12-15
2465323653242,13,"[0, 0, 1, 2, -13, 2, 0]","[3, 5]",heuristic,12-15
2512127323517,13,"[0, 1, 13, 14, 2, 0, -2]","[3]",random,12-15
2527225462354,13,"[-14, -14, -3, -14, -14, -14, -14]","[2]",heuristic,12-15
2557354247272,13,"[-4, -14, -14, -14, -14, -14, 15]","[6]",random,12-15
2572553641244,13,"[-12, 0, 13, 0, 1, -11, -11]","[2]",heuristic,12-15
2622656442363,13,"[-14, -14, -14, -14, 12, -14, 15]","[6]",random,12-15
2657425162111,13,"[-14, -14, -13, -14, -14, -14, -14]","[2]",random,12-15
2717112553427,13,"[-5, -5, -3, -3, -10, -4, -4]","[2, 3]",random,12-15
2722367666746,13,"[4, 5, 10, 11, 15, 2, 4]","[4]",random,12-15
3132644132272,13,"[-14, -14, -14, -14, -14, -14, -14]","[0, 1, 2, 3, 4, 5, 6]",random,12-15
3133777457174,13,"[-9, -14, -9, 0, -5, -11, -9]","[3]",random,12-15
3157151624254,13,"[-14, -14, 0, -14, -14, -14, -14]","[2]",heuristic,12-15
3227244674111,13,"[0, 2, 2, 4, 15, -1, -1]","[4]",random,12-15
3243566253366,13,"[-13, -4, -13, 12, 12, -13, -13]","[3, 4]",heuristic,12-15
3266546144426,13,"[-4, -4, -6, -4, -14, -5, -4]","[0, 1, 3, 6]",heuristic,12-15
3334334461463,13,"[-3, 2, null, 1, -3, -10, -3]","[1]",heuristic,12-15
3353544553345,13,"[5, 5, 5, 5, 5, 5, 5]","[0, 1, 2, 3, 4, 5, 6]",heuristic,12-15
3354437243344,13,"[-1, 5, 3, -1, -2, -2, 4]","[1]",heuristic,12-15
3355361575316,13,"[6, 11, 6, 6, 15, 5, 5]","[4]",random,12-15
3373462116246,13,"[-14, -14, -14, -14, 12, -14, -14]","[4]",random,12-15
3413434234535,13,"[-14, -14, -14, -14, -14, -8, -14]","[5]",heuristic,12-15
3433636266475,13,"[-14, -14, -14, -14, 2, -14, -14]","[4]",heuristic,12-15
3523545673664,13,"[-14, -14, -14, -14, -14, -14, -14]","[0, 1, 2, 3, 4, 5, 6]",heuristic,12-15
3543511242313,13,"[-13, -12, -13, -4, -13, -12, -13]","[3]",heuristic,12-15
3613371156623,13,"[0, 2, 0, -2, 3, 0, -2]","[4]",random,12-15
3615436355554,13,"[-14, 2, -14, -14, -14, -14, -14]","[1]",random,12-15
3624166756127,13,"[-2, 1, 2, 0, 2, -2, 1]","[2, 4]",random,12-15
3632625471626,13,"[-14, 15, -14, -14, -14, -3, -14]","[1]",random,12-15
3644443554425,13,"[-2, -13, 5, null, -2, -13, -2]","[2]",heuristic,12-15
3651666641474,13,"[-14, -14, -14, -14, -14, -14, -14]","[0, 1, 2, 3, 4, 5, 6]",random,12-15
3666317646623,13,"[-14, -14, -2, -14, -14, null, -14]","[2]",random,12-15
3743465612744,13,"[2, 2, 2, 2, 4, -2, 2]","[4]",random,12-15
3754553745335,13,"[-6, -14, -6, 0, -6, -14, 0]","[3, 6]",heuristic,12-15
4233445655577,13,"[-14, -14, -14, -14, -14, 13, -14]","[5]",heuristic,12-15
4235245145542,13,"[-9, -2, -3, -4, -10, -3, -4]","[1]",heuristic,12-15
4435554521643,13,"[2, 9, -14, 9, 9, 10, 8]","[5]",heuristic,12-15
4463436466466,13,"[-4, -4, -4, -4, -4, null, -4]","[0, 1, 2, 3, 4, 6]",heuristic,12-15
4531723454336,13,"[0, 2, 0, 4, 1, 1, 0]","[3]",heuristic,12-15
4533212442564,13,"[-6, -4, 1, -3, -3, -4, -5]","[2]",heuristic,12-15
4551464437533,13,"[-13, -13, -13, -13, -13, -14, -13]","[0, 1, 2, 3, 4, 6]",heuristic,12-15
4571764647245,13,"[-10, -10, -11, -10, -3, -2, -9]","[5]",random,12-15
4624534443641,13,"[0, 14, 13, null, 2, 2, 0]","[1]",heuristic,12-15
4663447334465,13,"[-3, -2, 4, 1, -2, 2, 4]","[2, 6]",heuristic,12-15
4744537533654,13,"[0, 5, 5, 5, 5, 1, 5]","[1, 2, 3, 4, 6]",heuristic,12-15
5124747135776,13,"[13, 8, 14, 13, 10, 14, 10]","[2, 5]",random,12-15
5162342146663,13,"[-14, -14, -14, -14, -11, -14, -14]","[4]",heuristic,12-15
5232222251714,13,"[-14, null, -14, -14, -14, -9, -14]","[5]",random,12-15
5232231223115,13,"[2, 0, 3, 2, 3, 2, 0]","[2, 4]",random,12-15
5244362534244,13,"[5, 5, 8, 5, 11, 5, 4]","[4]",heuristic,12-15
5251264276137,13,"[-10, -10, -3, -1, 1, 0, -10]","[4]",random,12-15
5255345443764,13,"[-5, -5, -11, -10, -5, -10, -10]","[0, 1, 4]",heuristic,12-15
5272467535366,13,"[2, 8, 8, 2, 8, 2, 2]","[1, 2, 4]",heuristic,12-15
5351724655546,13,"[-4, 0, -2, -14, -11, -4, -12]","[1]",heuristic,12-15
5454444734355,13,"[-14, 0, -14, null, -14, -14, -14]","[1]",heuristic,12-15
5463342472371,13,"[10, 9, 11, 15, 14, 14, 12]","[3]",random,12-15
5525327323123,13,"[-14, -14, -14, 2, -14, -14, -14]","[3]",random,12-15
5633415541425,13,"[-14, -14, -14, 2, -14, -14, -14]","[3]",random,12-15
5712464267354,13,"[-14, -14, -14, -4, -14, -14, -14]","[3]",random,12-15
5752557765675,13,"[-13, -13, -7, -14, null, -13, -7]","[2, 6]",random,12-15
5763463431336,13,"[-13, -13, -13, 0, 0, -13, -4]","[3, 4]",heuristic,12-15
6143425744435,13,"[-11, -12, -14, -11, -6, -12, -11]","[4]",heuristic,12-15
6175466461264,13,"[4, 4, -9, 3, 3, -4, 0]","[0, 1]",random,12-15
6312115724616,13,"[-14, -14, -14, -14, -14, -6, -14]","[5]",random,12-15
6324244735434,13,"[-14, -14, -14, -4, -14, -14, -14]","[3]",heuristic,12-15
6327637371562,13,"[2, 3, 15, 0, 8, 3, 8]","[2]",random,12-15
6334763433161,13,"[4, 12, 4, 8, 12, 12, 11]","[1, 4, 5]",heuristic,12-15
6344254545536,13,"[4, 15, 14, 4, 4, 14, 4]","[1]",heuristic,12-15
6354222273733,13,"[0, 0, 0, 10, 2, 1, 0]","[3]",heuristic,12-15
6374777352227,13,"[15, 10, 14, 11, 11, 11, 7]","[0]",random,12-15
6432433226753,13,"[-13, -13, -13, -3, -8, -13, -13]","[3]",heuristic,12-15
6436412365725,13,"[-12, -12, 0, 0, 0, -3, -12]","[2, 3, 4]",random,12-15
6443343473644,13,"[5, 14, 4, null, -14, 5, 4]","[1]",heuristic,12-15
6516775716252,13,"[-11, -10, 0, 2, 0, 8, 8]","[5, 6]",random,12-15
6574163134541,13,"[2, 2, 11, 15, 11, 2, 3]","[3]",random,12-15
6623771427113,13,"[-14, -14, -14, 4, -14, -14, -14]","[3]",random,12-15
6625134435144,13,"[-11, 5, 9, 4, 13, 3, 12]","[4]",heuristic,12-15
6654661226334,13,"[-11, -11, 2, 2, -4, -5, -5]","[2, 3]",random,12-15
6741334317646,13,"[-14, -14, -14, -14, -14, -14, -14]","[0, 1, 2, 3, 4, 5, 6]",random,12-15
6773733531316,13,"[-14, -14, -11, -14, -14, -14, -14]","[2]",random,12-15
7125175765661,13,"[3, 1, -4, 1, 1, 3, 1]","[0, 5]",random,12-15
7317131577722,13,"[3, -14, -14, 15, -14, -14, -14]","[3]",random,12-15
7336462755331,13,"[14, 14, 14, 15, 14, 14, 14]","[3]",random,12-15
7377453445654,13,"[-10, -8, -10, -9, 15, -12, -8]","[4]",random,12-15
7432313443171,13,"[-4, -14, -3, -2, -4, -4, -3]","[3]",random,12-15
7463312717516,13,"[-13, -10, -13, -4, -9, -13, -4]","[3, 6]",random,12-15
7466213517633,13,"[-1, -2, 0, 0, 0, -1, -2]","[2, 3, 4]",random,12-15
7533653357342,13,"[-3, -3, -3, 14, -10, -3, -1]","[3]",random,12-15
7562342422746,13,"[1, -2, 14, 15, 12, 5, 5]","[3]",random,12-15
7566265472615,13,"[-12, -12, -10, 2, -12, -12, -10]","[3]",random,12-15
7661635572711,13,"[-14, -14, -14, 15, -14, -14, -1]","[3]",random,12-15
12422343555773,14,"[-14, -14, 2, -14, -14, -14, -14]","[2]",heuristic,12-15
13443511443115,14,"[2, 3, 3, 3, 2, -4, 2]","[1, 2, 3]",random,12-15
15353624755744,14,"[-9, -1, -14, -6, -10, -13, -11]","[1]",heuristic,12-15
16337553365467,14,"[0, -2, 2, 5, 11, 11, 2]","[4, 5]",random,12-15
16515256722772,14,"[2, 2, 3, 10, 14, 10, 10]","[4]",random,12-15
16675524564221,14,"[0, 2, 2, 2, 2, 2, 2]","[1, 2, 3, 4, 5, 6]",heuristic,12-15
17556637336375,14,"[-2, -2, -2, 14, -2, -2, -2]","[3]",random,12-15
17635175356372,14,"[-3, -3, -3, -3, -2, -3, -2]","[4, 6]",random,12-15
22164351171632,14,"[-2, -2, -7, -2, -5, -2, -2]","[0, 1, 3, 5, 6]",heuristic,12-15
22254367175212,14,"[4, -1, 3, -1, 4, 3, 2]","[0, 4]",random,12-15
23346525375641,14,"[14, 13, 13, 13, 13, 13, 12]","[0]",random,12-15
23363762737267,14,"[2, 2, 2, 2, 2, 6, 2]","[5]",random,12-15
23571546277245,14,"[-2, 2, 12, -2, -2, -4, -4]","[2]",random,12-15
24164516712151,14,"[-14, -14, -14, -14, -14, -14, -14]","[0, 1, 2, 3, 4, 5, 6]",random,12-15
24324722231361,14,"[-2, -2, 2, -4, -2, 0, -2]","[2]",random,12-15
24335344677334,14,"[-10, -11, -11, -10, -10, -10, -11]","[0, 3, 4, 5]",heuristic,12-15
24366242742665,14,"[12, 12, 13, 12, 13, 12, 13]","[2, 4, 6]",heuristic,12-15
26155763573171,14,"[-14, -14, -14, 12, -14, -14, -14]","[3]",random,12-15
26264665653145,14,"[-14, -14, -14, -14, -11, -14, -14]","[4]",heuristic,12-15
26457666442543,14,"[4, 4, -12, 3, 2, 2, 3]","[0, 1]",heuristic,12-15
27143452123553,14,"[-5, -13, -13, -3, -13, -13, -13]","[3]",heuristic,12-15
27554334721661,14,"[-4, -4, -2, 3, -2, -3, -4]","[3]",heuristic,12-15
31123717414376,14,"[0, 14, 0, 13, 10, 0, 0]","[1]",random,12-15
32244521354126,14,"[-14, 14, -14, -14, -14, -14, 12]","[1]",random,12-15
32335357646426,14,"[-13, -13, -13, -4, -2, -13, -13]","[4]",heuristic,12-15
32344546727225,14,"[2, 1, 11, 11, 11, 2, 11]","[2, 3, 4, 6]",heuristic,12-15
33452162433335,14,"[-12, -2, null, -14, -2, -12, -12]","[1, 4]",heuristic,12-15
33572236641251,14,"[-14, -14, -14, 13, -14, -14, -14]","[3]",random,12-15
34522415467563,14,"[-3, 0, -2, 2, 0, -2, -3]","[3]",heuristic,12-15
34524327235716,14,"[-3, -2, -2, -2, -2, -3, -2]","[1, 2, 3, 4, 6]",heuristic,12-15
34674326225516,14,"[-10, -10, -7, -6, -9, -10, -12]","[3]",heuristic,12-15
34764516327176,14,"[-14, -14, -14, -14, -14, 12, 14]","[6]",random,12-15
35143653541277,14,"[2, -12, 0, 2, 2, -1, 2]","[0, 3, 4, 6]",random,12-15
35242355343164,14,"[-14, -14, -14, 0, -14, -14, -14]","[3]",heuristic,12-15
35255771564321,14,"[2, 3, 3, 3, 3, 2, -8]","[1, 2, 3, 4]",heuristic,12-15
35336732724224,14,"[-5, -6, -6, 5, -12, -6, -2]","[3]",heuristic,12-15
36443123413776,14,"[1, -2, -2, 4, 14, 4, 11]","[4]",random,12-15
36554223524454,14,"[-2, 0, -14, 2, 2, -2, -2]","[3, 4]",heuristic,12-15
36657646573362,14,"[-4, -4, -2, 14, 12, -4, -4]","[3]",random,12-15
37177336117647,14,"[5, 14, 5, 10, 6, 8, 4]","[1]",random,12-15
37245644617271,14,"[-2, 3, -10, -2, 14, 12, 13]","[4]",random,12-15
37265621511567,14,"[10, 13, 13, 14, 12, 10, 10]","[3]",random,12-15
41255343443363,14,"[-5, -8, -6, 3, 5, 4, 2]","[4]",heuristic,12-15
41735712167532,14,"[13, 2, -2, -10, 2, -2, -8]","[0]",random,12-15
42444245665411,14,"[-5, 1, -5, null, -3, 0, -5]","[1]",heuristic,12-15
43672534756475,14,"[-14, -14, -14, -14, -13, -14, -14]","[4]",random,12-15
44171565233462,14,"[-4, -12, -8, -12, -4, -5, -12]","[0, 4]",heuristic,12-15
44442666445316,14,"[-4, -4, -4, null, -14, -4, -4]","[0, 1, 2, 5, 6]",heuristic,12-15
44541446645615,14,"[-5, -5, -5, null, -5, -5, -11]","[0, 1, 2, 4, 5]",random,12-15
44566442522134,14,"[-2, -2, 0, -2, 13, -1, -2]","[4]",heuristic,12-15
45353352423634,14,"[-5, -2, -5, 9, -13, -5, -5]","[3]",heuristic,12-15
45424425346362,14,"[-6, -6, -6, -5, 1, 0, -6]","[4]",heuristic,12-15
45763735775412,14,"[-14, -14, -14, -14, -14, 2, -14]","[5]",random,12-15
46126535275332,14,"[2, 2, 2, 12, 2, 12, 1]","[3, 5]",heuristic,12-15
46314144463665,14,"[9, 11, 10, 8, 7, 10, 10]","[1]",heuristic,12-15
46424435412325,14,"[3, 6, 3, 3, 7, 4, 3]","[4]",heuristic,12-15
46533312355272,14,"[-14, 1, -14, -14, -14, -14, -14]","[1]",random,12-15
47122123354574,14,"[11, 3, 11, 3, -2, -11, -7]","[0, 2]",heuristic,12-15
47354553344521,14,"[0, 0, 0, 0, 2, 2, -1]","[4, 5]",heuristic,12-15
47421563572344,14,"[-2, 3, 2, 3, 4, 3, 3]","[4]",heuristic,12-15
47521434774211,14,"[-3, 1, 1, -2, 1, 14, -2]","[5]",random,12-15
52212757616343,14,"[0, 11, 4, -2, 11, 10, 2]","[1, 4]",heuristic,12-15
52555235122721,14,"[-11, -4, 4, 4, -4, 2, 4]","[2, 3, 6]",random,12-15
53235455244414,14,"[3, 13, 5, 3, 3, 3, 3]","[1]",heuristic,12-15
53455467736574,14,"[-14, -14, -14, -14, -14, -14, -14]","[0, 1, 2, 3, 4, 5, 6]",heuristic,12-15
53525575641216,14,"[2, 2, -1, -11, -3, 2, -2]","[0, 1, 5]",heuristic,12-15
53541643423732,14,"[12, 13, 12, 12, 13, 12, 12]","[1, 4]",random,12-15
53555414734336,14,"[1, -2, -3, 9, -3, -5, -4]","[3]",heuristic,12-15
53561374365543,14,"[-12, -1, -12, 9, -12, -12, -12]","[3]",heuristic,12-15
54343443664477,14,"[-14, -14, -14, null, -4, -14, -14]","[4]",heuristic,12-15
54545564454453,14,"[-10, -2, 1, null, null, 2, 1]","[5]",heuristic,12-15
54644542653714,14,"[-9, -9, -4, -10, -2, -2, -4]","[4, 5]",heuristic,12-15
55143415655674,14,"[-14, -14, -14, -14, -14, -14, -14]","[0, 1, 2, 3, 4, 5, 6]",random,12-15
55415327556763,14,"[-2, -1, 4, -2, -2, 0, 1]","[2]",random,12-15
56411112723636,14,"[-14, 14, -14, -14, -14, -11, -14]","[1]",random,12-15
56451771321635,14,"[-9, -10, -12, -12, -11, -4, -10]","[5]",random,12-15
56453223346344,14,"[-2, 2, -2, 2, 13, 0, -2]","[4]",heuristic,12-15
57255335375363,14,"[-3, -3, -3, -2, -3, -2, -3]","[3, 5]",heuristic,12-15
57525375761366,14,"[2, -2, -1, -2, -2, -2, 2]","[0, 6]",random,12-15
57545333454457,14,"[-4, -4, 13, -13, -13, 13, -13]","[2, 5]",random,12-15
61343352461515,14,"[13, 14, -11, 2, -11, -2, -11]","[1]",random,12-15
61621332311351,14,"[-14, -14, -14, 13, -14, -14, -14]","[3]",random,12-15
62366567614236,14,"[-2, 5, 6, -5, 4, null, 3]","[2]",random,12-15
62453535533634,14,"[-12, -13, -12, -13, -12, -12, -14]","[0, 2, 4, 5]",heuristic,12-15
62623745762264,14,"[-13, -13, -14, -13, -5, -13, -13]","[4]",random,12-15
63224533454415,14,"[-14, -14, -14, -14, 14, -14, -14]","[4]",heuristic,12-15
63343411431473,14,"[-6, -6, -6, -2, -6, -5, -5]","[3]",heuristic,12-15
63663722716663,14,"[-4, -4, -4, -6, -3, null, -3]","[4, 6]",heuristic,12-15
63741571153427,14,"[-11, -11, 0, -2, 1, -12, -11]","[4]",random,12-15
64365176535523,14,"[-9, -8, 2, -10, -10, -10, -9]","[2]",heuristic,12-15
64442424425231,14,"[-9, -9, 13, null, -10, -9, -9]","[2]",heuristic,12-15
64516573222665,14,"[-12, -12, -11, -12, -12, -12, -12]","[2]",random,12-15
64724512675241,14,"[-14, -14, -14, -14, -14, -14, -14]","[0, 1, 2, 3, 4, 5, 6]",random,12-15
65171512464543,14,"[14, -14, -14, 14, -14, -14, -14]","[0, 3]",random,12-15
65542266571576,14,"[-4, -5, -3, 14, -5, -4, -3]","[3]",random,12-15
65644233262256,14,"[-4, -4, 10, 10, 10, -4, 10]","[2, 3, 4, 6]",heuristic,12-15
65652152311477,14,"[8, 8, 10, 10, 8, 11, -2]","[5]",random,12-15
66122332366127,14,"[-3, -3, -1, 1, -2, -3, 1]","[3, 6]",random,12-15
66322314354436,14,"[2, 2, 13, 14, -4, 2, 2]","[3]",random,12-15
66676366353545,14,"[-14, -14, -14, -14, 8, null, -14]","[4]",heuristic,12-15
67144667435623,14,"[0, 1, 11, 11, 10, 0, 4]","[2, 3]",random,12-15
67235744121354,14,"[-2, -11, -11, -12, -2, -12, -12]","[0, 4]",random,12-15
67333444443642,14,"[-2, -2, -2, null, -2, -2, -2]","[0, 1, 2, 4, 5, 6]",heuristic,12-15
67533623552535,14,"[-14, -14, -14, -14, 12, -14, -14]","[4]",random,12-15
71455333231223,14,"[-14, -14, -5, -14, -14, -14, -14]","[2]",random,12-15
73477274631717,14,"[13, 0, 4, 4, 14, 12, null]","[4]",random,12-15
74234413351432,14,"[-14, -14, -14, -14, -14, -3, -14]","[5]",random,12-15
74324272224544,14,"[5, 5, 6, 5, 4, 4, 5]","[2]",heuristic,12-15
75122246266432,14,"[-13, -13, -11, -13, 0, -13, -11]","[4]",random,12-15
75377115773713,14,"[0, -3, -3, -6, -3, -3, null]","[0]",random,12-15
76236646252255,14,"[-14, -14, -14, 13, -14, -14, -14]","[3]",heuristic,12-15
76325442432517,14,"[10, 10, 13, 12, 12, 4, 1]","[2]",random,12-15
76431753442311,14,"[-14, -14, -5, -14, -14, -14, -14]","[2]",random,12-15
76435271613173,14,"[10, -14, -14, -14, -14, -14, 14]","[6]",random,12-15
77414711156151,14,"[null, -1, 8, 8, 4, 1, 5]","[2, 3]",random,12-15
114341764432345,15,"[-9, -12, -12, -12, -9, -11, -12]","[0, 4]",random,12-15
116763374753265,15,"[-13, -13, -13, 12, -13, -13, 14]","[6]",random,12-15
123334553422723,15,"[-13, -13, -2, -13, -13, -13, -13]","[2]",heuristic,12-15
126564541747554,15,"[-7, -6, 14, 13, -6, 13, 13]","[2]",random,12-15
131211543453744,15,"[2, -1, 1, 1, 10, -12, -2]","[4]",heuristic,12-15
131444536143362,15,"[0, 1, 0, 3, 0, 6, 0]","[5]",heuristic,12-15
132451125674554,15,"[-2, 2, 14, 2, -2, 1, -2]","[2]",random,12-15
134467667641336,15,"[-4, 0, 5, 3, -3, 1, 0]","[2]",heuristic,12-15
135437224244162,15,"[-13, -13, -3, -13, -13, -13, -13]","[2]",heuristic,12-15
144771622456115,15,"[3, 3, -13, 5, 3, -11, 3]","[3]",random,12-15
157677341555664,15,"[-13, -13, -13, -13, -13, 2, 14]","[6]",random,12-15
161755522717337,15,"[0, -13, -13, -13, -13, -13, -13]","[0]",random,12-15
164353635162426,15,"[-13, -13, 14, -13, -13, 11, -13]","[2]",random,12-15
174272315115252,15,"[-13, -13, -13, -13, -13, -13, -13]","[0, 1, 2, 3, 4, 5, 6]",random,12-15
213514526556424,15,"[-13, -13, 3, -13, -13, -13, -13]","[2]",heuristic,12-15
215266713453473,15,"[0, -13, -11, 0, -11, -12, -11]","[0, 3]",random,12-15
225255346224353,15,"[-13, -13, 7, -13, -13, -13, -13]","[2]",heuristic,12-15
226353254257215,15,"[0, 0, 13, 14, 0, 0, 2]","[3]",random,12-15
236341453635225,15,"[-12, -12, -12, -6, -12, -3, -12]","[5]",heuristic,12-15
241513216711714,15,"[null, -13, -9, -13, -13, -13, -13]","[2]",random,12-15
241561214627564,15,"[-13, -11, -13, -13, -13, -13, -13]","[1]",random,12-15
244256527223364,15,"[-11, -11, -13, -11, -13, -4, -11]","[5]",heuristic,12-15
245533576726336,15,"[-12, -12, -12, 14, -12, -3, 13]","[3]",random,12-15
254547442464655,15,"[-3, -12, -13, null, -12, -12, -12]","[0]",heuristic,12-15
254671737123314,15,"[14, -13, -13, -13, -13, -13, -4]","[0]",random,12-15
255325424162225,15,"[-13, null, 2, -13, -13, -13, -13]","[2]",random,12-15
255666347234535,15,"[-13, -13, -13, -13, -13, -13, -13]","[0, 1, 2, 3, 4, 5, 6]",heuristic,12-15
262226542251117,15,"[3, null, -12, 3, -1, 3, -4]","[0, 3, 5]",random,12-15
264444533574746,15,"[-11, -11, -11, null, -13, 2, -4]","[5]",heuristic,12-15
267212534114571,15,"[12, 13, 14, 11, 11, 4, 4]","[2]",random,12-15
273716266275522,15,"[-13, -13, -13, 14, -13, -13, -13]","[3]",random,12-15
315641417517477,15,"[-13, -13, -13, -13, -13, -13, -13]","[0, 1, 2, 3, 4, 5, 6]",random,12-15
325356344215442,15,"[-13, -11, -13, -13, -13, -13, -13]","[1]",heuristic,12-15
326226323345535,15,"[-6, -6, -6, -13, -6, -12, -6]","[0, 1, 2, 4, 6]",heuristic,12-15
332435267445643,15,"[-12, -1, -12, -12, 2, -12, -12]","[4]",heuristic,12-15
335415552245533,15,"[2, 11, 4, 11, null, 2, 4]","[1, 3]",heuristic,12-15
341162517217113,15,"[null, 2, 2, 0, -1, -1, -2]","[1, 2]",random,12-15
341353133432656,15,"[12, 14, null, 13, 12, 12, 11]","[1]",heuristic,12-15
343554256654425,15,"[-6, -5, 13, 3, -6, -2, -8]","[2]",heuristic,12-15
343773554463646,15,"[-13, -13, -13, -13, -13, 8, -13]","[5]",random,12-15
344356563446657,15,"[-4, -11, 1, 0, 13, -5, 12]","[4]",heuristic,12-15
344453646447311,15,"[2, 2, 4, null, 2, -4, 2]","[2]",heuristic,12-15
345544534317533,15,"[-10, -10, -9, 0, -10, 14, -9]","[5]",heuristic,12-15
352241434435324,15,"[-7, 3, -8, -8, 3, -10, -8]","[1, 4]",heuristic,12-15
352432241363575,15,"[0, 14, 13, 13, 4, 2, 2]","[1]",random,12-15
354412523364514,15,"[13, 13, -12, 2, -3, 2, 2]","[0, 1]",heuristic,12-15
357337752552263,15,"[3, -2, -1, -3, -3, 3, -3]","[0, 5]",heuristic,12-15
362721734764341,15,"[-13, -13, -13, -13, -1, -13, -13]","[4]",random,12-15
363341444144256,15,"[-13, -13, -13, null, 12, -13, -13]","[4]",heuristic,12-15
365624442444622,15,"[-12, -12, -13, null, -7, -12, -12]","[4]",heuristic,12-15
376337316433164,15,"[-9, -9, null, -4, -11, -6, -4]","[3, 6]",random,12-15
422723111631466,15,"[-12, -12, -3, -11, -13, -12, -12]","[2]",random,12-15
423543632445337,15,"[2, 13, 3, 6, 13, 12, 2]","[1, 4]",heuristic,12-15
425256161773741,15,"[-12, -13, -13, -13, -13, -13, -13]","[0]",random,12-15
425644355133677,15,"[11, 13, 14, 13, 2, -13, 0]","[2]",random,12-15
433116246117216,15,"[-13, -4, -13, -13, -13, -13, -13]","[1]",random,12-15
435367633525324,15,"[10, 2, 2, 13, 12, 10, 2]","[3]",heuristic,12-15
436715454454123,15,"[-13, -8, -13, -13, -13, -13, -13]","[1]",heuristic,12-15
442537265225445,15,"[-13, -13, -13, -13, -13, 14, -13]","[5]",random,12-15
444542421164562,15,"[3, 12, -11, null, 4, 10, 3]","[1]",random,12-15
444634127544155,15,"[-2, 0, 13, null, 2, 13, 0]","[2, 5]",heuristic,12-15
445353327635441,15,"[7, 6, 9, -1, -2, -2, -2]","[2]",heuristic,12-15
446243572634435,15,"[-13, -13, 2, -13, 14, -13, -13]","[4]",heuristic,12-15
446635622246426,15,"[-7, 12, 13, -8, 13, -8, -9]","[2, 4]",heuristic,12-15
451364376735665,15,"[-13, -13, -13, -4, -13, -13, -13]","[3]",heuristic,12-15
451647322523222,15,"[-11, null, -3, 2, 2, -4, -8]","[3, 4]",heuristic,12-15
454355445333534,15,"[-4, -4, -4, -4, -4, -5, -4]","[0, 1, 2, 3, 4, 6]",heuristic,12-15
454535525526641,15,"[0, -5, 12, 10, null, 5, -5]","[2]",heuristic,12-15
465643444347655,15,"[-13, -13, -3, null, -13, -13, -13]","[2]",heuristic,12-15
472354352674633,15,"[-3, 1, 2, 12, 13, 1, 0]","[4]",heuristic,12-15
473125277152346,15,"[12, 2, 12, 2, -1, -11, 1]","[0, 2]",random,12-15
474544254125546,15,"[-4, -4, -13, null, -3, 14, -3]","[5]",heuristic,12-15
522465125577273,15,"[4, 4, 12, 12, 2, 12, 12]","[2, 3, 5, 6]",heuristic,12-15
525655566434134,15,"[-13, -13, -2, -13, -13, -13, -13]","[2]",heuristic,12-15
533461175467715,15,"[-13, 14, -13, -13, 9, -13, -13]","[1]",random,12-15
533463631446545,15,"[-13, -13, -13, -13, 9, -13, -13]","[4]",heuristic,12-15
535531423426415,15,"[-10, -11, -12, -12, -12, -12, -12]","[0]",random,12-15
536252122227634,15,"[-12, null, -4, 11, -12, -12, -10]","[3]",random,12-15
541455637721474,15,"[-11, -2, -12, -11, -9, -11, -2]","[1, 6]",random,12-15
542433171777713,15,"[0, 1, 2, 1, 12, 0, -1]","[4]",random,12-15
543663413141676,15,"[14, -13, -13, -13, -13, -8, -13]","[0]",random,12-15
551123351325442,15,"[-13, -13, -13, -13, 14, -13, -13]","[4]",random,12-15
554356462244353,15,"[-13, -13, -13, -13, -13, -13, -13]","[0, 1, 2, 3, 4, 5, 6]",heuristic,12-15
556171231315277,15,"[-13, -13, -13, 0, -13, -13, -13]","[3]",random,12-15
557237366164662,15,"[-11, -12, -12, -11, -2, -12, -12]","[4]",heuristic,12-15
563157154241766,15,"[0, 2, 2, 0, -10, -10, -13]","[1, 2]",heuristic,12-15
563437476552435,15,"[-12, -12, -12, -12, -12, -13, -11]","[6]",heuristic,12-15
564256445566513,15,"[0, 12, 14, 12, 0, 1, 0]","[2]",heuristic,12-15
567151462414161,15,"[-13, -13, -13, -13, -13, 14, -13]","[5]",random,12-15
575571654334372,15,"[-12, -12, 5, 11, 10, -12, -12]","[3]",heuristic,12-15
576365565513335,15,"[3, 0, 3, 2, null, 3, 3]","[0, 2, 5, 6]",heuristic,12-15
617653565324344,15,"[-13, -13, -13, -13, -13, -13, -13]","[0, 1, 2, 3, 4, 5, 6]",random,12-15
622341151172341,15,"[-1, 10, 2, 4, 7, 4, 3]","[1]",random,12-15
633353274716661,15,"[-2, 4, 12, 13, 2, -4, 2]","[3]",random,12-15
633455473653721,15,"[-11, -12, -11, -12, -11, -11, -11]","[0, 2, 4, 5, 6]",heuristic,12-15
633756342526445,15,"[-13, -13, -12, 2, -12, 2, -12]","[3, 5]",heuristic,12-15
634335455234574,15,"[-12, -12, -12, -12, -12, -12, -12]","[0, 1, 2, 3, 4, 5, 6]",heuristic,12-15
644352144447266,15,"[-12, -12, -13, null, -12, -12, -12]","[0, 1, 4, 5, 6]",heuristic,12-15
646265312433463,15,"[-13, -13, -13, -13, -9, -13, -13]","[4]",random,12-15
647617263532526,15,"[-11, 4, -11, 4, -2, -11, -11]","[1, 3]",random,12-15
653635334554564,15,"[-13, -11, -13, -13, -13, -13, -13]","[1]",heuristic,12-15
655332464255644,15,"[-6, -3, -5, -5, -5, -4, -9]","[1]",heuristic,12-15
656623564365433,15,"[-13, -13, -13, 14, -13, -13, -13]","[3]",heuristic,12-15
662574125434234,15,"[14, 13, 13, 9, 12, 12, 2]","[0]",random,12-15
665676116727217,15,"[-13, -13, -13, 5, -13, -13, -13]","[3]",random,12-15
666416462617152,15,"[-10, -13, -13, -13, -13, null, -13]","[0]",random,12-15
666452531146674,15,"[-11, -11, -12, -11, -11, -11, -12]","[0, 1, 3, 4, 5]",heuristic,12-15
667577764273342,15,"[0, 3, 6, 6, 2, 6, 2]","[2, 3, 5]",random,12-15
674337514524623,15,"[-4, -13, 0, 2, -4, -4, 0]","[3]",heuristic,12-15
675776164265236,15,"[2, -1, 11, 14, 11, -4, -7]","[3]",random,12-15
715436134777541,15,"[5, 2, 6, 2, 5, 2, 0]","[2]",random,12-15
721411527314271,15,"[3, 3, 8, 8, 7, 2, 4]","[2, 3]",random,12-15
723762647335561,15,"[2, 3, 1, 3, 2, 0, -2]","[1, 3]",random,12-15
724364373662263,15,"[-13, -13, -13, -13, -13, -13, -13]","[0, 1, 2, 3, 4, 5, 6]",random,12-15
731562333533171,15,"[10, -13, null, 14, -13, -13, -13]","[3]",random,12-15
735213237677115,15,"[10, 10, 14, 1, 2, 2, -1]","[2]",random,12-15
735357323252753,15,"[-13, 14, -10, -13, -13, -13, -13]","[1]",random,12-15
736574241524447,15,"[-13, -13, -13, -13, -13, -13, 9]","[6]",heuristic,12-15
745331225444332,15,"[-13, -13, -13, -13, -13, -13, -13]","[0, 1, 2, 3, 4, 5, 6]",heuristic,12-15
751314272565617,15,"[3, 10, 10, 12, 14, 13, 13]","[4]",random,12-15
751516575471576,15,"[-13, -13, 14, -13, 13, 14, -13]","[2, 5]",random,12-15
753212532246657,15,"[-13, -13, -13, 13, -13, -13, -13]","[3]",random,12-15
754521433477546,15,"[2, 3, 2, 3, 3, 2, 2]","[1, 3, 4]",heuristic,12-15
773533461237122,15,"[-13, -9, -9, 2, -4, -4, -3]","[3]",random,12-15
774165254464424,15,"[4, 5, 4, null, 2, 4, 4]","[1]",heuristic,12-15
1237533233644316,16,"[11, 11, null, 11, -2, 9, -2]","[0, 1, 3]",random,16-19
1313414437642164,16,"[-13, -13, -13, -4, -13, -13, -13]","[3]",heuristic,16-19
1363443446655441,16,"[-11, -13, -11, null, -12, -5, -11]","[5]",heuristic,16-19
1462534634313336,16,"[-2, 12, null, 3, 3, -2, -3]","[1]",heuristic,16-19
1463225352554334,16,"[-13, -12, -12, -12, -12, -12, -12]","[1, 2, 3, 4, 5, 6]",heuristic,16-19
1514347177162774,16,"[-13, -13, -13, -10, -13, -13, -13]","[3]",random,16-19
1515375136431217,16,"[-5, 12, 4, 12, -9, 4, -5]","[1, 3]",random,16-19
1534662232454326,16,"[-4, -4, -3, 11, 12, 12, -4]","[4, 5]",random,16-19
1544422745344663,16,"[2, 5, 13, null, 5, 5, 2]","[2]",heuristic,16-19
1645323215335224,16,"[-13, -13, -13, 2, -13, -13, -13]","[3]",heuristic,16-19
1713344276435541,16,"[12, 13, 12, 13, 12, 12, 12]","[1, 3]",random,16-19
1725131145547444,16,"[-5, -3, -3, -5, -5, -12, -5]","[1, 2]",heuristic,16-19
1752736253746652,16,"[-13, 12, -13, 13, 13, -13, -13]","[3, 4]",random,16-19
2145662476136461,16,"[-12, -9, -12, -12, -5, -12, -11]","[4]",random,16-19
2161162254555663,16,"[0, -2, 12, -11, -2, -2, 0]","[2]",random,16-19
2162132336233655,16,"[-4, 11, -4, -13, -4, -4, 12]","[6]",heuristic,16-19
2224143675332551,16,"[-12, 4, -2, 1, -12, 4, -12]","[1, 5]",heuristic,16-19
2241433244354122,16,"[6, 4, 11, 6, 10, 4, 4]","[2]",heuristic,16-19
2344455446436253,16,"[-13, -13, -13, null, -13, -13, -13]","[0, 1, 2, 4, 5, 6]",heuristic,16-19
2355644177444643,16,"[-12, -4, 2, null, -12, -12, -12]","[2]",heuristic,16-19
2362641633712171,16,"[-3, -13, -13, -13, -13, -13, -13]","[0]",random,16-19
2426564146612232,16,"[11, 3, 12, 11, 12, 2, 3]","[2, 4]",heuristic,16-19
2443644233531335,16,"[-12, -4, null, -5, -4, -12, -6]","[1, 4]",heuristic,16-19
2445536654324241,16,"[1, 3, 2, 2, 5, 2, 2]","[4]",heuristic,16-19
2453464555645657,16,"[2, 4, -3, 3, null, 3, 3]","[1]",heuristic,16-19
2472343315522545,16,"[-12, -3, 12, 0, -2, -9, -12]","[2]",heuristic,16-19
2475243445222643,16,"[-13, -13, -13, -13, -13, -13, -13]","[0, 1, 2, 3, 4, 5, 6]",heuristic,16-19
2555424531324433,16,"[-13, -10, -13, -13, -13, -13, -13]","[1]",heuristic,16-19
2615111715652671,16,"[null, -13, -13, -13, -13, -13, -13]","[1, 2, 3, 4, 5, 6]",random,16-19
2626666516253411,16,"[-13, 13, -13, -13, -13, null, 0]","[1]",random,16-19
2645522674266455,16,"[1, 1, -9, -4, -6, -3, -3]","[0, 1]",heuristic,16-19
2666513364516467,16,"[-13, -10, -13, -13, -13, null, -13]","[1]",random,16-19
2717524373655661,16,"[-13, -13, -13, 1, -13, -13, -13]","[3]",random,16-19
2775546434425327,16,"[-13, -3, 4, 4, 8, 3, -3]","[4]",heuristic,16-19
2777621154452426,16,"[-12, 2, -12, -12, 2, 1, -12]","[1, 4]",random,16-19
3133641443533641,16,"[-4, -4, null, -2, -3, -4, -3]","[3]",heuristic,16-19
3146436476433575,16,"[-13, -13, -13, -13, 13, -13, -13]","[4]",heuristic,16-19
3177252543314716,16,"[0, 12, 3, 12, 3, -11, 0]","[1, 3]",random,16-19
3243247432413744,16,"[2, 7, 6, null, 3, 3, 5]","[1]",heuristic,16-19
3331752667436434,16,"[-13, -13, -13, -13, -4, -13, -13]","[4]",heuristic,16-19
3332564271541655,16,"[-13, -13, -13, 12, -13, -13, -13]","[3]",heuristic,16-19
3334126516725654,16,"[-11, -12, -12, 12, 11, -12, -12]","[3]",random,16-19
3354511776521545,16,"[-13, -13, -13, 11, -13, 13, -13]","[5]",random,16-19
3413543744542333,16,"[-4, -6, null, -12, 2, -12, -12]","[4]",heuristic,16-19
3441226473267344,16,"[-5, -4, -2, 0, -5, -2, -2]","[3]",heuristic,16-19
3445622545544333,16,"[-12, -12, 2, -12, -12, 2, 2]","[2, 5, 6]",heuristic,16-19
3512561341557272,16,"[-13, 2, -13, -13, -13, -13, -13]","[1]",random,16-19
3527146311336142,16,"[-13, 0, -13, -13, -13, -13, -13]","[1]",heuristic,16-19
3532767747771634,16,"[2, 8, 13, 8, 2, 6, null]","[2]",random,16-19
3544534652445522,16,"[-11, 10, 11, -11, 5, 11, 11]","[2, 5, 6]",heuristic,16-19
3567322343242251,16,"[-5, -3, 4, -1, -2, -2, -5]","[2]",heuristic,16-19
3574451222622175,16,"[-13, -13, -13, -13, -6, -13, -13]","[4]",random,16-19
3614673614135354,16,"[13, -13, -13, -13, -13, -13, -13]","[0]",random,16-19
3624635567465352,16,"[-12, -12, 1, -12, 2, -12, -12]","[4]",heuristic,16-19
3637464164524442,16,"[-10, 4, 0, null, 0, -5, -5]","[1]",heuristic,16-19
3665226621441776,16,"[-2, -3, -3, -11, 0, -10, -10]","[4]",random,16-19
3734434144265231,16,"[7, 6, 8, 6, 8, 11, 8]","[5]",heuristic,16-19
3736645354433245,16,"[0, 0, 0, 3, 2, 0, 0]","[3]",heuristic,16-19
3743115276244777,16,"[-1, 2, 2, 4, 2, 2, -1]","[3]",random,16-19
3756526356416276,16,"[12, 12, 12, 13, 13, 12, 12]","[3, 4]",random,16-19
4115345527641467,16,"[-13, -13, -13, -12, -13, -13, -13]","[3]",random,16-19
4125545455234373,16,"[-13, -13, -2, -13, -13, -13, -13]","[2]",heuristic,16-19
4143366355524421,16,"[1, 3, 3, 3, 3, 3, 2]","[1, 2, 3, 4, 5]",heuristic,16-19
4144642443172333,16,"[-6, -5, -7, null, -8, -4, -6]","[5]",heuristic,16-19
4147627554517424,16,"[-13, -13, -13, 11, -13, 13, -13]","[5]",random,16-19
4164753536755433,16,"[-12, -12, -2, -1, -12, -1, -1]","[3, 5, 6]",heuristic,16-19
4233334672447763,16,"[10, 11, 10, 10, 11, 11, 10]","[1, 4, 5]",heuristic,16-19
4243645733474413,16,"[1, 12, 5, null, 12, 3, 0]","[1, 4]",heuristic,16-19
4244427125242235,16,"[-2, null, 0, 2, 4, 2, 0]","[4]",heuristic,16-19
4253431336442546,16,"[1, 2, 2, -12, 2, -12, 2]","[1, 2, 4, 6]",heuristic,16-19
4265565333555336,16,"[-2, 2, 0, 0, null, -4, 0]","[1]",heuristic,16-19
4275313541217716,16,"[11, 13, 12, 12, 8, 8, 1]","[1]",random,16-19
4322221555351434,16,"[-5, -12, -5, -6, -12, -12, -12]","[0, 2]",heuristic,16-19
4327244442234663,16,"[-13, -13, 2, null, -13, -13, -13]","[2]",heuristic,16-19
4341543253527537,16,"[-13, -13, -13, 12, -13, 13, -13]","[5]",random,16-19
4344552323344736,16,"[-12, 6, -12, -12, 3, -12, -12]","[1]",heuristic,16-19
4366574644247663,16,"[-5, -4, -11, -3, -13, -5, -11]","[3]",heuristic,16-19
4425466345446657,16,"[6, 4, 12, null, 12, 4, 12]","[2, 4, 6]",heuristic,16-19
4434123646232714,16,"[-4, -4, -10, -11, -12, -11, -10]","[0, 1]",heuristic,16-19
4453565537235622,16,"[-5, -4, -1, -3, -5, -7, -5]","[2]",heuristic,16-19
4476637612215124,16,"[10, 10, -4, 2, -12, -7, 9]","[0, 1]",heuristic,16-19
4555662322525626,16,"[-13, -13, -13, -13, -13, -13, -13]","[0, 1, 2, 3, 4, 5, 6]",random,16-19
4561556534537536,16,"[-10, -9, -9, -1, null, -12, -12]","[3]",heuristic,16-19
4574267554457315,16,"[12, 12, 12, 12, 12, 13, 13]","[5, 6]",random,16-19
4612726316234614,16,"[13, 11, 11, 8, 4, 6, 8]","[0]",random,16-19
4635213642336266,16,"[2, -3, -1, 11, 11, 3, -1]","[3, 4]",heuristic,16-19
4641671623133664,16,"[4, -3, 4, -3, -2, -3, -3]","[0, 2]",random,16-19
4655445463744536,16,"[-13, -13, -13, null, -13, -13, -9]","[6]",heuristic,16-19
4732331273471736,16,"[-4, -4, -5, -4, -11, -4, -5]","[0, 1, 3, 5]",random,16-19
5144321142162326,16,"[-13, -13, -13, -13, -2, -13, -13]","[4]",random,16-19
5244251436426747,16,"[-10, -11, -12, -11, -1, -1, 3]","[6]",heuristic,16-19
5244441643532332,16,"[1, 2, 2, 3, 4, -2, 0]","[4]",heuristic,16-19
5316117331146412,16,"[null, -13, -12, -12, -4, -12, -12]","[4]",random,16-19
5413246746161134,16,"[-12, -12, -12, -12, -13, -12, -4]","[6]",heuristic,16-19
5437433661675337,16,"[-13, -13, -13, -13, -13, -13, 4]","[6]",random,16-19
5445464434775656,16,"[-13, -13, -13, null, -13, 13, -13]","[5]",heuristic,16-19
5461226322175575,16,"[2, -4, -10, 13, -2, 12, -4]","[3]",random,16-19
5466613173765533,16,"[-9, -9, -9, -10, -5, -7, -7]","[4]",random,16-19
5534642633244145,16,"[-13, -13, -13, -13, -13, -13, -13]","[0, 1, 2, 3, 4, 5, 6]",heuristic,16-19
5552552354136124,16,"[-13, -13, -13, -13, null, 9, -13]","[5]",heuristic,16-19
5553567273114611,16,"[-13, -13, -13, 3, -13, -13, -13]","[3]",random,16-19
5561343554155124,16,"[-13, -13, -13, -7, null, -13, -13]","[3]",heuristic,16-19
5572621756513355,16,"[-11, 3, 3, 13, null, 10, 3]","[3]",random,16-19
5634456331463356,16,"[9, 10, 9, 12, 8, 10, 9]","[3]",heuristic,16-19
5644141244514513,16,"[-10, -6, -11, null, -3, -11, -10]","[4]",heuristic,16-19
5644323455544343,16,"[-12, -13, -12, null, -12, -13, -12]","[0, 2, 4, 6]",heuristic,16-19
5723621546234557,16,"[-11, -11, 0, -13, -11, -2, -11]","[2]",heuristic,16-19
5755152451125434,16,"[-13, -13, -13, -13, null, -13, -13]","[0, 1, 2, 3, 5, 6]",random,16-19
6174443412412266,16,"[-2, -12, 13, -12, -12, -12, -12]","[2]",random,16-19
6176646524634574,16,"[-13, -13, 11, -13, -13, 13, -13]","[5]",random,16-19
6215266253437265,16,"[-12, -12, -2, -12, -12, -2, -12]","[2, 5]",random,16-19
6242572453362662,16,"[-2, -1, 3, 7, 11, -1, -11]","[4]",random,16-19
6261172244756635,16,"[-4, -4, -11, 0, 1, -4, -4]","[4]",random,16-19
6312354445444755,16,"[-12, -7, 12, null, -12, 2, 2]","[2]",heuristic,16-19
6321626617434425,16,"[-12, -12, 2, 1, 2, -12, -1]","[2, 4]",heuristic,16-19
6324345523624316,16,"[-10, -5, -9, -4, 11, -5, -9]","[4]",heuristic,16-19
6344411332114153,16,"[5, 12, 6, 12, 10, 4, 13]","[6]",random,16-19
6345545552441357,16,"[4, 4, 3, 4, null, -1, 4]","[0, 1, 3, 6]",heuristic,16-19
6367663646214411,16,"[12, 13, 10, 8, 12, null, 5]","[1]",random,16-19
6432765166166725,16,"[-13, -13, -13, 0, -13, null, -13]","[3]",random,16-19
6435221773453435,16,"[-13, -13, -13, -13, -11, -13, -13]","[4]",heuristic,16-19
6467554552431326,16,"[-2, 3, 4, 12, 2, 1, -2]","[3]",heuristic,16-19
6662335573733611,16,"[-2, -4, -3, 13, -11, -3, 12]","[3]",random,16-19
6753342545455544,16,"[0, 0, 3, 0, null, -3, -1]","[2]",heuristic,16-19
7151111177675537,16,"[null, -13, -13, 13, -13, -13, 4]","[3]",random,16-19
7222136744311372,16,"[-13, -13, -13, -13, 13, -13, -13]","[4]",random,16-19
7366543774563564,16,"[-13, -13, -13, 0, -13, -13, -13]","[3]",heuristic,16-19
7415123135245254,16,"[-13, -13, -13, -13, -13, -13, -13]","[0, 1, 2, 3, 4, 5, 6]",heuristic,16-19
7421716641351611,16,"[null, -2, -3, 3, 1, 2, 1]","[3]",random,16-19
7423256545561622,16,"[10, -7, 12, 11, -9, -9, -12]","[2]",heuristic,16-19
7433424235757114,16,"[12, 12, 11, 11, 12, 11, 13]","[6]",random,16-19
7435225455435466,16,"[-13, 12, 12, -12, -12, 12, -12]","[1, 2, 5]",heuristic,16-19
7511111156566535,16,"[null, 9, 9, 9, 5, 9, 5]","[1, 2, 3, 5]",random,16-19
7571257766167335,16,"[-13, -13, -13, -13, -13, -13, -13]","[0, 1, 2, 3, 4, 5, 6]",random,16-19
7615543754554331,16,"[-3, -13, 2, 12, 2, 12, 2]","[3, 5]",heuristic,16-19
7617135635167114,16,"[-13, -13, -13, -13, -13, -13, -13]","[0, 1, 2, 3, 4, 5, 6]",random,16-19
7634443341733516,16,"[-13, -13, -13, -13, -12, -13, -13]","[4]",random,16-19
7665347325333555,16,"[-12, -2, -12, -13, -12, -12, -11]","[1]",heuristic,16-19
7766455515627755,16,"[-5, -8, -8, -4, null, -2, -4]","[5]",random,16-19
13364754425464556,17,"[-12, -12, -11, -12, -12, -12, -12]","[2]",heuristic,16-19
13562131267666537,17,"[2, 1, -10, -12, -10, -10, -10]","[0]",random,16-19
13773247321115756,17,"[-12, 9, -12, -12, -12, -12, -12]","[1]",random,16-19
14273124726427136,17,"[13, 12, 12, 13, 12, 12, 12]","[0, 3]",random,16-19
15766743456435143,17,"[12, -12, 13, 12, 13, 12, 12]","[2, 4]",random,16-19
16113333743725163,17,"[0, 0, null, 2, 12, 11, 0]","[4]",random,16-19
16342235757443552,17,"[-1, 13, 2, 12, 12, 3, 8]","[1]",heuristic,16-19
16721277265347361,17,"[-2, -12, -12, -12, -12, 13, -12]","[5]",random,16-19
16777536753727544,17,"[-11, -11, -11, 1, -11, -12, null]","[3]",random,16-19
21177314766321215,17,"[-12, -7, -12, -12, -12, -12, -12]","[1]",random,16-19
21444324374433662,17,"[-12, -11, -12, null, -12, -12, -12]","[1]",heuristic,16-19
21656153354667253,17,"[-12, -12, -12, -11, -12, -12, -12]","[3]",random,16-19
22665514251244572,17,"[10, 9, 9, 13, 9, 11, 11]","[3]",random,16-19
23234153343345442,17,"[-12, 3, null, -12, -12, -12, -12]","[1]",heuristic,16-19
23343252422333442,17,"[-3, null, null, -3, -3, -10, 6]","[6]",heuristic,16-19
23454361446456453,17,"[-12, -12, 1, null, -12, -12, -12]","[2]",heuristic,16-19
23633426344762411,17,"[-8, 5, 5, 5, -12, 5, 5]","[1, 2, 3, 5, 6]",random,16-19
24434144515341133,17,"[-12, -12, -12, null, -12, -10, -12]","[5]",heuristic,16-19
24515274323443555,17,"[1, 0, 0, 1, -1, -12, -1]","[0, 3]",heuristic,16-19
24722232536366133,17,"[11, 10, 10, 12, 12, 10, 10]","[3, 4]",heuristic,16-19
25542542443335732,17,"[6, 5, 6, 9, 8, 5, 6]","[3]",heuristic,16-19
25623532243364331,17,"[-10, -10, null, 12, 11, 2, -10]","[3]",heuristic,16-19
25636436276657256,17,"[-12, -12, -12, -12, -12, null, -12]","[0, 1, 2, 3, 4, 6]",random,16-19
31456121144175734,17,"[12, 13, 12, 12, 12, 13, 12]","[1, 5]",random,16-19
31534533465352137,17,"[-10, -11, null, 13, -10, -11, -10]","[3]",random,16-19
31641415112724374,17,"[-2, 1, 8, 2, 10, 9, 10]","[4, 6]",random,16-19
31727357556622376,17,"[-12, -12, -12, -6, -12, -12, -12]","[3]",random,16-19
32314756723176444,17,"[-12, -12, -6, -12, -12, -12, -12]","[2]",random,16-19
33226337645366463,17,"[-11, -11, null, 8, 3, -11, 2]","[3]",heuristic,16-19
33252134154765545,17,"[-12, -12, -12, 7, -12, -12, -12]","[3]",heuristic,16-19
33347377355561522,17,"[-6, -7, -7, -2, -2, -2, -4]","[3, 4, 5]",heuristic,16-19
33455533524254434,17,"[-5, -5, -5, -5, -5, -6, -9]","[0, 1, 2, 3, 4]",heuristic,16-19
33517374244524533,17,"[7, 6, 6, 7, 7, 5, 7]","[0, 3, 4, 6]",heuristic,16-19
33761233133675226,17,"[2, 4, null, -3, 10, 4, 2]","[4]",random,16-19
34176556645667275,17,"[-12, -12, -12, -12, 3, -12, 13]","[6]",random,16-19
34264443642333657,17,"[-11, -11, -11, -11, -12, -11, -10]","[6]",heuristic,16-19
34461413763554116,17,"[-3, 9, 6, 8, 8, 8, 2]","[1]",heuristic,16-19
34736563233466312,17,"[7, 10, null, 10, 7, 6, -1]","[1, 3]",heuristic,16-19
35535265235241133,17,"[0, 12, 0, 12, 0, 0, -1]","[1, 3]",random,16-19
36335542323631444,17,"[11, 12, null, 1, 12, 12, 0]","[1, 4, 5]",heuristic,16-19
36556172765336672,17,"[-3, 2, -2, 2, -2, -3, 1]","[1, 3]",random,16-19
36644326544334243,17,"[-4, 9, -4, null, -12, -4, -11]","[1]",heuristic,16-19
41172461313721441,17,"[null, -12, -12, -12, -6, -12, -12]","[4]",random,16-19
42171174324276657,17,"[-12, 13, -12, -12, -12, -12, 0]","[1]",random,16-19
42324435553353737,17,"[5, 3, null, 5, 5, -12, 4]","[0, 3, 4]",heuristic,16-19
42342514174342117,17,"[-12, -12, 11, -12, -12, -12, -12]","[2]",random,16-19
42343713564552422,17,"[-8, -10, -3, 0, -3, 0, -2]","[3, 5]",heuristic,16-19
42623523654415536,17,"[-12, -12, -12, -12, -12, 0, -12]","[5]",heuristic,16-19
43265723643661435,17,"[-11, -10, -11, -11, -4, -11, -11]","[4]",heuristic,16-19
43313313241736554,17,"[-8, -12, null, -4, -12, -3, -4]","[5]",heuristic,16-19
43354323254422464,17,"[-12, -5, 11, null, -12, 10, -5]","[2]",heuristic,16-19
43354615534425335,17,"[-2, -2, -4, 0, -2, -4, -4]","[3]",heuristic,16-19
43445444156732735,17,"[2, 2, 7, null, 2, -5, -2]","[2]",heuristic,16-19
43566477635144761,17,"[-12, -12, -12, -12, 13, -12, -12]","[4]",random,16-19
43611124562241413,17,"[13, -12, -12, -12, -12, -12, -2]","[0]",random,16-19
44125277112223112,17,"[-12, null, -12, -12, -12, -12, -12]","[0, 2, 3, 4, 5, 6]",random,16-19
44313717111764154,17,"[null, 10, 10, 10, 12, 12, 13]","[6]",random,16-19
44423136572335345,17,"[-3, -1, -4, -2, -2, 0, -1]","[5]",heuristic,16-19
44467237235354472,17,"[-3, -6, 7, -5, -5, -5, 6]","[2]",heuristic,16-19
45135767126366212,17,"[-4, 2, -3, 11, 2, -5, -12]","[3]",random,16-19
45245763445535662,17,"[-11, 8, -12, 8, -11, -11, 4]","[1, 3]",heuristic,16-19
45332143341655342,17,"[-11, 13, -11, 12, -11, 12, 12]","[1]",heuristic,16-19
45645434445337125,17,"[-12, -12, -12, null, -2, -12, -12]","[4]",heuristic,16-19
45766313356466743,17,"[-11, 2, -11, 5, -11, -11, -11]","[3]",heuristic,16-19
46543255433511245,17,"[4, 10, 11, 6, 2, 10, 4]","[2]",heuristic,16-19
46655453265534344,17,"[-2, 0, 2, 0, 0, 0, -2]","[2]",heuristic,16-19
47644357173477376,17,"[-11, -11, -11, -11, -11, -11, null]","[0, 1, 2, 3, 4, 5]",random,16-19
52314645634416566,17,"[-9, -11, 11, -5, 5, -9, -5]","[2]",heuristic,16-19
52442436333566514,17,"[-12, -12, -12, -12, -12, -12, -12]","[0, 1, 2, 3, 4, 5, 6]",heuristic,16-19
52644214555432244,17,"[-11, -11, -12, null, -11, 6, -11]","[5]",heuristic,16-19
52766256445536131,17,"[4, 12, 11, 13, 11, 12, 10]","[3]",heuristic,16-19
53256475346327142,17,"[-12, 12, -12, 13, -12, 13, -12]","[3, 5]",random,16-19
53366544656655423,17,"[-11, -11, -6, -6, -11, -11, -11]","[2, 3]",heuristic,16-19
53436735154744635,17,"[-3, -4, -4, -2, -3, -3, -2]","[3, 6]",heuristic,16-19
53524655655443672,17,"[-12, -12, -10, -12, null, -12, -12]","[2]",random,16-19
53753227541154744,17,"[-12, -12, 4, -12, -12, -12, -12]","[2]",heuristic,16-19
54131256554344445,17,"[-5, -11, -2, null, -10, -9, -10]","[2]",heuristic,16-19
54315731272637152,17,"[-12, -12, -12, -12, -12, -12, 13]","[6]",random,16-19
54344543313344766,17,"[-12, -12, -12, null, -9, -12, -12]","[4]",heuristic,16-19
54377276571535643,17,"[-12, -12, 2, -12, -12, -12, -12]","[2]",heuristic,16-19
54735213461127444,17,"[-9, 0, -2, -10, 0, -10, -10]","[1, 4]",heuristic,16-19
55153252415121442,17,"[13, -12, -12, -12, -12, -2, -12]","[0]",random,16-19
55344445324463366,17,"[-11, -4, -11, null, -4, -7, -11]","[1, 4]",heuristic,16-19
55362444543443321,17,"[2, 5, 4, null, 2, 2, 4]","[1]",heuristic,16-19
55544733175634342,17,"[-5, -8, -8, 0, -8, -7, 0]","[3, 6]",heuristic,16-19
55635222334762147,17,"[0, 8, -8, 2, 2, 2, 0]","[1]",heuristic,16-19
56634273233444425,17,"[-9, -12, -9, -9, 1, -2, -10]","[4]",heuristic,16-19
61151361571465433,17,"[-12, 13, -12, -12, -12, -12, -12]","[1]",random,16-19
61454544722134426,17,"[4, -3, -3, null, 6, 4, -6]","[4]",heuristic,16-19
61565216127126646,17,"[2, 2, 13, 5, 3, null, 0]","[2]",random,16-19
62162365236376655,17,"[12, 12, 13, 13, 12, null, 12]","[2, 3]",random,16-19
62265542235435624,17,"[-12, -12, -12, -12, -12, -12, -12]","[0, 1, 2, 3, 4, 5, 6]",random,16-19
62336416632474576,17,"[11, 11, 12, 13, 12, 10, 11]","[3]",random,16-19
64233445422454665,17,"[-12, -12, -12, null, -12, -12, -12]","[0, 1, 2, 4, 5, 6]",heuristic,16-19
64244352551616636,17,"[0, 0, -12, 3, -10, -10, -3]","[3]",heuristic,16-19
64342445557364666,17,"[2, 3, 11, 3, 3, 3, 3]","[2]",heuristic,16-19
64422444523453722,17,"[-11, -11, 12, null, 12, 6, 7]","[2, 4]",heuristic,16-19
64446166443312364,17,"[-4, -4, -5, null, -4, -4, -4]","[0, 1, 4, 5, 6]",heuristic,16-19
64511653263245454,17,"[-12, -12, -12, -10, -12, -12, -12]","[3]",heuristic,16-19
64577245544516464,17,"[-2, 0, -2, null, -2, 5, 3]","[5]",heuristic,16-19
64643463351337371,17,"[-12, -12, null, 13, -12, -5, -12]","[3]",random,16-19
65215712477475127,17,"[-12, -12, -12, -12, -12, -12, -3]","[6]",random,16-19
65372265313312724,17,"[2, 13, 2, 2, 12, 2, 2]","[1]",random,16-19
65552351546214524,17,"[-12, -12, 4, -12, null, -12, -12]","[2]",heuristic,16-19
65754731411337427,17,"[-12, -12, -12, -10, -12, -12, -12]","[3]",random,16-19
66234466225734731,17,"[9, 5, 10, 10, 8, 5, 5]","[2, 3]",heuristic,16-19
66355443332442624,17,"[-4, 2, -10, -3, 2, -3, -10]","[1, 4]",heuristic,16-19
67545621123523571,17,"[-2, -2, 2, 1, -2, 3, 8]","[6]",random,16-19
71266773313761761,17,"[-4, -6, -3, -3, -3, -4, -4]","[2, 3, 4]",random,16-19
71577645132425622,17,"[3, 3, 3, 11, 10, 10, 3]","[3]",random,16-19
71664534537677252,17,"[3, 11, 10, 11, 10, 12, 3]","[5]",heuristic,16-19
72567411146211525,17,"[-12, 13, -12, -12, 4, -12, -12]","[1]",random,16-19
72577757265361422,17,"[-12, -12, -12, -12, -11, -12, -12]","[4]",random,16-19
73331572372722436,17,"[2, -11, -11, 13, 2, -11, 12]","[3]",random,16-19
74423447332211173,17,"[-1, -1, -1, 0, -12, -9, 0]","[3, 6]",heuristic,16-19
74536355343443544,17,"[2, 2, 5, null, 5, 5, 5]","[2, 4, 5, 6]",heuristic,16-19
74545446652726726,17,"[-3, -3, -3, -2, 9, -3, -2]","[4]",heuristic,16-19
75172227437163443,17,"[-2, -2, -2, -2, 0, -1, -2]","[4]",random,16-19
76162274536476323,17,"[-12, -12, -12, -12, -12, -12, -2]","[6]",random,16-19
76171456554731354,17,"[2, -12, 2, 5, 6, 6, 6]","[4, 5, 6]",random,16-19
76171555253271545,17,"[2, 2, 3, 4, null, 4, 4]","[3, 5, 6]",random,16-19
76375754724753147,17,"[-12, -12, -12, -12, 13, -12, null]","[4]",random,16-19
76414631324722721,17,"[-12, -12, -12, -10, -12, -12, -12]","[3]",random,16-19
77557421524121361,17,"[-10, -10, -11, -8, -10, -11, -10]","[3]",random,16-19
116113457754337463,18,"[-11, -11, -11, -11, -4, 11, -7]","[5]",random,16-19
122251311577223642,18,"[-10, null, 11, -2, 0, 0, -10]","[2]",random,16-19
142654135344441155,18,"[-10, -12, 2, null, 2, -10, -10]","[2, 4]",heuristic,16-19
144337142237337462,18,"[10, 10, -3, -3, -4, -2, -1]","[0, 1]",heuristic,16-19
151763652432265415,18,"[12, 2, 11, 11, 1, -2, -2]","[0]",random,16-19
152643347633432422,18,"[11, -11, -11, -11, -12, -11, 9]","[0]",heuristic,16-19
155433327134517676,18,"[-12, 10, -12, -12, -12, -12, 12]","[6]",random,16-19
162311445642132114,18,"[null, -12, -12, -12, -11, -12, -12]","[4]",random,16-19
166224435713456723,18,"[-12, -12, 7, -12, -12, -12, -12]","[2]",heuristic,16-19
221445426342141466,18,"[12, 9, -12, null, -12, -12, -12]","[0]",random,16-19
225763435646441227,18,"[-12, -12, 12, -12, 11, -12, -12]","[2]",random,16-19
226344624644574532,18,"[-12, -5, -12, null, -12, -12, -12]","[1]",heuristic,16-19
233566554454374333,18,"[-3, 11, null, 3, -3, -12, -11]","[1]",heuristic,16-19
234554273661435552,18,"[-12, 2, -12, -12, -12, -12, -12]","[1]",heuristic,16-19
237677774164311315,18,"[5, -1, 1, -2, 4, 5, 0]","[0, 5]",random,16-19
241327736735133262,18,"[-12, -4, -4, 9, 9, 9, -4]","[3, 4, 5]",random,16-19
242246243663357132,18,"[2, 3, 8, 8, 3, 3, 4]","[2, 3]",heuristic,16-19
242322555155467343,18,"[-12, -12, 5, -12, -12, -12, -12]","[2]",heuristic,16-19
243335632512345543,18,"[-12, -12, null, 12, -12, 11, -12]","[3]",random,16-19
244163427426642335,18,"[10, 10, 11, 3, 11, 3, 3]","[2, 4]",heuristic,16-19
246761424533753656,18,"[1, 12, 10, 11, 9, -4, -12]","[1]",heuristic,16-19
247273411423441667,18,"[-12, -12, -12, -12, 11, -12, -12]","[4]",random,16-19
247576146246366177,18,"[-12, -12, -12, -12, -12, -12, -12]","[0, 1, 2, 3, 4, 5, 6]",random,16-19
253557315245443365,18,"[-3, -2, 0, -1, null, -2, -3]","[2]",heuristic,16-19
254431254334466552,18,"[0, 0, -1, 0, 3, 4, 0]","[5]",heuristic,16-19
254441537243115432,18,"[9, 10, 11, 9, 10, 11, 9]","[2, 5]",heuristic,16-19
254447414425625765,18,"[2, 2, 2, null, 2, 11, 2]","[5]",heuristic,16-19
254631543253767354,18,"[-12, -12, -12, -2, 12, -12, -12]","[4]",heuristic,16-19
256612571344553675,18,"[-1, -3, -1, -10, -4, -5, -4]","[0, 2]",random,16-19
257321771372172712,18,"[12, 1, 2, 4, 4, 2, null]","[0]",random,16-19
264765721332246274,18,"[-2, -2, -1, -2, -1, 10, 11]","[6]",random,16-19
273376272237264746,18,"[12, -12, -12, -12, 12, -12, -12]","[0, 4]",random,16-19
275426223565542743,18,"[-2, -2, 3, 7, -2, -3, -2]","[3]",heuristic,16-19
315576176226144656,18,"[-12, -12, 12, -12, -12, 9, -12]","[2]",random,16-19
322547117123223562,18,"[-7, null, -2, -9, 3, 0, -9]","[4]",heuristic,16-19
331542143254111442,18,"[-12, -5, -12, -12, -12, -12, -12]","[1]",heuristic,16-19
333724645122757313,18,"[-12, -12, -12, -12, -12, -5, -12]","[5]",random,16-19
334146465366122414,18,"[-1, -2, 0, -7, -10, -8, -3]","[2]",random,16-19
336447314256536544,18,"[1, 4, 3, 3, 0, 4, 3]","[1, 5]",heuristic,16-19
337544721457366644,18,"[-12, 12, -12, -12, 12, -12, -12]","[1, 4]",random,16-19
342512234675334552,18,"[0, 2, 3, 4, 3, 3, 2]","[3]",heuristic,16-19
343374233324444255,18,"[-12, -12, null, null, -12, -12, -12]","[0, 1, 4, 5, 6]",heuristic,16-19
344244561534432163,18,"[-12, -8, -12, null, -12, -12, -12]","[1]",heuristic,16-19
344757225154414646,18,"[3, 5, 4, null, 12, 11, 3]","[4]",random,16-19
346115454553344363,18,"[3, 2, 2, 3, 2, 11, 2]","[5]",heuristic,16-19
347425244252433154,18,"[-2, 4, 5, null, 8, 3, 8]","[4, 6]",heuristic,16-19
352552544344324677,18,"[9, 10, 9, 9, 10, 11, 3]","[5]",heuristic,16-19
353445223357652412,18,"[-12, -12, -12, -12, -12, -12, -12]","[0, 1, 2, 3, 4, 5, 6]",heuristic,16-19
354466374256222455,18,"[-8, -8, -8, -8, -4, -3, -4]","[5]",heuristic,16-19
354574214553245156,18,"[-12, -12, -12, -12, null, -3, -12]","[5]",heuristic,16-19
354674322433556753,18,"[-2, -3, -2, 11, -2, 1, -2]","[3]",heuristic,16-19
361757323453245332,18,"[3, 3, null, 11, 12, 10, 3]","[4]",random,16-19
367143424155144141,18,"[2, 5, 10, null, 5, 2, -4]","[2]",random,16-19
373777662611747521,18,"[-12, -12, -12, -12, 8, -12, null]","[4]",random,16-19
377446224461447111,18,"[-12, -12, -12, null, 10, -12, -12]","[4]",random,16-19
417557761563516462,18,"[11, 11, 11, 11, 11, 12, 12]","[5, 6]",random,16-19
426225526553525213,18,"[-11, null, -2, 0, null, 0, -11]","[3, 5]",random,16-19
436526431216753335,18,"[-12, -12, -12, -12, 0, -12, -12]","[4]",random,16-19
441334425412233332,18,"[-1, -1, null, -1, -8, -1, 2]","[6]",heuristic,16-19
442736653543414775,18,"[-12, -12, -12, 12, 12, -12, -12]","[3, 4]",random,16-19
443144334645653633,18,"[1, -12, null, null, 3, 2, 1]","[4]",heuristic,16-19
443236457626675755,18,"[-2, 0, 11, -12, 1, 0, -2]","[2]",heuristic,16-19
443551661553535176,18,"[-12, -12, -12, -3, null, -12, -12]","[3]",random,16-19
447616432665665755,18,"[-4, -4, 1, -12, 1, null, -4]","[2, 4]",heuristic,16-19
453321334424574767,18,"[-12, -12, -12, -12, -12, -12, -11]","[6]",heuristic,16-19
454613526363334435,18,"[2, 2, null, 5, 0, 5, 4]","[3, 5]",heuristic,16-19
456354421544562552,18,"[4, 9, 11, 4, null, -12, 4]","[2]",random,16-19
456645344446721361,18,"[-11, 11, 11, null, 12, -11, -11]","[4]",random,16-19
457755643472174764,18,"[-11, -11, -11, -11, -10, -12, -11]","[4]",random,16-19
463551445136552245,18,"[0, 6, 6, 5, null, 5, 0]","[1, 2]",heuristic,16-19
465334526622144357,18,"[-12, 0, 11, 0, 12, -1, 0]","[4]",heuristic,16-19
465452344147347337,18,"[-5, 5, -5, null, 5, 4, -5]","[1, 4]",heuristic,16-19
465672571731244361,18,"[0, 1, 11, 11, 11, 3, 12]","[6]",random,16-19
473264754745675744,18,"[-12, -12, -12, null, -12, -12, 2]","[6]",random,16-19
511451712347642574,18,"[-5, 11, 12, -2, -2, -5, -2]","[2]",random,16-19
514777166112636374,18,"[11, 11, 11, 11, 12, 12, 11]","[4, 5]",random,16-19
531366235464276564,18,"[-12, -12, -12, -12, -12, 12, -12]","[5]",random,16-19
532554364563643121,18,"[2, 10, 2, 11, -11, 10, 2]","[3]",heuristic,16-19
533363262136315241,18,"[11, -12, null, 12, -12, -12, 12]","[3, 6]",random,16-19
536265472131466144,18,"[2, -12, -12, -12, -12, -12, -12]","[0]",random,16-19
541522366555223475,18,"[-10, -10, 11, 12, null, -4, -10]","[3]",random,16-19
544437444323265655,18,"[-10, 0, -6, null, -9, -8, -8]","[1]",heuristic,16-19
545177667536257266,18,"[-5, -8, -8, -11, -8, -8, -5]","[0, 6]",random,16-19
545334261762752153,18,"[-11, -11, -11, 12, -11, -12, -11]","[3]",random,16-19
545444251642432552,18,"[-4, -4, -10, null, -4, -4, -4]","[0, 1, 4, 5, 6]",heuristic,16-19
547444336463353223,18,"[-5, -5, null, -5, -5, 2, -7]","[5]",heuristic,16-19
552643152422436334,18,"[-3, -7, -4, -2, -3, -12, -3]","[3]",heuristic,16-19
554334437654117716,18,"[2, -2, 0, 1, 2, -4, -1]","[0, 4]",random,16-19
557324555161254334,18,"[-2, 11, 7, 12, null, -3, -3]","[3]",heuristic,16-19
562176344325454435,18,"[-12, -12, -12, -12, 12, -12, -12]","[4]",heuristic,16-19
562336672234566551,18,"[-12, -12, -12, 12, -12, -12, -12]","[3]",random,16-19
563171473112741467,18,"[-10, -4, 2, 2, -10, -10, -10]","[2, 3]",random,16-19
563324436144233432,18,"[-3, -12, null, -12, -12, -12, -12]","[0]",heuristic,16-19
564751754655573232,18,"[-11, -11, 0, -12, null, 0, -11]","[2, 5]",heuristic,16-19
571476522263156447,18,"[-12, -12, -12, -12, -12, 8, -12]","[5]",random,16-19
574254775543531336,18,"[2, 3, 3, 4, 3, 1, 3]","[3]",heuristic,16-19
575662713166456516,18,"[4, 0, 4, 12, 0, null, 11]","[3]",random,16-19
576455773523265174,18,"[-11, -9, -11, -12, -11, -10, -11]","[1]",heuristic,16-19
612465663644713426,18,"[-4, 11, 11, -4, 12, null, -4]","[4]",random,16-19
621374711637214413,18,"[-12, -12, -12, -12, -5, -12, -12]","[4]",random,16-19
632573243422765771,18,"[-10, -10, -10, 11, 2, 1, -10]","[3]",heuristic,16-19
632744665174277774,18,"[-12, -12, -12, -5, -12, -12, null]","[3]",random,16-19
633324546666444536,18,"[3, -2, -2, 3, 0, null, -3]","[0, 3]",heuristic,16-19
634364444745215633,18,"[-11, -11, -11, null, 0, 0, -11]","[4, 5]",heuristic,16-19
637522513716455216,18,"[-9, -11, -11, -11, -11, -10, -11]","[0]",heuristic,16-19
642373161332436435,18,"[0, 0, null, -11, -11, -11, -11]","[0, 1]",heuristic,16-19
642377541444557623,18,"[-11, 11, 12, -11, -11, -12, -11]","[2]",heuristic,16-19
646326664457356355,18,"[-8, -8, -10, -9, -8, null, -8]","[0, 1, 4, 6]",heuristic,16-19
646447252553623225,18,"[-12, -12, 12, -12, -12, 12, -12]","[2, 5]",random,16-19
657621766652441353,18,"[-10, -11, 0, 2, 0, -10, 1]","[3]",random,16-19
665644516645445113,18,"[8, 11, 11, 9, 9, 9, 12]","[6]",random,16-19
674473515727454411,18,"[-2, 2, -2, -2, -2, -3, -2]","[1]",random,16-19
715434777316562467,18,"[-12, -12, -12, -2, -12, -12, -12]","[3]",random,16-19
723144565521433434,18,"[9, -8, 9, -4, -7, -3, -6]","[0, 2]",heuristic,16-19
742447426677316642,18,"[-5, -5, -3, 12, -12, -8, -5]","[3]",random,16-19
743333752363744646,18,"[-12, -12, null, -12, 9, -12, 12]","[6]",random,16-19
753553123114724434,18,"[-12, -12, -12, -12, -11, -12, -12]","[4]",random,16-19
753654235735541517,18,"[2, 3, 3, 2, null, 2, 2]","[1, 2]",heuristic,16-19
754643512423444633,18,"[0, 0, 0, null, -8, 0, -6]","[0, 1, 2, 5]",heuristic,16-19
755455334424275662,18,"[-11, -11, -11, -7, -11, -8, -11]","[3]",heuristic,16-19
761144654612754723,18,"[-11, -11, 11, 11, 12, 9, -11]","[4]",random,16-19
765447311541273274,18,"[-12, -12, 10, -12, -12, -12, -12]","[2]",heuristic,16-19
1133656553362424544,19,"[-11, -11, -11, -11, -11, -11, -11]","[0, 1, 2, 3, 4, 5, 6]",heuristic,16-19
1144272111134765742,19,"[null, -11, -11, -11, -11, -11, -11]","[1, 2, 3, 4, 5, 6]",random,16-19
1154626762252215213,19,"[-11, null, -11, -11, -11, 0, -11]","[5]",random,16-19
1253554761461565517,19,"[0, 8, 11, 11, null, 0, -11]","[2, 3]",random,16-19
1354555625142573446,19,"[2, 4, 2, -9, null, 4, -9]","[1, 5]",heuristic,16-19
1454136571244351172,19,"[-11, 12, -11, -11, -11, 12, -11]","[1, 5]",random,16-19
1466711447717434147,19,"[-11, -11, -11, null, -11, -11, 4]","[6]",random,16-19
1476116275423217762,19,"[-11, -11, -11, -11, -4, -11, -11]","[4]",random,16-19
1723126432652122756,19,"[-11, null, -11, -11, -11, -2, -11]","[5]",random,16-19
2155343456334522667,19,"[-11, -11, -11, 11, -11, -11, -11]","[3]",heuristic,16-19
2166643552254441743,19,"[1, 1, 0, 1, 0, 0, 0]","[0, 1, 3]",heuristic,16-19
2235412432337564255,19,"[0, 0, 2, 10, 2, 10, 6]","[3, 5]",heuristic,16-19
2324333654367444525,19,"[-11, -11, -11, -11, 4, -11, -11]","[4]",heuristic,16-19
2335753645521557273,19,"[-11, -11, -9, -11, null, -11, -11]","[2]",heuristic,16-19
2346763223726563576,19,"[-11, -11, -11, 12, -11, -11, -11]","[3]",random,16-19
2357364724241413166,19,"[-11, -11, -11, 12, 12, -11, -11]","[3, 4]",random,16-19
2442575445224245727,19,"[-3, null, -4, null, 1, -11, -3]","[4]",heuristic,16-19
2573331257622642376,19,"[-11, -11, -11, -11, -11, -11, -2]","[6]",random,16-19
2624561536634546631,19,"[2, 5, 8, 8, 8, null, 2]","[2, 3, 4]",heuristic,16-19
2635347457336625365,19,"[-11, -11, -11, 11, -11, -11, -11]","[3]",heuristic,16-19
2657433347254464115,19,"[-11, -11, -11, -11, 9, -11, -11]","[4]",heuristic,16-19
2715656113424561225,19,"[-11, -11, -11, -11, -11, -10, -11]","[5]",random,16-19
2756246613175531553,19,"[-11, -11, -11, -11, -11, -11, -11]","[0, 1, 2, 3, 4, 5, 6]",random,16-19
2774465275544234422,19,"[2, 2, 5, null, 2, 2, 6]","[6]",heuristic,16-19
3116116124767176563,19,"[null, -11, -11, -11, -11, 12, 11]","[5]",random,16-19
3214563552663646652,19,"[-11, -11, -11, -11, -11, null, -11]","[0, 1, 2, 3, 4, 6]",random,16-19
3253465663243467411,19,"[-9, 11, 2, 2, -11, -7, -7]","[1]",heuristic,16-19
3263624543332224456,19,"[-11, -11, -11, -11, -11, 0, -11]","[5]",heuristic,16-19
3321652523163462327,19,"[-1, -1, -1, 12, 11, -1, -1]","[3]",random,16-19
3331437647777563547,19,"[0, 0, 1, 4, 2, -10, null]","[3]",heuristic,16-19
3343356213715565553,19,"[-10, 11, null, -11, null, -10, -4]","[1]",heuristic,16-19
3432444263431422315,19,"[-10, -9, -10, null, -4, -4, -10]","[4, 5]",heuristic,16-19
3445442425514675556,19,"[-4, -9, -10, null, null, -11, -10]","[0]",heuristic,16-19
3454562442746546133,19,"[12, 10, 10, null, 11, 10, 11]","[0]",heuristic,16-19
3455724665462554777,19,"[-3, -4, -1, 1, 1, 1, -3]","[3, 4, 5]",heuristic,16-19
3537334412656424436,19,"[-11, -11, -11, -11, -11, 8, -11]","[5]",heuristic,16-19
3543534564217537444,19,"[5, 4, 5, null, 5, 4, 5]","[0, 2, 4, 6]",heuristic,16-19
3554354444542272336,19,"[-11, -11, -11, null, -11, 4, -11]","[5]",heuristic,16-19
3622247635135246654,19,"[-11, -11, -11, -11, 6, -11, -11]","[4]",heuristic,16-19
3747656773442156562,19,"[3, 4, 3, 3, 8, 11, 2]","[5]",heuristic,16-19
3764234535633445536,19,"[-11, -11, null, -11, -11, -10, -11]","[5]",heuristic,16-19
3772444562446224235,19,"[1, -9, -11, null, 4, -8, -10]","[4]",heuristic,16-19
4127175351615372133,19,"[-11, -11, -11, -11, -3, -11, -11]","[4]",random,16-19
4133364544335244136,19,"[-10, -11, null, null, -5, -5, -11]","[4, 5]",heuristic,16-19
4144542344231332165,19,"[2, 2, 3, null, 12, 7, 2]","[4]",heuristic,16-19
4225413425455413357,19,"[-10, 1, 1, -10, -10, 0, -10]","[1, 2]",heuristic,16-19
4261754375417362613,19,"[12, -11, -11, -11, -11, -11, -11]","[0]",random,16-19
4262432575577462544,19,"[-2, -3, -4, -4, 2, -3, -8]","[4]",random,16-19
4264261136257263517,19,"[11, -8, 12, 9, 2, -8, -8]","[2]",random,16-19
4334534657634644356,19,"[-10, -10, -10, null, -2, -4, -10]","[4]",heuristic,16-19
4335456644311413461,19,"[-10, -11, -11, null, -11, -11, -11]","[0]",heuristic,16-19
4366323672746461621,19,"[-11, 12, -11, -11, -1, null, -11]","[1]",random,16-19
4442612422561657124,19,"[-11, -11, -9, -11, 12, -11, -11]","[4]",random,16-19
4445243125564235513,19,"[-11, -11, -2, -11, -11, -11, -11]","[2]",heuristic,16-19
4445524447155566353,19,"[-10, -8, -11, null, null, -10, -10]","[1]",heuristic,16-19
4453761647526565166,19,"[0, -4, -3, 0, 0, null, -11]","[0, 3, 4]",heuristic,16-19
4512137523775146477,19,"[-11, -11, -11, -9, -11, -11, -11]","[3]",random,16-19
4515546315354246443,19,"[-11, -11, -11, null, -11, -11, -11]","[0, 1, 2, 4, 5, 6]",heuristic,16-19
4522651356543445424,19,"[3, 11, 3, null, 3, 3, 0]","[1]",heuristic,16-19
4531571172142361357,19,"[-6, -6, 1, 10, -2, -10, 0]","[3]",random,16-19
4531655436255333544,19,"[-2, 3, -2, 5, null, -2, 2]","[3]",heuristic,16-19
4543443611422532255,19,"[-4, -4, -3, -1, -3, -1, -3]","[3, 5]",heuristic,16-19
4631132214611262437,19,"[-11, 12, -11, 12, 12, -11, -11]","[1, 3, 4]",random,16-19
4631454444352116766,19,"[-11, -11, -11, null, -11, -11, -11]","[0, 1, 2, 4, 5, 6]",heuristic,16-19
4633645273725222465,19,"[-11, -11, -11, -11, -11, -11, -11]","[0, 1, 2, 3, 4, 5, 6]",heuristic,16-19
4641444742675621773,19,"[-4, -9, -4, null, -8, -8, -9]","[0, 2]",heuristic,16-19
4667217173652465224,19,"[-11, -11, -11, -11, -11, -11, -11]","[0, 1, 2, 3, 4, 5, 6]",random,16-19
4746642531443521533,19,"[-11, -11, 0, -11, -11, -11, -11]","[2]",heuristic,16-19
4771337436776446174,19,"[-5, -4, 0, -4, -1, 6, null]","[5]",random,16-19
5131344243347771547,19,"[12, 12, -11, -11, -11, -11, -11]","[0, 1]",random,16-19
5157221533213154434,19,"[-11, 0, -11, -11, -11, -11, -11]","[1]",random,16-19
5175324144121573222,19,"[-11, -11, -11, -11, 12, 10, -11]","[4]",random,16-19
5271224736646765147,19,"[-11, -11, -11, -11, -11, -10, -11]","[5]",random,16-19
5315244446741456725,19,"[5, -4, 3, null, 2, 4, 3]","[0]",heuristic,16-19
5326334535444476633,19,"[0, 1, null, 1, 1, 0, 0]","[1, 3, 4]",heuristic,16-19
5346762345667462731,19,"[-11, -11, 12, -11, -11, -11, 9]","[2]",random,16-19
5354443475226654423,19,"[-11, 7, -11, null, -11, -11, -11]","[1]",heuristic,16-19
5431446716556321611,19,"[0, 11, 0, 12, 11, 11, 0]","[3]",random,16-19
5446424445356123665,19,"[-9, -10, 0, null, 0, 0, -4]","[2, 4, 5]",heuristic,16-19
5451552443245244166,19,"[-2, -2, -2, null, -2, 4, -2]","[5]",heuristic,16-19
5473447377342353434,19,"[5, 5, null, null, 6, -11, 5]","[4]",heuristic,16-19
5535745434443366746,19,"[2, -10, 1, null, 1, 2, 2]","[0, 5, 6]",heuristic,16-19
5553547716117152731,19,"[-11, -11, -11, -11, -5, -11, -11]","[4]",random,16-19
5613473442473255334,19,"[-11, -11, -11, -10, -11, -11, -11]","[3]",heuristic,16-19
5614557734773545314,19,"[-11, -11, 0, -11, 12, -11, -11]","[4]",random,16-19
5643672453365521655,19,"[-10, 0, -10, 2, null, 0, -10]","[3]",heuristic,16-19
5662626432277326763,19,"[-11, -11, -11, -3, -11, null, -11]","[3]",random,16-19
5714142167344654455,19,"[4, 3, 2, null, 4, 4, 11]","[6]",heuristic,16-19
5717537165533721477,19,"[4, 0, -1, 4, -4, -4, null]","[0, 3]",random,16-19
6272166637667152535,19,"[-11, 12, -11, -11, -11, null, -11]","[1]",random,16-19
6343633344262643452,19,"[-11, -5, null, -11, -11, -11, -11]","[1]",heuristic,16-19
6435573546332266644,19,"[-2, -1, -1, -1, -1, -1, -1]","[1, 2, 3, 4, 5, 6]",heuristic,16-19
6445432244455653552,19,"[-11, -11, -5, null, null, -11, -11]","[2]",heuristic,16-19
6476277775446721251,19,"[-11, -1, -11, -11, -11, -11, null]","[1]",random,16-19
6542444146646665211,19,"[-7, -7, -5, null, -4, null, -8]","[4]",heuristic,16-19
6542465777252623477,19,"[-11, -11, -11, 12, -11, -11, -11]","[3]",random,16-19
6543154464664453265,19,"[-4, -4, 10, null, 2, -4, -11]","[2]",heuristic,16-19
6555341644374554436,19,"[-5, -11, -5, null, -5, 0, 0]","[5, 6]",heuristic,16-19
6624172334425577551,19,"[-10, -10, 2, 2, -10, 2, 1]","[2, 3, 5]",heuristic,16-19
6654641322666255144,19,"[10, 10, 11, 2, 11, null, 2]","[2, 4]",heuristic,16-19
6752744557644566347,19,"[9, 9, 12, 11, 11, 10, 10]","[2]",random,16-19
6776323615231156655,19,"[-10, -10, -10, -11, -10, -10, -10]","[0, 1, 2, 4, 5, 6]",random,16-19
7111453373416661435,19,"[12, -11, 12, 11, -11, -11, -11]","[0, 2]",random,16-19
7113456575665755112,19,"[1, 10, 10, 11, null, 11, 1]","[3, 5]",random,16-19
7172325441176225564,19,"[0, -8, -11, -8, -7, -11, -7]","[0]",random,16-19
7324544146152277346,19,"[-11, -11, -11, -11, -11, -11, -11]","[0, 1, 2, 3, 4, 5, 6]",random,16-19
7337465542514453216,19,"[-4, -4, -4, -8, -4, -3, -4]","[5]",heuristic,16-19
7345243224623224447,19,"[-10, null, 8, null, 2, 2, 1]","[2]",heuristic,16-19
7443536337153454352,19,"[5, 9, null, 8, 9, 8, 8]","[1, 4]",heuristic,16-19
7524634365562377463,19,"[-11, -11, -11, 3, -11, -11, 12]","[6]",random,16-19
7541645455344231334,19,"[-3, 4, 4, null, 4, 4, 4]","[1, 2, 4, 5, 6]",heuristic,16-19
7551612421672765523,19,"[12, -11, -11, -11, -11, -1, -11]","[0]",random,16-19
7654625663653233133,19,"[-11, -11, null, 1, -11, -11, -11]","[3]",random,16-19
7714443171177511575,19,"[null, -4, -3, -3, 0, -10, null]","[4]",random,16-19
7723545243375573236,19,"[-11, -11, -11, -11, -11, -11, -11]","[0, 1, 2, 3, 4, 5, 6]",random,16-19
11217614652511333726,20,"[null, 11, 7, 9, 9, 9, -11]","[1]",random,20-23
13363532767625614456,20,"[9, 10, 11, 10, 9, 9, 10]","[2]",random,20-23
13766446175664641327,20,"[11, -7, -9, -6, -11, null, -6]","[0]",random,20-23
14124766646454655156,20,"[-11, -11, 11, 3, -11, null, -11]","[2]",random,20-23
14254266723131417572,20,"[-11, -11, -11, -11, -11, -11, 11]","[6]",random,20-23
15522274327526316767,20,"[-2, 5, 10, 11, 8, 10, 7]","[3]",random,20-23
16577746616275665455,20,"[9, 9, -11, 10, 9, null, 9]","[3]",random,20-23
16752527613227242536,20,"[-11, null, -11, -11, -11, -11, -11]","[0, 2, 3, 4, 5, 6]",random,20-23
17563544115457675673,20,"[10, 11, -11, 10, 11, 10, 10]","[1, 4]",random,20-23
21627216373312362346,20,"[-11, -11, -11, -11, 11, -6, -11]","[4]",random,20-23
21633766731167667477,20,"[-3, 2, -2, 9, -1, null, null]","[3]",random,20-23
21726551664712454275,20,"[-11, -2, -11, 11, -11, -11, -11]","[3]",random,20-23
22754443341165553233,20,"[-3, -4, -3, -1, -2, -3, 2]","[6]",heuristic,20-23
23321553611643677617,20,"[10, 11, 10, 10, 10, 10, 11]","[1, 6]",random,20-23
23433747642341351442,20,"[2, 4, 1, null, 4, 2, 2]","[1, 4]",heuristic,20-23
23551433362451144367,20,"[-2, 0, -2, 0, 0, 0, -2]","[1, 3, 4, 5]",heuristic,20-23
23644252473732277433,20,"[7, 7, 7, 7, 11, 9, 8]","[4]",heuristic,20-23
24124214657743536532,20,"[-11, -4, -11, -11, -11, -11, -11]","[1]",heuristic,20-23
24337216627627233672,20,"[-5, null, -9, -8, -10, -9, -9]","[0]",random,20-23
24366423432255144231,20,"[-2, -2, -2, 0, -2, 0, -2]","[3, 5]",heuristic,20-23
24561455134147635327,20,"[-11, -11, 8, -11, -11, -11, -11]","[2]",random,20-23
24723156571425554422,20,"[10, 0, 11, 9, 0, 0, 0]","[2]",random,20-23
25132163135535231251,20,"[-7, -3, -7, -11, -7, -9, -7]","[1]",random,20-23
25213533355554336144,20,"[-11, 0, null, -11, null, -11, -11]","[1]",heuristic,20-23
25245233722111235733,20,"[-11, null, -11, -11, -11, -11, -11]","[0, 2, 3, 4, 5, 6]",random,20-23
26434633535223345514,20,"[-11, -11, null, -11, -11, -11, -11]","[0, 1, 3, 4, 5, 6]",heuristic,20-23
27513462345545335353,20,"[-9, -10, null, -4, null, -3, -9]","[5]",heuristic,20-23
27746462522643253774,20,"[-2, -8, -5, -8, -5, -2, -8]","[0, 5]",heuristic,20-23
31116543421415155654,20,"[null, -11, -11, -11, -11, -11, -10]","[6]",random,20-23
31654144455224347656,20,"[6, 6, 10, null, 10, 11, -8]","[5]",heuristic,20-23
32212227664511517513,20,"[-9, -9, -3, -10, -9, -9, -9]","[2]",heuristic,20-23
32354543344552222566,20,"[-11, -11, -11, -11, -11, 6, -11]","[5]",heuristic,20-23
33452133354644355554,20,"[0, -2, null, 0, null, 0, 0]","[0, 3, 5, 6]",heuristic,20-23
33643443344534555551,20,"[0, -2, null, null, null, -2, 2]","[6]",heuristic,20-23
34136467475412167257,20,"[11, 10, 10, 9, 10, 9, 9]","[0]",random,20-23
34137614354567767154,20,"[-4, -11, -7, -8, -7, -8, -4]","[0, 6]",heuristic,20-23
34257524325622671154,20,"[-11, -11, -11, 11, -11, -11, -11]","[3]",random,20-23
34336165544344167533,20,"[-11, -11, null, -11, 2, -11, -11]","[4]",heuristic,20-23
34367452736253126473,20,"[-11, -11, -11, -11, -11, -11, 11]","[6]",random,20-23
34574722422733144623,20,"[-11, -11, -11, -11, -11, -11, -2]","[6]",random,20-23
34641557445345332476,20,"[2, 10, -2, null, -2, 11, -2]","[5]",heuristic,20-23
35224115543453444772,20,"[-11, -11, -11, null, -11, -11, -11]","[0, 1, 2, 4, 5, 6]",heuristic,20-23
35225265257322357717,20,"[-11, null, -11, 11, 2, -11, -11]","[3]",random,20-23
35445254244155431662,20,"[0, 0, 0, null, -10, -10, -10]","[0, 1, 2]",heuristic,20-23
35563662754533344645,20,"[-11, -11, -11, -11, 5, -11, -11]","[4]",heuristic,20-23
35572552624346576571,20,"[-8, -8, 8, -11, null, -7, 11]","[6]",random,20-23
36525155125323233346,20,"[-10, -9, null, -11, -10, -10, -10]","[1]",heuristic,20-23
37422254221664321633,20,"[-11, null, -11, 11, -3, -11, -11]","[3]",random,20-23
37431234333442155742,20,"[-11, -2, null, -11, -11, -11, -11]","[1]",heuristic,20-23
37546724624334147763,20,"[-11, -11, -11, -11, -11, 11, -11]","[5]",random,20-23
41255746321414445511,20,"[-4, -3, -11, null, -4, 10, -3]","[5]",heuristic,20-23
41612525764762476534,20,"[-11, -11, -11, -11, -1, -11, -11]","[4]",random,20-23
41727366112523567125,20,"[10, 11, 10, 10, 10, 10, 11]","[1, 6]",random,20-23
42266267225157251645,20,"[-4, null, 10, 9, -4, -3, 9]","[2]",random,20-23
42322716272264343334,20,"[-11, null, -11, -8, -11, -11, -11]","[3]",heuristic,20-23
42343563654336544562,20,"[-11, -11, -11, -11, -11, -11, -11]","[0, 1, 2, 3, 4, 5, 6]",heuristic,20-23
43424442367422675566,20,"[6, -7, 8, null, 10, 4, 6]","[4]",heuristic,20-23
43425334334376512476,20,"[-9, -2, null, -9, -11, -3, -2]","[1, 6]",heuristic,20-23
43435244413551554322,20,"[3, 11, 3, null, 3, 10, 10]","[1]",heuristic,20-23
43437156442434663362,20,"[8, 9, 8, null, 9, 8, 9]","[1, 4, 6]",heuristic,20-23
43441254355445553633,20,"[-2, -2, -2, null, null, -3, -2]","[0, 1, 2, 6]",heuristic,20-23
43445467724436332555,20,"[-4, -11, -4, null, -4, -11, -4]","[0, 2, 4, 6]",heuristic,20-23
43526744636631424432,20,"[-11, 11, -11, null, -11, -11, -11]","[1]",heuristic,20-23
43535734551424461162,20,"[-9, -9, 3, -9, -9, -10, -9]","[2]",heuristic,20-23
43566476415165342532,20,"[1, 10, 9, 0, -9, -9, -1]","[1]",heuristic,20-23
43641213116524467717,20,"[3, -10, 11, 2, -11, 2, 2]","[2]",random,20-23
43644617314453634755,20,"[-11, -11, -11, null, -11, 7, -11]","[5]",heuristic,20-23
43734335555236365544,20,"[2, 4, null, 4, null, 4, 2]","[1, 3, 5]",heuristic,20-23
44252316444676664756,20,"[3, 7, 4, null, 3, null, 3]","[1]",heuristic,20-23
44351237345155742142,20,"[-3, -2, 11, -3, -3, -3, -2]","[2]",random,20-23
44373633434552725226,20,"[-7, 1, 1, 10, 10, 11, 1]","[5]",heuristic,20-23
44435776567244342376,20,"[-11, -11, -11, null, -11, 5, 11]","[6]",random,20-23
44551662655722634344,20,"[10, 10, 11, 10, 10, 11, 10]","[2, 5]",random,20-23
44742737444523616211,20,"[-11, -11, 1, null, -11, -11, -11]","[2]",random,20-23
45135324337374421277,20,"[0, -4, -3, 0, 0, -5, -4]","[0, 3, 4]",heuristic,20-23
45262663221744562154,20,"[0, -2, 11, 9, 10, -2, 9]","[2]",random,20-23
45275656555124632214,20,"[0, -2, -11, 0, null, -2, 0]","[0, 3, 6]",heuristic,20-23
45644565524525441726,20,"[-5, 8, 5, null, null, 7, -10]","[1]",heuristic,20-23
46424435562324643576,20,"[-10, -1, -11, null, 0, -10, -10]","[4]",heuristic,20-23
46523571777725545136,20,"[-10, -10, 1, -2, -10, -11, -10]","[2]",random,20-23
47341444724756277615,20,"[-11, -11, -9, null, -11, -11, -11]","[2]",random,20-23
47452446564413532336,20,"[-11, -11, -11, null, -11, 1, -11]","[5]",heuristic,20-23
47531727534344363623,20,"[-11, -11, null, -11, -11, -11, -11]","[0, 1, 3, 4, 5, 6]",random,20-23
47632464525445266165,20,"[-9, -10, -11, -10, -10, -10, -11]","[0]",heuristic,20-23
51127755427441162423,20,"[2, 10, 11, 2, 2, 0, 2]","[2]",random,20-23
51257443227574265661,20,"[2, 3, -11, 10, 7, 7, 11]","[6]",random,20-23
51311124175433361374,20,"[null, -11, -11, -5, -11, -11, -11]","[3]",random,20-23
51461745456162536453,20,"[4, 5, 6, 10, 3, 11, 10]","[5]",random,20-23
52444436324222334713,20,"[0, 0, 0, null, -10, 0, 0]","[0, 1, 2, 5, 6]",heuristic,20-23
53224542256775577654,20,"[-11, -11, -11, -11, null, -11, -11]","[0, 1, 2, 3, 5, 6]",heuristic,20-23
53235557545444447336,20,"[-11, -11, -11, null, null, 0, -11]","[5]",heuristic,20-23
53243777626745275122,20,"[-11, -11, 11, -11, -11, -11, -11]","[2]",random,20-23
53263443365272622455,20,"[-2, -10, -10, -1, -2, -10, -10]","[3]",heuristic,20-23
53351413547552523141,20,"[0, -10, -3, -2, null, -2, 1]","[6]",random,20-23
53357753732535576272,20,"[-8, -9, -7, 11, null, 8, -7]","[3]",random,20-23
53442622365431255354,20,"[-11, -11, -11, -11, -11, -11, -11]","[0, 1, 2, 3, 4, 5, 6]",random,20-23
54124346446575611323,20,"[-11, -11, -1, -11, -11, -11, -11]","[2]",heuristic,20-23
54164535473554623321,20,"[10, -11, -10, -5, -10, -11, -10]","[0]",heuristic,20-23
54254452552373441745,20,"[0, 10, 0, null, null, 9, 0]","[1]",heuristic,20-23
54473633727533555544,20,"[2, 5, 2, 2, null, 10, 9]","[5]",heuristic,20-23
54533212422355353445,20,"[-11, 4, 4, 4, null, 1, 4]","[1, 2, 3, 6]",heuristic,20-23
55527412422545246426,20,"[-8, null, 4, -6, -8, -6, 2]","[2]",heuristic,20-23
55666747567216571542,20,"[10, 10, 11, 11, 10, 10, 10]","[2, 3]",random,20-23
56113261142654655611,20,"[null, -5, -10, 1, -5, -5, -5]","[3]",random,20-23
56125653353174262734,20,"[-11, -11, 11, 11, -11, 10, -11]","[2, 3]",random,20-23
56147245345434475331,20,"[-2, -1, -1, null, 0, -2, -6]","[4]",heuristic,20-23
56545553544334431342,20,"[5, 2, 4, null, null, 2, 2]","[0]",heuristic,20-23
56724641572265333234,20,"[-11, -11, -11, -11, 0, -11, -11]","[4]",heuristic,20-23
57425236673443622366,20,"[-1, -6, 0, 0, 10, -3, 10]","[4, 6]",heuristic,20-23
57621441263662144133,20,"[10, 10, 10, 10, 11, 10, 10]","[4]",heuristic,20-23
57637667333456451353,20,"[0, 10, null, 11, 0, 0, 0]","[3]",random,20-23
61423121646734771132,20,"[10, 10, 11, 10, 11, 11, 10]","[2, 4, 5]",random,20-23
61435743315116153444,20,"[-9, -1, -1, -9, -1, -3, -2]","[1, 2, 4]",heuristic,20-23
61551453254755646661,20,"[-4, 7, 3, 2, null, -4, -4]","[1]",heuristic,20-23
62513125655271577753,20,"[1, -11, -11, 11, null, -11, -11]","[3]",random,20-23
62664463364145236344,20,"[-2, -11, 2, null, -2, null, 2]","[2, 6]",heuristic,20-23
63414234353346434112,20,"[10, 2, null, null, 3, 3, 3]","[0]",heuristic,20-23
63725426647253743311,20,"[-11, -11, -11, 11, -11, -11, 11]","[3, 6]",random,20-23
63754466226354544562,20,"[-11, -10, -10, -10, -10, -10, -10]","[1, 2, 3, 4, 5, 6]",heuristic,20-23
64325464441241312653,20,"[-11, -11, -11, null, 10, -11, -11]","[4]",heuristic,20-23
64354546746623155457,20,"[-4, -8, -4, -4, -4, -4, -4]","[0, 2, 3, 4, 5, 6]",heuristic,20-23
64464676622472443377,20,"[-5, -5, -5, null, -11, -5, -5]","[0, 1, 2, 5, 6]",heuristic,20-23
64535355364427477752,20,"[-1, 7, -1, 7, -1, 0, 0]","[1, 3]",heuristic,20-23
64535441235533224544,20,"[2, 9, 10, null, 9, 10, 10]","[2, 5, 6]",heuristic,20-23
64626155562727352157,20,"[-11, 11, -11, -11, -11, -11, 2]","[1]",random,20-23
64774326177145366237,20,"[9, 9, 10, 9, 9, 8, 8]","[2]",random,20-23
65224274617564455756,20,"[-11, -11, -11, 11, -11, -11, -11]","[3]",random,20-23
65414446747754773121,20,"[-5, -11, -11, null, -11, 11, -11]","[5]",random,20-23
65566537656654374444,20,"[-1, -1, 0, 0, -1, null, -1]","[2, 3]",heuristic,20-23
65577145331173331155,20,"[9, 9, 9, 10, 9, 10, 9]","[3, 5]",random,20-23
65623614117673363214,20,"[-11, -11, -11, -11, -11, -11, -11]","[0, 1, 2, 3, 4, 5, 6]",random,20-23
66256135463527367472,20,"[-11, -11, 11, -11, 10, -11, -11]","[2]",random,20-23
66416135562424444233,20,"[-11, -11, -11, null, -11, -11, -11]","[0, 1, 2, 4, 5, 6]",heuristic,20-23
66561137342733224162,20,"[10, 10, 10, 10, 11, 10, 10]","[4]",random,20-23
67154333122715576536,20,"[11, -11, -11, 11, -11, -11, 10]","[0, 3]",random,20-23
67367263172331154617,20,"[-3, -10, -9, -3, -8, -9, -8]","[0, 3]",random,20-23
67445344433462533236,20,"[-11, -3, null, null, 10, 1, -10]","[4]",heuristic,20-23
67515671626715165327,20,"[-11, -11, -11, 6, -11, -11, -11]","[3]",random,20-23
67517266434511234464,20,"[-3, -3, -1, -2, -2, -2, -2]","[2]",heuristic,20-23
71143513217133431462,20,"[null, -9, -11, -11, -11, -11, -11]","[1]",random,20-23
71211542252136316366,20,"[-8, 4, 4, -10, 2, -8, -2]","[1, 2]",random,20-23
71747355442427367443,20,"[11, -11, -2, null, -11, -11, -11]","[0]",random,20-23
72163164421437374662,20,"[-11, 10, 11, -11, -11, -11, -11]","[2]",random,20-23
72216725314534125541,20,"[-11, -11, 11, -11, -11, -11, -11]","[2]",random,20-23
73232516463732574564,20,"[10, 10, 10, 11, 10, 10, 11]","[3, 6]",random,20-23
73474717112156614456,20,"[-11, -11, 11, -11, -11, -11, -11]","[2]",random,20-23
73614543441675334356,20,"[-10, -10, -10, -10, 3, 4, 4]","[5, 6]",heuristic,20-23
74315556543676665524,20,"[-11, -11, -11, 9, null, -11, -11]","[3]",heuristic,20-23
74432447523645456553,20,"[-11, -11, -11, null, -11, -11, -11]","[0, 1, 2, 4, 5, 6]",heuristic,20-23
74455444245551373266,20,"[-11, -11, -11, null, -11, -1, -11]","[5]",heuristic,20-23
74661664441154477757,20,"[-9, -9, -9, null, -11, -4, -9]","[5]",random,20-23
75364243542513633154,20,"[-11, -11, -11, -11, -11, -11, 11]","[6]",random,20-23
75427174276467312336,20,"[-7, -3, -5, -1, -10, -3, -7]","[3]",random,20-23
75551757316542632566,20,"[1, 3, 3, -1, null, 2, 11]","[6]",heuristic,20-23
76766657615222235326,20,"[-11, -11, -11, 10, 11, null, -11]","[4]",random,20-23
77255163261324156234,20,"[-11, -11, -11, 11, -11, 3, -11]","[3]",random,20-23
77674511423533244774,20,"[-10, -4, -10, -10, -1, -10, -10]","[4]",heuristic,20-23
113754327776416342766,21,"[-10, -10, -10, -10, -10, -10, -10]","[0, 1, 2, 3, 4, 5, 6]",random,20-23
116327516512113666644,21,"[null, 0, 2, 5, 4, null, -2]","[3]",random,20-23
123525744771455656354,21,"[-10, -10, -10, -10, null, -10, -10]","[0, 1, 2, 3, 5, 6]",random,20-23
124415621141617562243,21,"[null, -10, 11, -10, -10, -2, -10]","[2]",random,20-23
132256345323554654324,21,"[-9, -10, -9, 0, -9, 3, -9]","[5]",heuristic,20-23
132424156446336534421,21,"[10, 11, -10, null, 11, -10, -10]","[1, 4]",heuristic,20-23
135461356715425325433,21,"[-9, -9, -9, -9, -9, -2, -9]","[5]",random,20-23
135574733543421772373,21,"[-1, -10, null, -9, 0, -9, -9]","[4]",random,20-23
136132347752776256157,21,"[-10, 11, -10, 10, -10, -10, -10]","[1]",random,20-23
141253765511274366574,21,"[-6, 11, 10, -1, -6, -5, 10]","[1]",random,20-23
142537652417677251244,21,"[10, -2, -10, -2, 4, -2, -2]","[0]",heuristic,20-23
144661164726563365435,21,"[-10, -10, -10, 2, -10, null, -10]","[3]",random,20-23
147256324711535645614,21,"[-10, 11, -10, -10, -10, -10, -10]","[1]",random,20-23
162462644217123347346,21,"[11, 11, -10, -10, 11, -10, -10]","[0, 1, 4]",random,20-23
165474564554554433166,21,"[-6, -7, -7, null, null, 2, -7]","[5]",heuristic,20-23
165643514355446333544,21,"[-7, -8, -8, null, -8, -8, -9]","[0]",heuristic,20-23
173435624765215243443,21,"[-10, -10, -9, -10, -10, -10, -10]","[2]",heuristic,20-23
175221311123744744226,21,"[-10, -10, -9, -10, -10, -10, -10]","[2]",random,20-23
221331566447156572721,21,"[9, 11, 10, 10, 10, 9, 9]","[1]",random,20-23
223541667343644633463,21,"[2, 9, null, 2, 2, 2, 2]","[1]",heuristic,20-23
224147511354276741512,21,"[-10, -10, -10, -10, -8, -10, 11]","[6]",random,20-23
226214424622477375136,21,"[-10, null, -10, -6, -10, -10, -10]","[3]",random,20-23
232622262764671141345,21,"[-10, null, -10, -10, -2, -10, -10]","[4]",random,20-23
233443341214421135655,21,"[-1, -1, -1, -1, -1, -3, -1]","[0, 1, 2, 3, 4, 6]",heuristic,20-23
233542767266631161371,21,"[-1, 10, 0, 10, 0, -1, 0]","[1, 3]",random,20-23
235115713647331461776,21,"[-9, -10, -9, 11, 10, 10, -9]","[3]",random,20-23
235521124376364262275,21,"[-10, null, -10, -1, -10, -10, -10]","[3]",heuristic,20-23
235745416671163721612,21,"[-10, -9, -10, -10, -10, -10, -10]","[1]",random,20-23
236345243564737322224,21,"[-10, null, -10, -10, -10, -10, -10]","[0, 2, 3, 4, 5, 6]",heuristic,20-23
236555275436175356177,21,"[-10, -10, -10, -10, null, -10, -10]","[0, 1, 2, 3, 5, 6]",random,20-23
237366316622731172134,21,"[-10, -10, -10, -10, -10, -10, -10]","[0, 1, 2, 3, 4, 5, 6]",random,20-23
242766326767667273753,21,"[-6, -6, -6, -6, -8, null, null]","[0, 1, 2, 3]",random,20-23
243544544245532535667,21,"[-1, 2, 0, null, null, 0, -1]","[1]",heuristic,20-23
246355273777524164532,21,"[10, -10, -10, -10, -10, 11, -10]","[5]",random,20-23
252644313233227243365,21,"[-9, null, null, -9, -10, 0, -9]","[5]",heuristic,20-23
253631433745155652766,21,"[-10, -10, -10, 11, -10, -10, -10]","[3]",random,20-23
255532535641352342712,21,"[0, -9, -9, -3, null, -9, -9]","[0]",heuristic,20-23
261526427273664331752,21,"[-10, -10, -10, -10, -10, -10, -9]","[6]",random,20-23
265163142371222247555,21,"[2, null, -1, 0, 1, 0, 0]","[0]",random,20-23
267424653643223634725,21,"[-10, -10, -10, -10, -6, -10, -10]","[4]",heuristic,20-23
271571145472653547447,21,"[2, 9, 11, 3, 10, 2, 3]","[2]",random,20-23
275372672665426621243,21,"[-4, null, 2, -4, -8, -4, -4]","[2]",random,20-23
312443313322644644631,21,"[11, -2, null, null, -6, -2, -4]","[0]",heuristic,20-23
313324314446562543225,21,"[10, -1, -1, -1, -1, -10, -8]","[0]",heuristic,20-23
314556147153674214767,21,"[-2, 0, 8, -2, 8, 1, 0]","[2, 4]",random,20-23
322443266312744154343,21,"[-9, -9, -9, null, -10, -9, -2]","[6]",heuristic,20-23
323446634644554265355,21,"[4, 3, 3, null, 4, 4, 1]","[0, 4, 5]",heuristic,20-23
343555741557334453442,21,"[-2, 4, 4, null, null, 3, 4]","[1, 2, 6]",heuristic,20-23
344312721444526543371,21,"[11, 11, -10, null, 11, -10, -10]","[0, 1, 4]",random,20-23
344315476414312317242,21,"[-10, -2, -10, null, -10, -10, -10]","[1]",random,20-23
344343146265533452665,21,"[-10, -10, -10, -10, 11, -10, -10]","[4]",heuristic,20-23
344527654553553124637,21,"[-9, -1, -9, -3, null, -2, -9]","[1]",heuristic,20-23
345623734624453351442,21,"[-10, -10, -10, null, -10, -10, -10]","[0, 1, 2, 4, 5, 6]",heuristic,20-23
347556315325245352233,21,"[2, 0, null, 1, null, 2, 1]","[0, 5]",heuristic,20-23
354234223352422573654,21,"[-10, null, -10, -10, -10, -10, -10]","[0, 2, 3, 4, 5, 6]",heuristic,20-23
356242375424644466263,21,"[-10, -10, -5, null, -10, -10, -10]","[2]",heuristic,20-23
356646444434335666315,21,"[1, -10, 1, null, 7, null, 1]","[4]",heuristic,20-23
361142143363654433252,21,"[-3, 11, null, -10, -10, -10, -10]","[1]",heuristic,20-23
364476375436735315151,21,"[-10, -10, -10, 11, -10, 11, -10]","[3, 5]",random,20-23
367743525643334455425,21,"[11, 10, -7, -7, -7, -10, 2]","[0]",heuristic,20-23
374233132624625334556,21,"[-5, 1, null, 10, 5, -5, -5]","[3]",heuristic,20-23
376723611334467725117,21,"[10, 11, 10, 10, 11, 10, 10]","[1, 4]",random,20-23
411142775376673745575,21,"[-10, -10, -10, -10, -10, -10, null]","[0, 1, 2, 3, 4, 5]",random,20-23
417642443443632667653,21,"[-3, -5, -2, null, -10, -5, -5]","[2]",heuristic,20-23
421475165625452465563,21,"[6, -4, -9, -4, null, -4, -4]","[0]",heuristic,20-23
421762753376372357447,21,"[2, 3, 2, 10, 10, 2, null]","[3, 4]",random,20-23
423342566333622444325,21,"[10, 10, null, 10, 11, 10, -10]","[4]",heuristic,20-23
423465727166522213644,21,"[-10, -10, -10, -10, 10, -10, -10]","[4]",heuristic,20-23
425641445323664334556,21,"[-4, -4, -5, null, -9, -4, -10]","[0, 1, 5]",heuristic,20-23
427132377776654274642,21,"[-10, -10, 11, -10, 10, -10, null]","[2]",random,20-23
431244445413116773366,21,"[2, 3, 2, null, 3, 3, 3]","[1, 4, 5, 6]",heuristic,20-23
431623763665423564546,21,"[-4, -4, -2, -2, -7, null, -4]","[2, 3]",heuristic,20-23
433323266511527324457,21,"[-10, -10, 11, -10, 3, -10, -10]","[2]",random,20-23
435432522263436414126,21,"[-10, -10, -10, -10, -10, -10, -10]","[0, 1, 2, 3, 4, 5, 6]",random,20-23
437325547331467724443,21,"[-2, -2, -2, null, -2, -9, -2]","[0, 1, 2, 4, 6]",heuristic,20-23
442265446352472752357,21,"[-10, -10, -10, -10, -10, 0, -10]","[5]",heuristic,20-23
443637712522624757163,21,"[-10, -10, -8, -10, -10, -10, -10]","[2]",random,20-23
444521761314332223533,21,"[-3, -2, null, 1, -10, 1, -2]","[3, 5]",heuristic,20-23
446342335723664723362,21,"[-10, 0, null, -10, -10, -10, -10]","[1]",heuristic,20-23
446474155215714357762,21,"[-10, -10, -10, -10, -10, 11, -10]","[5]",random,20-23
451573435645152434241,21,"[-10, -10, -10, null, -10, -10, -10]","[0, 1, 2, 4, 5, 6]",random,20-23
453241742623621245472,21,"[-10, null, -10, -10, 9, -10, -10]","[4]",random,20-23
453443422744262225655,21,"[-9, null, -10, null, -9, -9, -9]","[0, 4, 5, 6]",heuristic,20-23
454544333555746236335,21,"[-2, -2, null, 1, null, -2, -2]","[3]",heuristic,20-23
454634124223443631623,21,"[-10, -10, -8, null, -10, -10, -10]","[2]",heuristic,20-23
462345355165622444221,21,"[-10, -10, -10, -10, -10, -10, -3]","[6]",random,20-23
464353677556513551121,21,"[-8, -9, -8, -6, null, -8, -8]","[3]",random,20-23
465432322346314136643,21,"[-10, -8, null, -7, 3, -8, -7]","[4]",heuristic,20-23
465474411753366114637,21,"[-10, -10, -10, -10, -10, -10, -8]","[6]",random,20-23
471472442115557333277,21,"[3, 11, -10, -10, -10, -10, -10]","[1]",random,20-23
471613244257652111545,21,"[-10, -10, 11, -10, -10, -10, -10]","[2]",random,20-23
474777176723542461125,21,"[-10, -10, 3, -10, -10, -10, null]","[2]",random,20-23
513367643216461755372,21,"[-10, -10, -10, 11, -10, -10, 11]","[3, 6]",random,20-23
514623277432761442431,21,"[9, 9, 10, 4, 10, 9, 4]","[2, 4]",heuristic,20-23
516446344533341565554,21,"[-5, -10, -5, null, null, 0, -5]","[5]",heuristic,20-23
516513677255271322662,21,"[8, 7, 10, 11, 7, 7, 9]","[3]",random,20-23
524334335431326765244,21,"[-7, 2, null, 1, -3, 2, 2]","[1, 5, 6]",heuristic,20-23
525444116736526625771,21,"[8, 8, 11, 10, 9, 8, 10]","[2]",random,20-23
531721365632546462637,21,"[-10, -10, -10, -10, -10, -10, -10]","[0, 1, 2, 3, 4, 5, 6]",random,20-23
533542374413644133465,21,"[-8, -4, null, null, 4, -4, 2]","[4]",heuristic,20-23
541551512775671232533,21,"[-2, 10, 4, 11, null, -2, 4]","[3]",random,20-23
546511377442273671262,21,"[-10, -9, -10, -10, -10, -10, -10]","[1]",random,20-23
552143321732672465576,21,"[-10, -10, -10, -10, -10, 11, 11]","[5, 6]",random,20-23
553136177356421142663,21,"[0, 2, 0, 0, 1, 1, 2]","[1, 6]",heuristic,20-23
553245474156753414426,21,"[-8, 10, 11, null, -8, -8, -8]","[2]",random,20-23
554553464442546677122,21,"[-7, -6, -8, null, -7, -7, -6]","[1, 6]",heuristic,20-23
564224623542265324546,21,"[2, null, 1, 3, 6, 2, 2]","[4]",heuristic,20-23
564454556564463236423,21,"[-10, -10, 11, null, -10, -10, -10]","[2]",heuristic,20-23
564545444432217175533,21,"[4, -10, -9, null, -9, -9, -9]","[0]",heuristic,20-23
565733243574156123225,21,"[3, -9, -9, -10, -9, -9, -9]","[0]",heuristic,20-23
567234464567442345635,21,"[-10, -10, 0, null, -10, -10, -10]","[2]",heuristic,20-23
575457457444736537711,21,"[-10, 11, -10, -10, -10, 10, null]","[1]",random,20-23
612464344734664676333,21,"[0, -2, 0, null, -2, null, 0]","[0, 2, 6]",heuristic,20-23
623476716633312135441,21,"[-10, 11, -10, -10, -1, -10, -10]","[1]",random,20-23
625347357316157277435,21,"[2, 10, 9, 10, 8, 10, 8]","[1, 3, 5]",heuristic,20-23
636276437677276332644,21,"[-10, -10, -10, -10, -10, null, -10]","[0, 1, 2, 3, 4, 6]",random,20-23
636335157124324745525,21,"[0, 2, -9, -5, -9, -9, -9]","[1]",heuristic,20-23
636522122737126121537,21,"[-10, null, -10, -10, -10, -9, -10]","[5]",random,20-23
637345451552442464353,21,"[0, 1, 7, null, 2, 1, -1]","[2]",heuristic,20-23
641275126241442521151,21,"[null, 10, 11, 10, 11, 10, 10]","[2, 4]",random,20-23
642162324536666345277,21,"[-10, -10, -10, 11, -10, null, -10]","[3]",random,20-23
644251312435753346222,21,"[7, -1, -1, -1, -10, 8, -2]","[5]",heuristic,20-23
645345534753345547264,21,"[-5, -4, -9, null, null, -7, -4]","[1, 6]",heuristic,20-23
646352233642733312756,21,"[6, 10, null, -10, 5, 6, 9]","[1]",random,20-23
657717411674515244754,21,"[-10, -10, -10, -10, -10, -3, -10]","[5]",random,20-23
661134347313655764377,21,"[5, 6, 4, 11, 4, 5, 4]","[3]",random,20-23
715611426143467534334,21,"[-10, -9, -10, -10, -10, -10, -10]","[1]",random,20-23
717141124421222275351,21,"[null, null, -10, -10, -10, -10, -10]","[2, 3, 4, 5, 6]",random,20-23
722664643112213772623,21,"[-10, null, -10, -10, -10, -10, -10]","[0, 2, 3, 4, 5, 6]",random,20-23
723452153645375543631,21,"[-3, -10, -9, -9, -9, -9, -9]","[0]",random,20-23
723522746733342722633,21,"[-7, null, null, 9, 2, 9, 8]","[3, 5]",heuristic,20-23
724554214176422544332,21,"[-4, -6, -10, null, -9, -8, -6]","[0]",heuristic,20-23
724657121271116555747,21,"[-10, 11, -10, -10, -10, -10, -1]","[1]",random,20-23
737346565334554451566,21,"[-7, -4, -1, -9, null, 3, 3]","[5, 6]",heuristic,20-23
745261355441343343311,21,"[-3, -10, null, -2, -3, -10, -3]","[3]",heuristic,20-23
745721652425711351731,21,"[-10, 8, -10, -10, -10, 11, -10]","[5]",random,20-23
745725245555431261633,21,"[-10, -10, -10, -10, null, -10, -10]","[0, 1, 2, 3, 5, 6]",random,20-23
751725647463467654632,21,"[-9, 5, 5, 5, 3, -9, -9]","[1, 2, 3]",heuristic,20-23
773224441653615725477,21,"[-10, -10, 10, -10, 11, 11, -10]","[4, 5]",random,20-23
1175221371525237373744,22,"[-10, -10, 10, -10, -10, -10, -10]","[2]",random,20-23
1221542451524615452657,22,"[4, 2, 2, 4, null, 2, 2]","[0, 3]",random,20-23
1236545526434665547542,22,"[1, 8, -9, 1, null, 1, 7]","[1]",heuristic,20-23
1425443275434455665356,22,"[-8, 9, 9, null, null, 10, -6]","[5]",heuristic,20-23
1433223146242614357565,22,"[-10, -10, -10, -10, -10, -10, -10]","[0, 1, 2, 3, 4, 5, 6]",random,20-23
1467124362563572431433,22,"[10, -3, -10, -10, -10, -10, -10]","[0]",random,20-23
1563663211233537275544,22,"[10, 9, -10, -10, -10, -10, -10]","[0]",random,20-23
1672353636177351375142,22,"[-10, -10, -10, -10, -10, 7, -10]","[5]",random,20-23
1757341631375255621522,22,"[-10, -10, 10, 10, -10, -10, 9]","[2, 3]",random,20-23
2223727743473237121143,22,"[-10, null, -10, 10, -10, -10, 9]","[3]",random,20-23
2235647111164345164157,22,"[null, 9, 9, 10, 9, 10, -10]","[3, 5]",random,20-23
2325564115274213711213,22,"[null, -10, -2, -10, -10, 10, -10]","[5]",random,20-23
2423721751251132114346,22,"[null, 2, 3, 6, 8, 2, 3]","[4]",random,20-23
2456653551315577713311,22,"[3, 3, 3, -10, null, -3, 3]","[0, 1, 2, 6]",random,20-23
2544255276133351144533,22,"[-10, 10, -10, -10, -10, 10, -10]","[1, 5]",random,20-23
2553434244446515336316,22,"[-10, -10, -10, null, -10, -2, -10]","[5]",heuristic,20-23
2554547743644333436676,22,"[-10, -10, -10, null, 3, -10, -10]","[4]",heuristic,20-23
2566767224666253313477,22,"[1, 2, 9, 9, 2, null, -2]","[2, 3]",heuristic,20-23
3155541627115173661366,22,"[null, -10, -9, 10, 9, -9, -10]","[3]",random,20-23
3163411434757131362776,22,"[-10, -10, 10, -10, -10, -10, -10]","[2]",random,20-23
3163536277577256757235,22,"[-10, 8, -10, 10, -10, -10, null]","[3]",random,20-23
3234246244554741132567,22,"[2, 1, -3, null, 1, 0, -8]","[0]",heuristic,20-23
3234454333443411655255,22,"[7, -9, null, null, 7, 8, 8]","[5, 6]",heuristic,20-23
3251561171131635774332,22,"[null, -7, -2, -9, -2, 1, -2]","[5]",random,20-23
3266664573554223552334,22,"[-10, -10, -10, 4, -10, -10, -10]","[3]",heuristic,20-23
3335314253743546264424,22,"[8, 9, null, null, 9, 8, 8]","[1, 4]",heuristic,20-23
3366335475443555454342,22,"[3, 1, null, null, null, 3, -9]","[0, 5]",heuristic,20-23
3414444325533675655432,22,"[-2, -10, -10, null, -10, -10, -10]","[0]",heuristic,20-23
3444541245653466336233,22,"[-7, -9, null, null, -6, -6, -9]","[4, 5]",heuristic,20-23
3453434425243232266615,22,"[-9, -9, -5, -9, -5, -9, -9]","[2, 4]",heuristic,20-23
3512323347532416543544,22,"[-3, -1, null, -3, -1, -3, -3]","[1, 4]",heuristic,20-23
3532673356542433244141,22,"[3, 9, null, 3, 8, 7, 7]","[1]",heuristic,20-23
3642444232247335235274,22,"[-10, null, -10, null, 9, 10, -10]","[5]",random,20-23
3736764166546673543225,22,"[-10, -10, -10, -10, -10, null, 10]","[6]",random,20-23
4156767151355223245233,22,"[-2, -10, -10, -10, -10, -10, -10]","[0]",random,20-23
4253662777434725161124,22,"[-10, 10, 10, -10, 9, -10, -10]","[1, 2]",random,20-23
4255333221775357164263,22,"[-10, -10, -10, 10, -10, -10, -10]","[3]",random,20-23
4264253312663544455155,22,"[0, 1, 1, 2, null, 3, 0]","[5]",heuristic,20-23
4357625225255433343144,22,"[-9, -8, -9, -9, -9, -10, -9]","[1]",heuristic,20-23
4424654545542577627566,22,"[-10, -10, -4, null, null, -10, -10]","[2]",heuristic,20-23
4431251536535435251442,22,"[-10, -1, -10, -10, null, -10, -10]","[1]",heuristic,20-23
4444535443551336373227,22,"[4, 5, null, null, 5, -10, 5]","[1, 4, 6]",heuristic,20-23
4445137334641714273372,22,"[10, 10, -10, null, 10, -10, -10]","[0, 1, 4]",random,20-23
4461633726734565553243,22,"[-7, -10, -2, -1, -2, -7, -7]","[3]",heuristic,20-23
4463445742314775632513,22,"[-4, -9, -4, null, -4, -10, -4]","[0, 2, 4, 6]",heuristic,20-23
4513751411521543245472,22,"[-9, -5, -9, -9, -9, -10, -5]","[1, 6]",heuristic,20-23
4535416377342364233155,22,"[-9, -10, null, -9, -9, -10, -9]","[0, 3, 4, 6]",random,20-23
4535536342443214641332,22,"[-10, -1, null, null, -10, -10, -10]","[1]",heuristic,20-23
4544444663653675533323,22,"[0, -10, null, null, 0, 0, 0]","[0, 4, 5, 6]",heuristic,20-23
4551341445674412222611,22,"[-9, -9, -10, null, -5, -9, -9]","[4]",heuristic,20-23
4633464452434213322663,22,"[2, 2, null, null, 1, 2, 2]","[0, 1, 5, 6]",heuristic,20-23
4634451253721224424136,22,"[0, 0, 0, null, 0, 5, 0]","[5]",heuristic,20-23
4642344556136243133642,22,"[-10, -10, -10, null, -10, -10, -10]","[0, 1, 2, 4, 5, 6]",heuristic,20-23
4654153233443354654736,22,"[-10, -10, null, null, -10, -10, -8]","[6]",heuristic,20-23
4713357477374552335542,22,"[9, 10, 9, 9, 9, 9, 9]","[1]",heuristic,20-23
4715343355335213766217,22,"[10, -10, null, 7, 6, 9, 9]","[0]",random,20-23
5126222555552333637337,22,"[-2, -2, null, -2, null, 0, 0]","[5, 6]",heuristic,20-23
5172455133342457467777,22,"[-10, -10, -10, -10, 10, 10, null]","[4, 5]",random,20-23
5236434344533355445656,22,"[-10, -10, null, null, null, 10, -10]","[5]",heuristic,20-23
5256335663622661253527,22,"[8, 10, 8, 9, 8, null, 8]","[1]",random,20-23
5322755122336534612564,22,"[-2, -2, -2, -10, -2, 10, 8]","[5]",random,20-23
5422257711652265134767,22,"[-10, -10, -10, -10, -10, 10, -10]","[5]",random,20-23
5434512562244314535143,22,"[-10, -10, -4, null, -10, -10, -10]","[2]",heuristic,20-23
5435464561125632441545,22,"[8, 8, 9, null, null, 8, 8]","[2]",heuristic,20-23
5444555147243467136526,22,"[-10, -10, -10, null, -10, -10, -10]","[0, 1, 2, 4, 5, 6]",heuristic,20-23
5452443333752147637421,22,"[-10, 10, -10, -10, 9, -10, -10]","[1]",random,20-23
5454553443243243676326,22,"[-10, -10, -10, null, -10, -10, -10]","[0, 1, 2, 4, 5, 6]",heuristic,20-23
5455415235431324215722,22,"[-3, -3, 9, -3, null, -10, -3]","[2]",heuristic,20-23
5464263443556525532243,22,"[-10, -10, -5, -10, null, -10, -10]","[2]",heuristic,20-23
5466153434477145276554,22,"[-3, -1, 9, null, 2, 2, -2]","[2]",heuristic,20-23
5525434554356744461362,22,"[-10, 0, -10, null, null, -10, -10]","[1]",heuristic,20-23
5526644641642465714335,22,"[-10, -10, -10, null, -10, -10, -10]","[0, 1, 2, 4, 5, 6]",heuristic,20-23
5533752223516154776715,22,"[-10, -10, -10, -10, null, -10, -10]","[0, 1, 2, 3, 5, 6]",random,20-23
5536767664321422424356,22,"[-3, -2, 1, 6, 6, -3, -10]","[3, 4]",heuristic,20-23
5547145665444545772373,22,"[-10, 0, -10, null, null, -10, -10]","[1]",heuristic,20-23
5552145321335536223273,22,"[-2, -2, null, 2, null, 2, -2]","[3, 5]",heuristic,20-23
5612536416553444454326,22,"[-10, -10, 7, null, -10, -10, -10]","[2]",heuristic,20-23
5643414442436525722332,22,"[-2, -2, 3, null, 2, -2, -2]","[2]",heuristic,20-23
5662713261251436552576,22,"[7, 8, 9, 8, 7, 7, 8]","[2]",random,20-23
5665643342465363345465,22,"[-10, 2, -10, -10, -10, null, -10]","[1]",heuristic,20-23
5677151124567237317143,22,"[-10, -10, -10, -10, -10, -10, -10]","[0, 1, 2, 3, 4, 5, 6]",random,20-23
5744531442412625467233,22,"[-10, -10, -10, null, -10, -10, -10]","[0, 1, 2, 4, 5, 6]",heuristic,20-23
6127771633126127623322,22,"[2, null, 2, 2, 2, 2, 2]","[0, 2, 3, 4, 5, 6]",random,20-23
6172351352522552547637,22,"[-10, 2, 3, -10, null, 2, 2]","[2]",heuristic,20-23
6257633712222424535551,22,"[-8, null, 0, -1, -8, 8, -8]","[5]",heuristic,20-23
6351472435433424435537,22,"[-10, -10, null, null, -10, -10, -10]","[0, 1, 4, 5, 6]",heuristic,20-23
6432335412465377456415,22,"[-2, -5, -2, -7, -9, -8, -7]","[0, 2]",heuristic,20-23
6535455156634445434623,22,"[-10, -10, 9, null, null, -10, -10]","[2]",heuristic,20-23
6617114764327631413556,22,"[9, -10, 10, -10, 10, -10, 10]","[2, 4, 6]",random,20-23
6721352246435734557567,22,"[-9, -9, -9, 0, -9, 10, -9]","[5]",random,20-23
7113335747541337537216,22,"[10, 9, null, 9, 10, 9, 9]","[0, 4]",random,20-23
7113673212763541551246,22,"[-10, 10, -10, -10, -10, -10, -10]","[1]",random,20-23
7124434652265446654332,22,"[9, -9, -10, null, 3, -9, -9]","[0]",heuristic,20-23
7232776255676535715517,22,"[-10, 9, -10, 10, null, 10, null]","[3, 5]",random,20-23
7234436316231727566177,22,"[-10, -10, -4, -10, -10, -10, -10]","[2]",random,20-23
7321235435331552312777,22,"[-7, -10, null, 10, -10, -10, -10]","[3]",random,20-23
7335233461355434467442,22,"[-9, -10, null, null, -2, -2, -2]","[4, 5, 6]",heuristic,20-23
7365262271166476452416,22,"[-10, -10, 10, -10, -10, null, 10]","[2, 6]",random,20-23
7457451447255761554276,22,"[-10, -10, -10, -10, null, 2, -10]","[5]",random,20-23
7477554475774156463551,22,"[-10, -10, -10, -10, null, 10, null]","[5]",random,20-23
7564555727742654115167,22,"[-10, -10, -10, -10, null, -10, -10]","[0, 1, 2, 3, 5, 6]",random,20-23
7635555332363344141664,22,"[-10, -10, null, 0, -10, -10, -10]","[3]",heuristic,20-23
7647324632334427524426,22,"[-10, -10, -10, null, -10, -5, -10]","[5]",heuristic,20-23
7675443564315446565526,22,"[-10, -10, -10, -10, null, -9, -10]","[5]",heuristic,20-23
7775776143152434612224,22,"[-10, -10, -10, -10, -10, -10, -10]","[0, 1, 2, 3, 4, 5, 6]",random,20-23
11661333221324523271434,23,"[-6, -3, null, -3, -7, -5, -6]","[1, 3]",heuristic,20-23
12525552257346621254443,23,"[3, null, 10, 3, null, 9, 3]","[2]",heuristic,20-23
12641734147545712557214,23,"[-8, 5, -9, -8, -8, -9, -8]","[1]",random,20-23
14346532124256441531615,23,"[-9, 10, 3, -9, -9, -9, -9]","[1]",random,20-23
14543644135261263214134,23,"[2, 2, 6, null, 6, 2, 2]","[2, 4]",heuristic,20-23
14723325544534366362561,23,"[3, -9, 2, 5, -8, -8, 2]","[3]",heuristic,20-23
15141472212533563472712,23,"[-9, -9, 10, 10, 10, 10, -9]","[2, 3, 4, 5]",random,20-23
16363263266655335314572,23,"[-9, -9, null, -9, -9, null, -9]","[0, 1, 3, 4, 6]",random,20-23
21511264254756626175746,23,"[-9, -9, -9, -9, -9, -9, -9]","[0, 1, 2, 3, 4, 5, 6]",random,20-23
21522644576145117671657,23,"[-9, -9, -9, -9, -9, -9, -9]","[0, 1, 2, 3, 4, 5, 6]",random,20-23
22624675245575313612547,23,"[-9, -9, 10, -9, -9, -9, 7]","[2]",heuristic,20-23
22666275336574663527537,23,"[4, 9, 8, 10, 4, null, -7]","[3]",random,20-23
23335765545363364455464,23,"[2, 5, null, 2, null, 5, 2]","[1, 5]",heuristic,20-23
23671337313251167724137,23,"[-7, 2, null, 10, 9, 9, -7]","[3]",random,20-23
24327544654553123432245,23,"[2, 2, 8, null, 3, 2, 2]","[2]",heuristic,20-23
24476524444532225556663,23,"[-9, -9, 0, null, -9, -9, -9]","[2]",heuristic,20-23
24542622561516637744665,23,"[-9, -9, -8, -9, -9, null, -9]","[2]",heuristic,20-23
24644423474351633553536,23,"[-9, -9, null, null, -9, -9, -9]","[0, 1, 4, 5, 6]",heuristic,20-23
24655456344447335551762,23,"[7, 8, 8, null, null, 7, -8]","[1, 2]",heuristic,20-23
24773672474225745751231,23,"[9, -7, 10, -7, -7, -9, null]","[2]",random,20-23
26316335443654156245644,23,"[7, 7, 8, null, 8, 8, 9]","[6]",heuristic,20-23
26374574675671464476316,23,"[-6, -7, 2, -7, -9, null, -7]","[2]",random,20-23
26542455314562177554666,23,"[8, 8, 8, 8, null, 8, 9]","[6]",heuristic,20-23
26636153664534254454156,23,"[3, 4, 2, -8, -8, null, -8]","[1]",heuristic,20-23
31542544525474452332163,23,"[0, 0, 0, null, 0, 0, 0]","[0, 1, 2, 4, 5, 6]",heuristic,20-23
31666441345612334362325,23,"[-9, 10, null, 10, -9, -9, -9]","[1, 3]",random,20-23
32213667427325237763653,23,"[-9, -9, null, -9, -9, -8, -9]","[5]",random,20-23
32246445263233414455552,23,"[-9, -6, -5, null, -6, -4, -5]","[5]",heuristic,20-23
32422573774516235577315,23,"[-6, -3, 0, 10, 0, -6, -6]","[3]",random,20-23
33247245346766737336441,23,"[-2, 7, null, 4, -9, 6, 4]","[1]",heuristic,20-23
33646134554223442573114,23,"[0, 3, 0, null, -9, 5, 0]","[5]",heuristic,20-23
33715423463741764414375,23,"[-8, -8, -8, null, -3, -8, -8]","[4]",heuristic,20-23
33733435344465655746457,23,"[4, 9, null, null, 4, 9, 10]","[6]",heuristic,20-23
34444364233423552236725,23,"[4, 4, null, null, 1, -9, 4]","[0, 1, 6]",heuristic,20-23
34445743753423655116321,23,"[7, -9, 1, 1, 1, 9, 1]","[5]",heuristic,20-23
34522436521771451243443,23,"[-9, 2, -9, null, -9, -9, -9]","[1]",heuristic,20-23
34542224462136223355531,23,"[0, null, 0, 1, 1, 1, 0]","[3, 4, 5]",heuristic,20-23
34732444244736177522235,23,"[-9, -9, -9, null, 8, -9, -9]","[4]",heuristic,20-23
34773154332446564547656,23,"[-7, -2, -2, null, 1, -8, 0]","[4]",heuristic,20-23
37131763263154267143114,23,"[null, 10, -9, -9, 9, -9, -9]","[1]",random,20-23
37274113146244461142717,23,"[null, -9, 10, null, 9, -9, -9]","[2]",random,20-23
37567174666751676725211,23,"[-9, -9, -9, -2, -9, null, null]","[3]",random,20-23
41442224464373351357673,23,"[2, 4, -2, null, 7, 8, 7]","[5]",heuristic,20-23
41722136737733211366454,23,"[-9, -9, -9, -9, -9, -9, -9]","[0, 1, 2, 3, 4, 5, 6]",random,20-23
41754311171366312555463,23,"[null, -9, -9, -4, -9, -9, -9]","[3]",random,20-23
42357525543527532236614,23,"[-9, -9, -9, -9, null, -9, -9]","[0, 1, 2, 3, 5, 6]",heuristic,20-23
42436431456557666333441,23,"[-9, -9, -9, null, -9, -9, -9]","[0, 1, 2, 4, 5, 6]",heuristic,20-23
43265776537435733732214,23,"[10, -9, null, 10, -9, 9, -9]","[0, 3]",random,20-23
43266442643645613347322,23,"[-9, -3, -3, null, -9, -4, -4]","[1, 2]",heuristic,20-23
43742146315622624334622,23,"[9, null, 0, -4, 8, -4, 8]","[0]",heuristic,20-23
44561325713452244332355,23,"[-9, -9, -9, -9, -9, -9, -9]","[0, 1, 2, 3, 4, 5, 6]",heuristic,20-23
44647557715755363446453,23,"[-9, -9, 2, null, null, -9, -9]","[2]",heuristic,20-23
44674566342156556212264,23,"[8, 8, 9, 8, 8, null, 8]","[2]",heuristic,20-23
45122756153461237455615,23,"[-6, -8, -7, -9, null, -8, -9]","[0]",random,20-23
45345437744473522227552,23,"[-1, -1, -1, null, -1, -1, -1]","[0, 1, 2, 4, 5, 6]",heuristic,20-23
45655566323254445446233,23,"[10, 10, 9, null, null, 9, 9]","[0, 1]",heuristic,20-23
46325444436665243152235,23,"[-7, -2, -1, null, 0, 0, -7]","[4, 5]",heuristic,20-23
46346374331232122143766,23,"[3, 4, null, 3, 8, 3, 8]","[4, 6]",heuristic,20-23
46465266343425224575543,23,"[-9, -9, 10, null, -9, -9, -9]","[2]",heuristic,20-23
51622534233465532246264,23,"[-9, null, -9, -9, 5, -9, -9]","[4]",heuristic,20-23
51634666141246346323525,23,"[-9, -9, -9, -9, 10, null, -9]","[4]",random,20-23
52426441631235466364343,23,"[-9, 10, -9, null, -9, -9, -9]","[1]",random,20-23
53443634534467632246555,23,"[0, 3, 0, null, 0, -9, 0]","[1]",heuristic,20-23
53541544234334436112257,23,"[3, 0, 0, null, 3, 3, 0]","[0, 4, 5]",heuristic,20-23
53565555243464474632143,23,"[-9, -9, -3, null, null, -9, -9]","[2]",heuristic,20-23
54266447265465541233514,23,"[5, 6, 5, null, 4, 4, -9]","[1]",heuristic,20-23
54413354552463227545432,23,"[9, -4, 10, null, null, -4, -4]","[2]",heuristic,20-23
54737733777122226142643,23,"[-9, -9, -9, 10, 0, -9, null]","[3]",random,20-23
55135375345566442443336,23,"[9, 9, null, 9, null, 10, 9]","[5]",heuristic,20-23
55226443214544355632465,23,"[-9, -4, -4, null, null, -3, -3]","[5, 6]",heuristic,20-23
55264327276644771353463,23,"[-9, -9, -9, -9, -9, -9, -9]","[0, 1, 2, 3, 4, 5, 6]",random,20-23
55337634546135331644422,23,"[-9, -1, null, -9, -9, -9, -9]","[1]",heuristic,20-23
55612347631534234335544,23,"[4, 3, null, 3, 3, -1, 3]","[0]",heuristic,20-23
56251464563564475635233,23,"[-9, -9, 1, -9, null, -9, -9]","[2]",heuristic,20-23
56422166666712475537157,23,"[-9, -9, 2, 10, -9, null, -9]","[3]",random,20-23
61323462336656455434554,23,"[-9, -9, 2, -9, -9, -9, -9]","[2]",heuristic,20-23
61343233631452453652244,23,"[-1, -1, null, 2, 2, 2, -1]","[3, 4, 5]",heuristic,20-23
61547612442133466212166,23,"[8, 9, 10, 7, -9, null, 7]","[2]",random,20-23
61722345363454224433242,23,"[-3, null, 0, null, 2, 5, 0]","[5]",heuristic,20-23
62435762344344353554753,23,"[2, -9, null, null, 2, -9, 2]","[0, 4, 6]",heuristic,20-23
63453235333647675444451,23,"[-9, 0, null, null, -9, -9, -9]","[1]",heuristic,20-23
63525417363342335516755,23,"[-8, -9, null, 2, null, 8, -8]","[5]",heuristic,20-23
63554511575665131632316,23,"[-5, -6, -5, 10, null, -5, -5]","[3]",random,20-23
64214574734421353555123,23,"[-9, -9, -9, -9, -9, -9, -9]","[0, 1, 2, 3, 4, 5, 6]",heuristic,20-23
64447551544422761655366,23,"[1, 2, 9, null, 3, 2, 10]","[6]",heuristic,20-23
64547353344643145522173,23,"[-5, -6, -5, null, 3, -5, -5]","[4]",heuristic,20-23
64744426272772135664125,23,"[0, -7, -8, -7, -7, -7, -7]","[0]",random,20-23
66244234533371635131747,23,"[10, -9, null, -9, 10, -9, 9]","[0, 4]",random,20-23
66567674155223614743757,23,"[-8, -8, 1, 1, -8, -8, -8]","[2, 3]",random,20-23
67122322254316671243315,23,"[-9, null, -9, -5, -9, -9, -9]","[3]",random,20-23
67466525134453337222254,23,"[-1, 0, 0, 0, -1, 0, -1]","[1, 2, 3, 5]",heuristic,20-23
72341265114377165234474,23,"[2, 10, 2, -8, 9, 9, 9]","[1]",random,20-23
73324273547622176233754,23,"[-8, -8, -8, -7, 2, -5, -8]","[4]",random,20-23
73462164324344237453321,23,"[10, -6, null, null, -9, -2, -6]","[0]",heuristic,20-23
76242212517356777375136,23,"[10, 9, 10, 9, 9, 9, null]","[0, 2]",random,20-23
76432547763713712235662,23,"[-8, -8, -8, 9, 9, -8, -8]","[3, 4]",random,20-23
76453771265522172354514,23,"[-8, -8, -8, 0, -8, -6, -8]","[3]",random,20-23
76626637346364121723447,23,"[5, 8, 7, 3, 5, null, 5]","[1]",random,20-23
76662131221474575674434,23,"[10, -9, -9, -9, 10, -9, -9]","[0, 4]",random,20-23
116364542235665543476477,24,"[-2, 0, -1, 0, 0, -2, -2]","[1, 3, 4]",heuristic,24-27
117143431226761766477754,24,"[-6, -5, 4, -6, -7, -6, null]","[2]",random,24-27
117426735465566527713344,24,"[-6, -5, -2, -2, -2, -4, -6]","[2, 3, 4]",heuristic,24-27
122335426145445337572775,24,"[2, 2, 2, 2, 2, 7, 3]","[5]",heuristic,24-27
123412212515622164173573,24,"[null, null, -9, -9, -8, -9, -9]","[4]",random,24-27
123616424247537622732713,24,"[9, null, -9, 9, -9, -9, -9]","[0, 3]",random,24-27
126333545364433524566615,24,"[-9, -9, null, -9, -9, -9, -9]","[0, 1, 3, 4, 5, 6]",heuristic,24-27
133261713324577374562225,24,"[-4, -4, -4, -9, -4, -9, -4]","[0, 1, 2, 4, 6]",random,24-27
133565436662623131117477,24,"[-8, 9, -8, 5, -8, -8, -8]","[1]",random,24-27
144432451443326121662112,24,"[null, -8, -9, null, 0, -8, -8]","[4]",heuristic,24-27
145324544755443355633632,24,"[5, 7, null, null, null, 5, 6]","[1]",heuristic,24-27
154345444556322134567521,24,"[9, 8, -9, null, null, 8, 8]","[0]",heuristic,24-27
154633573635161561357176,24,"[-9, 9, 9, -9, 8, -9, -9]","[1, 2]",random,24-27
157611466526533635526117,24,"[-9, -9, -9, 8, -9, null, -9]","[3]",random,24-27
162152371224471221746133,24,"[null, null, 8, -9, 9, -9, -9]","[4]",random,24-27
162353465425466543364462,24,"[2, 0, 2, null, 2, null, 2]","[0, 2, 4, 6]",heuristic,24-27
164452321136754611351255,24,"[null, -9, 9, -9, -9, -9, -9]","[2]",random,24-27
164462444551343175331276,24,"[-1, 9, 0, null, 0, 0, 8]","[1]",random,24-27
173752266224412571424366,24,"[8, null, 9, 9, 9, -9, -9]","[2, 3, 4]",random,24-27
177541571313366671176555,24,"[null, -8, -3, 9, -3, 7, 7]","[3]",random,24-27
213114674147177725614265,24,"[null, -9, 8, 9, -9, 9, -9]","[3, 5]",random,24-27
214521511533225431144542,24,"[null, 0, 0, 0, 0, 0, 0]","[1, 2, 3, 4, 5, 6]",heuristic,24-27
227251252355464446755664,24,"[-7, -7, -7, -7, null, 3, 8]","[6]",heuristic,24-27
232152414443527645334115,24,"[-7, 0, -1, null, 9, 8, 8]","[4]",heuristic,24-27
234375444332363426645665,24,"[-1, 0, null, null, 0, 0, -1]","[1, 4, 5]",heuristic,24-27
236342164443317531273455,24,"[-9, -9, null, -9, -9, 0, -9]","[5]",heuristic,24-27
236456713547225474545137,24,"[-9, 9, -9, -9, 9, -9, -9]","[1, 4]",random,24-27
244434465353555722324523,24,"[-8, -5, -5, null, null, -5, -5]","[1, 2, 5, 6]",heuristic,24-27
244475147554426335135122,24,"[-9, -9, -2, null, -9, -9, -9]","[2]",heuristic,24-27
244643471652215471672373,24,"[-9, -9, 8, -9, -9, -9, -9]","[2]",random,24-27
245453556444524665636622,24,"[-9, 0, 1, null, null, null, 0]","[2]",heuristic,24-27
246172744675245757472631,24,"[-9, -9, -9, -9, -9, -9, null]","[0, 1, 2, 3, 4, 5]",random,24-27
246561472133664744746335,24,"[-2, 8, -1, null, 9, -2, -2]","[4]",heuristic,24-27
254542133422323357432751,24,"[0, null, null, 0, 0, -1, 0]","[0, 3, 4, 6]",heuristic,24-27
263541445243352617666534,24,"[0, 5, 5, 0, 6, 0, 0]","[4]",heuristic,24-27
272463223254424445636655,24,"[1, null, 0, null, 2, 1, 0]","[4]",heuristic,24-27
272471456345737722355276,24,"[-9, -9, -9, 8, -9, -9, null]","[3]",heuristic,24-27
273444676777246643371533,24,"[-3, 8, -3, -2, -3, -2, null]","[1]",heuristic,24-27
321535334413665774366446,24,"[-4, -6, null, -6, -3, -6, -5]","[4]",heuristic,24-27
322315325461257251624617,24,"[9, null, 8, 8, 7, 7, 7]","[0]",random,24-27
322634337433441447655551,24,"[-9, 0, null, null, -9, -9, -9]","[1]",heuristic,24-27
325664231627215224516557,24,"[-9, null, -9, 1, -9, -9, -9]","[3]",random,24-27
333152346454444123355522,24,"[-9, 0, null, null, -9, -9, -9]","[1]",heuristic,24-27
333342242743562237415575,24,"[8, -8, null, 8, 9, -8, -8]","[4]",heuristic,24-27
342534644754333165236646,24,"[0, 0, null, null, 0, 0, 0]","[0, 1, 4, 5, 6]",heuristic,24-27
344144263633644367531266,24,"[8, 8, null, null, -9, null, 4]","[0, 1]",heuristic,24-27
344214415332465345536553,24,"[0, 0, null, null, null, 0, 0]","[0, 1, 5, 6]",heuristic,24-27
345173234322154554516477,24,"[-9, -9, -9, -9, -9, -9, -9]","[0, 1, 2, 3, 4, 5, 6]",random,24-27
346544352233525455422331,24,"[-8, 7, null, 7, null, 8, 7]","[5]",heuristic,24-27
347526236564124322335457,24,"[1, 1, 8, 8, 8, 8, 9]","[6]",heuristic,24-27
351264374412334653347465,24,"[-1, -3, null, null, -7, -3, -3]","[0]",heuristic,24-27
351567722211341237716377,24,"[6, 6, 6, 9, 7, 8, null]","[3]",random,24-27
351664714521247245547762,24,"[2, -8, -9, -8, -8, 2, -8]","[0, 5]",heuristic,24-27
352333142352357611127444,24,"[-9, -9, null, -9, -9, -9, -9]","[0, 1, 3, 4, 5, 6]",heuristic,24-27
352341563534421344755543,24,"[7, 7, null, null, null, -9, 0]","[0, 1]",heuristic,24-27
352541227326546544455224,24,"[-1, null, 0, null, null, 2, -1]","[5]",heuristic,24-27
352741455144453422533522,24,"[3, 3, 3, null, null, 3, 1]","[0, 1, 2, 5]",heuristic,24-27
353361373272264567444346,24,"[9, 7, null, 7, 8, 7, 6]","[0]",random,24-27
353433331462766657675442,24,"[2, 2, null, 2, 0, 2, 0]","[0, 1, 3, 5]",heuristic,24-27
356122212614567257716623,24,"[-9, null, -9, 9, -9, -9, -9]","[3]",random,24-27
356412124244246723323347,24,"[-9, null, 7, null, 9, 8, 7]","[4]",random,24-27
356756156472411543215723,24,"[-9, -9, 9, 8, -9, -9, -9]","[2]",random,24-27
363353353244415122244624,24,"[1, 1, null, null, 8, 8, -9]","[4, 5]",heuristic,24-27
364344312514617243572656,24,"[-9, -9, -9, -9, 1, -9, -9]","[4]",heuristic,24-27
377626211734116617523254,24,"[7, 7, 9, 8, 8, 7, 7]","[2]",random,24-27
411334452522534763352146,24,"[-9, -9, -9, 9, -9, -9, 7]","[3]",random,24-27
422613346545536222346634,24,"[2, 2, 2, 2, 2, 2, 2]","[0, 1, 2, 3, 4, 5, 6]",heuristic,24-27
423156353265537322412325,24,"[-9, null, null, 8, -9, -9, -9]","[3]",random,24-27
423543224445415552225333,24,"[4, null, 4, null, null, 4, 4]","[0, 2, 5, 6]",heuristic,24-27
423564743444256333135766,24,"[-8, -9, null, null, -3, -7, -3]","[4, 6]",heuristic,24-27
424262264475564461717757,24,"[6, 6, 9, null, 8, 7, 7]","[2]",heuristic,24-27
425724454544363173312555,24,"[1, 0, 3, null, null, 0, 0]","[2]",heuristic,24-27
427562234624256676577445,24,"[-9, 9, -7, -9, -9, -9, -9]","[1]",random,24-27
431614275333137621361251,24,"[null, -9, null, -9, -9, -3, -9]","[5]",random,24-27
431626656762154174444555,24,"[-2, 4, -2, null, -2, 9, 8]","[5]",random,24-27
433431334556544545757713,24,"[2, 2, null, null, null, 2, 2]","[0, 1, 5, 6]",heuristic,24-27
433647565443662245255336,24,"[5, 5, 5, 5, 5, 5, 5]","[0, 1, 2, 3, 4, 5, 6]",heuristic,24-27
435457447426665555476616,24,"[2, -2, 2, null, null, null, 1]","[0, 2]",heuristic,24-27
435546732456126554533223,24,"[-9, -5, -5, -5, null, -9, -5]","[1, 2, 3, 6]",heuristic,24-27
437774271633436174516164,24,"[7, -9, -9, -9, -9, 9, -9]","[5]",random,24-27
442441666342763534522211,24,"[-9, -9, -9, null, 7, -9, -9]","[4]",random,24-27
443516624657773151556173,24,"[8, -9, -9, 9, -9, 9, -9]","[3, 5]",random,24-27
446275446434256665532655,24,"[-6, -5, -5, null, null, null, -6]","[1, 2]",heuristic,24-27
451253416325622544455277,24,"[2, 2, 2, 3, null, 4, 3]","[5]",heuristic,24-27
452563455151123437214633,24,"[6, 9, 7, 8, 8, 8, 7]","[1]",heuristic,24-27
453232635477434144567613,24,"[-9, -9, -2, null, -9, -9, -9]","[2]",heuristic,24-27
453247264464436766556357,24,"[-9, -9, -9, null, -9, null, 9]","[6]",heuristic,24-27
453255554423243532446767,24,"[-1, -8, -1, null, null, -1, -1]","[0, 2, 5, 6]",heuristic,24-27
455422314236331723552775,24,"[-1, -1, -1, 2, 2, -1, -1]","[3, 4]",heuristic,24-27
456542777557247765511323,24,"[-8, 2, 0, -8, null, 2, null]","[1, 5]",random,24-27
457656336542654444255126,24,"[4, 5, -8, null, null, 5, -7]","[1, 5]",heuristic,24-27
461445231512663175624431,24,"[-9, -9, -9, -9, 9, -9, -9]","[4]",random,24-27
463447622545313325554476,24,"[8, 7, 7, null, 7, 7, 7]","[0]",heuristic,24-27
464434363153325536116646,24,"[-9, 9, null, -9, -9, null, 7]","[1]",random,24-27
465442655611642564465252,24,"[-5, -5, -5, null, null, null, -9]","[0, 1, 2]",heuristic,24-27
467431175221656337452232,24,"[0, 0, 6, 7, 6, 7, 1]","[3, 5]",heuristic,24-27
474545326456413356111673,24,"[-9, 9, -9, -9, -9, 9, -9]","[1, 5]",random,24-27
475517442323226773363144,24,"[-8, -8, -8, -8, -1, -1, -8]","[4, 5]",heuristic,24-27
475756752173473352244221,24,"[8, 8, 8, 8, 8, 9, 8]","[5]",random,24-27
511212211753323157464375,24,"[null, 8, 8, 9, 8, 9, 8]","[3, 5]",random,24-27
514446442376566455762532,24,"[-6, -6, -8, null, -6, -6, -6]","[0, 1, 4, 5, 6]",heuristic,24-27
525355445567643333463662,24,"[0, 0, null, 0, null, 0, 0]","[0, 1, 3, 5, 6]",heuristic,24-27
526334164432335455534412,24,"[-9, 9, null, null, -9, -9, -9]","[1]",heuristic,24-27
527216555165211153622772,24,"[0, null, 8, 8, null, 7, 0]","[2, 3]",random,24-27
531344564435336372445665,24,"[2, 0, null, null, 1, -2, -1]","[0]",heuristic,24-27
533243334567324416555514,24,"[0, -2, null, -2, null, 2, -1]","[5]",heuristic,24-27
534535543242457662234417,24,"[-2, 0, 0, null, -2, -9, -2]","[1, 2]",heuristic,24-27
545516673326224756441532,24,"[-9, -6, -6, -8, -6, -6, -5]","[6]",heuristic,24-27
545566611655662451371734,24,"[-9, -9, -9, -8, null, null, -9]","[3]",random,24-27
546265731212353136746373,24,"[-9, -9, null, -9, -9, -9, 9]","[6]",random,24-27
547364463572114423334277,24,"[-9, -9, -9, null, -9, 7, -9]","[5]",heuristic,24-27
553355241244243235544233,24,"[-2, -2, null, null, null, -2, -2]","[0, 1, 5, 6]",heuristic,24-27
553734614716747451512114,24,"[null, 9, -9, -2, -9, -9, -9]","[1]",random,24-27
555662623354463434223342,24,"[7, 0, null, 0, 8, 8, 7]","[4, 5]",heuristic,24-27
564242445655534435731223,24,"[1, 1, 1, null, null, -9, 0]","[0, 1, 2]",heuristic,24-27
564453556455332444321132,24,"[1, -9, -9, null, null, -9, -9]","[0]",heuristic,24-27
564532557125125243442623,24,"[-9, null, 5, -9, null, -9, -9]","[2]",heuristic,24-27
565344435527133454412322,24,"[-4, 9, 0, null, 0, 6, 0]","[1]",heuristic,24-27
565365721757271574132633,24,"[9, 8, 7, -9, 7, 7, 7]","[0]",random,24-27
565455124456714763324335,24,"[3, 3, -8, -8, null, -8, -8]","[0, 1]",heuristic,24-27
571453117532166442756541,24,"[-9, -9, -9, -9, -9, -9, -9]","[0, 1, 2, 3, 4, 5, 6]",random,24-27
573444337246253457433666,24,"[0, 0, null, null, 0, 0, -1]","[0, 1, 4, 5]",heuristic,24-27
611514714762475246743327,24,"[8, 8, 9, 8, 9, 8, 8]","[2, 4]",random,24-27
612635166237514114723573,24,"[-2, -3, -3, -9, 3, -2, 7]","[6]",random,24-27
612635557245342677615227,24,"[-9, -9, -9, -9, -9, -9, -9]","[0, 1, 2, 3, 4, 5, 6]",random,24-27
613233333245472446414277,24,"[3, 3, null, null, 3, 3, 4]","[6]",heuristic,24-27
622544612732144773277465,24,"[-9, -9, 0, -9, -9, 9, -9]","[5]",random,24-27
631535437617564311247226,24,"[-9, -9, -9, -9, -9, -8, -9]","[5]",random,24-27
637345456215533344667447,24,"[-8, -8, -8, null, -1, -8, -8]","[4]",heuristic,24-27
642534744344273166557255,24,"[-2, -2, 8, null, -2, 8, -2]","[2, 5]",heuristic,24-27
653512743233314173555577,24,"[-4, 5, null, 2, null, -9, -5]","[1]",heuristic,24-27
653531574424761525443223,24,"[-9, -9, -9, -9, -9, -9, -9]","[0, 1, 2, 3, 4, 5, 6]",random,24-27
654665713321726347142673,24,"[-9, -9, -9, -9, 9, -9, -9]","[4]",random,24-27
655313673666422252553475,24,"[8, 8, 8, 9, null, 8, 8]","[3]",random,24-27
656614464322613555544423,24,"[-9, -9, 8, null, -9, -9, -9]","[2]",heuristic,24-27
657164173272677635472434,24,"[-2, 2, 9, -4, -9, -4, null]","[2]",random,24-27
657271346223375476157231,24,"[-9, -9, -9, 9, -9, -9, -9]","[3]",random,24-27
657424144657446373133155,24,"[-4, -9, -4, null, -4, -9, -4]","[0, 2, 4, 6]",heuristic,24-27
661277675355662265727313,24,"[-9, -9, -6, 9, -9, null, -9]","[3]",random,24-27
662123225471166626214417,24,"[-6, null, -4, -7, -7, null, -5]","[2]",random,24-27
663167666332477747152731,24,"[6, 6, 7, 8, 8, null, null]","[3, 4]",random,24-27
664571532342443312435635,24,"[-9, -9, null, -9, -9, -9, -9]","[0, 1, 3, 4, 5, 6]",heuristic,24-27
667175164557127226257317,24,"[9, -9, 9, -9, -9, 8, null]","[0, 2]",random,24-27
721477325547522316433443,24,"[-9, -7, -7, -7, -9, -9, -7]","[1, 2, 3, 6]",random,24-27
726663632275464144421335,24,"[2, 6, 2, 3, 8, 3, 8]","[4, 6]",heuristic,24-27
736365451332342352274455,24,"[5, 4, null, 4, 1, 8, 2]","[5]",heuristic,24-27
741115251716312236274624,24,"[null, -9, 9, -9, -9, -9, -9]","[2]",random,24-27
752664372645564624571351,24,"[-9, 9, 9, -9, 9, -9, -9]","[1, 2, 4]",random,24-27
753454324643445625322275,24,"[-2, 7, 7, null, -2, -1, 8]","[6]",heuristic,24-27
754334364667556335527724,24,"[0, -9, 0, 8, 0, 8, 0]","[3, 5]",heuristic,24-27
756436663727257651215345,24,"[8, 9, 8, 9, 8, 8, 8]","[1, 3]",random,24-27
761357756345645755327366,24,"[-9, -9, -9, -9, null, -9, -9]","[0, 1, 2, 3, 5, 6]",random,24-27
764764224376353413424675,24,"[-9, -9, -9, null, -9, -9, -9]","[0, 1, 2, 4, 5, 6]",heuristic,24-27
767667415422217612444324,24,"[-9, -9, -9, null, 9, -9, -9]","[4]",random,24-27
773556114224651615431736,24,"[9, 9, 8, 9, 8, 8, -9]","[0, 1, 3]",random,24-27
774342563746343451717653,24,"[-9, 9, -9, -9, 9, 9, -9]","[1, 4, 5]",random,24-27
775355632672226511743315,24,"[-9, -9, -9, -9, -9, -9, -9]","[0, 1, 2, 3, 4, 5, 6]",random,24-27
776567527521115326723257,24,"[-9, -9, -9, 8, -9, -9, null]","[3]",random,24-27
777713763557461452414256,24,"[-9, -9, -9, -9, 9, 8, null]","[4]",random,24-27
1151346646471526516544713,25,"[null, -7, 3, -7, -7, -7, 2]","[2]",random,24-27
1215724411316255162566557,25,"[null, 4, 4, 8, null, 4, -8]","[3]",random,24-27
1314741435634754766331566,25,"[2, 9, 2, 2, 2, 2, 2]","[1]",random,24-27
1375614436467763415324554,25,"[7, 8, 7, null, 7, 7, -2]","[1]",heuristic,24-27
1464324255354133642166655,25,"[-8, -8, -8, -8, -8, 0, -8]","[5]",heuristic,24-27
1472622532152636552513465,25,"[6, null, -8, -8, null, 9, -8]","[5]",random,24-27
1524614353216632136126776,25,"[-1, -1, -1, -8, 0, null, -1]","[4]",random,24-27
1673526131461125156762454,25,"[null, -8, -8, 8, 9, -8, -8]","[4]",random,24-27
1674735444333324411326775,25,"[-7, -7, null, null, 9, 8, -7]","[4]",heuristic,24-27
1716775416255424267163166,25,"[-8, 8, 9, 9, -8, null, -8]","[2, 3]",random,24-27
1725425674732264261236474,25,"[-8, null, 9, 8, 9, 8, 8]","[2, 4]",random,24-27
1753776656226457372134621,25,"[-8, -8, -8, -8, -8, -8, 9]","[6]",random,24-27
2136546334443441226366322,25,"[-8, -8, null, null, -8, -8, -8]","[0, 1, 4, 5, 6]",heuristic,24-27
2154433552345755336746443,25,"[-8, -8, null, null, null, -8, -8]","[0, 1, 5, 6]",heuristic,24-27
2164557375564661733543332,25,"[-8, -8, null, -8, -8, -8, 9]","[6]",random,24-27
2234441536743356253135255,25,"[2, 2, null, 4, null, 7, 6]","[5]",heuristic,24-27
2325434522755473324244336,25,"[-8, null, null, null, -8, -8, -6]","[6]",heuristic,24-27
2353433642365663264414455,25,"[8, -8, null, null, 9, 8, 9]","[4, 6]",heuristic,24-27
2354256622342354434432637,25,"[-7, null, null, null, -8, -7, 9]","[6]",heuristic,24-27
2443526434441631225676615,25,"[-8, -8, -8, null, 8, -8, -8]","[4]",heuristic,24-27
2444556514435423123232257,25,"[8, null, 8, null, -2, 2, 3]","[0, 2]",heuristic,24-27
2455133661122321332632145,25,"[-7, null, null, -7, 2, -7, -7]","[4]",random,24-27
2456732653473461762341443,25,"[-8, -7, -8, null, -8, -8, -8]","[1]",random,24-27
2464414575655544332215277,25,"[2, 3, -8, null, null, 4, 4]","[5, 6]",heuristic,24-27
2511516515612276573737166,25,"[null, -8, -8, -8, -8, -8, 9]","[6]",random,24-27
2544765453714643453213266,25,"[-1, -1, 0, null, 0, 9, -1]","[5]",heuristic,24-27
2634634471655774566445723,25,"[0, 2, 9, null, 0, 0, 0]","[2]",heuristic,24-27
2654237156654343343454513,25,"[-1, -1, null, null, -7, -7, -7]","[0, 1]",heuristic,24-27
2757534367754144667733415,25,"[0, -7, -6, -4, -4, -4, null]","[0]",heuristic,24-27
3125165455774111756165722,25,"[null, -8, -8, -8, null, -8, -8]","[1, 2, 3, 5, 6]",random,24-27
3224552444762263464653635,25,"[-3, -3, 9, null, 8, 8, -3]","[2]",heuristic,24-27
3251466165421727257253476,25,"[-8, -8, -8, -8, -8, -8, -8]","[0, 1, 2, 3, 4, 5, 6]",random,24-27
3265324222753324455534467,25,"[-8, null, -8, -8, -8, -2, -8]","[5]",heuristic,24-27
3326144342443435762366215,25,"[-8, -7, null, null, -8, -8, -8]","[1]",heuristic,24-27
3334464753324421143122725,25,"[-8, -8, null, null, -8, -8, -8]","[0, 1, 4, 5, 6]",heuristic,24-27
3353541776672777563445343,25,"[8, 8, null, 7, 8, 9, null]","[5]",random,24-27
3367343512663345471776626,25,"[-7, 0, null, -7, 0, null, -7]","[1, 4]",heuristic,24-27
3424122311743347461765174,25,"[8, 8, 8, null, 9, 8, 9]","[4, 6]",random,24-27
3442353335467425577342566,25,"[-8, -8, null, -4, -7, -8, -7]","[3]",heuristic,24-27
3452465644233445733365655,25,"[2, -8, null, null, null, 4, 4]","[5, 6]",heuristic,24-27
3453271656445566633334652,25,"[-6, 7, null, 2, 2, null, -6]","[1]",heuristic,24-27
3464265354455363335447121,25,"[1, 9, null, null, -5, 1, 0]","[1]",heuristic,24-27
3477464355332435515544636,25,"[-5, -7, null, null, null, -8, -5]","[0, 6]",heuristic,24-27
3513577347715271142762462,25,"[-8, -8, -8, -8, -8, -8, null]","[0, 1, 2, 3, 4, 5]",random,24-27
3553416575715412477345236,25,"[-8, -8, 9, -8, null, 7, -8]","[2]",random,24-27
3626344233545534744663562,25,"[-8, -2, null, null, -8, -8, -8]","[1]",heuristic,24-27
3652375713735135131166146,25,"[null, -8, null, 2, -8, -8, -8]","[3]",random,24-27
3654464355736266651553324,25,"[-8, -8, -8, 0, null, null, -8]","[3]",heuristic,24-27
3667516375327417364152135,25,"[-8, -8, -8, -3, -8, -8, -8]","[3]",random,24-27
3675637225776766275245623,25,"[-8, -8, -8, -8, -8, null, null]","[0, 1, 2, 3, 4]",random,24-27
4115613771162617562562747,25,"[null, 8, 8, 9, 8, 8, 8]","[3]",random,24-27
4253561423133545426665564,25,"[-8, -8, -8, -2, null, -8, -8]","[3]",heuristic,24-27
4326226712764541367714732,25,"[-8, -8, -8, -8, 2, -8, -8]","[4]",random,24-27
4334343332221442652265575,25,"[-8, null, null, -8, -8, -1, -8]","[5]",heuristic,24-27
4345772252432576245762447,25,"[-1, null, -8, null, -1, -6, -6]","[0, 4]",random,24-27
4365512775231441223332314,25,"[-2, -2, null, -2, -8, -6, -4]","[0, 1, 3]",random,24-27
4375442344653213564676632,25,"[0, 0, 0, null, 0, 0, 0]","[0, 1, 2, 4, 5, 6]",heuristic,24-27
4423612711655372336135755,25,"[-8, -8, -8, -8, -8, 9, -8]","[5]",random,24-27
4424244334135322213765636,25,"[-8, -8, null, null, -8, 8, -8]","[5]",heuristic,24-27
4437334365214336766751447,25,"[-4, 2, null, null, -8, 2, 2]","[1, 5, 6]",heuristic,24-27
4441624463177451725721617,25,"[9, -8, -8, null, -8, -8, -8]","[0]",random,24-27
4463573462531237555143534,25,"[-8, 8, null, -8, null, -8, -8]","[1]",heuristic,24-27
4463577553654536534344167,25,"[3, -8, 3, null, null, 3, 3]","[0, 2, 5, 6]",heuristic,24-27
4523711732425415741477274,25,"[-6, -8, 9, null, -8, -8, null]","[2]",random,24-27
4536733132156116435637166,25,"[-6, -7, null, -8, -3, null, -6]","[4]",heuristic,24-27
4546446463663546532555121,25,"[-2, -2, 8, null, null, null, -4]","[2]",heuristic,24-27
4554465444333366216553512,25,"[-8, 0, -8, null, null, -8, -8]","[1]",heuristic,24-27
4623525265341434422433256,25,"[8, null, 1, null, 8, 9, 1]","[5]",heuristic,24-27
4632353625664566537775253,25,"[-8, -8, -8, 9, null, null, -8]","[3]",random,24-27
4632467713241161563445156,25,"[8, -8, 9, 8, 9, 8, 8]","[2, 4]",random,24-27
4664241373215522656653344,25,"[-8, -8, -8, -8, -8, -8, -6]","[6]",heuristic,24-27
4714235755324547731644325,25,"[-7, -8, -4, null, -4, -8, -4]","[2, 4, 6]",heuristic,24-27
4714323474442332763113625,25,"[2, 4, null, null, 1, 4, 4]","[1, 5, 6]",heuristic,24-27
5146556156711432464663251,25,"[0, 0, -5, 0, 0, null, 0]","[0, 1, 3, 4, 6]",heuristic,24-27
5155167731122256325733471,25,"[-8, -8, -8, 7, -8, -8, 9]","[6]",random,24-27
5214322747717356636735576,25,"[-8, -8, -8, -8, -8, -2, null]","[5]",random,24-27
5313163745524751345533626,25,"[-8, -8, null, -7, null, -8, -8]","[3]",random,24-27
5313422616774553354433674,25,"[-8, -5, null, -8, -8, -8, -8]","[1]",heuristic,24-27
5315147221462471636267745,25,"[-8, -8, -8, -8, 9, -8, -8]","[4]",random,24-27
5343765133356454351215721,25,"[1, -8, null, -8, null, -8, -8]","[0]",heuristic,24-27
5355112221771715166743257,25,"[null, 8, 8, 9, 9, 8, 8]","[3, 4]",random,24-27
5371231333566771552235274,25,"[-2, -2, null, -7, -2, -2, -2]","[0, 1, 4, 5, 6]",heuristic,24-27
5441345415455135223371114,25,"[null, -8, 5, null, null, -8, 4]","[2]",heuristic,24-27
5446235457672241767226631,25,"[-8, -8, -8, -8, 7, -8, -8]","[4]",random,24-27
5454454435222236335643631,25,"[-8, -3, null, null, -3, 0, -3]","[5]",heuristic,24-27
5513432333466564543441512,25,"[8, 9, null, null, 1, 1, 1]","[1]",heuristic,24-27
5524355562122467666537221,25,"[-8, null, -8, 8, null, -8, -8]","[3]",random,24-27
5543345624162443335776646,25,"[-1, 0, -7, null, 0, 0, -7]","[1, 4, 5]",heuristic,24-27
5644177345536545561442233,25,"[-8, -8, 3, null, null, -8, -8]","[2]",heuristic,24-27
5653451534476453322511366,25,"[-7, -2, -7, 8, null, -7, -7]","[3]",random,24-27
5662456633222316111467415,25,"[-7, -7, -2, -2, -7, null, -8]","[2, 3]",random,24-27
5722273263752775376335161,25,"[-8, -8, -8, 9, 9, -8, null]","[3, 4]",random,24-27
5723326722661615413544245,25,"[8, -8, -8, -8, -8, -8, 9]","[6]",random,24-27
5726551136735733146435663,25,"[8, 9, null, 8, 2, 2, 2]","[1]",random,24-27
6125565455441354464732372,25,"[-8, -8, -2, null, null, -8, -8]","[2]",heuristic,24-27
6145554442245133132532432,25,"[0, 0, 0, null, 0, 0, 0]","[0, 1, 2, 4, 5, 6]",heuristic,24-27
6177235366722165746527563,25,"[-8, -8, -8, 9, -8, null, -8]","[3]",random,24-27
6211456577312357627256614,25,"[9, 8, 8, -8, 6, 6, -5]","[0]",random,24-27
6365464435355146646523212,25,"[-8, 0, -8, -8, -8, null, -8]","[1]",heuristic,24-27
6434116546722455626515531,25,"[6, 8, -8, 7, null, 7, 7]","[1]",heuristic,24-27
6434454571441135525157666,25,"[-8, -8, -8, null, null, -7, -8]","[5]",heuristic,24-27
6441612774222423274774363,25,"[-8, null, -8, null, -8, -8, -8]","[0, 2, 4, 5, 6]",random,24-27
6444421662545465366135155,25,"[3, 8, 3, null, null, null, 4]","[1]",heuristic,24-27
6446637477452133342324311,25,"[-8, -8, null, null, -8, -8, -8]","[0, 1, 4, 5, 6]",random,24-27
6455547265445533272312364,25,"[0, -8, -8, -8, null, -8, -8]","[0]",heuristic,24-27
6516752213153132635327644,25,"[-8, -8, -8, -8, -8, -8, -8]","[0, 1, 2, 3, 4, 5, 6]",random,24-27
6525543254344533544326366,25,"[3, 8, null, null, null, 9, 8]","[5]",heuristic,24-27
6625244641646353334352361,25,"[7, -2, null, -2, -1, null, -2]","[0]",heuristic,24-27
6732345544531741363534666,25,"[0, 0, null, 0, 0, 0, 0]","[0, 1, 3, 4, 5, 6]",heuristic,24-27
6742134561666514447231331,25,"[1, 9, 0, 1, 8, 1, 0]","[1]",random,24-27
7225354112167756637132622,25,"[-8, null, -8, 9, -8, -8, -8]","[3]",random,24-27
7256614536722762355627412,25,"[-8, null, 8, 9, -6, -6, 8]","[3]",random,24-27
7325514363334453761142242,25,"[-8, -8, null, -8, -8, -8, -8]","[0, 1, 3, 4, 5, 6]",heuristic,24-27
7326216755414112554433257,25,"[-8, -8, -8, -8, -8, 7, -8]","[5]",heuristic,24-27
7356753157614365113225437,25,"[-7, -7, -7, -8, -7, 2, 0]","[5]",random,24-27
7364672716532473164272445,25,"[-8, -8, 9, -8, 9, -8, -8]","[2, 4]",random,24-27
7367512733135273756456322,25,"[-8, -8, null, -8, -8, -8, -8]","[0, 1, 3, 4, 5, 6]",random,24-27
7423576613336741666277152,25,"[-8, -8, -8, -8, -8, null, -8]","[0, 1, 2, 3, 4, 6]",random,24-27
7424633443335413565562646,25,"[-8, -8, null, null, -8, 4, -8]","[5]",heuristic,24-27
7434524742145573243572165,25,"[1, -8, -8, null, -8, -8, -8]","[0]",random,24-27
7436134526662316645175317,25,"[-8, 9, -8, -8, 9, null, 8]","[1, 4]",random,24-27
7454454445323555667332363,25,"[0, 6, null, null, null, 7, 7]","[5, 6]",heuristic,24-27
7465223425124666122464643,25,"[8, null, 9, null, -8, null, 9]","[2, 6]",random,24-27
7556354267615375221527417,25,"[0, -1, 0, 1, null, -2, -2]","[3]",random,24-27
7577142234756255677256513,25,"[8, 9, 9, -8, null, 8, null]","[1, 2]",random,24-27
7651115632257752336614761,25,"[-8, -8, -8, 8, -8, -8, -8]","[3]",random,24-27
7654334753757437144473213,25,"[8, 8, null, null, 8, 9, null]","[5]",random,24-27
7674773622656627634317344,25,"[-7, -7, -7, -7, -8, null, null]","[0, 1, 2, 3]",random,24-27
7712315227731555264341652,25,"[-8, 8, -8, 9, -8, -8, -8]","[3]",random,24-27
7721114564571614456616426,25,"[null, -8, 9, -8, -8, null, 8]","[2]",random,24-27
7731144351715173347722633,25,"[9, 9, null, 9, 8, 8, null]","[0, 1, 3]",random,24-27
7745432674244142311667653,25,"[-5, -5, 9, null, 8, -5, -1]","[2]",random,24-27
7764466256655237226444513,25,"[-7, -7, 0, -7, 6, null, 4]","[4]",random,24-27
11223477317125143326421364,26,"[null, 6, 2, 2, 7, 2, 2]","[4]",random,24-27
11544364534241322236234632,26,"[-2, null, null, null, -8, 2, -2]","[5]",heuristic,24-27
12271641635357331173222631,26,"[null, -1, null, -2, 2, -2, -2]","[4]",random,24-27
12441554114336323342225542,26,"[0, null, 0, null, 2, 2, 2]","[4, 5, 6]",heuristic,24-27
12537261263272231513361775,26,"[8, null, 7, 8, 7, 7, 7]","[0, 3]",random,24-27
12661371447677743437251512,26,"[-8, -8, -8, -7, -8, -8, null]","[3]",random,24-27
13361332665625735123417274,26,"[6, -8, null, -8, -8, -8, 8]","[6]",random,24-27
14135613214351124726763253,26,"[null, 8, -8, -8, 8, 7, -8]","[1, 4]",random,24-27
14533566443664565314453522,26,"[-8, -4, -8, null, null, -8, -8]","[1]",heuristic,24-27
14676454427211714774153555,26,"[-8, -8, -8, null, -8, 8, -8]","[5]",random,24-27
15151155244562132542444176,26,"[null, -3, 1, null, null, 2, -3]","[5]",heuristic,24-27
15312355132677731762771555,26,"[8, -8, 7, 8, null, -8, null]","[0, 3]",random,24-27
15652354454635444367363352,26,"[4, 3, null, null, null, 4, 0]","[0, 5]",heuristic,24-27
15742412136147371273364366,26,"[-8, -8, -8, -8, 8, -8, -8]","[4]",random,24-27
16454446653256476267435335,26,"[7, 7, 6, null, 7, null, 6]","[0, 1, 4]",heuristic,24-27
17114573233762452767316514,26,"[-8, 8, -8, -8, -8, 8, -8]","[1, 5]",random,24-27
21464316351232633444637166,26,"[-8, -8, null, -8, 0, null, -8]","[4]",random,24-27
21571377611574366726123553,26,"[-8, -8, -8, 8, -8, -8, -8]","[3]",random,24-27
23354226136447771516754761,26,"[-8, -8, -8, -8, 8, -8, -8]","[4]",random,24-27
23563353233655444522475244,26,"[0, 0, null, null, null, -5, 0]","[0, 1, 6]",heuristic,24-27
23763335444555222573312577,26,"[3, 3, null, 7, null, 7, 3]","[3, 5]",heuristic,24-27
24154366334544325555363417,26,"[-8, -8, null, null, null, -8, -2]","[6]",heuristic,24-27
24425734542441133216553353,26,"[-2, -2, null, null, -2, -8, -2]","[0, 1, 4, 6]",heuristic,24-27
25333453542553367244245426,26,"[-8, -7, null, null, null, 8, -3]","[5]",heuristic,24-27
25337644377133541135551627,26,"[-8, -8, null, -2, -8, -8, -8]","[3]",random,24-27
26355217233315775157311636,26,"[-8, -8, null, 8, -8, -8, -8]","[3]",random,24-27
26453142446334435215531553,26,"[-5, -8, null, null, null, -7, -5]","[0, 6]",heuristic,24-27
26751431422341754435566453,26,"[-2, 2, -1, null, -1, -1, 2]","[1, 6]",heuristic,24-27
27547766726135535176711263,26,"[-8, -8, -8, -8, -8, -8, null]","[0, 1, 2, 3, 4, 5]",random,24-27
27634366221545542372766762,26,"[-8, null, -1, -8, -8, null, -8]","[2]",random,24-27
27771543435435437112526151,26,"[-8, -8, -8, 7, -8, 8, -8]","[5]",random,24-27
31747766326162141425226323,26,"[-8, null, -8, -8, -8, 8, -8]","[5]",random,24-27
32453533344645522464652273,26,"[5, 5, null, null, 5, 4, 5]","[0, 1, 4, 6]",heuristic,24-27
33344322661434463461275226,26,"[-8, 2, null, null, -8, 2, 2]","[1, 5, 6]",heuristic,24-27
33453342353551754457727441,26,"[-8, 0, null, null, null, -8, -8]","[1]",heuristic,24-27
33454564545443365533212166,26,"[0, 0, null, null, null, -7, -7]","[0, 1]",heuristic,24-27
33537567767472175656651125,26,"[-8, -8, -8, -7, null, -8, null]","[3]",random,24-27
33572413254332254634671422,26,"[-8, null, null, -6, -4, -7, -7]","[4]",heuristic,24-27
33765361243367463466542447,26,"[-7, -3, null, null, -7, null, -5]","[1]",heuristic,24-27
34342733125636175444625524,26,"[-2, -2, -6, null, -8, -5, -2]","[0, 1, 6]",heuristic,24-27
34445643565522244723666655,26,"[0, 0, 0, null, null, null, 0]","[0, 1, 2, 6]",heuristic,24-27
34455766461144166675533333,26,"[6, 7, null, 6, 5, null, 6]","[1]",heuristic,24-27
34532553443736643442155252,26,"[-8, -4, null, null, null, -8, -8]","[1]",heuristic,24-27
34537656454535533267447436,26,"[3, 3, null, null, null, 3, 3]","[0, 1, 5, 6]",heuristic,24-27
34634626564371667145143471,26,"[-8, -8, -8, null, -8, null, 8]","[6]",random,24-27
34652527445263346616513446,26,"[-8, -2, 0, null, 0, null, -2]","[2, 4]",heuristic,24-27
35265241733363656647354446,26,"[-2, -8, null, 4, 3, null, 2]","[3]",heuristic,24-27
35342425722626775673665255,26,"[7, null, 7, 8, null, 7, 7]","[3]",random,24-27
35342572357121671253315325,26,"[0, 0, null, 0, null, 2, 2]","[5, 6]",random,24-27
35547467125366541725113775,26,"[-8, -8, -8, 8, null, -8, -8]","[3]",random,24-27
36553255645522471143443346,26,"[-8, -8, -8, null, null, 8, -8]","[5]",heuristic,24-27
36736263726714417226257445,26,"[-8, -8, -8, -8, 8, -8, -8]","[4]",random,24-27
37577136322756412363675563,26,"[7, 7, null, 8, 7, 8, 7]","[3, 5]",random,24-27
37752125621631167152665335,26,"[-7, -7, -7, -8, -7, -7, -3]","[6]",random,24-27
41132455465235326664754433,26,"[-1, -1, -7, null, -7, -7, -7]","[0, 1]",heuristic,24-27
41425656467421157764623421,26,"[7, 7, 8, null, 7, 7, 7]","[2]",random,24-27
41557632264357535544341337,26,"[0, -1, null, 0, null, 0, -1]","[0, 3, 5]",heuristic,24-27
41663536717324442221153355,26,"[-5, -4, -5, -5, -3, -6, -5]","[4]",heuristic,24-27
41663557442546433421221336,26,"[-8, -8, -8, null, -8, -1, -8]","[5]",heuristic,24-27
42147225732736223415336764,26,"[-8, null, -8, 8, -8, -8, -8]","[3]",heuristic,24-27
43114211376441146432776665,26,"[null, -1, 7, null, 8, -5, -5]","[4]",random,24-27
43443735553344355745666116,26,"[0, 0, null, null, null, 0, 0]","[0, 1, 5, 6]",heuristic,24-27
43454435355233325157422224,26,"[1, null, null, null, null, -8, 1]","[0, 6]",heuristic,24-27
44252564314365563543541666,26,"[-4, 0, -4, null, null, null, -4]","[1]",heuristic,24-27
44424475121153422527532665,26,"[-4, null, -2, null, -2, -8, -3]","[2, 4]",heuristic,24-27
44536725652666534476343453,26,"[-2, 2, -1, null, -1, null, -1]","[1]",heuristic,24-27
44655436467736667721545513,26,"[-2, -7, -2, -3, -2, null, -4]","[0, 2, 4]",heuristic,24-27
44657133276745277333344556,26,"[-1, -8, null, 2, 1, -1, 1]","[3]",heuristic,24-27
44731256274421731332365242,26,"[-8, null, 3, 3, 7, 7, 3]","[4, 5]",heuristic,24-27
45153247442353516424335561,26,"[-8, -1, -8, null, null, -8, -8]","[1]",heuristic,24-27
45413454522355452622423337,26,"[6, null, 6, null, null, 6, 7]","[6]",heuristic,24-27
45415167342367112334532237,26,"[-8, -8, null, -8, -8, -8, 7]","[6]",heuristic,24-27
45415544463463123551352222,26,"[4, 4, 4, null, null, -7, 1]","[0, 1, 2]",heuristic,24-27
45453344522662224573133542,26,"[3, null, 4, null, 4, -8, 4]","[2, 4, 6]",heuristic,24-27
45544364732225335544563376,26,"[-8, -8, null, null, null, -3, -8]","[5]",heuristic,24-27
45644517455144653252322776,26,"[3, 3, 6, null, null, 7, 7]","[5, 6]",heuristic,24-27
46246424446766227353271525,26,"[-8, null, -8, null, 8, -8, -8]","[4]",heuristic,24-27
47254317633563737166547761,26,"[0, -6, -4, 1, 0, -4, null]","[3]",heuristic,24-27
47721247344554355413172625,26,"[8, 7, 8, null, 7, 8, 7]","[0, 2, 5]",random,24-27
53221543424441453221355323,26,"[-3, null, null, null, -3, -8, -2]","[6]",heuristic,24-27
53273172664315571512543426,26,"[8, -8, -8, 8, -8, -8, -8]","[0, 3]",random,24-27
53274416345241353462736151,26,"[-8, 8, -8, -8, -8, 8, -8]","[1, 5]",random,24-27
53554743443447566322552216,26,"[-1, 2, 2, null, null, 2, 3]","[6]",heuristic,24-27
53636635473543643254446565,26,"[-1, -1, null, null, null, null, -8]","[0, 1]",heuristic,24-27
53643434421256422415531135,26,"[-2, -1, -1, null, -2, -8, -2]","[1, 2]",heuristic,24-27
53672567772535117257231311,26,"[-6, -6, -6, -3, -6, -6, null]","[3]",random,24-27
54244146442522527675126761,26,"[-5, null, -8, null, -3, -3, -3]","[4, 5, 6]",heuristic,24-27
54335455324763221424155722,26,"[-8, null, 2, 2, null, -8, 2]","[2, 3, 6]",heuristic,24-27
54423635535341445576122332,26,"[6, 5, null, 6, null, 7, 5]","[5]",heuristic,24-27
54434335344316456553627526,26,"[7, 7, null, null, null, 6, 5]","[0, 1]",heuristic,24-27
54443537423366635643576652,26,"[0, 7, null, 3, 8, null, 3]","[4]",heuristic,24-27
54645255571443342352463113,26,"[0, 0, 0, null, null, 0, 0]","[0, 1, 2, 5, 6]",heuristic,24-27
54646444124335665732122711,26,"[0, 1, 7, null, 7, 1, 0]","[2, 4]",heuristic,24-27
54725442252316425544265771,26,"[-8, null, -2, null, null, -8, -8]","[2]",heuristic,24-27
55125425562442622674454366,26,"[6, null, 0, null, null, 2, 2]","[0]",heuristic,24-27
55525643345543336432111446,26,"[2, 2, null, null, null, 2, 2]","[0, 1, 5, 6]",heuristic,24-27
56155344256546523432246311,26,"[-7, -7, -8, -7, null, -7, -8]","[0, 1, 3, 5]",heuristic,24-27
56244653614344633355532457,26,"[4, 7, null, null, null, 6, 6]","[1]",heuristic,24-27
61676614155722474176154775,26,"[-3, 5, 7, 8, 5, -3, null]","[3]",random,24-27
62454335232553224424453536,26,"[-8, null, null, null, null, -8, 6]","[6]",heuristic,24-27
62517275145633564614257342,26,"[-8, -8, -8, -8, -8, -8, 8]","[6]",random,24-27
62526743717754452514155663,26,"[-8, -8, 8, -8, null, -8, -8]","[2]",heuristic,24-27
63126372345366441322464355,26,"[-8, -8, null, -8, -1, -8, 8]","[6]",heuristic,24-27
63324543446574155742573331,26,"[3, 4, null, null, 4, 7, 4]","[5]",heuristic,24-27
64546225552266334347445217,26,"[7, 5, 7, null, 7, 5, 8]","[6]",heuristic,24-27
64654233152143741426227556,26,"[-5, -5, -7, -5, -3, -6, -8]","[4]",heuristic,24-27
66336415452175471621552672,26,"[-3, -3, 8, 7, -3, -3, 0]","[2]",random,24-27
66641623324673261142124453,26,"[-7, -7, 3, -7, -7, null, -7]","[2]",random,24-27
67263677377574626622245151,26,"[-8, -8, 7, -8, -8, null, null]","[2]",random,24-27
67436144335531256637564436,26,"[-6, -8, null, -4, 0, null, -4]","[4]",heuristic,24-27
67631716274415735631532374,26,"[-7, 7, -7, 8, 7, -7, -7]","[3]",random,24-27
71374621221635632411515324,26,"[null, -1, -1, -8, -1, -2, -1]","[1, 2, 4, 6]",random,24-27
72524216372255366116474364,26,"[7, 7, -8, 7, 8, 7, 8]","[4, 6]",random,24-27
73634216626173452134461235,26,"[5, 5, 3, 5, -8, 3, 6]","[6]",random,24-27
73644523714456654524565622,26,"[-4, 3, -8, null, null, 3, -8]","[1, 5]",heuristic,24-27
74457236451644423365522316,26,"[7, 6, 7, null, -8, 8, 7]","[5]",heuristic,24-27
75271267734527331121364642,26,"[7, 7, 7, 8, 7, 7, 7]","[3]",random,24-27
75311321172154172236543563,26,"[null, 7, 7, 8, 7, 7, 7]","[3]",random,24-27
75651475557735143334443411,26,"[-6, -7, -6, null, null, -8, -6]","[0, 2, 6]",heuristic,24-27
75733661577532371661552642,26,"[7, 7, 8, 8, 7, 7, 7]","[2, 3]",random,24-27
76122575155311115376453727,26,"[null, -8, -8, 7, null, -8, -8]","[3]",random,24-27
76176324425673433227775165,26,"[-8, 8, 6, 7, 7, 6, null]","[1]",random,24-27
76255345545777154712637122,26,"[-8, -8, -2, -8, null, -8, null]","[2]",random,24-27
77177551337635751521561364,26,"[-7, -8, -7, -5, null, -7, null]","[3]",random,24-27
77635723363211721455172252,26,"[-8, null, -8, 8, -8, -8, -8]","[3]",random,24-27
116746741723763342554333742,27,"[3, -7, null, -7, -7, -7, -7]","[0]",heuristic,24-27
131547112136316337345524577,27,"[null, -7, null, -7, -7, 8, -7]","[5]",random,24-27
133766234246366356545531712,27,"[2, -7, null, -7, -7, null, -7]","[0]",heuristic,24-27
134322262263264116117734715,27,"[null, null, -7, 5, -7, -7, -7]","[3]",random,24-27
134714376324524531376414613,27,"[-7, 8, null, null, -7, -7, 8]","[1, 6]",random,24-27
136621736413152166426135332,27,"[null, -3, null, -7, 7, null, -3]","[4]",random,24-27
142333146343322525415544525,27,"[-2, -2, null, null, null, 3, 0]","[5]",heuristic,24-27
164454534126742433225537652,27,"[-7, 1, 5, null, 1, 1, -7]","[2]",heuristic,24-27
164742356551365572777151172,27,"[-7, -7, -7, -7, null, -6, null]","[5]",random,24-27
167653163413217166533451255,27,"[null, 6, 2, 6, 3, 3, 2]","[1, 3]",random,24-27
173532146342116527661473675,27,"[0, 7, 6, 7, 0, 0, 0]","[1, 3]",heuristic,24-27
214527427111473511346222454,27,"[null, null, -7, null, 8, 8, -7]","[4, 5]",random,24-27
214575311563323271554377341,27,"[-7, 6, null, -7, -7, -7, -7]","[1]",random,24-27
222443365432235637444567253,27,"[0, null, null, null, -7, 0, 0]","[0, 5, 6]",heuristic,24-27
231546354354344421367215751,27,"[2, -6, -3, null, -3, -1, -1]","[0]",heuristic,24-27
233313666453322665645445522,27,"[3, 3, null, 3, 3, null, 0]","[0, 1, 3, 4]",heuristic,24-27
235144532226463532335474266,27,"[0, null, null, 1, 0, 0, -2]","[3]",heuristic,24-27
237336135446323122645466425,27,"[-7, -7, null, -7, 8, -7, -7]","[4]",heuristic,24-27
237622552116467127337366253,27,"[-7, null, -7, -1, -7, -7, -7]","[3]",random,24-27
244254227452264755547513763,27,"[-5, null, -4, null, null, 2, 2]","[5, 6]",heuristic,24-27
252363543372446754665525474,27,"[-2, -2, -7, null, null, -2, -2]","[0, 1, 5, 6]",heuristic,24-27
253656666532732255257314444,27,"[-7, -7, -7, 0, null, -7, -7]","[3]",heuristic,24-27
264334333354571445666527755,27,"[2, -1, null, 2, null, 3, 2]","[5]",heuristic,24-27
265454422263242664746535755,27,"[7, null, 8, null, null, 7, 7]","[2]",heuristic,24-27
275643365323277562176314312,27,"[2, -7, null, -7, -7, -7, -7]","[0]",random,24-27
277767161271144667311433533,27,"[null, 8, 7, 7, 8, 7, null]","[1, 4]",random,24-27
317511643541413455135646572,27,"[null, -7, -7, -7, null, 8, -7]","[5]",random,24-27
322732777136617373622346241,27,"[6, null, null, 3, -7, 3, null]","[0]",random,24-27
333643654544655442511366562,27,"[2, -1, -1, null, null, null, -1]","[0]",heuristic,24-27
334234135647662437234772555,27,"[-7, -2, null, -2, -2, -2, -2]","[1, 3, 4, 5, 6]",heuristic,24-27
336654254554353265334646462,27,"[-7, -4, null, null, null, null, -7]","[1]",heuristic,24-27
337273223611256352354176215,27,"[8, null, null, -7, -7, -7, -7]","[0]",random,24-27
341154261443232256654116552,27,"[-6, -6, -7, -6, -6, -6, -7]","[0, 1, 3, 4, 5]",heuristic,24-27
342744233761364622416466332,27,"[-2, -2, null, null, -6, null, -2]","[0, 1, 6]",heuristic,24-27
351225121141716326232367653,27,"[null, null, 7, 8, 8, 7, 7]","[3, 4]",random,24-27
353325567665143556773124117,27,"[4, 3, 4, 5, null, 5, 4]","[3, 5]",random,24-27
355327325224616547233777535,27,"[-6, -6, null, -7, null, -7, -6]","[0, 1, 6]",heuristic,24-27
356355412117375311562614223,27,"[null, -7, -7, -7, -7, -7, -7]","[1, 2, 3, 4, 5, 6]",random,24-27
357616216363713513577652312,27,"[-7, -7, null, -7, -7, -7, -7]","[0, 1, 3, 4, 5, 6]",random,24-27
365773637332223522515426465,27,"[-7, null, null, 8, 7, -7, 8]","[3, 6]",random,24-27
374214563653555441643321211,27,"[0, 0, 0, 0, 0, 0, 0]","[0, 1, 2, 3, 4, 5, 6]",heuristic,24-27
415632343335444643566651552,27,"[-7, -6, null, null, null, -7, -7]","[1]",heuristic,24-27
417772262527543352734574642,27,"[-7, null, -7, -7, -7, 8, null]","[5]",random,24-27
422741761447657517215252547,27,"[-7, -7, -7, -7, -6, -7, null]","[4]",random,24-27
425436446344332336526776552,27,"[0, 0, null, null, 0, 1, 0]","[5]",heuristic,24-27
425625434452133266661467453,27,"[6, 7, 7, null, 7, null, 8]","[6]",heuristic,24-27
426647444334137221376362113,27,"[-2, -2, null, null, -7, -3, -5]","[0, 1]",heuristic,24-27
435276554344213443563666552,27,"[-7, -3, -7, null, null, -7, -7]","[1]",heuristic,24-27
443412263444625557633535511,27,"[1, 1, 1, null, null, 6, 1]","[5]",heuristic,24-27
452445312464455363351633522,27,"[1, -7, null, null, null, -7, -7]","[0]",heuristic,24-27
454553624423422524533362665,27,"[-3, null, -3, null, null, -3, -3]","[0, 2, 5, 6]",heuristic,24-27
455442333457224223554172676,27,"[-7, null, -7, null, -7, 2, -7]","[5]",heuristic,24-27
456546743472622554452563332,27,"[-7, -2, 8, null, null, -7, -7]","[2]",heuristic,24-27
457224613644357556333552424,27,"[-4, -1, -1, null, null, -7, -5]","[1, 2]",heuristic,24-27
464366227721522532637333557,27,"[-7, null, null, 8, -7, -7, 7]","[3]",random,24-27
472313146771727647116442265,27,"[-7, -7, -7, -7, 8, -7, null]","[4]",random,24-27
511655472644524424772153516,27,"[-7, -7, -7, null, null, -7, -6]","[6]",random,24-27
517552156764717622171734522,27,"[3, 2, 3, -7, 3, 2, null]","[0, 2, 4]",random,24-27
522574631422625633323656657,27,"[-4, null, -5, -7, -4, null, -4]","[0, 4, 6]",heuristic,24-27
524516552252747542264664643,27,"[5, null, 8, null, null, 1, 1]","[2]",heuristic,24-27
525574777462133351123566657,27,"[-7, 8, -7, 8, null, -7, -7]","[1, 3]",random,24-27
534126165666767355544452323,27,"[-2, -7, -2, -6, null, null, -1]","[6]",heuristic,24-27
534354244546362122433662237,27,"[1, null, null, null, -7, 1, -1]","[0, 5]",heuristic,24-27
534424766443526566572432253,27,"[-7, -7, -7, null, 5, -7, -7]","[4]",heuristic,24-27
553246236114415274232452355,27,"[1, null, 4, 1, null, 1, 1]","[2]",heuristic,24-27
554713416144531263363244263,27,"[-1, -6, null, null, -6, 2, -1]","[5]",heuristic,24-27
563353335571532476245667644,27,"[6, 6, null, 8, null, 4, -6]","[3]",heuristic,24-27
567327516613134741121572252,27,"[null, 7, 8, 8, 7, 7, 7]","[2, 3]",random,24-27
577531112432317376161774562,27,"[null, -7, -7, 8, -7, 8, null]","[3, 5]",random,24-27
577534614255475133336725344,27,"[7, 7, null, 7, null, 8, 7]","[5]",random,24-27
611425322632555533444437243,27,"[0, 0, null, null, 1, 0, 1]","[4, 6]",heuristic,24-27
613145636614464223357554353,27,"[2, -7, null, 2, 2, 2, 2]","[0, 3, 4, 5, 6]",heuristic,24-27
617226153643337453547121321,27,"[-7, -7, null, 8, 8, -7, 7]","[3, 4]",random,24-27
623234245253553444766242513,27,"[0, null, 0, null, 0, 0, 0]","[0, 2, 4, 5, 6]",heuristic,24-27
637364542643352134443562765,27,"[2, 4, null, null, 4, 2, 3]","[1, 4]",heuristic,24-27
641174564472426326126417652,27,"[7, 7, 8, null, 8, null, 7]","[2, 4]",random,24-27
647653363473673126355555414,27,"[-7, -7, null, -7, null, -7, 8]","[6]",random,24-27
663711115122317353523554777,27,"[null, 7, -1, 6, -1, 5, -1]","[1]",random,24-27
666147322345177731773162632,27,"[-7, -7, -7, -7, -7, -7, null]","[0, 1, 2, 3, 4, 5]",random,24-27
723212711735714413152526263,27,"[null, null, -7, 8, 8, -7, -7]","[3, 4]",random,24-27
747252576144761477213344512,27,"[-7, -7, 8, null, 8, -7, null]","[2, 4]",random,24-27
763457243446534562242366633,27,"[-7, -7, null, null, 1, null, -7]","[4]",heuristic,24-27
767724217212146142247453163,27,"[2, null, 1, 2, 2, 2, 2]","[0, 3, 4, 5, 6]",random,24-27
1127641257236271565177676534,28,"[-7, -7, -6, -7, -7, -7, null]","[2]",random,28-30
1147523617611172773626725263,28,"[null, -2, 1, 7, 6, -2, null]","[3]",random,28-30
1147676374642356535667113773,28,"[-7, -7, -7, -7, 7, null, null]","[4]",random,28-30
1161547746253364426525622632,28,"[-7, null, -7, -7, 0, null, -7]","[4]",random,28-30
1166317662572521767417413736,28,"[null, 7, 7, 6, 7, null, null]","[1, 2, 4]",random,28-30
1227131775667373326625662752,28,"[7, null, -7, -7, -7, null, null]","[0]",random,28-30
1237356273112634132634256162,28,"[6, null, null, 6, 4, -6, -7]","[0, 3]",random,28-30
1243215444673342535525246711,28,"[-1, -1, -1, null, -1, -7, -1]","[0, 1, 2, 4, 6]",heuristic,28-30
1354424344423322555665356662,28,"[0, 5, 5, null, null, 5, 3]","[1, 2, 5]",heuristic,28-30
1357435643324455517645366614,28,"[1, 1, 1, null, null, 1, 1]","[0, 1, 2, 5, 6]",heuristic,28-30
1423435333367546516445415225,28,"[3, 2, null, null, null, 2, 1]","[0]",heuristic,28-30
1423555634544664554663361222,28,"[-3, -3, -3, null, null, null, -7]","[0, 1, 2]",heuristic,28-30
1425675663445432553445112331,28,"[-7, 0, -7, null, null, -7, -7]","[1]",heuristic,28-30
1444645445566263356651232572,28,"[-7, -7, 2, null, null, null, -7]","[2]",heuristic,28-30
1454634654215552324426573363,28,"[0, 0, 0, null, null, 1, 0]","[5]",heuristic,28-30
1463774121552342723445356332,28,"[-7, -7, null, -7, -7, -7, -7]","[0, 1, 3, 4, 5, 6]",random,28-30
1535427232226254664467456633,28,"[0, null, 2, 1, 1, null, 0]","[2]",heuristic,28-30
1563324124254762226666715447,28,"[7, null, 7, -7, 7, null, -7]","[0, 2, 4]",random,28-30
1566337223372116224135723175,28,"[-7, null, null, -7, -7, -7, -7]","[0, 3, 4, 5, 6]",random,28-30
1571151422374114332263654723,28,"[null, -7, -7, -7, -7, -7, -7]","[1, 2, 3, 4, 5, 6]",random,28-30
1615157452517766743233166621,28,"[null, 6, -7, 7, -7, null, -7]","[3]",random,28-30
1711563166476266213444122775,28,"[null, -2, 3, 3, 0, null, -2]","[2, 3]",random,28-30
1724534555232243356321443412,28,"[-3, null, null, null, -3, -5, -2]","[6]",heuristic,28-30
1742357212466637612562157347,28,"[-7, -7, -7, 7, 7, -7, -7]","[3, 4]",random,28-30
1753362532714464337532444226,28,"[-7, -7, null, null, -7, 6, -7]","[5]",heuristic,28-30
2153264244532567574477657666,28,"[-7, -7, 7, -7, -7, null, -7]","[2]",random,28-30
2233542646322545442435556336,28,"[3, null, null, null, null, 2, 3]","[0, 6]",heuristic,28-30
2256543424424245113723355533,28,"[-4, null, null, null, null, -7, -4]","[0, 6]",heuristic,28-30
2273622555372436434544611143,28,"[-1, -1, -1, null, -7, -6, -1]","[0, 1, 2, 6]",heuristic,28-30
2316345471724623352233624657,28,"[6, null, null, 6, 7, 5, 3]","[4]",heuristic,28-30
2316617267672222544173414633,28,"[5, null, -7, 7, -7, -7, -7]","[3]",random,28-30
2322532334452653345442557147,28,"[-7, null, null, null, null, -3, -6]","[5]",heuristic,28-30
2325465465616126745237147546,28,"[7, -7, 6, -7, -7, null, 7]","[0, 6]",random,28-30
2332662731425323635666452445,28,"[0, null, null, -5, 0, null, 0]","[0, 4, 6]",heuristic,28-30
2345265331224334344616611421,28,"[-6, -6, null, null, -7, -6, 0]","[6]",heuristic,28-30
2346666334333576652221445411,28,"[-6, -6, null, -6, -7, null, -3]","[6]",heuristic,28-30
2351677737726722662216344463,28,"[-2, null, 4, 4, 7, null, null]","[4]",random,28-30
2354355526472265233464454233,28,"[1, null, null, null, null, 4, 1]","[5]",heuristic,28-30
2366425736563152226176355337,28,"[6, 6, null, 7, 6, null, 6]","[3]",random,28-30
2412142626544257424363333155,28,"[-1, null, -1, null, 1, -7, -1]","[4]",heuristic,28-30
2445555462464451322165633363,28,"[-7, 6, 7, null, null, 7, 6]","[2, 5]",heuristic,28-30
2451724513221174225737556451,28,"[-7, null, -7, -7, null, -7, -7]","[0, 2, 3, 5, 6]",random,28-30
2463466233343513254652644612,28,"[6, 7, null, null, 0, null, 0]","[1]",heuristic,28-30
2516243312363471531322167427,28,"[-7, null, null, 7, -7, -7, -7]","[3]",random,28-30
2532143444535556747431322261,28,"[-2, -2, -1, null, -2, 0, 6]","[6]",heuristic,28-30
2534126266411174411777324623,28,"[null, -7, -7, -7, 7, -7, -7]","[4]",random,28-30
2543143661146766565525722234,28,"[-7, -7, -7, -2, -7, null, -7]","[3]",heuristic,28-30
2547144247251161755377654227,28,"[-7, -7, 7, 7, -7, -7, null]","[2, 3]",random,28-30
2554353674337212544343456677,28,"[0, -1, null, null, 0, 0, 0]","[0, 4, 5, 6]",heuristic,28-30
2577662754352172751146226511,28,"[-7, null, 7, -7, -7, -7, -7]","[2]",random,28-30
2614665443336433414536221125,28,"[3, -7, null, null, 7, 3, 3]","[4]",random,28-30
2661327222427373471566747616,28,"[-7, null, -7, 6, 7, null, null]","[4]",random,28-30
2666617425146215333635127257,28,"[7, -7, -7, -7, -7, null, -7]","[0]",random,28-30
2677477414676444162163722322,28,"[-7, null, 0, null, -7, -7, null]","[2]",random,28-30
2712612324456532732564777433,28,"[-7, null, -7, -7, -7, 7, -7]","[5]",random,28-30
2716737452132336431166434466,28,"[4, 4, null, 4, 5, null, 4]","[4]",heuristic,28-30
2721724225562457714436733715,28,"[-7, null, 7, -7, -7, 7, null]","[2, 5]",random,28-30
2735355151176677556372261263,28,"[6, 0, -5, 7, null, -5, -5]","[3]",random,28-30
2745753125561543446456127377,28,"[-3, -6, -6, -6, null, -7, -3]","[0, 6]",heuristic,28-30
2762365166763375236514552377,28,"[-7, -7, -7, -7, -7, null, -7]","[0, 1, 2, 3, 4, 6]",random,28-30
2775346557341233212711512376,28,"[-7, 7, -7, 7, -7, 6, -7]","[1, 3]",random,28-30
3156642125265653731462362412,28,"[-7, null, -7, 7, -7, null, -7]","[3]",random,28-30
3215374423764652254665446611,28,"[1, 1, 6, null, 5, null, 0]","[2]",heuristic,28-30
3264456466232473633622573244,28,"[-3, null, null, null, -7, null, -3]","[0, 6]",heuristic,28-30
3266457354344554433365576166,28,"[0, 0, null, null, null, null, 0]","[0, 1, 6]",heuristic,28-30
3267122411612334211247433635,28,"[null, null, null, -7, 2, -7, -7]","[4]",random,28-30
3325341566426273676746147434,28,"[-7, -3, -3, null, 7, null, -3]","[4]",random,28-30
3332436542444475713135556657,28,"[-7, -7, null, null, null, 0, -7]","[5]",heuristic,28-30
3334565745435467633474562712,28,"[-5, 3, null, null, 3, 3, 2]","[1, 4, 5]",heuristic,28-30
3412372444413641665317113526,28,"[null, 6, -4, null, 7, 6, -7]","[4]",random,28-30
3422442455461574355261625623,28,"[-7, null, 7, null, null, -7, -7]","[2]",heuristic,28-30
3422662325523467344342554665,28,"[-7, null, -3, null, 7, -3, -3]","[4]",heuristic,28-30
3424554324224435525753266376,28,"[-5, null, -5, null, null, 2, -7]","[5]",heuristic,28-30
3433642625617354456337651715,28,"[-7, -7, null, -7, -7, 7, -7]","[5]",random,28-30
3435441764437331417377565552,28,"[-6, 7, null, null, -6, -7, -6]","[1]",heuristic,28-30
3455323334155346545241767666,28,"[5, 1, null, 0, null, 0, -7]","[0]",heuristic,28-30
3461634445665335233564422111,28,"[0, -6, null, null, 0, 0, 0]","[0, 4, 5, 6]",heuristic,28-30
3466212416314417736676453717,28,"[-7, 7, -7, -7, 7, null, -7]","[1, 4]",random,28-30
3474565136554441466566333717,28,"[3, 4, 3, null, 3, null, 4]","[1, 6]",heuristic,28-30
3522416657552524342233564477,28,"[-6, null, -7, 0, null, -6, -6]","[3]",heuristic,28-30
3534643334442521563455562222,28,"[-5, null, null, null, null, -3, -7]","[5]",heuristic,28-30
3552257555241422321611433344,28,"[-2, null, -7, -7, null, -7, -7]","[0]",heuristic,28-30
3553334612755221435453441242,28,"[-7, -6, null, null, null, -5, -2]","[6]",heuristic,28-30
3625254151711566466344547774,28,"[-2, 6, -7, null, -3, -3, -3]","[1]",heuristic,28-30
3677136717111314637442667434,28,"[null, -7, -6, -6, -6, -6, null]","[2, 3, 4, 5]",random,28-30
3747125623636775545236232525,28,"[-4, null, 5, -5, null, -2, -1]","[2]",heuristic,28-30
3763276475113516735755371135,28,"[-1, -1, null, 3, null, -1, null]","[3]",random,28-30
3772345544622353455334757742,28,"[-7, 0, null, null, null, -7, -7]","[1]",heuristic,28-30
4116511661322264253342254344,28,"[-3, null, -3, null, -3, 6, -7]","[5]",heuristic,28-30
4117767114114556253667534423,28,"[null, -7, 7, 6, 6, -2, -2]","[2]",random,28-30
4125125152764172354664164416,28,"[null, 6, -7, null, -7, -7, 7]","[6]",random,28-30
4137425545375736775474664322,28,"[7, 7, -7, null, -7, -7, null]","[0, 1]",random,28-30
4141311325756313336144275542,28,"[null, 5, null, -7, -7, -7, -7]","[1]",heuristic,28-30
4154445325676664457757665333,28,"[-3, -6, -7, null, null, null, -6]","[0]",heuristic,28-30
4161227215165177543461355635,28,"[null, 6, 7, 6, null, 6, 7]","[2, 6]",random,28-30
4163211242267544731131763422,28,"[null, null, 6, 6, 7, 6, 7]","[4, 6]",random,28-30
4177771625345116544553216726,28,"[-7, 7, 7, -7, -7, 6, -7]","[1, 2]",random,28-30
4223444347133226225673311147,28,"[-6, null, null, null, -7, -6, -6]","[0, 5, 6]",heuristic,28-30
4225356555641346343433465711,28,"[0, 0, null, null, null, 0, 0]","[0, 1, 5, 6]",heuristic,28-30
4225775115761564214655743127,28,"[-7, 7, -7, -7, null, -7, -7]","[1]",random,28-30
4242132524314121465376461133,28,"[null, 7, -7, null, -7, -7, -7]","[1]",random,28-30
4246665156446445561277333522,28,"[7, 6, 6, null, 0, null, 0]","[0]",heuristic,28-30
4255642466421461512615426215,28,"[6, null, 7, null, 6, null, 7]","[2, 6]",random,28-30
4323214522444331325631154676,28,"[-7, -7, null, null, -7, 2, -7]","[5]",heuristic,28-30
4346154625127465665322531252,28,"[7, null, -7, -7, null, -7, -7]","[0]",random,28-30
4356217254413346266255323253,28,"[-7, null, null, 6, -7, -7, -7]","[3]",heuristic,28-30
4371533613653117165772737662,28,"[-7, -7, null, -7, -7, -7, null]","[0, 1, 3, 4, 5]",random,28-30
4374425634523343356226647177,28,"[-1, -7, null, null, -1, -1, -1]","[0, 4, 5, 6]",heuristic,28-30
4375523415454244553363223766,28,"[-7, -7, null, null, null, 3, -7]","[5]",heuristic,28-30
4436525347216434343325221152,28,"[-2, null, null, null, -7, -2, -2]","[0, 5, 6]",heuristic,28-30
4443513124221111335327442276,28,"[null, null, -7, null, -7, -7, -7]","[2, 4, 5, 6]",random,28-30
4443542656144133555666536777,28,"[-6, -7, -7, null, null, null, -6]","[0, 6]",heuristic,28-30
4455233453352567444563666136,28,"[0, 0, null, null, null, null, -4]","[0, 1]",heuristic,28-30
4455562715744571625341313627,28,"[-7, -7, 7, -7, null, -7, -7]","[2]",random,28-30
4456325444553543562723223261,28,"[6, null, 5, null, null, 5, 5]","[0]",heuristic,28-30
4462476623534335537136225665,28,"[-7, -7, null, 6, -7, null, -7]","[3]",heuristic,28-30
4465544521354743563216323322,28,"[7, 6, null, null, 6, -7, -7]","[0]",heuristic,28-30
4473467337413441556533575776,28,"[-7, -7, null, null, -7, 7, null]","[5]",heuristic,28-30
4526664574312437773775522665,28,"[7, -7, 7, -7, -7, -7, null]","[0, 2]",random,28-30
4532254454453626733473662255,28,"[-2, -3, -2, null, null, -6, -7]","[0, 2]",heuristic,28-30
4623734224644366154631712227,28,"[-2, null, -2, null, 7, -2, -2]","[4]",random,28-30
4632742333671244533565541475,28,"[-7, -7, null, null, -6, -7, -7]","[4]",heuristic,28-30
4643444746723525566632115562,28,"[2, 2, 2, null, 2, null, 2]","[0, 1, 2, 4, 6]",heuristic,28-30
4677755325444224477356351325,28,"[-5, 2, 2, null, null, 0, -5]","[1, 2]",heuristic,28-30
4734764167523217334436122475,28,"[6, -4, -4, null, 7, 0, -4]","[4]",heuristic,28-30
5117255157667365561263277736,28,"[-3, -3, -3, -7, null, null, null]","[0, 1, 2]",random,28-30
5143433714654332232226455524,28,"[0, null, null, null, 0, 3, 1]","[5]",heuristic,28-30
5155565335223477243377261211,28,"[6, 6, 6, 7, null, -7, 6]","[3]",random,28-30
5176143354766147431134214355,28,"[null, -2, -2, null, -2, -2, -2]","[1, 2, 4, 5, 6]",heuristic,28-30
5215123533355346644464722224,28,"[-3, null, -3, null, -3, 0, -4]","[5]",heuristic,28-30
5253415534246743254342533622,28,"[0, null, null, null, null, 0, 0]","[0, 5, 6]",heuristic,28-30
5254161776236571763535176311,28,"[null, -7, -7, 7, -7, -7, -7]","[3]",random,28-30
5256626425323324476324743477,28,"[-7, null, -7, null, -7, 7, -7]","[5]",random,28-30
5263665147745554344433677713,28,"[-2, -3, -2, null, -2, -2, -2]","[0, 2, 4, 5, 6]",heuristic,28-30
5335324316344566655435466742,28,"[3, -7, null, null, null, null, 2]","[0]",heuristic,28-30
5336375611121651716425667472,28,"[null, 4, 6, 6, 2, null, 7]","[6]",random,28-30
5342413734724774665557273551,28,"[-7, 7, 7, -7, null, 7, null]","[1, 2, 5]",random,28-30
5355325714336574423345446666,28,"[-7, -7, null, null, null, 0, -7]","[5]",heuristic,28-30
5356466731557154315622321477,28,"[-7, -7, 7, 6, null, -7, -7]","[2]",random,28-30
5365513525372665633731221444,28,"[-7, -7, null, -7, null, -7, -7]","[0, 1, 3, 5, 6]",heuristic,28-30
5377547574656713366243644552,28,"[-3, -7, -7, -7, null, -7, -7]","[0]",heuristic,28-30
5413467635266143553554224473,28,"[-4, -4, -3, null, null, -7, -7]","[2]",heuristic,28-30
5426256255544347445133337663,28,"[-3, -3, null, null, null, -3, -7]","[0, 1, 5]",heuristic,28-30
5434544355262467534676653336,28,"[-5, 0, null, null, null, null, -3]","[1]",heuristic,28-30
5446653562322251223565161174,28,"[-7, null, 7, -7, null, -7, -7]","[2]",random,28-30
5454554525462417614677733333,28,"[-7, -7, -3, null, null, -7, -7]","[2]",heuristic,28-30
5455524572667317653444432367,28,"[-6, -6, -6, null, null, 0, -6]","[5]",heuristic,28-30
5465162734717676412752272134,28,"[-7, -7, -7, -7, 7, -7, null]","[4]",random,28-30
5465366275413653775665147337,28,"[-6, 7, -6, 6, null, null, -6]","[1]",random,28-30
5474726243144226335341555231,28,"[-2, -2, -2, null, -2, -7, 6]","[6]",heuristic,28-30
5513145411364372356443736722,28,"[-1, -1, null, -1, -1, 0, -1]","[5]",heuristic,28-30
5513335343355476467227445666,28,"[0, 0, null, 0, null, 0, 0]","[0, 1, 3, 5, 6]",heuristic,28-30
5543423165616755167435233464,28,"[-7, -7, -7, -7, null, -7, -7]","[0, 1, 2, 3, 5, 6]",random,28-30
5563471336446325423435545666,28,"[0, 0, null, null, null, null, 0]","[0, 1, 6]",heuristic,28-30
5575465141135663437264546427,28,"[-7, -7, -7, null, null, 7, -7]","[5]",random,28-30
5617561451771633354745534331,28,"[-7, -7, null, 7, null, 7, -7]","[3, 5]",random,28-30
5624763141744455453266511566,28,"[-6, 0, 0, null, null, null, 0]","[1, 2, 6]",heuristic,28-30
5652425564313633665414453436,28,"[-3, -7, null, null, null, null, -3]","[0, 6]",heuristic,28-30
5663637466521321246537273544,28,"[0, 7, 0, 0, 4, null, 0]","[1]",random,28-30
5674433213124674366132263225,28,"[-2, null, null, -2, -2, -2, -7]","[0, 3, 4, 5]",heuristic,28-30
5674775164117153652557417414,28,"[null, -6, -5, -4, null, -7, null]","[3]",random,28-30
5716333117653222122351741755,28,"[null, -7, -7, -7, -7, 5, -7]","[5]",random,28-30
5743464446214555713536663363,28,"[5, 6, null, null, 4, null, 4]","[1]",heuristic,28-30
6155166352464216253771647117,28,"[null, -7, -7, -1, -7, null, -7]","[3]",random,28-30
6156375574254353167217175733,28,"[7, -7, -7, 7, null, -7, null]","[0, 3]",random,28-30
6165343766455643445264335537,28,"[6, 6, null, null, null, null, 7]","[6]",heuristic,28-30
6273366276253546554215253376,28,"[6, 6, 6, 7, null, null, 7]","[3, 6]",random,28-30
6324146255324222553647336166,28,"[-6, null, -3, -4, -6, null, -4]","[2]",heuristic,28-30
6327363663561255237222413551,28,"[7, null, null, -5, -4, -4, -2]","[0]",random,28-30
6337644755233327745735116612,28,"[-3, -4, null, -5, 0, -1, -1]","[4]",heuristic,28-30
6342246325467234447763135555,28,"[-7, -7, 2, null, 2, 3, 2]","[5]",heuristic,28-30
6347252745543223577437753563,28,"[-2, -3, null, -2, null, -4, null]","[0, 3]",heuristic,28-30
6433632331225443757745447557,28,"[-2, -4, null, null, -2, -7, -2]","[0, 4, 6]",heuristic,28-30
6434126644676527155543114756,28,"[-7, -7, -7, null, -7, null, -7]","[0, 1, 2, 4, 6]",random,28-30
6451743634413336434752665512,28,"[4, 5, null, null, 6, 2, 1]","[4]",heuristic,28-30
6453362362553533442276426471,28,"[-1, 0, null, 0, 0, 0, 0]","[1, 3, 4, 5, 6]",heuristic,28-30
6516623233355613257556434711,28,"[-6, -6, null, -7, null, -6, -6]","[0, 1, 5, 6]",heuristic,28-30
6547323157335563367462275217,28,"[6, -6, null, 7, -6, -6, -6]","[3]",random,28-30
6547646325272332743473445513,28,"[7, 6, null, null, 6, 7, 6]","[0, 5]",random,28-30
6577444653255333415216634453,28,"[4, 3, null, null, null, 5, 5]","[5, 6]",heuristic,28-30
6654233335342446544775366226,28,"[3, 2, null, null, 3, null, -7]","[0, 4]",heuristic,28-30
6667566634413114435137377124,28,"[0, 7, 0, 0, 6, null, 0]","[1]",random,28-30
6712167143271724433172746523,28,"[-7, -7, -7, -7, -7, -7, null]","[0, 1, 2, 3, 4, 5]",random,28-30
6726513472423111651423567225,28,"[-7, null, -7, -7, -7, -7, -7]","[0, 2, 3, 4, 5, 6]",random,28-30
6745322654635455754431774771,28,"[-3, 0, 0, null, null, -7, null]","[1, 2]",heuristic,28-30
7117155733216673751416434245,28,"[null, -7, -7, 7, -7, -7, -7]","[3]",random,28-30
7163542644473452636662555224,28,"[-7, -6, -1, null, -6, null, -6]","[2]",heuristic,28-30
7167227551375573711462362633,28,"[-7, -7, -7, 6, -7, -7, null]","[3]",random,28-30
7216142747712654423373573113,28,"[-5, -5, -5, 7, -7, -3, null]","[3]",random,28-30
7225477417253117626436316571,28,"[-7, -7, 7, 7, 6, -7, null]","[2, 3]",random,28-30
7271455662572777355561363662,28,"[6, 6, 7, 7, null, null, null]","[2, 3]",random,28-30
7316645144146635755443337751,28,"[-1, -4, -2, null, -2, -2, -3]","[0]",heuristic,28-30
7322344414512327153353527477,28,"[-7, -7, null, -7, -7, -7, -7]","[0, 1, 3, 4, 5, 6]",random,28-30
7323714417314444273236565155,28,"[6, 6, 7, null, 6, 7, 6]","[2, 5]",random,28-30
7335764735376327346425527251,28,"[-7, -7, null, 7, -7, 6, null]","[3]",random,28-30
7353647445633412243366575545,28,"[-3, -3, null, null, null, -7, -6]","[0, 1]",heuristic,28-30
7354763213124411653363452456,28,"[-1, 7, null, 0, 0, -1, 6]","[1]",heuristic,28-30
7411264734636473524147331376,28,"[-7, -5, null, null, -7, -7, -7]","[1]",random,28-30
7475736527725662752516213511,28,"[2, 2, 2, 0, null, 2, null]","[0, 1, 2, 5]",random,28-30
7476274354455641476531556776,28,"[0, -5, -7, null, null, 0, null]","[0, 5]",heuristic,28-30
7517736557423643411431542215,28,"[5, 5, 5, 5, 5, 7, 6]","[5]",random,28-30
7521116753577554423756673163,28,"[3, 0, 3, 7, null, 6, null]","[3]",random,28-30
7536354233644634544122165665,28,"[-7, -7, -7, null, 0, null, -7]","[4]",heuristic,28-30
7623474265444663333342622156,28,"[-2, -2, null, null, -7, null, -2]","[0, 1, 6]",heuristic,28-30
7754654446633655542453376263,28,"[-1, -1, 0, null, null, null, -1]","[2]",heuristic,28-30
7772431442474511312456761127,28,"[null, 5, 6, null, 6, 3, null]","[2, 4]",random,28-30
7773427714766311151345513534,28,"[null, 1, -7, -7, -7, 7, null]","[5]",random,28-30
11414465767314775175635236515,29,"[null, -6, -6, 3, null, -6, -6]","[3]",random,28-30
11434561733736131465541366742,29,"[null, 6, null, 7, 7, 6, -6]","[3, 4]",random,28-30
11524436475324445532552366663,29,"[-6, 0, -6, null, null, -6, -6]","[1]",heuristic,28-30
12367365346451232655165325367,29,"[-6, -6, null, 7, null, null, -6]","[3]",random,28-30
12466144164164242613173525635,29,"[null, -5, 7, null, -6, null, -6]","[2]",random,28-30
13532246676527434436176126553,29,"[-6, -6, -6, 6, 7, null, 7]","[4, 6]",random,28-30
13556565534742443544263733666,29,"[-5, -6, null, null, null, null, -4]","[6]",heuristic,28-30
14442246535155364663133743227,29,"[-5, -6, null, null, -2, -5, -5]","[4]",heuristic,28-30
14523456124572542712554771476,29,"[-1, -1, 7, null, null, 6, -1]","[2]",random,28-30
15444445455665323327335227636,29,"[-6, -6, null, null, null, 1, -6]","[5]",heuristic,28-30
16321575252155425166644244461,29,"[-4, -4, -6, null, null, -4, -4]","[0, 1, 5, 6]",random,28-30
16635543533336242267742565621,29,"[7, 0, null, 6, 0, null, 0]","[0]",heuristic,28-30
17326542245741447522556762773,29,"[-6, null, -6, -6, -6, -6, null]","[0, 2, 3, 4, 5]",random,28-30
17432375316542337464431121765,29,"[-6, -6, null, -6, -6, -6, 0]","[6]",random,28-30
21414521121356731244242763477,29,"[null, null, 7, null, -6, -6, -6]","[2]",random,28-30
21613415727233615667171522572,29,"[null, null, -6, -6, -6, -6, 7]","[6]",random,28-30
22372662274175725645635563561,29,"[6, null, 6, 7, null, null, 6]","[3]",random,28-30
22633655743242224644557455333,29,"[2, null, null, null, null, 2, 1]","[0, 5]",heuristic,28-30
24743763416435727644272266762,29,"[7, null, 6, null, 7, null, null]","[0, 4]",random,28-30
25444731241446732231556532336,29,"[-4, -4, null, null, 2, 2, -6]","[4, 5]",heuristic,28-30
25544365235433341322557224466,29,"[-2, null, null, null, null, 2, 2]","[5, 6]",heuristic,28-30
25554124553465432232236431743,29,"[2, null, null, null, null, 2, 2]","[0, 5, 6]",heuristic,28-30
26134645135445333231545257462,29,"[-6, -6, null, null, null, 7, 6]","[5]",random,28-30
26472115226353476523344413435,29,"[-6, -6, null, null, -6, 0, -6]","[5]",heuristic,28-30
26724761146763424534463753223,29,"[-6, -6, -6, null, -6, -6, 7]","[6]",random,28-30
26731543633166474412532366442,29,"[-6, -5, null, null, -6, null, -6]","[1]",heuristic,28-30
27135713626575273225627337164,29,"[6, null, -6, 7, 7, -6, null]","[3, 4]",random,28-30
31425662363354322416314514757,29,"[4, 4, null, 4, 6, 6, 7]","[6]",heuristic,28-30
31676454316613477355154424533,29,"[5, 5, null, null, 4, 4, 4]","[0, 1]",heuristic,28-30
31761471112416475445764767623,29,"[null, 0, 7, null, -6, -4, null]","[2]",random,28-30
32323353553624244522415644566,29,"[-6, null, null, null, null, -6, -3]","[6]",heuristic,28-30
32352344333227474256177455524,29,"[-4, null, null, null, -4, -6, -4]","[0, 4, 6]",heuristic,28-30
32453765455224246633223354457,29,"[-4, null, null, null, null, -2, 7]","[6]",heuristic,28-30
33134265547643356465521536742,29,"[0, 7, null, 1, null, 1, -6]","[1]",heuristic,28-30
33173754732246317632477645666,29,"[-6, -6, null, 7, -6, null, null]","[3]",random,28-30
33253451535542676715242774123,29,"[-6, -4, -4, -6, null, -6, -4]","[1, 2, 6]",heuristic,28-30
33447414623111255761122353536,29,"[null, -6, null, 7, -6, -6, -6]","[3]",random,28-30
34134634342125736357221266766,29,"[5, 6, null, 5, 6, null, 4]","[1, 4]",heuristic,28-30
34327333674521324226626177751,29,"[-6, null, null, -6, 6, -6, -6]","[4]",random,28-30
34454463566472656633357553472,29,"[2, 3, null, null, null, null, 4]","[6]",heuristic,28-30
34635445631544455631622563326,29,"[3, 5, null, null, null, null, 3]","[1]",heuristic,28-30
34664333441762764314513517216,29,"[-6, -6, null, null, 7, -6, -6]","[4]",random,28-30
34773762115544314652231755523,29,"[6, 7, 6, 6, null, 7, 7]","[1, 5, 6]",random,28-30
35516143621375261236366417755,29,"[-6, 7, -6, 7, -6, null, -6]","[1, 3]",random,28-30
35545676155352644333612344462,29,"[-5, 7, null, null, null, -4, -6]","[1]",heuristic,28-30
35546432332747411452125551422,29,"[-6, null, 7, null, null, -6, -6]","[2]",heuristic,28-30
36174225345645434462252335562,29,"[0, null, 0, null, null, 0, -1]","[0, 2, 5]",heuristic,28-30
36364521335454366255562721446,29,"[-6, -6, -5, 0, null, null, -5]","[3]",heuristic,28-30
36633214137634236172551126627,29,"[-6, -6, null, 7, -6, null, 7]","[3, 6]",random,28-30
37256522614727713335137637161,29,"[-2, -6, null, -6, 7, -6, null]","[4]",random,28-30
37624671472223163673663212473,29,"[-6, null, null, -6, -6, null, -6]","[0, 3, 4, 6]",random,28-30
41424435462142135362322656557,29,"[-6, null, -6, null, -6, -6, 1]","[6]",heuristic,28-30
41641423635734452632563345652,29,"[-1, -6, null, null, -6, -6, -6]","[0]",heuristic,28-30
41751742646545532335664477123,29,"[-6, -1, -6, null, -6, -6, -6]","[1]",heuristic,28-30
42145452244376553534132353726,29,"[-6, 3, null, null, null, 2, 2]","[1]",heuristic,28-30
42421331157175171375367243665,29,"[null, 7, -6, 6, -6, -6, -6]","[1]",random,28-30
42441133655665565477454131123,29,"[-5, -6, 7, null, null, -4, -6]","[2]",heuristic,28-30
42632742533244242765177317334,29,"[2, null, null, null, 3, 4, -5]","[5]",heuristic,28-30
43234333554467442655655213776,29,"[-1, 2, null, null, null, 1, -6]","[1]",heuristic,28-30
43333747555445546666463532622,29,"[-3, 1, null, null, null, null, 1]","[1, 6]",heuristic,28-30
43366361511245143422555643772,29,"[2, 2, 2, 2, 2, 2, 1]","[0, 1, 2, 3, 4, 5]",heuristic,28-30
43631612114265233432442437626,29,"[-6, null, null, null, -6, -2, -6]","[5]",heuristic,28-30
43754544343552633651125222642,29,"[-1, null, -1, null, null, -6, -1]","[0, 2, 6]",heuristic,28-30
44131635272235441143224355215,29,"[-2, null, -2, null, -2, -6, 0]","[6]",heuristic,28-30
44157452577475577141126425132,29,"[-6, -6, 7, null, null, -6, null]","[2]",random,28-30
44354462442527332251526553373,29,"[-6, null, null, null, null, -3, -6]","[5]",heuristic,28-30
44425447432563651553353222231,29,"[2, null, null, null, null, -6, -6]","[0]",heuristic,28-30
44433253445427276333222555657,29,"[-5, null, null, null, null, -5, 2]","[6]",heuristic,28-30
44574444532535266556666332227,29,"[0, 1, 0, null, null, null, 0]","[1]",heuristic,28-30
44577335447166563254453337516,29,"[-6, -6, null, null, null, 7, -6]","[5]",heuristic,28-30
44612765464411742322632216767,29,"[-6, null, 7, null, -6, null, -3]","[2]",random,28-30
44636734533662644553356412575,29,"[-6, 0, null, null, null, null, -6]","[1]",heuristic,28-30
44724624653434671255523315531,29,"[7, 7, -6, null, null, -6, -6]","[0, 1]",heuristic,28-30
45435374543442552356332667612,29,"[-6, -5, null, null, null, -6, -6]","[1]",heuristic,28-30
45436644424575536731633375662,29,"[-5, -3, null, null, -3, null, -3]","[1, 4, 6]",heuristic,28-30
45477233663132725713317626251,29,"[-6, -6, null, -6, -6, 7, -6]","[5]",random,28-30
45672231442462667555577562244,29,"[5, null, 6, null, null, 5, 5]","[2]",heuristic,28-30
46113475467665515676322113372,29,"[-6, 7, -6, 6, -6, null, -6]","[1]",random,28-30
46322253645532754654322533446,29,"[-6, null, null, null, null, 0, -6]","[5]",heuristic,28-30
46555221624254114253612341164,29,"[null, null, 7, null, -6, -6, -6]","[2]",random,28-30
46612356317437731437621657731,29,"[-6, -6, null, -6, -6, -6, null]","[0, 1, 3, 4, 5]",random,28-30
46613352365571367425466412221,29,"[3, 4, 5, 4, 5, null, 6]","[6]",heuristic,28-30
47371276676435663353452455435,29,"[-5, 1, null, -2, null, -4, -4]","[1]",heuristic,28-30
51517135126724547462362136233,29,"[6, 6, 6, 7, 6, 6, 6]","[3]",random,28-30
51531744417213374326633275166,29,"[-6, -6, null, -6, -6, -6, -6]","[0, 1, 3, 4, 5, 6]",random,28-30
51553364647647335172234544356,29,"[-6, -6, null, null, null, -6, 1]","[6]",heuristic,28-30
53131136343642634744175274177,29,"[-6, -6, null, null, -5, -6, -6]","[4]",random,28-30
53346454445547667653272533322,29,"[0, 0, null, null, null, 1, 0]","[5]",heuristic,28-30
53411246775155674711532235773,29,"[-6, -6, -6, -6, null, -6, null]","[0, 1, 2, 3, 5]",random,28-30
53544663641421225532353345211,29,"[2, -6, null, -6, null, -6, -6]","[0]",heuristic,28-30
53737672456747345457462145663,29,"[-5, -6, -5, null, -5, -5, null]","[0, 2, 4, 5]",random,28-30
53773435431513655354221147477,29,"[-3, -6, null, -3, null, -3, -3]","[0, 3, 5, 6]",heuristic,28-30
54253245526514664223375334142,29,"[5, null, 5, null, null, 5, 6]","[6]",heuristic,28-30
54336553334537556242664424211,29,"[-6, -4, null, null, null, -4, -6]","[1, 5]",heuristic,28-30
54337134423613715477646556765,29,"[-1, 0, -1, 3, -1, -1, -1]","[3]",heuristic,28-30
54562134144147145375156672366,29,"[-5, -5, -6, null, -5, -5, -5]","[0, 1, 4, 5, 6]",random,28-30
54624573143244452632552335263,29,"[5, null, null, null, null, 5, 6]","[6]",heuristic,28-30
54656566543253252223633444463,29,"[3, 3, null, null, null, null, 3]","[0, 1, 6]",heuristic,28-30
55244122635133764544336112452,29,"[-6, 0, 0, null, 0, -3, -6]","[1, 2, 4]",heuristic,28-30
55337421363732174671661767635,29,"[-6, -6, null, -3, -6, null, null]","[3]",random,28-30
55341254474233367423254722753,29,"[0, null, null, null, 0, 0, 0]","[0, 4, 5, 6]",heuristic,28-30
55434544455433356767221366626,29,"[3, 6, 3, null, null, null, 1]","[1]",heuristic,28-30
55555256767421324766316346347,29,"[0, -5, 0, 0, null, null, 0]","[0, 2, 3, 6]",heuristic,28-30
55577146724533444325337745326,29,"[-6, -6, null, null, null, -6, -6]","[0, 1, 5, 6]",heuristic,28-30
56256433542543375441343165662,29,"[-6, -6, null, null, null, -6, -6]","[0, 1, 5, 6]",heuristic,28-30
56345421444625742276656223565,29,"[-5, null, -6, null, null, null, -3]","[6]",heuristic,28-30
56627733257616566113143514734,29,"[-6, -6, -6, -6, -6, null, -6]","[0, 1, 2, 3, 4, 6]",random,28-30
56663426711222632143363131255,29,"[7, null, null, -6, -5, null, -5]","[0]",random,28-30
56746125264664745446555772723,29,"[5, 5, 6, null, null, null, 5]","[2]",heuristic,28-30
57541451324324437567146163753,29,"[-6, 7, -6, null, -6, 7, -6]","[1, 5]",random,28-30
57762651726753753652745636342,29,"[-6, -6, -6, -6, null, null, null]","[0, 1, 2, 3]",random,28-30
61251252566112113544742456467,29,"[null, 6, 7, 6, 6, 6, -6]","[2]",random,28-30
61413266672321761511553253732,29,"[null, -6, -6, 1, -6, -6, -6]","[3]",random,28-30
61521415252727527214653435664,29,"[3, null, -6, -6, null, -6, -6]","[0]",random,28-30
61731665277576337363514116572,29,"[-6, -6, 7, 7, -6, null, null]","[2, 3]",random,28-30
62333613713167667722116122424,29,"[null, null, -6, 7, -2, null, -6]","[3]",random,28-30
62372711352676651261432256335,29,"[-6, null, -6, 7, -6, null, -6]","[3]",random,28-30
62511234434344233352246566251,29,"[1, null, null, null, 0, 0, -6]","[0]",heuristic,28-30
62517766223623665472251313457,29,"[7, null, 7, 7, 6, null, 6]","[0, 2, 3]",random,28-30
63464215442673454256651333265,29,"[2, 2, 2, null, 2, null, 2]","[0, 1, 2, 4, 6]",heuristic,28-30
63653345663455465444262572233,29,"[-3, -2, null, null, null, null, -6]","[1]",heuristic,28-30
64673351554766534335524424763,29,"[0, 2, null, null, null, 0, 2]","[1, 6]",heuristic,28-30
64712547466617643455613571713,29,"[7, -6, 7, -6, -6, null, -6]","[0, 2]",random,28-30
65336416434644253427227771111,29,"[1, 1, 4, null, 6, 5, 1]","[4]",heuristic,28-30
65356555524334214334242234111,29,"[0, 0, null, null, null, 0, 0]","[0, 1, 5, 6]",heuristic,28-30
65424532255364536663374446737,29,"[0, 0, null, null, 0, null, 0]","[0, 1, 4, 6]",heuristic,28-30
65444445245312355566326133273,29,"[-1, -1, null, null, null, 0, 0]","[5, 6]",heuristic,28-30
66446414447551322636531132235,29,"[-6, -6, -6, null, -6, -6, -6]","[0, 1, 2, 4, 5, 6]",heuristic,28-30
67762225346121563352145436256,29,"[-6, null, -6, 7, -6, null, -6]","[3]",random,28-30
71347216636452367327514313162,29,"[-6, -6, null, -6, 4, -6, -6]","[4]",random,28-30
72311511433147443613572374427,29,"[null, -6, null, null, 3, -6, -1]","[4]",random,28-30
72453733235172363415761577411,29,"[-6, 7, null, -6, -6, 6, null]","[1]",random,28-30
72552637446475555444676672623,29,"[6, 6, 7, null, null, null, 6]","[2]",heuristic,28-30
72563225722445245571463314175,29,"[6, null, 7, 6, null, 7, 6]","[2, 5]",random,28-30
73216541545236336443556347522,29,"[1, 1, null, 1, null, 0, -6]","[0, 1, 3]",heuristic,28-30
73326145522434465324662255154,29,"[-6, null, 0, null, null, -5, -5]","[2]",heuristic,28-30
73462142513613355376644521466,29,"[-5, -5, -5, -5, -6, null, -2]","[6]",heuristic,28-30
73745771252466314322665543676,29,"[6, -4, 5, 4, 4, null, 1]","[0]",heuristic,28-30
73752257513226423174747233645,29,"[-6, null, -6, 7, -6, -6, null]","[3]",random,28-30
74512425223253433474243753551,29,"[3, null, null, null, null, 1, 5]","[6]",heuristic,28-30
74653475215446335443776273375,29,"[-6, -6, null, null, -6, -6, null]","[0, 1, 4, 5]",heuristic,28-30
75274374375533623445222623455,29,"[-3, null, null, -1, null, -1, -1]","[3, 5, 6]",heuristic,28-30
75543333244533166411461256752,29,"[0, 0, null, 1, 0, 1, 0]","[3, 5]",random,28-30
75656255444465374252212726317,29,"[-6, null, 7, 7, null, -6, -6]","[2, 3]",random,28-30
75774511775311123344541627454,29,"[null, -3, 7, null, -3, -6, null]","[2]",random,28-30
76433221145434426233667555413,29,"[2, 2, null, null, 2, 2, 1]","[0, 1, 4, 5]",heuristic,28-30
76544167211144122466723524361,29,"[null, -6, 7, null, -6, -6, -6]","[2]",random,28-30
76645333321222314546543555427,29,"[-1, -1, null, -1, null, -6, -1]","[0, 1, 3, 6]",heuristic,28-30
76744533473416633455134655572,29,"[0, -5, null, null, null, 0, 6]","[6]",heuristic,28-30
77236562434525553426723445432,29,"[-6, null, -1, null, null, -1, -1]","[2, 5, 6]",heuristic,28-30
77525431111123462146673772266,29,"[null, -6, -6, -6, -6, -6, -6]","[1, 2, 3, 4, 5, 6]",random,28-30
77534624172731651253737336511,29,"[-6, -6, null, 7, -6, -6, null]","[3]",random,28-30
113334244767413315136415574676,30,"[null, 6, null, null, -6, -6, -6]","[1]",random,28-30
117122757511675461673726655624,30,"[null, -6, 5, 6, -6, null, null]","[3]",random,28-30
117325772323113471627312652555,30,"[null, null, -6, 0, -6, -6, -6]","[3]",random,28-30
135675123177622642563221711437,30,"[null, null, 6, 6, 5, 5, 5]","[2, 3]",random,28-30
137511537622553516775217132262,30,"[null, null, -6, 5, null, -6, -6]","[3]",random,28-30
153122565652613315126377563461,30,"[null, -6, -6, 6, null, null, -6]","[3]",random,28-30
155623454554566474423616117617,30,"[-6, -6, -6, null, null, null, 6]","[6]",heuristic,28-30
156156665334243442423335265642,30,"[-1, -1, null, null, -1, null, -1]","[0, 1, 4, 6]",heuristic,28-30
156445723453551546233466463322,30,"[0, 0, null, null, null, 0, 0]","[0, 1, 5, 6]",heuristic,28-30
163766164223756731513423567722,30,"[5, 5, 5, 6, 5, null, 5]","[3]",random,28-30
164234234463643236742632655725,30,"[-2, null, null, null, 0, null, -5]","[4]",heuristic,28-30
174432432413567472256435113312,30,"[-5, -5, null, null, -1, -4, -3]","[4]",heuristic,28-30
211621433252166362131355755574,30,"[null, -6, -6, -6, null, -6, -6]","[1, 2, 3, 5, 6]",random,28-30
212257512316661445554327747723,30,"[-6, null, 6, -6, -6, -6, -6]","[2]",random,28-30
214312266223575534135427455177,30,"[-2, null, -2, -2, null, -6, -2]","[0, 2, 3, 6]",random,28-30
214565762332654267562551727134,30,"[0, null, -6, 6, null, -6, -6]","[3]",random,28-30
223625747774553577125234115333,30,"[-6, -6, null, -1, null, -6, null]","[3]",random,28-30
224551431454433632661121132523,30,"[null, null, null, -2, -2, -6, -2]","[3, 4, 6]",heuristic,28-30
224643444345365256622355332516,30,"[1, null, null, null, null, 1, 1]","[0, 5, 6]",heuristic,28-30
226145726515542271215114356647,30,"[null, null, -6, 6, null, -6, -6]","[3]",random,28-30
231461416243355211236665154533,30,"[null, -6, null, 6, -6, -6, -6]","[3]",random,28-30
233663656147123615357164511574,30,"[null, -6, -6, 6, -6, null, -6]","[3]",random,28-30
256232531466236415433544366422,30,"[-6, null, null, null, -6, null, -6]","[0, 4, 6]",heuristic,28-30
265275547553512633471166136613,30,"[-6, -6, -6, -6, null, null, -6]","[0, 1, 2, 3, 6]",random,28-30
265375371341115722661253746621,30,"[null, -6, -6, 6, -6, -6, -6]","[3]",random,28-30
272366233132251234747116175554,30,"[-6, null, 6, -6, -6, -6, -6]","[2]",random,28-30
276432225647273442457564773616,30,"[-6, null, 6, null, -6, -6, null]","[2]",random,28-30
315433244736416251751716436426,30,"[-6, 6, -6, null, 6, -6, -6]","[1, 4]",random,28-30
322333275537746366724245621571,30,"[6, null, null, 6, -6, -6, 6]","[0, 3, 6]",random,28-30
325667277423361741743211632466,30,"[-6, -6, -6, -6, -5, null, -6]","[4]",random,28-30
331245265453463335655742224462,30,"[4, null, null, null, null, 4, 5]","[6]",heuristic,28-30
334233224335575544224457165266,30,"[-6, null, null, null, null, 6, -6]","[5]",heuristic,28-30
334544754441336661562566522375,30,"[0, -6, 0, null, null, null, 0]","[0, 2, 6]",heuristic,28-30
334633344147354477265215566775,30,"[0, 0, null, null, 0, 0, 0]","[0, 1, 4, 5, 6]",heuristic,28-30
336452751335246243355661411214,30,"[-6, -6, null, -6, -6, -6, -6]","[0, 1, 3, 4, 5, 6]",heuristic,28-30
336725254143355522446254343766,30,"[-6, -6, null, null, null, -6, -1]","[6]",heuristic,28-30
341316645442425725543323536722,30,"[-6, null, null, null, 1, -6, -6]","[4]",heuristic,28-30
344545635554324351222771472323,30,"[-6, null, null, null, null, 5, 3]","[5]",heuristic,28-30
345577632322423663454447315661,30,"[-6, -2, null, null, -4, -5, -5]","[1]",heuristic,28-30
346741557451347315667125373122,30,"[-4, -2, -4, -1, -4, 6, -1]","[5]",random,28-30
351423411544632333421151425567,30,"[null, 4, null, null, 3, 5, 5]","[5, 6]",heuristic,28-30
351561426746443244336556563351,30,"[4, -5, null, null, null, null, -2]","[0]",heuristic,28-30
353553411442342713422532425656,30,"[-6, null, null, null, null, -6, 0]","[6]",heuristic,28-30
354546543666125335474754713367,30,"[4, 5, null, null, null, 2, 2]","[1]",heuristic,28-30
355467634766644555544136722723,30,"[0, 2, 0, null, null, null, 0]","[1]",heuristic,28-30
356273534334577455236445764226,30,"[2, 2, null, null, null, -6, 2]","[0, 1, 6]",heuristic,28-30
356311157514465324674114666327,30,"[null, -6, -6, -6, -6, null, 6]","[6]",random,28-30
365353552433515664122444312114,30,"[0, 0, null, null, null, -6, 0]","[0, 1, 6]",heuristic,28-30
365637642341263332262142451671,30,"[5, null, null, 6, 5, null, 5]","[3]",random,28-30
414654554322446377623226165365,30,"[-6, -6, -6, null, -6, null, 1]","[6]",heuristic,28-30
423666562352755442622534465143,30,"[-2, null, -2, null, null, null, -2]","[0, 2, 6]",heuristic,28-30
424144455552246363335662232357,30,"[-6, null, null, null, null, 3, 6]","[6]",heuristic,28-30
425652311411216716237752344263,30,"[null, null, 6, -6, 6, -6, -6]","[2, 4]",random,28-30
432173453675563664456565334422,30,"[4, 4, null, null, null, null, 5]","[6]",heuristic,28-30
433752444347526637765546653536,30,"[2, 2, null, null, null, null, 1]","[0, 1]",heuristic,28-30
435124566545337376674623345645,30,"[-6, 0, null, null, null, null, -6]","[1]",heuristic,28-30
436363353553452144254546121211,30,"[-3, 1, null, null, null, 1, -3]","[1, 5]",heuristic,28-30
436542323633644176246246315521,30,"[6, -6, null, null, -6, null, -6]","[0]",heuristic,28-30
436566243422355444522567562633,30,"[0, null, 0, null, null, null, 0]","[0, 2, 6]",heuristic,28-30
443312564347246332141155321665,30,"[-6, -6, null, null, -6, -6, -1]","[6]",heuristic,28-30
443643323533652165546671746115,30,"[0, 0, null, 0, -1, null, -1]","[0, 1, 3]",heuristic,28-30
444443553367567554567361773663,30,"[-3, -6, null, null, null, null, -3]","[0, 6]",heuristic,28-30
444516653271172433722435547313,30,"[1, -6, null, null, -5, -5, 1]","[0, 6]",heuristic,28-30
445423563444557556623366613222,30,"[-2, -2, -2, null, null, null, -2]","[0, 1, 2, 6]",heuristic,28-30
445442544576521115265331123123,30,"[null, -2, -2, null, null, -6, -5]","[1, 2]",heuristic,28-30
447445533474662126521525231163,30,"[-6, -6, -6, null, -5, -6, -6]","[4]",heuristic,28-30
453356476765544545466677122323,30,"[-6, -6, 2, null, null, null, -6]","[2]",heuristic,28-30
453421714327535444766636555222,30,"[-2, -1, -1, null, null, -6, -2]","[1, 2]",heuristic,28-30
454135146315242666317661554735,30,"[-6, 6, 5, -6, null, null, -6]","[1]",random,28-30
454634215623644656552245363177,30,"[0, 0, 0, null, null, null, 0]","[0, 1, 2, 6]",heuristic,28-30
455325344542542652374332127636,30,"[-6, null, null, null, null, 4, -6]","[5]",heuristic,28-30
455432554735465663446622236232,30,"[4, null, 4, null, null, null, 5]","[6]",heuristic,28-30
456173525737553254244667734466,30,"[1, 1, 1, null, null, 1, 1]","[0, 1, 2, 5, 6]",heuristic,28-30
457663255617617617144447254211,30,"[null, 1, 1, null, 6, 1, 1]","[4]",random,28-30
461253466362446645257257524777,30,"[4, 3, 4, null, 4, null, 6]","[6]",heuristic,28-30
461612336613427174376763532212,30,"[-3, -3, null, -3, -5, null, -3]","[0, 1, 3, 6]",random,28-30
462663746435134642337743575555,30,"[-5, -6, null, null, null, -3, -6]","[5]",heuristic,28-30
466236762433664254124274255557,30,"[-6, null, -6, null, -6, null, -6]","[0, 2, 4, 6]",random,28-30
475573762564441145543663512663,30,"[-1, -6, -2, null, null, null, -1]","[0, 6]",heuristic,28-30
516331535431777635236756145774,30,"[-6, -6, null, 0, null, -6, null]","[3]",random,28-30
516766155571633775356172447164,30,"[-2, -6, -6, -6, null, null, null]","[0]",random,28-30
522177651735361721766512326127,30,"[null, null, 6, 6, -6, -6, null]","[2, 3]",random,28-30
522472713545754162574464112731,30,"[-6, -6, 6, null, -6, 5, -6]","[2]",random,28-30
527527574744743622752164556231,30,"[-6, null, -6, -6, null, 6, null]","[5]",random,28-30
532531653611742167533365751627,30,"[-6, 6, null, 6, null, -6, -6]","[1, 3]",random,28-30
534576552466665744442135736333,30,"[-2, -6, null, null, null, null, -2]","[0, 6]",heuristic,28-30
534776443165517333644545666223,30,"[1, 3, null, null, 3, null, 0]","[1, 4]",heuristic,28-30
535342557654433314125432224267,30,"[-6, null, null, null, null, 5, -6]","[5]",heuristic,28-30
536566613247522566445542247433,30,"[-5, 0, 6, null, null, null, 0]","[2]",heuristic,28-30
542425446422552462536676563337,30,"[-1, null, -1, null, null, null, 6]","[6]",heuristic,28-30
545412477755753524412467331276,30,"[-6, -6, 6, null, null, -6, null]","[2]",random,28-30
546115312647577133371714675345,30,"[null, 6, 5, 5, 5, 6, null]","[1, 5]",random,28-30
546215655441233666742455423122,30,"[0, null, -6, null, null, -5, -4]","[0]",heuristic,28-30
551331175623354322312141545642,30,"[null, -6, null, 1, null, -6, -6]","[3]",random,28-30
551642614124251776623521525477,30,"[-6, null, 6, -6, null, -6, -6]","[2]",random,28-30
555646233435643324462237761126,30,"[-2, -4, null, -2, -2, null, -6]","[0, 3, 4]",heuristic,28-30
555735633211131256675472613767,30,"[-6, -6, -6, 6, null, 6, -6]","[3, 5]",random,28-30
564366554354353146777253246322,30,"[-6, 0, null, -6, null, -6, -6]","[1]",heuristic,28-30
564414164334346357553322665651,30,"[-2, -2, null, null, null, null, -2]","[0, 1, 6]",heuristic,28-30
564563275724234442664622671371,30,"[-6, null, 0, null, -6, null, -6]","[2]",random,28-30
567165165712631122563145223457,30,"[null, 0, 0, 0, null, 0, 0]","[1, 2, 3, 5, 6]",random,28-30
575413311127124155755476237633,30,"[null, -6, -6, 5, null, -6, 6]","[6]",random,28-30
611631772546446525741777135534,30,"[-6, -6, -6, 0, -6, -6, null]","[3]",random,28-30
624465363433656555324416235477,30,"[-6, -6, null, null, null, null, -1]","[6]",heuristic,28-30
625276232327377236735317551514,30,"[6, null, null, 6, 5, 5, null]","[0, 3]",random,28-30
626136455243773225632233547664,30,"[1, null, null, 2, 5, null, -5]","[4]",heuristic,28-30
632452444455361456337551226136,30,"[-1, 0, -1, null, null, -1, -6]","[1]",heuristic,28-30
633643324314463244752166655555,30,"[1, 3, null, null, null, null, 3]","[1, 6]",heuristic,28-30
634146644644325765623322233111,30,"[4, 4, null, null, 5, null, 4]","[4]",heuristic,28-30
635444254224626633274375733772,30,"[0, null, null, null, 0, 0, 0]","[0, 4, 5, 6]",heuristic,28-30
635532474452223323442345755667,30,"[0, null, null, null, null, -6, 0]","[0, 6]",heuristic,28-30
637735417714535173765665534436,30,"[-6, 6, null, -6, null, -6, null]","[1]",random,28-30
645322132744727267366661414721,30,"[-6, null, -6, -6, 6, null, -6]","[4]",random,28-30
645774344746425565355213236676,30,"[-1, -1, 1, null, null, null, -6]","[2]",heuristic,28-30
652557643226615132273417121574,30,"[6, null, 6, 6, -6, -6, -6]","[0, 2, 3]",random,28-30
654536513374755563316311474466,30,"[-6, -6, null, -4, null, null, -6]","[3]",heuristic,28-30
655454123355563364421374766326,30,"[0, -6, null, 0, null, null, 0]","[0, 3, 6]",heuristic,28-30
656644444435215537632713533775,30,"[-2, -6, null, null, null, -2, -2]","[0, 5, 6]",heuristic,28-30
664343665744442335566555312132,30,"[2, 2, null, null, null, null, 1]","[0, 1]",heuristic,28-30
666355216662253311725457171531,30,"[null, -6, -6, 5, null, null, -6]","[3]",random,28-30
666535624345545516621324744332,30,"[-6, 2, -6, null, null, null, -6]","[1]",heuristic,28-30
667675522264413577124575665743,30,"[-6, -3, 5, 6, null, null, null]","[3]",random,28-30
673215667661341264735545415141,30,"[null, -6, 6, 6, 5, null, -6]","[2, 3]",random,28-30
676326417316633344447242123671,30,"[-6, 0, null, null, -6, null, 6]","[6]",random,28-30
717433575463267721722652464125,30,"[-6, null, 6, -6, -6, -6, null]","[2]",random,28-30
721773761254654663713414611567,30,"[null, -6, -6, -6, -6, null, null]","[1, 2, 3, 4]",random,28-30
723144177423422632657456416763,30,"[5, 5, 5, null, 6, 5, 5]","[4]",random,28-30
723352234663326223516664144555,30,"[-5, null, null, -2, -2, null, -2]","[3, 4, 6]",heuristic,28-30
724427721442411722456155136157,30,"[null, null, -6, null, 4, -6, 3]","[4]",random,28-30
732547474234324423725626131666,30,"[-6, null, -6, null, 5, -6, -6]","[4]",random,28-30
736445246514663245574675351333,30,"[-2, -2, null, null, null, -2, -2]","[0, 1, 5, 6]",heuristic,28-30
742735166131171142724676354225,30,"[null, -6, 6, 6, 6, -6, -6]","[2, 3, 4]",random,28-30
743432635564456643337556654221,30,"[-4, -6, null, null, null, null, -5]","[0]",heuristic,28-30
743676266464444552551516213533,30,"[-1, -5, -6, null, null, null, -1]","[0, 6]",heuristic,28-30
745676225516236345272662535733,30,"[-6, null, -6, 6, null, null, -6]","[3]",random,28-30
752463465722565412717375312513,30,"[5, 5, 5, 6, null, 6, 6]","[3, 5, 6]",random,28-30
755442353254662556336436443112,30,"[-6, -2, null, null, null, -2, -6]","[1, 5]",heuristic,28-30
761143511564521454561527432437,30,"[null, -6, 0, null, null, -6, -6]","[2]",random,28-30
767325654423432176365454177751,30,"[-6, 6, -6, -6, 6, -6, null]","[1, 4]",random,28-30
775246665443456544325352227263,30,"[1, null, 6, null, null, 1, 5]","[2]",heuristic,28-30
777526444443516723566632555164,30,"[0, 0, 0, null, null, null, 0]","[0, 1, 2, 6]",heuristic,28-30
